evidence_schema_version,vehicle_key,source,canonical_listing_id,observation_id,source_listing_id,source_listing_id_status,source_claim_status,raw_record_ref,normalized_record_ref,ranking_status,review_status,collection_status,data_quality_status,quality_warnings,source_run_status,source_completed_at_utc,year,year_evidence_status,make,make_evidence_status,model,model_evidence_status,trim,trim_evidence_status,price_cad,price_evidence_status,mileage_km,mileage_evidence_status,engine,engine_evidence_status,fuel,fuel_evidence_status,accident_claim,accident_evidence_status,dealer,dealer_evidence_status,seller_type_claim,seller_type_evidence_status,dealer_address,dealer_address_evidence_status,location,location_evidence_status,unverified_location_value,distance_km,distance_evidence_status,distance_method,url_region_hint,url_region_evidence_status,listing_url,listing_url_evidence_status,observation_count,first_observed_price_cad,previous_observation_price_cad,change_from_previous_observation_cad,change_from_first_observation_cad,source_price_history_text,legacy_trend_text,days_on_market_claim
1,honda_odyssey,autotrader,listing_10a5ece19a8632ad4db1b687,observation_9eb781c2013de8035e3f70ca,1643936b-73ac-4d3e-8a9a-e746a4023eb0,source_identifier_claim_not_vin,unverified_source_claims,data/honda_odyssey/evidence/autotrader/raw_latest.jsonl#record=3,data/honda_odyssey/evidence/autotrader/normalized_latest.jsonl#source_record_index=3,DISABLED_MANUAL_REVIEW_REQUIRED,manual_review_required,success,clean,,success,2026-07-22T18:53:46+00:00,2018,source_reported_unverified,Honda,source_reported_or_configured_unverified,Odyssey,source_reported_or_configured_unverified,EX-L RES Auto | Leather Moonroof,source_reported_unverified,25888,source_reported_unverified,147554,source_reported_unverified,3.5L,source_reported_unverified,Gasoline,source_reported_or_inferred_unverified,,unknown,West End Nissan,source_reported_unverified,Dealer,source_reported_or_inferred_unverified,"18010 Stony Plain Road, EDMONTON, AB, T5S 1N4",source_reported_not_independently_verified,"EDMONTON, AB",source_reported_not_independently_verified,,163.0,legacy_method_not_yet_disambiguated,address,,unavailable,https://www.autotrader.ca/offers/honda-odyssey-ex-l-res-auto-leather-moonroof-gasoline-grey-cat_ma31gr200642tr13181-1643936b-73ac-4d3e-8a9a-e746a4023eb0,source_reported_unverified,5,26888,25888,0,-1000,No change noted,"Down $1,000 over 5 weeks",
1,honda_odyssey,autotrader,listing_26188500d7d8856a040fc82f,observation_7df67a7e2108072b9f6abb7d,3d3a6e77-426a-4d43-ad4f-f41bc5e11bc1,source_identifier_claim_not_vin,unverified_source_claims,data/honda_odyssey/evidence/autotrader/raw_latest.jsonl#record=25,data/honda_odyssey/evidence/autotrader/normalized_latest.jsonl#source_record_index=25,DISABLED_MANUAL_REVIEW_REQUIRED,manual_review_required,success,clean,,success,2026-07-22T18:53:46+00:00,2018,source_reported_unverified,Honda,source_reported_or_configured_unverified,Odyssey,source_reported_or_configured_unverified,Touring  Private Jet For The Family! Loaded Tourin,source_reported_unverified,33995,source_reported_unverified,88120,source_reported_unverified,3.5L,source_reported_unverified,Gasoline,source_reported_or_inferred_unverified,,unknown,Vernon Kia,source_reported_unverified,Dealer,source_reported_or_inferred_unverified,"6365 Highway 97, Vernon, BC, V1B 3R4",source_reported_not_independently_verified,"Vernon, BC",source_reported_not_independently_verified,,699.0,legacy_method_not_yet_disambiguated,address,,unavailable,https://www.autotrader.ca/offers/honda-odyssey-touring-private-jet-for-the-family-loaded-tourin-gasoline-silver-cat_ma31gr200642tr11947-3d3a6e77-426a-4d43-ad4f-f41bc5e11bc1,source_reported_unverified,2,33995,33995,0,0,No change noted,Unchanged for 2 weeks,
1,honda_odyssey,autotrader,listing_50ff4f50a7608348b2c41996,observation_15f61946d4d9afa5f3a8b942,40474cbb-3497-45ff-b958-43f984b3d246,source_identifier_claim_not_vin,unverified_source_claims,data/honda_odyssey/evidence/autotrader/raw_latest.jsonl#record=1,data/honda_odyssey/evidence/autotrader/normalized_latest.jsonl#source_record_index=1,DISABLED_MANUAL_REVIEW_REQUIRED,manual_review_required,success,clean,,success,2026-07-22T18:53:46+00:00,2018,source_reported_unverified,Honda,source_reported_or_configured_unverified,Odyssey,source_reported_or_configured_unverified,EX,source_reported_unverified,25950,source_reported_unverified,143185,source_reported_unverified,,unknown,Gasoline,source_reported_or_inferred_unverified,Accident reported,source_text_claim_unverified,Cardeals4u,source_reported_unverified,Dealer,source_reported_or_inferred_unverified,"5090 26th Ave SE, Calgary, AB, T2B 2Y9",source_reported_not_independently_verified,"Calgary, AB",source_reported_not_independently_verified,,149.0,legacy_method_not_yet_disambiguated,city_center,,unavailable,https://www.autotrader.ca/offers/honda-odyssey-ex-gasoline-grey-cat_ma31gr200642-40474cbb-3497-45ff-b958-43f984b3d246,source_reported_unverified,3,25950,25950,0,0,No change noted,Unchanged for 3 weeks,
1,honda_odyssey,autotrader,listing_a51169b72340082fd2add60b,observation_684d18ed85b4e33a1a3223ac,b594a8ea-528b-49f8-93ec-c093a6827e6b,source_identifier_claim_not_vin,unverified_source_claims,data/honda_odyssey/evidence/autotrader/raw_latest.jsonl#record=2,data/honda_odyssey/evidence/autotrader/normalized_latest.jsonl#source_record_index=2,DISABLED_MANUAL_REVIEW_REQUIRED,manual_review_required,success,clean,,success,2026-07-22T18:53:46+00:00,2018,source_reported_unverified,Honda,source_reported_or_configured_unverified,Odyssey,source_reported_or_configured_unverified,"EX *LOW KMS, 8 PASSENGER SEATING, HEATED FRONT SEA",source_reported_unverified,30490,source_reported_unverified,98293,source_reported_unverified,3.5L,source_reported_unverified,Gasoline,source_reported_or_inferred_unverified,Accident reported,source_text_claim_unverified,GO AUTO OUTLET SOUTH,source_reported_unverified,Dealer,source_reported_or_inferred_unverified,"2262 Sparrow Dr, Nisku, AB, T9E 8A2",source_reported_not_independently_verified,"Nisku, AB",source_reported_not_independently_verified,,129.0,legacy_method_not_yet_disambiguated,address,,unavailable,https://www.autotrader.ca/offers/honda-odyssey-ex-low-kms-8-passenger-seating-heated-front-sea-gasoline-grey-cat_ma31gr200642tr11789-b594a8ea-528b-49f8-93ec-c093a6827e6b,source_reported_unverified,3,30495,30490,0,-5,No change noted,Down $5 over 3 weeks,
1,honda_odyssey,autotrader,listing_b5c06122ff309a3fce1ebb74,observation_94be1e1c5d37d23c749ceffa,0002469a-a2c6-4d71-a732-a9c08b91921d,source_identifier_claim_not_vin,unverified_source_claims,data/honda_odyssey/evidence/autotrader/raw_latest.jsonl#record=6,data/honda_odyssey/evidence/autotrader/normalized_latest.jsonl#source_record_index=6,DISABLED_MANUAL_REVIEW_REQUIRED,manual_review_required,success,clean,,success,2026-07-22T18:53:46+00:00,2018,source_reported_unverified,Honda,source_reported_or_configured_unverified,Odyssey,source_reported_or_configured_unverified,Touring,source_reported_unverified,29500,source_reported_unverified,121607,source_reported_unverified,,unknown,Gasoline,source_reported_or_inferred_unverified,,unknown,North Edmonton Kia,source_reported_unverified,Dealer,source_reported_or_inferred_unverified,"13634 St. Albert Trail NW, Edmonton, AB, T5L 4P3",source_reported_not_independently_verified,"Edmonton, AB",source_reported_not_independently_verified,,173.0,legacy_method_not_yet_disambiguated,address,,unavailable,https://www.autotrader.ca/offers/honda-odyssey-touring-gasoline-cat_ma31gr200642tr11947-0002469a-a2c6-4d71-a732-a9c08b91921d,source_reported_unverified,5,30987,29500,0,-1487,No change noted,"Down $1,487 over 5 weeks",
1,honda_odyssey,autotrader,listing_c54639b1d19dbd89b5b22a74,observation_839a9b26028b205fefcb4ef0,3a4e2d8c-001e-4bb7-9a8d-fe9669f486d1,source_identifier_claim_not_vin,unverified_source_claims,data/honda_odyssey/evidence/autotrader/raw_latest.jsonl#record=7,data/honda_odyssey/evidence/autotrader/normalized_latest.jsonl#source_record_index=7,DISABLED_MANUAL_REVIEW_REQUIRED,manual_review_required,success,clean,,success,2026-07-22T18:53:46+00:00,2018,source_reported_unverified,Honda,source_reported_or_configured_unverified,Odyssey,source_reported_or_configured_unverified,EXL Sunroof Nav Driver Alerts Power Doors Heated L,source_reported_unverified,25998,source_reported_unverified,164543,source_reported_unverified,3.5L,source_reported_unverified,Gasoline,source_reported_or_inferred_unverified,,unknown,Parkland Chrysler Dodge Jeep Ram,source_reported_unverified,Dealer,source_reported_or_inferred_unverified,"200 St. Matthews Ave, SPRUCE GROVE, AB, T7X 3A6",source_reported_not_independently_verified,"SPRUCE GROVE, AB",source_reported_not_independently_verified,,172.0,legacy_method_not_yet_disambiguated,address,,unavailable,https://www.autotrader.ca/offers/honda-odyssey-exl-sunroof-nav-driver-alerts-power-doors-heated-l-gasoline-grey-cat_ma31gr200642tr13180-3a4e2d8c-001e-4bb7-9a8d-fe9669f486d1,source_reported_unverified,6,27798,25998,0,-1800,No change noted,"Down $1,800 over 6 weeks",
1,honda_odyssey,autotrader,listing_f2cf45c520aa303def4c608a,observation_36cc69457b05df82250f94da,6c203ef4-0e0d-4e45-a839-b0413fd53488,source_identifier_claim_not_vin,unverified_source_claims,data/honda_odyssey/evidence/autotrader/raw_latest.jsonl#record=8,data/honda_odyssey/evidence/autotrader/normalized_latest.jsonl#source_record_index=8,DISABLED_MANUAL_REVIEW_REQUIRED,manual_review_required,success,clean,,success,2026-07-22T18:53:46+00:00,2018,source_reported_unverified,Honda,source_reported_or_configured_unverified,Odyssey,source_reported_or_configured_unverified,Touring,source_reported_unverified,28901,source_reported_unverified,154263,source_reported_unverified,3.5L,source_reported_unverified,Gasoline,source_reported_or_inferred_unverified,,unknown,Capital Chevrolet Buick GMC Calgary,source_reported_unverified,Dealer,source_reported_or_inferred_unverified,"13103 Lake Fraser Drive South East, Calgary, AB, T2J3H5",source_reported_not_independently_verified,"Calgary, AB",source_reported_not_independently_verified,,149.0,legacy_method_not_yet_disambiguated,city_center,,unavailable,https://www.autotrader.ca/offers/honda-odyssey-touring-gasoline-white-cat_ma31gr200642tr11947-6c203ef4-0e0d-4e45-a839-b0413fd53488,source_reported_unverified,0,28901,28901,0,0,No change noted,First seen this week,
1,honda_odyssey,autotrader,listing_0b7017e032b13ded3ed50d35,observation_3a40a9154af3ee65c63e5807,fd40ea9e-5403-42c3-b5ed-8e622f65fe8b,source_identifier_claim_not_vin,unverified_source_claims,data/honda_odyssey/evidence/autotrader/raw_latest.jsonl#record=27,data/honda_odyssey/evidence/autotrader/normalized_latest.jsonl#source_record_index=27,DISABLED_MANUAL_REVIEW_REQUIRED,manual_review_required,success,clean,,success,2026-07-22T18:53:46+00:00,2019,source_reported_unverified,Honda,source_reported_or_configured_unverified,Odyssey,source_reported_or_configured_unverified,EX Fresh Trade,source_reported_unverified,35995,source_reported_unverified,73320,source_reported_unverified,,unknown,Gasoline,source_reported_or_inferred_unverified,,unknown,Regina Honda,source_reported_unverified,Dealer,source_reported_or_inferred_unverified,"789 Broad Street, REGINA, SK, S4R8G3",source_reported_not_independently_verified,"REGINA, SK",source_reported_not_independently_verified,,793.0,legacy_method_not_yet_disambiguated,address,,unavailable,https://www.autotrader.ca/offers/honda-odyssey-ex-fresh-trade-gasoline-grey-cat_ma31gr200642tr11789-fd40ea9e-5403-42c3-b5ed-8e622f65fe8b,source_reported_unverified,4,38995,35995,0,-3000,No change noted,"Down $3,000 over 4 weeks",
1,honda_odyssey,autotrader,listing_1eff2e1821b5c4c6c61df41e,observation_d9abd290601b3fda66a52370,4004aabe-5bc9-4d9c-a6ad-edfd86d75a8c,source_identifier_claim_not_vin,unverified_source_claims,data/honda_odyssey/evidence/autotrader/raw_latest.jsonl#record=22,data/honda_odyssey/evidence/autotrader/normalized_latest.jsonl#source_record_index=22,DISABLED_MANUAL_REVIEW_REQUIRED,manual_review_required,success,clean,,success,2026-07-22T18:53:46+00:00,2019,source_reported_unverified,Honda,source_reported_or_configured_unverified,Odyssey,source_reported_or_configured_unverified,LX Auto,source_reported_unverified,28777,source_reported_unverified,139980,source_reported_unverified,,unknown,Gasoline,source_reported_or_inferred_unverified,,unknown,Meidl Honda,source_reported_unverified,Dealer,source_reported_or_inferred_unverified,"110A Circle Drive East, SASKATOON, SK, S7K 4K1",source_reported_not_independently_verified,"SASKATOON, SK",source_reported_not_independently_verified,,540.0,legacy_method_not_yet_disambiguated,address,,unavailable,https://www.autotrader.ca/offers/honda-odyssey-lx-auto-gasoline-white-cat_ma31gr200642tr11849-4004aabe-5bc9-4d9c-a6ad-edfd86d75a8c,source_reported_unverified,0,28777,28777,0,0,No change noted,First seen this week,
1,honda_odyssey,autotrader,listing_224bbdaf3cf862b08c699d3f,observation_b36ad9b668811af047e24dda,2fb7f61c-246a-4787-a687-5ecff597ae47,source_identifier_claim_not_vin,unverified_source_claims,data/honda_odyssey/evidence/autotrader/raw_latest.jsonl#record=4,data/honda_odyssey/evidence/autotrader/normalized_latest.jsonl#source_record_index=4,DISABLED_MANUAL_REVIEW_REQUIRED,manual_review_required,success,clean,,success,2026-07-22T18:53:46+00:00,2019,source_reported_unverified,Honda,source_reported_or_configured_unverified,Odyssey,source_reported_or_configured_unverified,EX *HEATED SEATS/ WHEEL/ POWER LIFT GATE/ CLEAN CA,source_reported_unverified,32995,source_reported_unverified,82263,source_reported_unverified,3.5L,source_reported_unverified,Gasoline,source_reported_or_inferred_unverified,Accident reported,source_text_claim_unverified,GO AUTO OUTLET SOUTH,source_reported_unverified,Dealer,source_reported_or_inferred_unverified,"2262 Sparrow Dr, Nisku, AB, T9E 8A2",source_reported_not_independently_verified,"Nisku, AB",source_reported_not_independently_verified,,129.0,legacy_method_not_yet_disambiguated,address,,unavailable,https://www.autotrader.ca/offers/honda-odyssey-ex-heated-seats-wheel-power-lift-gate-clean-ca-gasoline-grey-cat_ma31gr200642tr11789-2fb7f61c-246a-4787-a687-5ecff597ae47,source_reported_unverified,2,32995,32995,0,0,No change noted,Unchanged for 2 weeks,
1,honda_odyssey,autotrader,listing_28c245ffcbb922789e9e31a5,observation_792a469e481dda1085aa310e,43bddd8b-e2fb-49c5-9a94-c3b0886fd76d,source_identifier_claim_not_vin,unverified_source_claims,data/honda_odyssey/evidence/autotrader/raw_latest.jsonl#record=13,data/honda_odyssey/evidence/autotrader/normalized_latest.jsonl#source_record_index=13,DISABLED_MANUAL_REVIEW_REQUIRED,manual_review_required,success,clean,,success,2026-07-22T18:53:46+00:00,2019,source_reported_unverified,Honda,source_reported_or_configured_unverified,Odyssey,source_reported_or_configured_unverified,EX  - Sunroof -  Apple CarPlay,source_reported_unverified,34882,source_reported_unverified,118450,source_reported_unverified,3.5L,source_reported_unverified,Gasoline,source_reported_or_inferred_unverified,No accidents reported,source_text_claim_unverified,Legacy Auto Super Centre,source_reported_unverified,Dealer,source_reported_or_inferred_unverified,"4120 56 Street, Wetaskiwin, AB, T9A 1V3",source_reported_not_independently_verified,"Wetaskiwin, AB",source_reported_not_independently_verified,,100.0,legacy_method_not_yet_disambiguated,address,,unavailable,https://www.autotrader.ca/offers/honda-odyssey-ex-sunroof-apple-carplay-gasoline-white-cat_ma31gr200642-43bddd8b-e2fb-49c5-9a94-c3b0886fd76d,source_reported_unverified,5,29995,34882,0,4887,No change noted,"Up $4,887 over 5 weeks",
1,honda_odyssey,autotrader,listing_38f6fbdd2b8ea0024fde16fa,observation_02b53c14f3a3837437c27caa,8b0beb98-73de-434d-ba85-f33c4052cb08,source_identifier_claim_not_vin,unverified_source_claims,data/honda_odyssey/evidence/autotrader/raw_latest.jsonl#record=18,data/honda_odyssey/evidence/autotrader/normalized_latest.jsonl#source_record_index=18,DISABLED_MANUAL_REVIEW_REQUIRED,manual_review_required,success,clean,,success,2026-07-22T18:53:46+00:00,2019,source_reported_unverified,Honda,source_reported_or_configured_unverified,Odyssey,source_reported_or_configured_unverified,VAN,source_reported_unverified,26998,source_reported_unverified,150300,source_reported_unverified,3.5L,source_reported_unverified,Gasoline,source_reported_or_inferred_unverified,No accidents reported,source_text_claim_unverified,Cypress Motors MC,source_reported_unverified,Dealer,source_reported_or_inferred_unverified,"214 Jasper Street, MAPLE CREEK, SK, S0N 1N0",source_reported_not_independently_verified,"MAPLE CREEK, SK",source_reported_not_independently_verified,,509.0,legacy_method_not_yet_disambiguated,address,,unavailable,https://www.autotrader.ca/offers/honda-odyssey-van-gasoline-white-cat_ma31gr200642tr13184-8b0beb98-73de-434d-ba85-f33c4052cb08,source_reported_unverified,7,26998,26998,0,0,No change noted,Unchanged for 7 weeks,
1,honda_odyssey,autotrader,listing_3c99873ab2bd4e3ae138459a,observation_ffb1c4a26b13ff28bfc282b5,f5ed2e36-95eb-4bda-ab12-9dff48e7870f,source_identifier_claim_not_vin,unverified_source_claims,data/honda_odyssey/evidence/autotrader/raw_latest.jsonl#record=30,data/honda_odyssey/evidence/autotrader/normalized_latest.jsonl#source_record_index=30,DISABLED_MANUAL_REVIEW_REQUIRED,manual_review_required,success,clean,,success,2026-07-22T18:53:46+00:00,2019,source_reported_unverified,Honda,source_reported_or_configured_unverified,Odyssey,source_reported_or_configured_unverified,EX-L | DVD PKG,source_reported_unverified,32990,source_reported_unverified,137942,source_reported_unverified,3.5L,source_reported_unverified,Gasoline,source_reported_or_inferred_unverified,Accident reported,source_text_claim_unverified,WOW CARS,source_reported_unverified,Dealer,source_reported_or_inferred_unverified,"1800 Winnipeg Street, Regina, SK, S4P 1G2",source_reported_not_independently_verified,"Regina, SK",source_reported_not_independently_verified,,787.0,legacy_method_not_yet_disambiguated,address,,unavailable,https://www.autotrader.ca/offers/honda-odyssey-ex-l-dvd-pkg-gasoline-white-cat_ma31gr200642-f5ed2e36-95eb-4bda-ab12-9dff48e7870f,source_reported_unverified,7,32990,32990,0,0,No change noted,Unchanged for 7 weeks,
1,honda_odyssey,autotrader,listing_6d1ca5a8df75d352bfc74fc5,observation_91a86a77b4ea2fe018ebac7b,84078815-c1d3-4973-ace5-0c4703511fc8,source_identifier_claim_not_vin,unverified_source_claims,data/honda_odyssey/evidence/autotrader/raw_latest.jsonl#record=12,data/honda_odyssey/evidence/autotrader/normalized_latest.jsonl#source_record_index=12,DISABLED_MANUAL_REVIEW_REQUIRED,manual_review_required,success,clean,,success,2026-07-22T18:53:46+00:00,2019,source_reported_unverified,Honda,source_reported_or_configured_unverified,Odyssey,source_reported_or_configured_unverified,EX-L Navi  Remote Start,source_reported_unverified,31995,source_reported_unverified,135221,source_reported_unverified,3.5L,source_reported_unverified,Gasoline,source_reported_or_inferred_unverified,,unknown,South Trail Nissan,source_reported_unverified,Dealer,source_reported_or_inferred_unverified,"6603 130 Ave SE, Calgary, AB, T2Z5E1",source_reported_not_independently_verified,"Calgary, AB",source_reported_not_independently_verified,,166.0,legacy_method_not_yet_disambiguated,address,,unavailable,https://www.autotrader.ca/offers/honda-odyssey-ex-l-navi-remote-start-gasoline-black-cat_ma31gr200642tr13180-84078815-c1d3-4973-ace5-0c4703511fc8,source_reported_unverified,5,32995,32995,-1000,-1000,No change noted,"Down $1,000 over 5 weeks",
1,honda_odyssey,autotrader,listing_7ac7f501eabe10baf3916334,observation_52fd3301b21c72c3fbc04ba9,721991ef-d350-4f2c-8e4f-6ff53bd7fe2a,source_identifier_claim_not_vin,unverified_source_claims,data/honda_odyssey/evidence/autotrader/raw_latest.jsonl#record=14,data/honda_odyssey/evidence/autotrader/normalized_latest.jsonl#source_record_index=14,DISABLED_MANUAL_REVIEW_REQUIRED,manual_review_required,success,clean,,success,2026-07-22T18:53:46+00:00,2019,source_reported_unverified,Honda,source_reported_or_configured_unverified,Odyssey,source_reported_or_configured_unverified,Touring | LEATHER | NAV | SUNROOF | CARPLAY,source_reported_unverified,31500,source_reported_unverified,147559,source_reported_unverified,,unknown,Gasoline,source_reported_or_inferred_unverified,Accident reported,source_text_claim_unverified,North Edmonton Kia,source_reported_unverified,Dealer,source_reported_or_inferred_unverified,"13634 St. Albert Trail NW, Edmonton, AB, T5L 4P3",source_reported_not_independently_verified,"Edmonton, AB",source_reported_not_independently_verified,,173.0,legacy_method_not_yet_disambiguated,address,,unavailable,https://www.autotrader.ca/offers/honda-odyssey-touring-leather-nav-sunroof-carplay-gasoline-black-cat_ma31gr200642tr11947-721991ef-d350-4f2c-8e4f-6ff53bd7fe2a,source_reported_unverified,4,31500,31500,0,0,No change noted,Unchanged for 4 weeks,
1,honda_odyssey,autotrader,listing_84ebe1e9656c724706575d46,observation_954ee7e5fb21db649c9fb50b,c0d1a2f3-1658-4548-bacb-0add9250a2ae,source_identifier_claim_not_vin,unverified_source_claims,data/honda_odyssey/evidence/autotrader/raw_latest.jsonl#record=9,data/honda_odyssey/evidence/autotrader/normalized_latest.jsonl#source_record_index=9,DISABLED_MANUAL_REVIEW_REQUIRED,manual_review_required,success,clean,,success,2026-07-22T18:53:46+00:00,2019,source_reported_unverified,Honda,source_reported_or_configured_unverified,Odyssey,source_reported_or_configured_unverified,EX-L w/Sunroof/Rear DVD/Heated Leather/Dual Pwr Sl,source_reported_unverified,29980,source_reported_unverified,147380,source_reported_unverified,3.5L,source_reported_unverified,Gasoline,source_reported_or_inferred_unverified,,unknown,Schwab Chevrolet Buick GMC,source_reported_unverified,Dealer,source_reported_or_inferred_unverified,"6503 Sparrow Drive, LEDUC, AB, T9E7C7",source_reported_not_independently_verified,"LEDUC, AB",source_reported_not_independently_verified,,123.0,legacy_method_not_yet_disambiguated,address,,unavailable,https://www.autotrader.ca/offers/honda-odyssey-ex-l-w-sunroof-rear-dvd-heated-leather-dual-pwr-sl-gasoline-blue-cat_ma31gr200642-c0d1a2f3-1658-4548-bacb-0add9250a2ae,source_reported_unverified,5,29980,29980,0,0,No change noted,Unchanged for 5 weeks,
1,honda_odyssey,autotrader,listing_d629dc13a0cfafcf34fdc78d,observation_5156447ae4be54f322134750,1bbd4884-3ebd-4e66-b226-e053f63c7f7b,source_identifier_claim_not_vin,unverified_source_claims,data/honda_odyssey/evidence/autotrader/raw_latest.jsonl#record=11,data/honda_odyssey/evidence/autotrader/normalized_latest.jsonl#source_record_index=11,DISABLED_MANUAL_REVIEW_REQUIRED,manual_review_required,success,clean,,success,2026-07-22T18:53:46+00:00,2019,source_reported_unverified,Honda,source_reported_or_configured_unverified,Odyssey,source_reported_or_configured_unverified,Touring - Leather Seating | Wireless Charging | He,source_reported_unverified,32995,source_reported_unverified,122284,source_reported_unverified,3.5L,source_reported_unverified,Gasoline,source_reported_or_inferred_unverified,,unknown,Calgary H. Ltd O/A T&T Honda,source_reported_unverified,Dealer,source_reported_or_inferred_unverified,"888 Meridian Road NE, CALGARY, AB, T2A 2N8",source_reported_not_independently_verified,"CALGARY, AB",source_reported_not_independently_verified,,146.0,legacy_method_not_yet_disambiguated,address,,unavailable,https://www.autotrader.ca/offers/honda-odyssey-touring-leather-seating-wireless-charging-he-gasoline-black-cat_ma31gr200642tr11947-1bbd4884-3ebd-4e66-b226-e053f63c7f7b,source_reported_unverified,3,32995,32995,0,0,No change noted,Unchanged for 3 weeks,
1,honda_odyssey,autotrader,listing_db18df4e74589d62c00e2da8,observation_0013f05f36137adb9f56904f,385fa608-7219-4ab0-add0-74f015019467,source_identifier_claim_not_vin,unverified_source_claims,data/honda_odyssey/evidence/autotrader/raw_latest.jsonl#record=0,data/honda_odyssey/evidence/autotrader/normalized_latest.jsonl#source_record_index=0,DISABLED_MANUAL_REVIEW_REQUIRED,manual_review_required,success,clean,,success,2026-07-22T18:53:46+00:00,2019,source_reported_unverified,Honda,source_reported_or_configured_unverified,Odyssey,source_reported_or_configured_unverified,Touring 3.5 V6 POWER! LEATHER! SUNROOF!,source_reported_unverified,25977,source_reported_unverified,139225,source_reported_unverified,,unknown,Gasoline,source_reported_or_inferred_unverified,,unknown,Auto Avenue - 17th Ave,source_reported_unverified,Dealer,source_reported_or_inferred_unverified,"1739 51 ST SE, Calgary, AB, T2A 1T2",source_reported_not_independently_verified,"Calgary, AB",source_reported_not_independently_verified,,151.0,legacy_method_not_yet_disambiguated,address,,unavailable,https://www.autotrader.ca/offers/honda-odyssey-touring-3-5-v6-power-leather-sunroof-gasoline-cat_ma31gr200642tr11947-385fa608-7219-4ab0-add0-74f015019467,source_reported_unverified,2,25977,25977,0,0,No change noted,Unchanged for 2 weeks,
1,honda_odyssey,autotrader,listing_fe822ca2b9ef5cc8fe42b8a0,observation_686686afea56d8646336c04c,1013481b-06f4-42d4-8b24-e361a6761ab6,source_identifier_claim_not_vin,unverified_source_claims,data/honda_odyssey/evidence/autotrader/raw_latest.jsonl#record=5,data/honda_odyssey/evidence/autotrader/normalized_latest.jsonl#source_record_index=5,DISABLED_MANUAL_REVIEW_REQUIRED,manual_review_required,success,clean,,success,2026-07-22T18:53:46+00:00,2019,source_reported_unverified,Honda,source_reported_or_configured_unverified,Odyssey,source_reported_or_configured_unverified,Touring Auto,source_reported_unverified,21988,source_reported_unverified,202483,source_reported_unverified,,unknown,Gasoline,source_reported_or_inferred_unverified,Accident reported,source_text_claim_unverified,Auto House,source_reported_unverified,Dealer,source_reported_or_inferred_unverified,"2404 23rd Ave NE, CALGARY, AB, T2E8J4",source_reported_not_independently_verified,"CALGARY, AB",source_reported_not_independently_verified,,149.0,legacy_method_not_yet_disambiguated,city_center,,unavailable,https://www.autotrader.ca/offers/honda-odyssey-touring-auto-gasoline-white-cat_ma31gr200642tr11947-1013481b-06f4-42d4-8b24-e361a6761ab6,source_reported_unverified,3,21988,21988,0,0,No change noted,Unchanged for 3 weeks,
1,honda_odyssey,autotrader,listing_4e30653f08f157939790e084,observation_c3d8a2b37e41283ac948733a,a34de003-dc0d-408e-aad8-b285840f3d60,source_identifier_claim_not_vin,unverified_source_claims,data/honda_odyssey/evidence/autotrader/raw_latest.jsonl#record=19,data/honda_odyssey/evidence/autotrader/normalized_latest.jsonl#source_record_index=19,DISABLED_MANUAL_REVIEW_REQUIRED,manual_review_required,success,clean,,success,2026-07-22T18:53:46+00:00,2020,source_reported_unverified,Honda,source_reported_or_configured_unverified,Odyssey,source_reported_or_configured_unverified,EX 8-Passenger Family Van,source_reported_unverified,34042,source_reported_unverified,107000,source_reported_unverified,,unknown,Gasoline,source_reported_or_inferred_unverified,Accident reported,source_text_claim_unverified,McDonald Nissan,source_reported_unverified,Dealer,source_reported_or_inferred_unverified,"3608 - 4th Avenue South, LETHBRIDGE, AB, T1J 4Z5",source_reported_not_independently_verified,"LETHBRIDGE, AB",source_reported_not_independently_verified,,354.0,legacy_method_not_yet_disambiguated,city_center,,unavailable,https://www.autotrader.ca/offers/honda-odyssey-ex-8-passenger-family-van-gasoline-white-cat_ma31gr200642-a34de003-dc0d-408e-aad8-b285840f3d60,source_reported_unverified,2,34042,34042,0,0,No change noted,Unchanged for 2 weeks,
1,honda_odyssey,autotrader,listing_55d8793bdc33d650fd650838,observation_2cfc042c9e4c21789dca96b6,31ace526-f1a1-4394-9a17-dc3c48eac84a,source_identifier_claim_not_vin,unverified_source_claims,data/honda_odyssey/evidence/autotrader/raw_latest.jsonl#record=16,data/honda_odyssey/evidence/autotrader/normalized_latest.jsonl#source_record_index=16,DISABLED_MANUAL_REVIEW_REQUIRED,manual_review_required,success,clean,,success,2026-07-22T18:53:46+00:00,2020,source_reported_unverified,Honda,source_reported_or_configured_unverified,Odyssey,source_reported_or_configured_unverified,Touring,source_reported_unverified,27605,source_reported_unverified,200527,source_reported_unverified,,unknown,Gasoline,source_reported_or_inferred_unverified,Accident reported,source_text_claim_unverified,Lexus of Calgary,source_reported_unverified,Dealer,source_reported_or_inferred_unverified,"22 Heritage Meadows Road SE, CALGARY, AB, T2H3C1",source_reported_not_independently_verified,"CALGARY, AB",source_reported_not_independently_verified,,157.0,legacy_method_not_yet_disambiguated,address,,unavailable,https://www.autotrader.ca/offers/honda-odyssey-touring-gasoline-black-cat_ma31gr200642tr11947-31ace526-f1a1-4394-9a17-dc3c48eac84a,source_reported_unverified,1,27605,27605,0,0,No change noted,Unchanged for 1 weeks,
1,honda_odyssey,autotrader,listing_3dc155043c1064e8c2c6b018,observation_ebdfe3ff0b8084ce7cab48d9,b7fdd838-5ead-4389-af73-5d10b1641f6e,source_identifier_claim_not_vin,unverified_source_claims,data/honda_odyssey/evidence/autotrader/raw_latest.jsonl#record=33,data/honda_odyssey/evidence/autotrader/normalized_latest.jsonl#source_record_index=33,DISABLED_MANUAL_REVIEW_REQUIRED,manual_review_required,success,clean,,success,2026-07-22T18:53:46+00:00,2022,source_reported_unverified,Honda,source_reported_or_configured_unverified,Odyssey,source_reported_or_configured_unverified,Touring Auto| Rear Entertainment System| Built-In,source_reported_unverified,43990,source_reported_unverified,96743,source_reported_unverified,,unknown,Gasoline,source_reported_or_inferred_unverified,Accident reported,source_text_claim_unverified,Moose Jaw Honda,source_reported_unverified,Dealer,source_reported_or_inferred_unverified,"1768 Main Street North, Moose Jaw, SK, S6J 1H1",source_reported_not_independently_verified,"Moose Jaw, SK",source_reported_not_independently_verified,,797.0,legacy_method_not_yet_disambiguated,address,,unavailable,https://www.autotrader.ca/offers/honda-odyssey-touring-auto-rear-entertainment-system-built-in-gasoline-white-cat_ma31gr200642tr11947-b7fdd838-5ead-4389-af73-5d10b1641f6e,source_reported_unverified,4,43990,43990,0,0,No change noted,Unchanged for 4 weeks,
1,honda_odyssey,autotrader,listing_3f3b4630f64ca8820218ee13,observation_7c9f0a0b908490ff43af98a9,b90b368e-7c09-4198-bcdb-b36b227bc107,source_identifier_claim_not_vin,unverified_source_claims,data/honda_odyssey/evidence/autotrader/raw_latest.jsonl#record=29,data/honda_odyssey/evidence/autotrader/normalized_latest.jsonl#source_record_index=29,DISABLED_MANUAL_REVIEW_REQUIRED,manual_review_required,success,clean,,success,2026-07-22T18:53:46+00:00,2022,source_reported_unverified,Honda,source_reported_or_configured_unverified,Odyssey,source_reported_or_configured_unverified,Touring,source_reported_unverified,44987,source_reported_unverified,67184,source_reported_unverified,,unknown,Gasoline,source_reported_or_inferred_unverified,,unknown,Medicine Hat Honda,source_reported_unverified,Dealer,source_reported_or_inferred_unverified,"16 Strachan Court Southeast, Medicine Hat, AB, T1B 4R7",source_reported_not_independently_verified,"Medicine Hat, AB",source_reported_not_independently_verified,,410.0,legacy_method_not_yet_disambiguated,address,,unavailable,https://www.autotrader.ca/offers/honda-odyssey-touring-gasoline-white-cat_ma31gr200642tr11947-b90b368e-7c09-4198-bcdb-b36b227bc107,source_reported_unverified,4,44987,44987,0,0,No change noted,Unchanged for 4 weeks,
1,honda_odyssey,autotrader,listing_651384d34e1489952d54fdd9,observation_bf51cb524f9076922e91b7dc,a0e58bf7-f915-4067-8a12-2dcb36d770e9,source_identifier_claim_not_vin,unverified_source_claims,data/honda_odyssey/evidence/autotrader/raw_latest.jsonl#record=21,data/honda_odyssey/evidence/autotrader/normalized_latest.jsonl#source_record_index=21,DISABLED_MANUAL_REVIEW_REQUIRED,manual_review_required,success,clean,,success,2026-07-22T18:53:46+00:00,2022,source_reported_unverified,Honda,source_reported_or_configured_unverified,Odyssey,source_reported_or_configured_unverified,EX-L Navi Auto,source_reported_unverified,38740,source_reported_unverified,102840,source_reported_unverified,3.5L,source_reported_unverified,Gasoline,source_reported_or_inferred_unverified,,unknown,South Trail Chrysler,source_reported_unverified,Dealer,source_reported_or_inferred_unverified,"6103 130th Ave SE, Calgary, AB, T2Z 5E1",source_reported_not_independently_verified,"Calgary, AB",source_reported_not_independently_verified,,149.0,legacy_method_not_yet_disambiguated,city_center,,unavailable,https://www.autotrader.ca/offers/honda-odyssey-ex-l-navi-auto-gasoline-cat_ma31gr200642tr13180-a0e58bf7-f915-4067-8a12-2dcb36d770e9,source_reported_unverified,2,38740,38740,0,0,No change noted,Unchanged for 2 weeks,
1,honda_odyssey,autotrader,listing_85a94c0cacd3a6a88ca2fcb2,observation_d8f21bf125328c5e4bf7f21c,9297775b-274e-40ca-87f2-697427340188,source_identifier_claim_not_vin,unverified_source_claims,data/honda_odyssey/evidence/autotrader/raw_latest.jsonl#record=31,data/honda_odyssey/evidence/autotrader/normalized_latest.jsonl#source_record_index=31,DISABLED_MANUAL_REVIEW_REQUIRED,manual_review_required,success,clean,,success,2026-07-22T18:53:46+00:00,2022,source_reported_unverified,Honda,source_reported_or_configured_unverified,Odyssey,source_reported_or_configured_unverified,,unknown,45500,source_reported_unverified,58172,source_reported_unverified,,unknown,Gasoline,source_reported_or_inferred_unverified,Accident reported,source_text_claim_unverified,Triple 7 Chrysler,source_reported_unverified,Dealer,source_reported_or_inferred_unverified,"700 Broad Street, REGINA, SK, S4R 8H7",source_reported_not_independently_verified,"REGINA, SK",source_reported_not_independently_verified,,793.0,legacy_method_not_yet_disambiguated,address,,unavailable,https://www.autotrader.ca/offers/honda-odyssey-gasoline-cat_ma31gr200642tr13180-9297775b-274e-40ca-87f2-697427340188,source_reported_unverified,3,45999,45500,0,-499,No change noted,Down $499 over 3 weeks,
1,honda_odyssey,autotrader,listing_971848df9e0bb6b643833a71,observation_275be0a54ffa2957d2a47020,1c538508-d7fe-4891-b30a-de7a1279d1bf,source_identifier_claim_not_vin,unverified_source_claims,data/honda_odyssey/evidence/autotrader/raw_latest.jsonl#record=20,data/honda_odyssey/evidence/autotrader/normalized_latest.jsonl#source_record_index=20,DISABLED_MANUAL_REVIEW_REQUIRED,manual_review_required,success,clean,,success,2026-07-22T18:53:46+00:00,2022,source_reported_unverified,Honda,source_reported_or_configured_unverified,Odyssey,source_reported_or_configured_unverified,EX-RES - BLUERAY DVD / 8 PASSENGER,source_reported_unverified,35900,source_reported_unverified,131411,source_reported_unverified,,unknown,Gasoline,source_reported_or_inferred_unverified,No accidents reported,source_text_claim_unverified,Royal Oak Nissan,source_reported_unverified,Dealer,source_reported_or_inferred_unverified,"7690-110 Ave N.W., CALGARY, AB, T3R1R8",source_reported_not_independently_verified,"CALGARY, AB",source_reported_not_independently_verified,,149.0,legacy_method_not_yet_disambiguated,city_center,,unavailable,https://www.autotrader.ca/offers/honda-odyssey-ex-res-blueray-dvd-8-passenger-gasoline-white-cat_ma31gr200642tr13184-1c538508-d7fe-4891-b30a-de7a1279d1bf,source_reported_unverified,2,35900,35900,0,0,No change noted,Unchanged for 2 weeks,
1,honda_odyssey,autotrader,listing_a2ca98c87556cc464a8f37bc,observation_bb0ac5266278d3c7ff7d358c,5c65585f-afc9-488c-82f6-f4b4aaa03bc0,source_identifier_claim_not_vin,unverified_source_claims,data/honda_odyssey/evidence/autotrader/raw_latest.jsonl#record=23,data/honda_odyssey/evidence/autotrader/normalized_latest.jsonl#source_record_index=23,DISABLED_MANUAL_REVIEW_REQUIRED,manual_review_required,success,clean,,success,2026-07-22T18:53:46+00:00,2022,source_reported_unverified,Honda,source_reported_or_configured_unverified,Odyssey,source_reported_or_configured_unverified,"Touring (Heated Seats,Navi,Blind Spot) Low Km's",source_reported_unverified,43740,source_reported_unverified,62501,source_reported_unverified,3.5L,source_reported_unverified,Gasoline,source_reported_or_inferred_unverified,Accident reported,source_text_claim_unverified,Calgary Honda,source_reported_unverified,Dealer,source_reported_or_inferred_unverified,"11700 Lake Fraser Drive SE, CALGARY, AB, T2J7J5",source_reported_not_independently_verified,"CALGARY, AB",source_reported_not_independently_verified,,162.0,legacy_method_not_yet_disambiguated,address,,unavailable,https://www.autotrader.ca/offers/honda-odyssey-touring-heated-seats-navi-blind-spot-low-kms-gasoline-grey-cat_ma31gr200642tr11947-5c65585f-afc9-488c-82f6-f4b4aaa03bc0,source_reported_unverified,7,45924,43740,0,-2184,No change noted,"Down $2,184 over 7 weeks",
1,honda_odyssey,autotrader,listing_adf88526d2ee48f9465533c1,observation_db5a714bc6f0eb657428023c,22fa0934-9576-4089-9a1e-27731baf2c8a,source_identifier_claim_not_vin,unverified_source_claims,data/honda_odyssey/evidence/autotrader/raw_latest.jsonl#record=10,data/honda_odyssey/evidence/autotrader/normalized_latest.jsonl#source_record_index=10,DISABLED_MANUAL_REVIEW_REQUIRED,manual_review_required,success,clean,,success,2026-07-22T18:53:46+00:00,2022,source_reported_unverified,Honda,source_reported_or_configured_unverified,Odyssey,source_reported_or_configured_unverified,EX,source_reported_unverified,38888,source_reported_unverified,83031,source_reported_unverified,,unknown,Gasoline,source_reported_or_inferred_unverified,,unknown,Adrenalin Motors,source_reported_unverified,Dealer,source_reported_or_inferred_unverified,"342 Laura Avenue, Red Deer, AB, T4E 0A5",source_reported_not_independently_verified,"Red Deer, AB",source_reported_not_independently_verified,,8.0,legacy_method_not_yet_disambiguated,address,,unavailable,https://www.autotrader.ca/offers/honda-odyssey-ex-gasoline-cat_ma31gr200642tr13184-22fa0934-9576-4089-9a1e-27731baf2c8a,source_reported_unverified,3,38888,38888,0,0,No change noted,Unchanged for 3 weeks,
1,honda_odyssey,autotrader,listing_c9dbcc4642001c82e2cd7f23,observation_e8c55c8f2ecb93c687da44a5,6ac10912-2977-4096-901f-3e2bd0cd85c8,source_identifier_claim_not_vin,unverified_source_claims,data/honda_odyssey/evidence/autotrader/raw_latest.jsonl#record=17,data/honda_odyssey/evidence/autotrader/normalized_latest.jsonl#source_record_index=17,DISABLED_MANUAL_REVIEW_REQUIRED,manual_review_required,success,clean,,success,2026-07-22T18:53:46+00:00,2022,source_reported_unverified,Honda,source_reported_or_configured_unverified,Odyssey,source_reported_or_configured_unverified,EX-L Navi,source_reported_unverified,34995,source_reported_unverified,134769,source_reported_unverified,3.5L,source_reported_unverified,Gasoline,source_reported_or_inferred_unverified,Accident reported,source_text_claim_unverified,Go Airdrie Honda,source_reported_unverified,Dealer,source_reported_or_inferred_unverified,"2971 Main Street SW, AIRDRIE, AB, T4B 3G5",source_reported_not_independently_verified,"AIRDRIE, AB",source_reported_not_independently_verified,,118.0,legacy_method_not_yet_disambiguated,city_center,,unavailable,https://www.autotrader.ca/offers/honda-odyssey-ex-l-navi-gasoline-grey-cat_ma31gr200642-6ac10912-2977-4096-901f-3e2bd0cd85c8,source_reported_unverified,4,36995,34995,0,-2000,No change noted,"Down $2,000 over 4 weeks",
1,honda_odyssey,autotrader,listing_cd1a9daf4f9f426f1b87e817,observation_3bd620392e0a4deca2be9429,07d0bc3d-90aa-43b0-9809-76ba940bd6d0,source_identifier_claim_not_vin,unverified_source_claims,data/honda_odyssey/evidence/autotrader/raw_latest.jsonl#record=15,data/honda_odyssey/evidence/autotrader/normalized_latest.jsonl#source_record_index=15,DISABLED_MANUAL_REVIEW_REQUIRED,manual_review_required,success,clean,,success,2026-07-22T18:53:46+00:00,2022,source_reported_unverified,Honda,source_reported_or_configured_unverified,Odyssey,source_reported_or_configured_unverified,EX-RES - Power Sliding Doors | Moonroof | Integrat,source_reported_unverified,37990,source_reported_unverified,83190,source_reported_unverified,3.5L,source_reported_unverified,Gasoline,source_reported_or_inferred_unverified,,unknown,Calgary H. Ltd O/A T&T Honda,source_reported_unverified,Dealer,source_reported_or_inferred_unverified,"888 Meridian Road NE, CALGARY, AB, T2A 2N8",source_reported_not_independently_verified,"CALGARY, AB",source_reported_not_independently_verified,,146.0,legacy_method_not_yet_disambiguated,address,,unavailable,https://www.autotrader.ca/offers/honda-odyssey-ex-res-power-sliding-doors-moonroof-integrat-gasoline-black-cat_ma31gr200642tr13184-07d0bc3d-90aa-43b0-9809-76ba940bd6d0,source_reported_unverified,3,37990,37990,0,0,"Reduced from $ 45,500,-",Unchanged for 3 weeks,
1,honda_odyssey,autotrader,listing_1e84a19e1e5a4977f6b5daee,observation_ac9445443cd240cf82dc0470,c1e6b906-0055-4399-bda6-497a3e923468,source_identifier_claim_not_vin,unverified_source_claims,data/honda_odyssey/evidence/autotrader/raw_latest.jsonl#record=28,data/honda_odyssey/evidence/autotrader/normalized_latest.jsonl#source_record_index=28,DISABLED_MANUAL_REVIEW_REQUIRED,manual_review_required,success,clean,,success,2026-07-22T18:53:46+00:00,2023,source_reported_unverified,Honda,source_reported_or_configured_unverified,Odyssey,source_reported_or_configured_unverified,EX-L,source_reported_unverified,45000,source_reported_unverified,39000,source_reported_unverified,3.5L,source_reported_unverified,Gasoline,source_reported_or_inferred_unverified,,unknown,,unknown,Dealer,source_reported_or_inferred_unverified,,unknown,"MARTENSVILLE, SK",source_reported_not_independently_verified,,554.0,legacy_method_not_yet_disambiguated,city_center,,unavailable,https://www.autotrader.ca/offers/honda-odyssey-ex-l-gasoline-white-cat_ma31gr200642tr11848-c1e6b906-0055-4399-bda6-497a3e923468,source_reported_unverified,4,45000,45000,0,0,No change noted,Unchanged for 4 weeks,
1,honda_odyssey,autotrader,listing_57c9a303ff20c2c2ebec6e53,observation_4c42ef9345615a76934ce7aa,b014b05a-a31b-40e3-a5ee-2a30d0adcf09,source_identifier_claim_not_vin,unverified_source_claims,data/honda_odyssey/evidence/autotrader/raw_latest.jsonl#record=24,data/honda_odyssey/evidence/autotrader/normalized_latest.jsonl#source_record_index=24,DISABLED_MANUAL_REVIEW_REQUIRED,manual_review_required,success,clean,,success,2026-07-22T18:53:46+00:00,2023,source_reported_unverified,Honda,source_reported_or_configured_unverified,Odyssey,source_reported_or_configured_unverified,"Touring (Heated/Vented Seats,Navi,Blind Spot) Loca",source_reported_unverified,44702,source_reported_unverified,53361,source_reported_unverified,3.5L,source_reported_unverified,Gasoline,source_reported_or_inferred_unverified,Accident reported,source_text_claim_unverified,Calgary Honda,source_reported_unverified,Dealer,source_reported_or_inferred_unverified,"11700 Lake Fraser Drive SE, CALGARY, AB, T2J7J5",source_reported_not_independently_verified,"CALGARY, AB",source_reported_not_independently_verified,,162.0,legacy_method_not_yet_disambiguated,address,,unavailable,https://www.autotrader.ca/offers/honda-odyssey-touring-heated-vented-seats-navi-blind-spot-loca-gasoline-white-cat_ma31gr200642tr11947-b014b05a-a31b-40e3-a5ee-2a30d0adcf09,source_reported_unverified,5,47261,45853,-1151,-2559,No change noted,"Down $2,559 over 5 weeks",
1,honda_odyssey,autotrader,listing_a0db5461131a4d92eb596985,observation_0c65406cd38de24302ec054a,060af65d-4949-45b3-bc12-1d389f908e85,source_identifier_claim_not_vin,unverified_source_claims,data/honda_odyssey/evidence/autotrader/raw_latest.jsonl#record=32,data/honda_odyssey/evidence/autotrader/normalized_latest.jsonl#source_record_index=32,DISABLED_MANUAL_REVIEW_REQUIRED,manual_review_required,success,clean,,success,2026-07-22T18:53:46+00:00,2023,source_reported_unverified,Honda,source_reported_or_configured_unverified,Odyssey,source_reported_or_configured_unverified,EX-L Fresh Trade,source_reported_unverified,37995,source_reported_unverified,143747,source_reported_unverified,,unknown,Gasoline,source_reported_or_inferred_unverified,Accident reported,source_text_claim_unverified,Regina Honda,source_reported_unverified,Dealer,source_reported_or_inferred_unverified,"789 Broad Street, REGINA, SK, S4R8G3",source_reported_not_independently_verified,"REGINA, SK",source_reported_not_independently_verified,,793.0,legacy_method_not_yet_disambiguated,address,,unavailable,https://www.autotrader.ca/offers/honda-odyssey-ex-l-fresh-trade-gasoline-white-cat_ma31gr200642tr11848-060af65d-4949-45b3-bc12-1d389f908e85,source_reported_unverified,2,37995,37995,0,0,No change noted,Unchanged for 2 weeks,
1,honda_odyssey,autotrader,listing_d4ae10b1d191b019ad45f533,observation_0445c36caad06a0015cb0e7d,281cefcf-cf3e-49f8-aee6-1ad948fe9f2f,source_identifier_claim_not_vin,unverified_source_claims,data/honda_odyssey/evidence/autotrader/raw_latest.jsonl#record=26,data/honda_odyssey/evidence/autotrader/normalized_latest.jsonl#source_record_index=26,DISABLED_MANUAL_REVIEW_REQUIRED,manual_review_required,success,clean,,success,2026-07-22T18:53:46+00:00,2023,source_reported_unverified,Honda,source_reported_or_configured_unverified,Odyssey,source_reported_or_configured_unverified,Black Edition,source_reported_unverified,45988,source_reported_unverified,61417,source_reported_unverified,3.5L,source_reported_unverified,Gasoline,source_reported_or_inferred_unverified,,unknown,Wheaton Honda,source_reported_unverified,Dealer,source_reported_or_inferred_unverified,"9688 - 34th Avenue, EDMONTON, AB, T6E 6S9",source_reported_not_independently_verified,"EDMONTON, AB",source_reported_not_independently_verified,,154.0,legacy_method_not_yet_disambiguated,city_center,,unavailable,https://www.autotrader.ca/offers/honda-odyssey-black-edition-gasoline-grey-cat_ma31gr200642tr13176-281cefcf-cf3e-49f8-aee6-1ad948fe9f2f,source_reported_unverified,0,45988,45988,0,0,No change noted,First seen this week,
1,honda_odyssey,kijiji,listing_05284206f5de98313b176c6f,observation_04eaf67077cb2abccba156b7,1740344985,source_identifier_claim_not_vin,unverified_source_claims,data/honda_odyssey/evidence/kijiji/raw_latest.jsonl#record=13,data/honda_odyssey/evidence/kijiji/normalized_latest.jsonl#source_record_index=13,DISABLED_MANUAL_REVIEW_REQUIRED,location_verification_required,success,warnings_present,unverified_kijiji_location,success,2026-07-22T18:57:59+00:00,2018,source_reported_unverified,Honda,source_reported_or_configured_unverified,Odyssey,source_reported_or_configured_unverified,,unknown,27800,source_reported_unverified,133500,source_reported_unverified,,unknown,Gas,source_reported_or_inferred_unverified,,unknown,,unknown,Dealer,source_reported_or_inferred_unverified,,quarantined_unverified_search_origin,,quarantined_unverified_search_origin,"Medicine Hat, AB",,disabled_due_to_unverified_location,disabled_unverified_location,lethbridge,unverified_url_evidence,https://www.kijiji.ca/v-cars-trucks/lethbridge/honda-odyssey-ex-l/1740344985,source_reported_unverified,2,27800,27800,0,0,No change noted,Unchanged for 2 weeks,
1,honda_odyssey,kijiji,listing_064b368c010a6722707c6bf8,observation_161da88c264b70df2bfbc0ef,1739844669,source_identifier_claim_not_vin,unverified_source_claims,data/honda_odyssey/evidence/kijiji/raw_latest.jsonl#record=7,data/honda_odyssey/evidence/kijiji/normalized_latest.jsonl#source_record_index=7,DISABLED_MANUAL_REVIEW_REQUIRED,location_verification_required,success,warnings_present,unverified_kijiji_location,success,2026-07-22T18:57:59+00:00,2018,source_reported_unverified,Honda,source_reported_or_configured_unverified,Odyssey,source_reported_or_configured_unverified,,unknown,24090,source_reported_unverified,135000,source_reported_unverified,,unknown,Gas,source_reported_or_inferred_unverified,,unknown,,unknown,Private,source_reported_or_inferred_unverified,,quarantined_unverified_search_origin,,quarantined_unverified_search_origin,"Carstairs, AB",,disabled_due_to_unverified_location,disabled_unverified_location,ottawa,unverified_url_evidence,https://www.kijiji.ca/v-cars-trucks/ottawa/2018-honda-odyssey-ex-l-res/1739844669,source_reported_unverified,4,23790,24090,0,300,No change noted,Up $300 over 4 weeks,
1,honda_odyssey,kijiji,listing_0d6ac5bbe511facb00cd4d79,observation_97a634cb35583f5918bb5624,1737099187,source_identifier_claim_not_vin,unverified_source_claims,data/honda_odyssey/evidence/kijiji/raw_latest.jsonl#record=18,data/honda_odyssey/evidence/kijiji/normalized_latest.jsonl#source_record_index=18,DISABLED_MANUAL_REVIEW_REQUIRED,location_verification_required,success,warnings_present,unverified_kijiji_location,success,2026-07-22T18:57:59+00:00,2018,source_reported_unverified,Honda,source_reported_or_configured_unverified,Odyssey,source_reported_or_configured_unverified,,unknown,30990,source_reported_unverified,86396,source_reported_unverified,,unknown,Gas,source_reported_or_inferred_unverified,,unknown,,unknown,Private,source_reported_or_inferred_unverified,,quarantined_unverified_search_origin,,quarantined_unverified_search_origin,"Carstairs, AB",,disabled_due_to_unverified_location,disabled_unverified_location,ottawa,unverified_url_evidence,https://www.kijiji.ca/v-cars-trucks/ottawa/2018-honda-odyssey-ex-l-navi/1737099187,source_reported_unverified,6,30790,30990,0,200,No change noted,Up $200 over 6 weeks,
1,honda_odyssey,kijiji,listing_16e258aa26e4323a68e37b22,observation_035cbdd7d4e15e6e8ca12c26,1739592119,source_identifier_claim_not_vin,unverified_source_claims,data/honda_odyssey/evidence/kijiji/raw_latest.jsonl#record=11,data/honda_odyssey/evidence/kijiji/normalized_latest.jsonl#source_record_index=11,DISABLED_MANUAL_REVIEW_REQUIRED,location_verification_required,success,warnings_present,unverified_kijiji_location,success,2026-07-22T18:57:59+00:00,2018,source_reported_unverified,Honda,source_reported_or_configured_unverified,Odyssey,source_reported_or_configured_unverified,,unknown,25995,source_reported_unverified,172000,source_reported_unverified,,unknown,Gas,source_reported_or_inferred_unverified,No accidents reported,source_text_claim_unverified,,unknown,Private,source_reported_or_inferred_unverified,,quarantined_unverified_search_origin,,quarantined_unverified_search_origin,"Carstairs, AB",,disabled_due_to_unverified_location,disabled_unverified_location,london,unverified_url_evidence,https://www.kijiji.ca/v-cars-trucks/london/2018-honda-odyssey-ex-l-8-pass-clean-carfax-power-sliding-doo/1739592119,source_reported_unverified,4,25995,25995,0,0,No change noted,Unchanged for 4 weeks,
1,honda_odyssey,kijiji,listing_214fc3c8b61b45aeaf92df93,observation_c0bfa4a92a3419fef80eb112,1737259923,source_identifier_claim_not_vin,unverified_source_claims,data/honda_odyssey/evidence/kijiji/raw_latest.jsonl#record=20,data/honda_odyssey/evidence/kijiji/normalized_latest.jsonl#source_record_index=20,DISABLED_MANUAL_REVIEW_REQUIRED,location_verification_required,success,warnings_present,unverified_kijiji_location,success,2026-07-22T18:57:59+00:00,2018,source_reported_unverified,Honda,source_reported_or_configured_unverified,Odyssey,source_reported_or_configured_unverified,,unknown,30990,source_reported_unverified,86396,source_reported_unverified,,unknown,Gas,source_reported_or_inferred_unverified,,unknown,,unknown,Private,source_reported_or_inferred_unverified,,quarantined_unverified_search_origin,,quarantined_unverified_search_origin,"Carstairs, AB",,disabled_due_to_unverified_location,disabled_unverified_location,bedford,unverified_url_evidence,https://www.kijiji.ca/v-cars-trucks/bedford/2018-honda-odyssey-ex-l-navi/1737259923,source_reported_unverified,6,30790,30990,0,200,No change noted,Up $200 over 6 weeks,
1,honda_odyssey,kijiji,listing_23271f89a5489d112eef9307,observation_43ed8ee37794c8d510b214bc,1740071420,source_identifier_claim_not_vin,unverified_source_claims,data/honda_odyssey/evidence/kijiji/raw_latest.jsonl#record=25,data/honda_odyssey/evidence/kijiji/normalized_latest.jsonl#source_record_index=25,DISABLED_MANUAL_REVIEW_REQUIRED,location_verification_required,success,warnings_present,unverified_kijiji_location,success,2026-07-22T18:57:59+00:00,2018,source_reported_unverified,Honda,source_reported_or_configured_unverified,Odyssey,source_reported_or_configured_unverified,,unknown,32990,source_reported_unverified,77362,source_reported_unverified,,unknown,Gas,source_reported_or_inferred_unverified,,unknown,,unknown,Private,source_reported_or_inferred_unverified,,quarantined_unverified_search_origin,,quarantined_unverified_search_origin,"Carstairs, AB",,disabled_due_to_unverified_location,disabled_unverified_location,canada,unverified_url_evidence,https://www.kijiji.ca/v-cars-trucks/canada/2018-honda-odyssey-touring/1740071420,source_reported_unverified,3,32990,32990,0,0,No change noted,Unchanged for 3 weeks,
1,honda_odyssey,kijiji,listing_29d09812da2a7dd28e7656c5,observation_cb5a9acf833be70b04cb63e9,1739844484,source_identifier_claim_not_vin,unverified_source_claims,data/honda_odyssey/evidence/kijiji/raw_latest.jsonl#record=6,data/honda_odyssey/evidence/kijiji/normalized_latest.jsonl#source_record_index=6,DISABLED_MANUAL_REVIEW_REQUIRED,location_verification_required,success,warnings_present,unverified_kijiji_location,success,2026-07-22T18:57:59+00:00,2018,source_reported_unverified,Honda,source_reported_or_configured_unverified,Odyssey,source_reported_or_configured_unverified,,unknown,24090,source_reported_unverified,135000,source_reported_unverified,,unknown,Gas,source_reported_or_inferred_unverified,,unknown,,unknown,Private,source_reported_or_inferred_unverified,,quarantined_unverified_search_origin,,quarantined_unverified_search_origin,"Carstairs, AB",,disabled_due_to_unverified_location,disabled_unverified_location,city-of-toronto,unverified_url_evidence,https://www.kijiji.ca/v-cars-trucks/city-of-toronto/2018-honda-odyssey-ex-l-res/1739844484,source_reported_unverified,3,23790,24090,0,300,No change noted,Up $300 over 3 weeks,
1,honda_odyssey,kijiji,listing_2c89f31e22b2c26c67af0af5,observation_838187c112047e146e110686,1740818680,source_identifier_claim_not_vin,unverified_source_claims,data/honda_odyssey/evidence/kijiji/raw_latest.jsonl#record=3,data/honda_odyssey/evidence/kijiji/normalized_latest.jsonl#source_record_index=3,DISABLED_MANUAL_REVIEW_REQUIRED,location_verification_required,success,warnings_present,unverified_kijiji_location,success,2026-07-22T18:57:59+00:00,2018,source_reported_unverified,Honda,source_reported_or_configured_unverified,Odyssey,source_reported_or_configured_unverified,,unknown,21000,source_reported_unverified,187000,source_reported_unverified,,unknown,Gas,source_reported_or_inferred_unverified,,unknown,,unknown,Private,source_reported_or_inferred_unverified,,quarantined_unverified_search_origin,,quarantined_unverified_search_origin,"Carstairs, AB",,disabled_due_to_unverified_location,disabled_unverified_location,hamilton,unverified_url_evidence,https://www.kijiji.ca/v-cars-trucks/hamilton/honda-odyssey/1740818680,source_reported_unverified,1,21000,21000,0,0,No change noted,Unchanged for 1 weeks,
1,honda_odyssey,kijiji,listing_3f941732ade12cbf5fe481ea,observation_ba2f658fe1290726ebf34b38,1736549397,source_identifier_claim_not_vin,unverified_source_claims,data/honda_odyssey/evidence/kijiji/raw_latest.jsonl#record=12,data/honda_odyssey/evidence/kijiji/normalized_latest.jsonl#source_record_index=12,DISABLED_MANUAL_REVIEW_REQUIRED,location_verification_required,success,warnings_present,unverified_kijiji_location,success,2026-07-22T18:57:59+00:00,2018,source_reported_unverified,Honda,source_reported_or_configured_unverified,Odyssey,source_reported_or_configured_unverified,,unknown,25998,source_reported_unverified,164543,source_reported_unverified,,unknown,Gas,source_reported_or_inferred_unverified,,unknown,,unknown,,unknown,,quarantined_unverified_search_origin,,quarantined_unverified_search_origin,"Camrose, AB",,disabled_due_to_unverified_location,disabled_unverified_location,st-albert,unverified_url_evidence,https://www.kijiji.ca/v-cars-trucks/st-albert/2018-honda-odyssey-exl-sunroof-nav-driver-alerts-power-doors/1736549397,source_reported_unverified,7,27798,25998,0,-1800,No change noted,"Down $1,800 over 7 weeks",
1,honda_odyssey,kijiji,listing_418eb324c9ab42f3a84803ba,observation_c8eb26ed7d01221bff7980ab,1738815449,source_identifier_claim_not_vin,unverified_source_claims,data/honda_odyssey/evidence/kijiji/raw_latest.jsonl#record=4,data/honda_odyssey/evidence/kijiji/normalized_latest.jsonl#source_record_index=4,DISABLED_MANUAL_REVIEW_REQUIRED,location_verification_required,success,warnings_present,unverified_kijiji_location,success,2026-07-22T18:57:59+00:00,2018,source_reported_unverified,Honda,source_reported_or_configured_unverified,Odyssey,source_reported_or_configured_unverified,,unknown,22000,source_reported_unverified,147000,source_reported_unverified,,unknown,Gas,source_reported_or_inferred_unverified,,unknown,,unknown,Private,source_reported_or_inferred_unverified,,quarantined_unverified_search_origin,,quarantined_unverified_search_origin,"Carstairs, AB",,disabled_due_to_unverified_location,disabled_unverified_location,cape-breton,unverified_url_evidence,https://www.kijiji.ca/v-cars-trucks/cape-breton/2018-honda-odyssey/1738815449,source_reported_unverified,6,23000,22000,0,-1000,No change noted,"Down $1,000 over 6 weeks",
1,honda_odyssey,kijiji,listing_49fd73c7a16ab633f20b1d4f,observation_42dba1fd00132bd8a44dd9cf,1740070791,source_identifier_claim_not_vin,unverified_source_claims,data/honda_odyssey/evidence/kijiji/raw_latest.jsonl#record=23,data/honda_odyssey/evidence/kijiji/normalized_latest.jsonl#source_record_index=23,DISABLED_MANUAL_REVIEW_REQUIRED,location_verification_required,success,warnings_present,unverified_kijiji_location,success,2026-07-22T18:57:59+00:00,2018,source_reported_unverified,Honda,source_reported_or_configured_unverified,Odyssey,source_reported_or_configured_unverified,,unknown,32990,source_reported_unverified,77362,source_reported_unverified,,unknown,Gas,source_reported_or_inferred_unverified,,unknown,,unknown,Private,source_reported_or_inferred_unverified,,quarantined_unverified_search_origin,,quarantined_unverified_search_origin,"Carstairs, AB",,disabled_due_to_unverified_location,disabled_unverified_location,city-of-toronto,unverified_url_evidence,https://www.kijiji.ca/v-cars-trucks/city-of-toronto/2018-honda-odyssey-touring/1740070791,source_reported_unverified,3,32990,32990,0,0,No change noted,Unchanged for 3 weeks,
1,honda_odyssey,kijiji,listing_5066a2bb0874cc9da8c6a289,observation_ac87562d6af51565827984df,1739889625,source_identifier_claim_not_vin,unverified_source_claims,data/honda_odyssey/evidence/kijiji/raw_latest.jsonl#record=8,data/honda_odyssey/evidence/kijiji/normalized_latest.jsonl#source_record_index=8,DISABLED_MANUAL_REVIEW_REQUIRED,location_verification_required,success,warnings_present,unverified_kijiji_location,success,2026-07-22T18:57:59+00:00,2018,source_reported_unverified,Honda,source_reported_or_configured_unverified,Odyssey,source_reported_or_configured_unverified,,unknown,24090,source_reported_unverified,135000,source_reported_unverified,,unknown,Gas,source_reported_or_inferred_unverified,,unknown,,unknown,Private,source_reported_or_inferred_unverified,,quarantined_unverified_search_origin,,quarantined_unverified_search_origin,"Carstairs, AB",,disabled_due_to_unverified_location,disabled_unverified_location,bedford,unverified_url_evidence,https://www.kijiji.ca/v-cars-trucks/bedford/2018-honda-odyssey-ex-l-res/1739889625,source_reported_unverified,2,24090,24090,0,0,No change noted,Unchanged for 2 weeks,
1,honda_odyssey,kijiji,listing_60913c8ccbae9c1a124bb856,observation_5918e162d28632784a6b8087,1740152118,source_identifier_claim_not_vin,unverified_source_claims,data/honda_odyssey/evidence/kijiji/raw_latest.jsonl#record=21,data/honda_odyssey/evidence/kijiji/normalized_latest.jsonl#source_record_index=21,DISABLED_MANUAL_REVIEW_REQUIRED,location_verification_required,success,warnings_present,unverified_kijiji_location,success,2026-07-22T18:57:59+00:00,2018,source_reported_unverified,Honda,source_reported_or_configured_unverified,Odyssey,source_reported_or_configured_unverified,,unknown,31499,source_reported_unverified,86972,source_reported_unverified,,unknown,Gas,source_reported_or_inferred_unverified,,unknown,,unknown,Dealer,source_reported_or_inferred_unverified,,quarantined_unverified_search_origin,,quarantined_unverified_search_origin,"Carstairs, AB",,disabled_due_to_unverified_location,disabled_unverified_location,grande-prairie,unverified_url_evidence,https://www.kijiji.ca/v-cars-trucks/grande-prairie/2018-honda-odyssey-lx-low-kms-command-start-power-heated/1740152118,source_reported_unverified,3,32899,31499,0,-1400,No change noted,"Down $1,400 over 3 weeks",
1,honda_odyssey,kijiji,listing_640384d4704a90770ee1cb56,observation_65f446ff0fbe5cbbfaa597e7,1740648983,source_identifier_claim_not_vin,unverified_source_claims,data/honda_odyssey/evidence/kijiji/raw_latest.jsonl#record=15,data/honda_odyssey/evidence/kijiji/normalized_latest.jsonl#source_record_index=15,DISABLED_MANUAL_REVIEW_REQUIRED,location_verification_required,success,warnings_present,unverified_kijiji_location,success,2026-07-22T18:57:59+00:00,2018,source_reported_unverified,Honda,source_reported_or_configured_unverified,Odyssey,source_reported_or_configured_unverified,,unknown,29526,source_reported_unverified,154263,source_reported_unverified,,unknown,Gas,source_reported_or_inferred_unverified,,unknown,,unknown,Dealer,source_reported_or_inferred_unverified,,quarantined_unverified_search_origin,,quarantined_unverified_search_origin,"Calgary, AB",,disabled_due_to_unverified_location,disabled_unverified_location,calgary,unverified_url_evidence,https://www.kijiji.ca/v-cars-trucks/calgary/2018-honda-odyssey-touring/1740648983,source_reported_unverified,1,29526,29526,0,0,No change noted,Unchanged for 1 weeks,
1,honda_odyssey,kijiji,listing_68cb9373ac380fe95726a592,observation_f81fc8e7abf3e5f7ef31a684,1740809156,source_identifier_claim_not_vin,unverified_source_claims,data/honda_odyssey/evidence/kijiji/raw_latest.jsonl#record=17,data/honda_odyssey/evidence/kijiji/normalized_latest.jsonl#source_record_index=17,DISABLED_MANUAL_REVIEW_REQUIRED,location_verification_required,success,warnings_present,unverified_kijiji_location,success,2026-07-22T18:57:59+00:00,2018,source_reported_unverified,Honda,source_reported_or_configured_unverified,Odyssey,source_reported_or_configured_unverified,,unknown,30800,source_reported_unverified,112000,source_reported_unverified,,unknown,Gas,source_reported_or_inferred_unverified,,unknown,,unknown,Private,source_reported_or_inferred_unverified,,quarantined_unverified_search_origin,,quarantined_unverified_search_origin,"Carstairs, AB",,disabled_due_to_unverified_location,disabled_unverified_location,mississauga-peel-region,unverified_url_evidence,https://www.kijiji.ca/v-cars-trucks/mississauga-peel-region/2018-honda-odyssey-touring-elite-fully-loaded-112-000-km/1740809156,source_reported_unverified,1,30800,30800,0,0,No change noted,Unchanged for 1 weeks,
1,honda_odyssey,kijiji,listing_6ac86290bfde311c1c429eb4,observation_3e8ca890a5b5a8b5d0bdfa89,1740840776,source_identifier_claim_not_vin,unverified_source_claims,data/honda_odyssey/evidence/kijiji/raw_latest.jsonl#record=0,data/honda_odyssey/evidence/kijiji/normalized_latest.jsonl#source_record_index=0,DISABLED_MANUAL_REVIEW_REQUIRED,location_verification_required,success,warnings_present,unverified_kijiji_location,success,2026-07-22T18:57:59+00:00,2018,source_reported_unverified,Honda,source_reported_or_configured_unverified,Odyssey,source_reported_or_configured_unverified,,unknown,12950,source_reported_unverified,248159,source_reported_unverified,,unknown,Gas,source_reported_or_inferred_unverified,,unknown,,unknown,Private,source_reported_or_inferred_unverified,,quarantined_unverified_search_origin,,quarantined_unverified_search_origin,"Carstairs, AB",,disabled_due_to_unverified_location,disabled_unverified_location,cambridge,unverified_url_evidence,https://www.kijiji.ca/v-cars-trucks/cambridge/2018-honda-odyssey-ex-l-navi-auto-as-is-special-apple-carplay-ho/1740840776,source_reported_unverified,1,12950,12950,0,0,No change noted,Unchanged for 1 weeks,
1,honda_odyssey,kijiji,listing_76898b481037632696871e5c,observation_bbe14d0fa2913ea32358dc3b,1737099412,source_identifier_claim_not_vin,unverified_source_claims,data/honda_odyssey/evidence/kijiji/raw_latest.jsonl#record=19,data/honda_odyssey/evidence/kijiji/normalized_latest.jsonl#source_record_index=19,DISABLED_MANUAL_REVIEW_REQUIRED,location_verification_required,success,warnings_present,unverified_kijiji_location,success,2026-07-22T18:57:59+00:00,2018,source_reported_unverified,Honda,source_reported_or_configured_unverified,Odyssey,source_reported_or_configured_unverified,,unknown,30990,source_reported_unverified,86396,source_reported_unverified,,unknown,Gas,source_reported_or_inferred_unverified,,unknown,,unknown,Private,source_reported_or_inferred_unverified,,quarantined_unverified_search_origin,,quarantined_unverified_search_origin,"Carstairs, AB",,disabled_due_to_unverified_location,disabled_unverified_location,city-of-toronto,unverified_url_evidence,https://www.kijiji.ca/v-cars-trucks/city-of-toronto/2018-honda-odyssey-ex-l-navi/1737099412,source_reported_unverified,6,30790,30990,0,200,No change noted,Up $200 over 6 weeks,
1,honda_odyssey,kijiji,listing_7dc2e4643db8d7144d9a2310,observation_a09679736f8c88141a4f35c2,1740333364,source_identifier_claim_not_vin,unverified_source_claims,data/honda_odyssey/evidence/kijiji/raw_latest.jsonl#record=10,data/honda_odyssey/evidence/kijiji/normalized_latest.jsonl#source_record_index=10,DISABLED_MANUAL_REVIEW_REQUIRED,location_verification_required,success,warnings_present,unverified_kijiji_location,success,2026-07-22T18:57:59+00:00,2018,source_reported_unverified,Honda,source_reported_or_configured_unverified,Odyssey,source_reported_or_configured_unverified,,unknown,25880,source_reported_unverified,149249,source_reported_unverified,,unknown,Gas,source_reported_or_inferred_unverified,,unknown,,unknown,Private,source_reported_or_inferred_unverified,,quarantined_unverified_search_origin,,quarantined_unverified_search_origin,"High River, AB",,disabled_due_to_unverified_location,disabled_unverified_location,kitchener-waterloo,unverified_url_evidence,https://www.kijiji.ca/v-cars-trucks/kitchener-waterloo/2018-honda-odyssey-ex-l-navigation-camera-leather-roof-power-doo/1740333364,source_reported_unverified,2,25880,25880,0,0,No change noted,Unchanged for 2 weeks,
1,honda_odyssey,kijiji,listing_7f42e3a6996318858c6ce909,observation_5b2fa8a6ebd6bc88c1784d2e,1740311216,source_identifier_claim_not_vin,unverified_source_claims,data/honda_odyssey/evidence/kijiji/raw_latest.jsonl#record=5,data/honda_odyssey/evidence/kijiji/normalized_latest.jsonl#source_record_index=5,DISABLED_MANUAL_REVIEW_REQUIRED,location_verification_required,success,warnings_present,unverified_kijiji_location,success,2026-07-22T18:57:59+00:00,2018,source_reported_unverified,Honda,source_reported_or_configured_unverified,Odyssey,source_reported_or_configured_unverified,,unknown,23950,source_reported_unverified,188744,source_reported_unverified,,unknown,Gas,source_reported_or_inferred_unverified,,unknown,,unknown,Private,source_reported_or_inferred_unverified,,quarantined_unverified_search_origin,,quarantined_unverified_search_origin,"Carstairs, AB",,disabled_due_to_unverified_location,disabled_unverified_location,city-of-toronto,unverified_url_evidence,https://www.kijiji.ca/v-cars-trucks/city-of-toronto/2018-honda-odyssey-touring-auto/1740311216,source_reported_unverified,1,23950,23950,0,0,No change noted,Unchanged for 1 weeks,
1,honda_odyssey,kijiji,listing_807d4a2b38cbe188423de204,observation_f8cbf2bc564f924e1b501446,1740947509,source_identifier_claim_not_vin,unverified_source_claims,data/honda_odyssey/evidence/kijiji/raw_latest.jsonl#record=2,data/honda_odyssey/evidence/kijiji/normalized_latest.jsonl#source_record_index=2,DISABLED_MANUAL_REVIEW_REQUIRED,location_verification_required,success,warnings_present,unverified_kijiji_location,success,2026-07-22T18:57:59+00:00,2018,source_reported_unverified,Honda,source_reported_or_configured_unverified,Odyssey,source_reported_or_configured_unverified,,unknown,20599,source_reported_unverified,196145,source_reported_unverified,,unknown,Gas,source_reported_or_inferred_unverified,,unknown,,unknown,,unknown,,quarantined_unverified_search_origin,,quarantined_unverified_search_origin,"Carstairs, AB",,disabled_due_to_unverified_location,disabled_unverified_location,barrie,unverified_url_evidence,https://www.kijiji.ca/v-cars-trucks/barrie/2018-honda-odyssey-touring/1740947509,source_reported_unverified,0,20599,20599,0,0,No change noted,First seen this week,
1,honda_odyssey,kijiji,listing_9f51f94eff9310c93b98a14e,observation_a2b75df1a216437f5aa59faf,1737979746,source_identifier_claim_not_vin,unverified_source_claims,data/honda_odyssey/evidence/kijiji/raw_latest.jsonl#record=14,data/honda_odyssey/evidence/kijiji/normalized_latest.jsonl#source_record_index=14,DISABLED_MANUAL_REVIEW_REQUIRED,location_verification_required,success,warnings_present,unverified_kijiji_location,success,2026-07-22T18:57:59+00:00,2018,source_reported_unverified,Honda,source_reported_or_configured_unverified,Odyssey,source_reported_or_configured_unverified,,unknown,27998,source_reported_unverified,144802,source_reported_unverified,,unknown,Gas,source_reported_or_inferred_unverified,,unknown,,unknown,Private,source_reported_or_inferred_unverified,,quarantined_unverified_search_origin,,quarantined_unverified_search_origin,"Carstairs, AB",,disabled_due_to_unverified_location,disabled_unverified_location,london,unverified_url_evidence,https://www.kijiji.ca/v-cars-trucks/london/2018-honda-odyssey-ex-sunroof-8-passenger-adaptive-cruise/1737979746,source_reported_unverified,6,27998,27898,100,0,No change noted,Unchanged for 6 weeks,
1,honda_odyssey,kijiji,listing_c252849f6841cc83ab72bb46,observation_19906de56a8863cf99fa0a28,1739545558,source_identifier_claim_not_vin,unverified_source_claims,data/honda_odyssey/evidence/kijiji/raw_latest.jsonl#record=22,data/honda_odyssey/evidence/kijiji/normalized_latest.jsonl#source_record_index=22,DISABLED_MANUAL_REVIEW_REQUIRED,location_verification_required,success,warnings_present,unverified_kijiji_location,success,2026-07-22T18:57:59+00:00,2018,source_reported_unverified,Honda,source_reported_or_configured_unverified,Odyssey,source_reported_or_configured_unverified,,unknown,32987,source_reported_unverified,93243,source_reported_unverified,,unknown,Gas,source_reported_or_inferred_unverified,,unknown,,unknown,Private,source_reported_or_inferred_unverified,,quarantined_unverified_search_origin,,quarantined_unverified_search_origin,"Carstairs, AB",,disabled_due_to_unverified_location,disabled_unverified_location,burnaby-new-westminster,unverified_url_evidence,https://www.kijiji.ca/v-cars-trucks/burnaby-new-westminster/2018-honda-odyssey-touring/1739545558,source_reported_unverified,4,32987,32987,0,0,No change noted,Unchanged for 4 weeks,
1,honda_odyssey,kijiji,listing_c47b783503e0d2f2ce6f4c5a,observation_cd901709e123ba2619f09c05,1737132165,source_identifier_claim_not_vin,unverified_source_claims,data/honda_odyssey/evidence/kijiji/raw_latest.jsonl#record=16,data/honda_odyssey/evidence/kijiji/normalized_latest.jsonl#source_record_index=16,DISABLED_MANUAL_REVIEW_REQUIRED,location_verification_required,success,warnings_present,unverified_kijiji_location,success,2026-07-22T18:57:59+00:00,2018,source_reported_unverified,Honda,source_reported_or_configured_unverified,Odyssey,source_reported_or_configured_unverified,,unknown,30000,source_reported_unverified,160000,source_reported_unverified,,unknown,Gas,source_reported_or_inferred_unverified,,unknown,,unknown,Private,source_reported_or_inferred_unverified,,quarantined_unverified_search_origin,,quarantined_unverified_search_origin,"Calgary, AB",,disabled_due_to_unverified_location,disabled_unverified_location,calgary,unverified_url_evidence,https://www.kijiji.ca/v-cars-trucks/calgary/honda-odyssey/1737132165,source_reported_unverified,4,30000,30000,0,0,No change noted,Unchanged for 4 weeks,
1,honda_odyssey,kijiji,listing_ccd2c1a8f652a04e67101346,observation_1c96a3a349cfccadadbc1907,1740070916,source_identifier_claim_not_vin,unverified_source_claims,data/honda_odyssey/evidence/kijiji/raw_latest.jsonl#record=24,data/honda_odyssey/evidence/kijiji/normalized_latest.jsonl#source_record_index=24,DISABLED_MANUAL_REVIEW_REQUIRED,location_verification_required,success,warnings_present,unverified_kijiji_location,success,2026-07-22T18:57:59+00:00,2018,source_reported_unverified,Honda,source_reported_or_configured_unverified,Odyssey,source_reported_or_configured_unverified,,unknown,32990,source_reported_unverified,77362,source_reported_unverified,,unknown,Gas,source_reported_or_inferred_unverified,,unknown,,unknown,Private,source_reported_or_inferred_unverified,,quarantined_unverified_search_origin,,quarantined_unverified_search_origin,"Carstairs, AB",,disabled_due_to_unverified_location,disabled_unverified_location,ottawa,unverified_url_evidence,https://www.kijiji.ca/v-cars-trucks/ottawa/2018-honda-odyssey-touring/1740070916,source_reported_unverified,3,32990,32990,0,0,No change noted,Unchanged for 3 weeks,
1,honda_odyssey,kijiji,listing_d0e3819c0f711d247925a4ad,observation_74d134179c4ea94b745348bd,1740290662,source_identifier_claim_not_vin,unverified_source_claims,data/honda_odyssey/evidence/kijiji/raw_latest.jsonl#record=26,data/honda_odyssey/evidence/kijiji/normalized_latest.jsonl#source_record_index=26,DISABLED_MANUAL_REVIEW_REQUIRED,location_verification_required,success,warnings_present,unverified_kijiji_location,success,2026-07-22T18:57:59+00:00,2018,source_reported_unverified,Honda,source_reported_or_configured_unverified,Odyssey,source_reported_or_configured_unverified,,unknown,34900,source_reported_unverified,53850,source_reported_unverified,,unknown,Gas,source_reported_or_inferred_unverified,,unknown,,unknown,Dealer,source_reported_or_inferred_unverified,,quarantined_unverified_search_origin,,quarantined_unverified_search_origin,"Edmonton, AB",,disabled_due_to_unverified_location,disabled_unverified_location,edmonton,unverified_url_evidence,https://www.kijiji.ca/v-cars-trucks/edmonton/2018-honda-odyssey-touring-auto/1740290662,source_reported_unverified,2,34900,34900,0,0,No change noted,Unchanged for 2 weeks,
1,honda_odyssey,kijiji,listing_de8b68644f806841bea71409,observation_5b0a0fbe57d24dcc140a9ee8,1739958360,source_identifier_claim_not_vin,unverified_source_claims,data/honda_odyssey/evidence/kijiji/raw_latest.jsonl#record=1,data/honda_odyssey/evidence/kijiji/normalized_latest.jsonl#source_record_index=1,DISABLED_MANUAL_REVIEW_REQUIRED,location_verification_required,success,warnings_present,unverified_kijiji_location,success,2026-07-22T18:57:59+00:00,2018,source_reported_unverified,Honda,source_reported_or_configured_unverified,Odyssey,source_reported_or_configured_unverified,,unknown,19999,source_reported_unverified,168000,source_reported_unverified,,unknown,Gas,source_reported_or_inferred_unverified,,unknown,,unknown,Private,source_reported_or_inferred_unverified,,quarantined_unverified_search_origin,,quarantined_unverified_search_origin,"Carstairs, AB",,disabled_due_to_unverified_location,disabled_unverified_location,longueuil-rive-sud,unverified_url_evidence,https://www.kijiji.ca/v-cars-trucks/longueuil-rive-sud/honda-odyssey-2018/1739958360,source_reported_unverified,3,21500,19999,0,-1501,No change noted,"Down $1,501 over 3 weeks",
1,honda_odyssey,kijiji,listing_ed54cd6c77c71f009892ff92,observation_6eef443c63e0254787a7e060,1724385261,source_identifier_claim_not_vin,unverified_source_claims,data/honda_odyssey/evidence/kijiji/raw_latest.jsonl#record=9,data/honda_odyssey/evidence/kijiji/normalized_latest.jsonl#source_record_index=9,DISABLED_MANUAL_REVIEW_REQUIRED,location_verification_required,success,warnings_present,unverified_kijiji_location,success,2026-07-22T18:57:59+00:00,2018,source_reported_unverified,Honda,source_reported_or_configured_unverified,Odyssey,source_reported_or_configured_unverified,,unknown,24900,source_reported_unverified,176191,source_reported_unverified,,unknown,Gas,source_reported_or_inferred_unverified,,unknown,,unknown,Dealer,source_reported_or_inferred_unverified,,quarantined_unverified_search_origin,,quarantined_unverified_search_origin,"Medicine Hat, AB",,disabled_due_to_unverified_location,disabled_unverified_location,lethbridge,unverified_url_evidence,https://www.kijiji.ca/v-cars-trucks/lethbridge/2018-honda-odyssey-ex-l/1724385261,source_reported_unverified,1,24900,24900,0,0,No change noted,Unchanged for 1 weeks,
1,honda_odyssey,kijiji,listing_0416886857aaa27d26773595,observation_bc6b6608c0f1d4076c9b4369,1740453954,source_identifier_claim_not_vin,unverified_source_claims,data/honda_odyssey/evidence/kijiji/raw_latest.jsonl#record=31,data/honda_odyssey/evidence/kijiji/normalized_latest.jsonl#source_record_index=31,DISABLED_MANUAL_REVIEW_REQUIRED,location_verification_required,success,warnings_present,unverified_kijiji_location,success,2026-07-22T18:57:59+00:00,2019,source_reported_unverified,Honda,source_reported_or_configured_unverified,Odyssey,source_reported_or_configured_unverified,,unknown,21988,source_reported_unverified,202483,source_reported_unverified,,unknown,Gas,source_reported_or_inferred_unverified,,unknown,,unknown,Dealer,source_reported_or_inferred_unverified,,quarantined_unverified_search_origin,,quarantined_unverified_search_origin,"Calgary, AB",,disabled_due_to_unverified_location,disabled_unverified_location,calgary,unverified_url_evidence,https://www.kijiji.ca/v-cars-trucks/calgary/2019-honda-odyssey-touring-navigation-leather-seats-sunroof-back/1740453954,source_reported_unverified,2,21988,21988,0,0,No change noted,Unchanged for 2 weeks,
1,honda_odyssey,kijiji,listing_08dd153454b58602d207e05f,observation_743c6175ab8998925fbf14ba,1731284167,source_identifier_claim_not_vin,unverified_source_claims,data/honda_odyssey/evidence/kijiji/raw_latest.jsonl#record=35,data/honda_odyssey/evidence/kijiji/normalized_latest.jsonl#source_record_index=35,DISABLED_MANUAL_REVIEW_REQUIRED,location_verification_required,success,warnings_present,unverified_kijiji_location,success,2026-07-22T18:57:59+00:00,2019,source_reported_unverified,Honda,source_reported_or_configured_unverified,Odyssey,source_reported_or_configured_unverified,,unknown,23995,source_reported_unverified,197674,source_reported_unverified,,unknown,Gas,source_reported_or_inferred_unverified,,unknown,,unknown,Private,source_reported_or_inferred_unverified,,quarantined_unverified_search_origin,,quarantined_unverified_search_origin,"Carstairs, AB",,disabled_due_to_unverified_location,disabled_unverified_location,london,unverified_url_evidence,https://www.kijiji.ca/v-cars-trucks/london/2019-honda-odyssey-ex-l-res/1731284167,source_reported_unverified,6,23995,23995,0,0,No change noted,Unchanged for 6 weeks,
1,honda_odyssey,kijiji,listing_14e7b6ade35b71e5d0c1b62d,observation_30487baa0804eee8187b33fa,1735286047,source_identifier_claim_not_vin,unverified_source_claims,data/honda_odyssey/evidence/kijiji/raw_latest.jsonl#record=34,data/honda_odyssey/evidence/kijiji/normalized_latest.jsonl#source_record_index=34,DISABLED_MANUAL_REVIEW_REQUIRED,location_verification_required,success,warnings_present,unverified_kijiji_location,success,2026-07-22T18:57:59+00:00,2019,source_reported_unverified,Honda,source_reported_or_configured_unverified,Odyssey,source_reported_or_configured_unverified,,unknown,23988,source_reported_unverified,204649,source_reported_unverified,,unknown,Gas,source_reported_or_inferred_unverified,,unknown,,unknown,Dealer,source_reported_or_inferred_unverified,,quarantined_unverified_search_origin,,quarantined_unverified_search_origin,"Calgary, AB",,disabled_due_to_unverified_location,disabled_unverified_location,calgary,unverified_url_evidence,https://www.kijiji.ca/v-cars-trucks/calgary/2019-honda-odyssey-exl-backup-camera-heated-leather-seats-sunroo/1735286047,source_reported_unverified,6,23988,23988,0,0,No change noted,Unchanged for 6 weeks,
1,honda_odyssey,kijiji,listing_15a107fbb7743948df13377a,observation_71df6d65f251100ada40bbfd,1739638044,source_identifier_claim_not_vin,unverified_source_claims,data/honda_odyssey/evidence/kijiji/raw_latest.jsonl#record=37,data/honda_odyssey/evidence/kijiji/normalized_latest.jsonl#source_record_index=37,DISABLED_MANUAL_REVIEW_REQUIRED,location_verification_required,success,warnings_present,unverified_kijiji_location,success,2026-07-22T18:57:59+00:00,2019,source_reported_unverified,Honda,source_reported_or_configured_unverified,Odyssey,source_reported_or_configured_unverified,,unknown,25977,source_reported_unverified,139225,source_reported_unverified,,unknown,Gas,source_reported_or_inferred_unverified,,unknown,,unknown,Dealer,source_reported_or_inferred_unverified,,quarantined_unverified_search_origin,,quarantined_unverified_search_origin,"Calgary, AB",,disabled_due_to_unverified_location,disabled_unverified_location,calgary,unverified_url_evidence,https://www.kijiji.ca/v-cars-trucks/calgary/2019-honda-odyssey-touring-3-5-v6-power-leather-sunroof/1739638044,source_reported_unverified,4,25977,25977,0,0,No change noted,Unchanged for 4 weeks,
1,honda_odyssey,kijiji,listing_2c0c583f7ff1eebfa021a327,observation_214fcbb0f48b9645689547a4,1740743921,source_identifier_claim_not_vin,unverified_source_claims,data/honda_odyssey/evidence/kijiji/raw_latest.jsonl#record=27,data/honda_odyssey/evidence/kijiji/normalized_latest.jsonl#source_record_index=27,DISABLED_MANUAL_REVIEW_REQUIRED,location_verification_required,success,warnings_present,unverified_kijiji_location,success,2026-07-22T18:57:59+00:00,2019,source_reported_unverified,Honda,source_reported_or_configured_unverified,Odyssey,source_reported_or_configured_unverified,,unknown,18900,source_reported_unverified,151000,source_reported_unverified,,unknown,Gas,source_reported_or_inferred_unverified,,unknown,,unknown,Private,source_reported_or_inferred_unverified,,quarantined_unverified_search_origin,,quarantined_unverified_search_origin,"Carstairs, AB",,disabled_due_to_unverified_location,disabled_unverified_location,windsor-area-on,unverified_url_evidence,https://www.kijiji.ca/v-cars-trucks/windsor-area-on/2019-honda-odyssey-ex/1740743921,source_reported_unverified,1,18900,18900,0,0,No change noted,Unchanged for 1 weeks,
1,honda_odyssey,kijiji,listing_3368fde697d80f363d158e60,observation_48ed8e6c2732800f570baa4b,1740346131,source_identifier_claim_not_vin,unverified_source_claims,data/honda_odyssey/evidence/kijiji/raw_latest.jsonl#record=42,data/honda_odyssey/evidence/kijiji/normalized_latest.jsonl#source_record_index=42,DISABLED_MANUAL_REVIEW_REQUIRED,location_verification_required,success,warnings_present,unverified_kijiji_location,success,2026-07-22T18:57:59+00:00,2019,source_reported_unverified,Honda,source_reported_or_configured_unverified,Odyssey,source_reported_or_configured_unverified,,unknown,29790,source_reported_unverified,90000,source_reported_unverified,,unknown,Gas,source_reported_or_inferred_unverified,,unknown,,unknown,Private,source_reported_or_inferred_unverified,,quarantined_unverified_search_origin,,quarantined_unverified_search_origin,"Carstairs, AB",,disabled_due_to_unverified_location,disabled_unverified_location,city-of-toronto,unverified_url_evidence,https://www.kijiji.ca/v-cars-trucks/city-of-toronto/2019-honda-odyssey-ex-res/1740346131,source_reported_unverified,2,29590,29590,200,200,No change noted,Up $200 over 2 weeks,
1,honda_odyssey,kijiji,listing_3fcf424fe440738848418c0b,observation_703fb68e1e087be0af02e0e8,1738200200,source_identifier_claim_not_vin,unverified_source_claims,data/honda_odyssey/evidence/kijiji/raw_latest.jsonl#record=29,data/honda_odyssey/evidence/kijiji/normalized_latest.jsonl#source_record_index=29,DISABLED_MANUAL_REVIEW_REQUIRED,location_verification_required,success,warnings_present,unverified_kijiji_location,success,2026-07-22T18:57:59+00:00,2019,source_reported_unverified,Honda,source_reported_or_configured_unverified,Odyssey,source_reported_or_configured_unverified,,unknown,20900,source_reported_unverified,221350,source_reported_unverified,,unknown,Gas,source_reported_or_inferred_unverified,,unknown,,unknown,Private,source_reported_or_inferred_unverified,,quarantined_unverified_search_origin,,quarantined_unverified_search_origin,"Carstairs, AB",,disabled_due_to_unverified_location,disabled_unverified_location,portage-la-prairie,unverified_url_evidence,https://www.kijiji.ca/v-cars-trucks/portage-la-prairie/2019-honda-odyssey-ex-res-auto/1738200200,source_reported_unverified,6,20900,20900,0,0,No change noted,Unchanged for 6 weeks,
1,honda_odyssey,kijiji,listing_428ebfdb7c6242a13985dc63,observation_61c1c488c0c3d7bb050d746e,1738524611,source_identifier_claim_not_vin,unverified_source_claims,data/honda_odyssey/evidence/kijiji/raw_latest.jsonl#record=28,data/honda_odyssey/evidence/kijiji/normalized_latest.jsonl#source_record_index=28,DISABLED_MANUAL_REVIEW_REQUIRED,location_verification_required,success,warnings_present,unverified_kijiji_location,success,2026-07-22T18:57:59+00:00,2019,source_reported_unverified,Honda,source_reported_or_configured_unverified,Odyssey,source_reported_or_configured_unverified,,unknown,19800,source_reported_unverified,238000,source_reported_unverified,,unknown,Gas,source_reported_or_inferred_unverified,,unknown,,unknown,Private,source_reported_or_inferred_unverified,,quarantined_unverified_search_origin,,quarantined_unverified_search_origin,"Regina, SK",,disabled_due_to_unverified_location,disabled_unverified_location,winnipeg,unverified_url_evidence,https://www.kijiji.ca/v-cars-trucks/winnipeg/2019-honda-odyssey/1738524611,source_reported_unverified,6,19800,19800,0,0,No change noted,Unchanged for 6 weeks,
1,honda_odyssey,kijiji,listing_536cb1b098901344055bc44a,observation_4268d96592b8eca613353a30,1740346508,source_identifier_claim_not_vin,unverified_source_claims,data/honda_odyssey/evidence/kijiji/raw_latest.jsonl#record=43,data/honda_odyssey/evidence/kijiji/normalized_latest.jsonl#source_record_index=43,DISABLED_MANUAL_REVIEW_REQUIRED,location_verification_required,success,warnings_present,unverified_kijiji_location,success,2026-07-22T18:57:59+00:00,2019,source_reported_unverified,Honda,source_reported_or_configured_unverified,Odyssey,source_reported_or_configured_unverified,,unknown,29790,source_reported_unverified,90000,source_reported_unverified,,unknown,Gas,source_reported_or_inferred_unverified,,unknown,,unknown,Private,source_reported_or_inferred_unverified,,quarantined_unverified_search_origin,,quarantined_unverified_search_origin,"Carstairs, AB",,disabled_due_to_unverified_location,disabled_unverified_location,bedford,unverified_url_evidence,https://www.kijiji.ca/v-cars-trucks/bedford/2019-honda-odyssey-ex-res/1740346508,source_reported_unverified,2,29590,29590,200,200,No change noted,Up $200 over 2 weeks,
1,honda_odyssey,kijiji,listing_58d10384e307a821e45ef6b9,observation_5c80ca9f328206ff4ee459de,1727107498,source_identifier_claim_not_vin,unverified_source_claims,data/honda_odyssey/evidence/kijiji/raw_latest.jsonl#record=30,data/honda_odyssey/evidence/kijiji/normalized_latest.jsonl#source_record_index=30,DISABLED_MANUAL_REVIEW_REQUIRED,location_verification_required,success,warnings_present,unverified_kijiji_location,success,2026-07-22T18:57:59+00:00,2019,source_reported_unverified,Honda,source_reported_or_configured_unverified,Odyssey,source_reported_or_configured_unverified,,unknown,20990,source_reported_unverified,170802,source_reported_unverified,,unknown,Gas,source_reported_or_inferred_unverified,No accidents reported,source_text_claim_unverified,,unknown,Private,source_reported_or_inferred_unverified,,quarantined_unverified_search_origin,,quarantined_unverified_search_origin,"Carstairs, AB",,disabled_due_to_unverified_location,disabled_unverified_location,city-of-toronto,unverified_url_evidence,https://www.kijiji.ca/v-cars-trucks/city-of-toronto/2019-honda-odyssey-ex-8-pass-dvd-camera-apple-carplay-no-accid/1727107498,source_reported_unverified,6,22990,20990,0,-2000,No change noted,"Down $2,000 over 6 weeks",
1,honda_odyssey,kijiji,listing_6c59c0196a71543f7524bbb6,observation_a8bcf0d1782894059ebc55c7,1740346100,source_identifier_claim_not_vin,unverified_source_claims,data/honda_odyssey/evidence/kijiji/raw_latest.jsonl#record=41,data/honda_odyssey/evidence/kijiji/normalized_latest.jsonl#source_record_index=41,DISABLED_MANUAL_REVIEW_REQUIRED,location_verification_required,success,warnings_present,unverified_kijiji_location,success,2026-07-22T18:57:59+00:00,2019,source_reported_unverified,Honda,source_reported_or_configured_unverified,Odyssey,source_reported_or_configured_unverified,,unknown,29790,source_reported_unverified,90000,source_reported_unverified,,unknown,Gas,source_reported_or_inferred_unverified,,unknown,,unknown,Private,source_reported_or_inferred_unverified,,quarantined_unverified_search_origin,,quarantined_unverified_search_origin,"Carstairs, AB",,disabled_due_to_unverified_location,disabled_unverified_location,ottawa,unverified_url_evidence,https://www.kijiji.ca/v-cars-trucks/ottawa/2019-honda-odyssey-ex-res/1740346100,source_reported_unverified,2,29590,29590,200,200,No change noted,Up $200 over 2 weeks,
1,honda_odyssey,kijiji,listing_6de86b649f60e3d7644e543a,observation_01080ea524cb825342cb79fa,1739960489,source_identifier_claim_not_vin,unverified_source_claims,data/honda_odyssey/evidence/kijiji/raw_latest.jsonl#record=51,data/honda_odyssey/evidence/kijiji/normalized_latest.jsonl#source_record_index=51,DISABLED_MANUAL_REVIEW_REQUIRED,location_verification_required,success,warnings_present,unverified_kijiji_location,success,2026-07-22T18:57:59+00:00,2019,source_reported_unverified,Honda,source_reported_or_configured_unverified,Odyssey,source_reported_or_configured_unverified,,unknown,35995,source_reported_unverified,73320,source_reported_unverified,,unknown,Gas,source_reported_or_inferred_unverified,,unknown,,unknown,Private,source_reported_or_inferred_unverified,,quarantined_unverified_search_origin,,quarantined_unverified_search_origin,"Carstairs, AB",,disabled_due_to_unverified_location,disabled_unverified_location,regina,unverified_url_evidence,https://www.kijiji.ca/v-cars-trucks/regina/2019-honda-odyssey-ex-fresh-trade/1739960489,source_reported_unverified,3,38995,35995,0,-3000,No change noted,"Down $3,000 over 3 weeks",
1,honda_odyssey,kijiji,listing_6e7cbaea960eb67b1b81019c,observation_5aa38ecd2792046d4a376cd2,1735888274,source_identifier_claim_not_vin,unverified_source_claims,data/honda_odyssey/evidence/kijiji/raw_latest.jsonl#record=40,data/honda_odyssey/evidence/kijiji/normalized_latest.jsonl#source_record_index=40,DISABLED_MANUAL_REVIEW_REQUIRED,location_verification_required,success,warnings_present,unverified_kijiji_location,success,2026-07-22T18:57:59+00:00,2019,source_reported_unverified,Honda,source_reported_or_configured_unverified,Odyssey,source_reported_or_configured_unverified,,unknown,27900,source_reported_unverified,37601,source_reported_unverified,,unknown,Gas,source_reported_or_inferred_unverified,,unknown,,unknown,Private,source_reported_or_inferred_unverified,,quarantined_unverified_search_origin,,quarantined_unverified_search_origin,"Carstairs, AB",,disabled_due_to_unverified_location,disabled_unverified_location,windsor-area-on,unverified_url_evidence,https://www.kijiji.ca/v-cars-trucks/windsor-area-on/2019-honda-odyssey/1735888274,source_reported_unverified,5,27900,27900,0,0,No change noted,Unchanged for 5 weeks,
1,honda_odyssey,kijiji,listing_7366787457f70dd124ed3774,observation_8077b4da9412ac352f3c36bb,1701287475,source_identifier_claim_not_vin,unverified_source_claims,data/honda_odyssey/evidence/kijiji/raw_latest.jsonl#record=32,data/honda_odyssey/evidence/kijiji/normalized_latest.jsonl#source_record_index=32,DISABLED_MANUAL_REVIEW_REQUIRED,location_verification_required,success,warnings_present,unverified_kijiji_location,success,2026-07-22T18:57:59+00:00,2019,source_reported_unverified,Honda,source_reported_or_configured_unverified,Odyssey,source_reported_or_configured_unverified,,unknown,22000,source_reported_unverified,242000,source_reported_unverified,,unknown,Gas,source_reported_or_inferred_unverified,,unknown,,unknown,Dealer,source_reported_or_inferred_unverified,,quarantined_unverified_search_origin,,quarantined_unverified_search_origin,"Carstairs, AB",,disabled_due_to_unverified_location,disabled_unverified_location,city-of-halifax,unverified_url_evidence,https://www.kijiji.ca/v-cars-trucks/city-of-halifax/2019-odyssey-8-passenger-van/1701287475,source_reported_unverified,6,22000,22000,0,0,No change noted,Unchanged for 6 weeks,
1,honda_odyssey,kijiji,listing_7b761b68e4445b605d4d9b05,observation_f378605606faaf8f236e38f3,1739733914,source_identifier_claim_not_vin,unverified_source_claims,data/honda_odyssey/evidence/kijiji/raw_latest.jsonl#record=33,data/honda_odyssey/evidence/kijiji/normalized_latest.jsonl#source_record_index=33,DISABLED_MANUAL_REVIEW_REQUIRED,location_verification_required,success,warnings_present,unverified_kijiji_location,success,2026-07-22T18:57:59+00:00,2019,source_reported_unverified,Honda,source_reported_or_configured_unverified,Odyssey,source_reported_or_configured_unverified,,unknown,22995,source_reported_unverified,212129,source_reported_unverified,,unknown,Gas,source_reported_or_inferred_unverified,,unknown,,unknown,Dealer,source_reported_or_inferred_unverified,,quarantined_unverified_search_origin,,quarantined_unverified_search_origin,"Calgary, AB",,disabled_due_to_unverified_location,disabled_unverified_location,calgary,unverified_url_evidence,https://www.kijiji.ca/v-cars-trucks/calgary/2019-honda-odyssey-:-7-passenger/1739733914,source_reported_unverified,4,22995,22995,0,0,No change noted,Unchanged for 4 weeks,
1,honda_odyssey,kijiji,listing_7c74c11f524054ecdc12b0c9,observation_279929a1e1592359e1fb752e,1739960342,source_identifier_claim_not_vin,unverified_source_claims,data/honda_odyssey/evidence/kijiji/raw_latest.jsonl#record=50,data/honda_odyssey/evidence/kijiji/normalized_latest.jsonl#source_record_index=50,DISABLED_MANUAL_REVIEW_REQUIRED,location_verification_required,success,warnings_present,unverified_kijiji_location,success,2026-07-22T18:57:59+00:00,2019,source_reported_unverified,Honda,source_reported_or_configured_unverified,Odyssey,source_reported_or_configured_unverified,,unknown,34950,source_reported_unverified,103877,source_reported_unverified,,unknown,Gas,source_reported_or_inferred_unverified,,unknown,,unknown,Dealer,source_reported_or_inferred_unverified,,quarantined_unverified_search_origin,,quarantined_unverified_search_origin,"Calgary, AB",,disabled_due_to_unverified_location,disabled_unverified_location,calgary,unverified_url_evidence,https://www.kijiji.ca/v-cars-trucks/calgary/2019-honda-odyssey-touring-power-slidding-doors-heated-seats-s/1739960342,source_reported_unverified,3,32688,34950,0,2262,No change noted,"Up $2,262 over 3 weeks",
1,honda_odyssey,kijiji,listing_891aada66735173ebbbc3f65,observation_bc516a5e4a03550e8cfe3c25,1739637117,source_identifier_claim_not_vin,unverified_source_claims,data/honda_odyssey/evidence/kijiji/raw_latest.jsonl#record=39,data/honda_odyssey/evidence/kijiji/normalized_latest.jsonl#source_record_index=39,DISABLED_MANUAL_REVIEW_REQUIRED,location_verification_required,success,warnings_present,unverified_kijiji_location,success,2026-07-22T18:57:59+00:00,2019,source_reported_unverified,Honda,source_reported_or_configured_unverified,Odyssey,source_reported_or_configured_unverified,,unknown,26999,source_reported_unverified,130000,source_reported_unverified,,unknown,Gas,source_reported_or_inferred_unverified,No accidents reported,source_text_claim_unverified,,unknown,Private,source_reported_or_inferred_unverified,,quarantined_unverified_search_origin,,quarantined_unverified_search_origin,"Carstairs, AB",,disabled_due_to_unverified_location,disabled_unverified_location,barrie,unverified_url_evidence,https://www.kijiji.ca/v-cars-trucks/barrie/2019-honda-odyssey-ex-8-seater-sunroof-camera-noaccidents/1739637117,source_reported_unverified,3,26999,26999,0,0,No change noted,Unchanged for 3 weeks,
1,honda_odyssey,kijiji,listing_9049f5e4753fb11368d2a3c8,observation_569894e8d9b583f317bce2b9,1740595339,source_identifier_claim_not_vin,unverified_source_claims,data/honda_odyssey/evidence/kijiji/raw_latest.jsonl#record=47,data/honda_odyssey/evidence/kijiji/normalized_latest.jsonl#source_record_index=47,DISABLED_MANUAL_REVIEW_REQUIRED,location_verification_required,success,warnings_present,unverified_kijiji_location,success,2026-07-22T18:57:59+00:00,2019,source_reported_unverified,Honda,source_reported_or_configured_unverified,Odyssey,source_reported_or_configured_unverified,,unknown,32000,source_reported_unverified,144600,source_reported_unverified,,unknown,Gas,source_reported_or_inferred_unverified,,unknown,,unknown,Dealer,source_reported_or_inferred_unverified,,quarantined_unverified_search_origin,,quarantined_unverified_search_origin,"Calgary, AB",,disabled_due_to_unverified_location,disabled_unverified_location,calgary,unverified_url_evidence,https://www.kijiji.ca/v-cars-trucks/calgary/2019-honda-odyssey-touring/1740595339,source_reported_unverified,1,32000,32000,0,0,No change noted,Unchanged for 1 weeks,
1,honda_odyssey,kijiji,listing_9212fb5a6b31a041e9de148f,observation_703179c1b0b48476a33f0943,1740656174,source_identifier_claim_not_vin,unverified_source_claims,data/honda_odyssey/evidence/kijiji/raw_latest.jsonl#record=36,data/honda_odyssey/evidence/kijiji/normalized_latest.jsonl#source_record_index=36,DISABLED_MANUAL_REVIEW_REQUIRED,location_verification_required,success,warnings_present,unverified_kijiji_location,success,2026-07-22T18:57:59+00:00,2019,source_reported_unverified,Honda,source_reported_or_configured_unverified,Odyssey,source_reported_or_configured_unverified,,unknown,25000,source_reported_unverified,190000,source_reported_unverified,,unknown,Gas,source_reported_or_inferred_unverified,,unknown,,unknown,Private,source_reported_or_inferred_unverified,,quarantined_unverified_search_origin,,quarantined_unverified_search_origin,"Regina, SK",,disabled_due_to_unverified_location,disabled_unverified_location,winnipeg,unverified_url_evidence,https://www.kijiji.ca/v-cars-trucks/winnipeg/2019-honda-odyssey-ex/1740656174,source_reported_unverified,1,25000,25000,0,0,No change noted,Unchanged for 1 weeks,
1,honda_odyssey,kijiji,listing_93d9225912f76dd89b2ab621,observation_d6220d39a0e78c940ea7e5cf,1739983189,source_identifier_claim_not_vin,unverified_source_claims,data/honda_odyssey/evidence/kijiji/raw_latest.jsonl#record=38,data/honda_odyssey/evidence/kijiji/normalized_latest.jsonl#source_record_index=38,DISABLED_MANUAL_REVIEW_REQUIRED,location_verification_required,success,warnings_present,unverified_kijiji_location,success,2026-07-22T18:57:59+00:00,2019,source_reported_unverified,Honda,source_reported_or_configured_unverified,Odyssey,source_reported_or_configured_unverified,,unknown,26975,source_reported_unverified,139500,source_reported_unverified,,unknown,Gas,source_reported_or_inferred_unverified,,unknown,,unknown,Private,source_reported_or_inferred_unverified,,quarantined_unverified_search_origin,,quarantined_unverified_search_origin,"Carstairs, AB",,disabled_due_to_unverified_location,disabled_unverified_location,ville-de-quebec,unverified_url_evidence,https://www.kijiji.ca/v-cars-trucks/ville-de-quebec/2019-honda-odyssey-ex-l-res-nouveau-prix/1739983189,source_reported_unverified,2,26975,26975,0,0,No change noted,Unchanged for 2 weeks,
1,honda_odyssey,kijiji,listing_9d600ab1f754f53087231582,observation_a40bed59e5c365beca545900,1736122413,source_identifier_claim_not_vin,unverified_source_claims,data/honda_odyssey/evidence/kijiji/raw_latest.jsonl#record=46,data/honda_odyssey/evidence/kijiji/normalized_latest.jsonl#source_record_index=46,DISABLED_MANUAL_REVIEW_REQUIRED,location_verification_required,success,warnings_present,unverified_kijiji_location,success,2026-07-22T18:57:59+00:00,2019,source_reported_unverified,Honda,source_reported_or_configured_unverified,Odyssey,source_reported_or_configured_unverified,,unknown,31995,source_reported_unverified,135221,source_reported_unverified,,unknown,Gas,source_reported_or_inferred_unverified,,unknown,,unknown,Dealer,source_reported_or_inferred_unverified,,quarantined_unverified_search_origin,,quarantined_unverified_search_origin,"Calgary, AB",,disabled_due_to_unverified_location,disabled_unverified_location,calgary,unverified_url_evidence,https://www.kijiji.ca/v-cars-trucks/calgary/2019-honda-odyssey-ex-l-navi-remote-start/1736122413,source_reported_unverified,6,32995,31995,0,-1000,No change noted,"Down $1,000 over 6 weeks",
1,honda_odyssey,kijiji,listing_9eef39d646d4494b22313c97,observation_256b100d72671ce5daf074b2,1735714287,source_identifier_claim_not_vin,unverified_source_claims,data/honda_odyssey/evidence/kijiji/raw_latest.jsonl#record=52,data/honda_odyssey/evidence/kijiji/normalized_latest.jsonl#source_record_index=52,DISABLED_MANUAL_REVIEW_REQUIRED,location_verification_required,success,warnings_present,unverified_kijiji_location,success,2026-07-22T18:57:59+00:00,2019,source_reported_unverified,Honda,source_reported_or_configured_unverified,Odyssey,source_reported_or_configured_unverified,,unknown,39999,source_reported_unverified,59000,source_reported_unverified,,unknown,Gas,source_reported_or_inferred_unverified,,unknown,,unknown,Private,source_reported_or_inferred_unverified,,quarantined_unverified_search_origin,,quarantined_unverified_search_origin,"Regina, SK",,disabled_due_to_unverified_location,disabled_unverified_location,winnipeg,unverified_url_evidence,https://www.kijiji.ca/v-cars-trucks/winnipeg/2019-honda-odyssey-ex-l-8-passenger-van-59000-kms/1735714287,source_reported_unverified,6,39999,39999,0,0,No change noted,Unchanged for 6 weeks,
1,honda_odyssey,kijiji,listing_a415cadf444705016e1fc30e,observation_e9dd59a5abb768d4801f0fd4,1738346435,source_identifier_claim_not_vin,unverified_source_claims,data/honda_odyssey/evidence/kijiji/raw_latest.jsonl#record=48,data/honda_odyssey/evidence/kijiji/normalized_latest.jsonl#source_record_index=48,DISABLED_MANUAL_REVIEW_REQUIRED,location_verification_required,success,warnings_present,unverified_kijiji_location,success,2026-07-22T18:57:59+00:00,2019,source_reported_unverified,Honda,source_reported_or_configured_unverified,Odyssey,source_reported_or_configured_unverified,,unknown,32990,source_reported_unverified,137942,source_reported_unverified,,unknown,Gas,source_reported_or_inferred_unverified,,unknown,,unknown,Dealer,source_reported_or_inferred_unverified,,quarantined_unverified_search_origin,,quarantined_unverified_search_origin,"Carstairs, AB",,disabled_due_to_unverified_location,disabled_unverified_location,regina,unverified_url_evidence,https://www.kijiji.ca/v-cars-trucks/regina/2019-honda-odyssey-ex-l-dvd-pkg/1738346435,source_reported_unverified,6,32990,32990,0,0,No change noted,Unchanged for 6 weeks,
1,honda_odyssey,kijiji,listing_d1cf390f376f04b39cb343df,observation_505da3c36f365e383b155f78,1738546044,source_identifier_claim_not_vin,unverified_source_claims,data/honda_odyssey/evidence/kijiji/raw_latest.jsonl#record=45,data/honda_odyssey/evidence/kijiji/normalized_latest.jsonl#source_record_index=45,DISABLED_MANUAL_REVIEW_REQUIRED,location_verification_required,success,warnings_present,unverified_kijiji_location,success,2026-07-22T18:57:59+00:00,2019,source_reported_unverified,Honda,source_reported_or_configured_unverified,Odyssey,source_reported_or_configured_unverified,,unknown,31899,source_reported_unverified,143000,source_reported_unverified,,unknown,Gas,source_reported_or_inferred_unverified,,unknown,,unknown,Private,source_reported_or_inferred_unverified,,quarantined_unverified_search_origin,,quarantined_unverified_search_origin,"Calgary, AB",,disabled_due_to_unverified_location,disabled_unverified_location,calgary,unverified_url_evidence,https://www.kijiji.ca/v-cars-trucks/calgary/2019-honda-odyssey-exl/1738546044,source_reported_unverified,6,31899,31899,0,0,No change noted,Unchanged for 6 weeks,
1,honda_odyssey,kijiji,listing_df305bbfc0d81d64a679eb8c,observation_109e760b47aa4524c86829cf,1740646415,source_identifier_claim_not_vin,unverified_source_claims,data/honda_odyssey/evidence/kijiji/raw_latest.jsonl#record=44,data/honda_odyssey/evidence/kijiji/normalized_latest.jsonl#source_record_index=44,DISABLED_MANUAL_REVIEW_REQUIRED,location_verification_required,success,warnings_present,unverified_kijiji_location,success,2026-07-22T18:57:59+00:00,2019,source_reported_unverified,Honda,source_reported_or_configured_unverified,Odyssey,source_reported_or_configured_unverified,,unknown,30499,source_reported_unverified,103482,source_reported_unverified,,unknown,Gas,source_reported_or_inferred_unverified,,unknown,,unknown,Private,source_reported_or_inferred_unverified,,quarantined_unverified_search_origin,,quarantined_unverified_search_origin,"Carstairs, AB",,disabled_due_to_unverified_location,disabled_unverified_location,city-of-toronto,unverified_url_evidence,https://www.kijiji.ca/v-cars-trucks/city-of-toronto/2019-honda-odyssey-ex-l-ex-l-dvd-leather-pwr-group/1740646415,source_reported_unverified,1,30499,30499,0,0,No change noted,Unchanged for 1 weeks,
1,honda_odyssey,kijiji,listing_f8c1be0e2464562968e0a394,observation_6451898d46790c1cb18ac56a,1740747327,source_identifier_claim_not_vin,unverified_source_claims,data/honda_odyssey/evidence/kijiji/raw_latest.jsonl#record=49,data/honda_odyssey/evidence/kijiji/normalized_latest.jsonl#source_record_index=49,DISABLED_MANUAL_REVIEW_REQUIRED,location_verification_required,success,warnings_present,unverified_kijiji_location,success,2026-07-22T18:57:59+00:00,2019,source_reported_unverified,Honda,source_reported_or_configured_unverified,Odyssey,source_reported_or_configured_unverified,,unknown,33995,source_reported_unverified,98681,source_reported_unverified,,unknown,Gas,source_reported_or_inferred_unverified,,unknown,,unknown,Private,source_reported_or_inferred_unverified,,quarantined_unverified_search_origin,,quarantined_unverified_search_origin,"Red Deer, AB",,disabled_due_to_unverified_location,disabled_unverified_location,penticton,unverified_url_evidence,https://www.kijiji.ca/v-cars-trucks/penticton/2019-honda-odyssey/1740747327,source_reported_unverified,1,33995,33995,0,0,No change noted,Unchanged for 1 weeks,
1,honda_odyssey,kijiji,listing_12e74b8cdd4314de82afcec4,observation_d0d15356ab5a0b520a8ba14e,1731883366,source_identifier_claim_not_vin,unverified_source_claims,data/honda_odyssey/evidence/kijiji/raw_latest.jsonl#record=59,data/honda_odyssey/evidence/kijiji/normalized_latest.jsonl#source_record_index=59,DISABLED_MANUAL_REVIEW_REQUIRED,location_verification_required,success,warnings_present,unverified_kijiji_location,success,2026-07-22T18:57:59+00:00,2020,source_reported_unverified,Honda,source_reported_or_configured_unverified,Odyssey,source_reported_or_configured_unverified,,unknown,33988,source_reported_unverified,125251,source_reported_unverified,,unknown,Gas,source_reported_or_inferred_unverified,,unknown,,unknown,Dealer,source_reported_or_inferred_unverified,,quarantined_unverified_search_origin,,quarantined_unverified_search_origin,"Calgary, AB",,disabled_due_to_unverified_location,disabled_unverified_location,calgary,unverified_url_evidence,https://www.kijiji.ca/v-cars-trucks/calgary/2020-honda-odyssey-exl-navigation-backup-camera-lane-assist/1731883366,source_reported_unverified,6,33988,33988,0,0,No change noted,Unchanged for 6 weeks,
1,honda_odyssey,kijiji,listing_32e9c043e310ce703ea24355,observation_b7ef8b83f5bc2a593f2dd8ae,1740647785,source_identifier_claim_not_vin,unverified_source_claims,data/honda_odyssey/evidence/kijiji/raw_latest.jsonl#record=56,data/honda_odyssey/evidence/kijiji/normalized_latest.jsonl#source_record_index=56,DISABLED_MANUAL_REVIEW_REQUIRED,location_verification_required,success,warnings_present,unverified_kijiji_location,success,2026-07-22T18:57:59+00:00,2020,source_reported_unverified,Honda,source_reported_or_configured_unverified,Odyssey,source_reported_or_configured_unverified,,unknown,29880,source_reported_unverified,149114,source_reported_unverified,,unknown,Gas,source_reported_or_inferred_unverified,,unknown,,unknown,Private,source_reported_or_inferred_unverified,,quarantined_unverified_search_origin,,quarantined_unverified_search_origin,"High River, AB",,disabled_due_to_unverified_location,disabled_unverified_location,kitchener-waterloo,unverified_url_evidence,https://www.kijiji.ca/v-cars-trucks/kitchener-waterloo/2020-honda-odyssey-ex-l-navigation-camera-leather-roof-power-doo/1740647785,source_reported_unverified,1,29880,29880,0,0,No change noted,Unchanged for 1 weeks,
1,honda_odyssey,kijiji,listing_7dfc15120cbc46824c5511d3,observation_9d5cfedd59d99a796ad023bd,1736872467,source_identifier_claim_not_vin,unverified_source_claims,data/honda_odyssey/evidence/kijiji/raw_latest.jsonl#record=58,data/honda_odyssey/evidence/kijiji/normalized_latest.jsonl#source_record_index=58,DISABLED_MANUAL_REVIEW_REQUIRED,location_verification_required,success,warnings_present,unverified_kijiji_location,success,2026-07-22T18:57:59+00:00,2020,source_reported_unverified,Honda,source_reported_or_configured_unverified,Odyssey,source_reported_or_configured_unverified,,unknown,30997,source_reported_unverified,165073,source_reported_unverified,,unknown,Gas,source_reported_or_inferred_unverified,,unknown,,unknown,Dealer,source_reported_or_inferred_unverified,,quarantined_unverified_search_origin,,quarantined_unverified_search_origin,"Edmonton, AB",,disabled_due_to_unverified_location,disabled_unverified_location,edmonton,unverified_url_evidence,https://www.kijiji.ca/v-cars-trucks/edmonton/2020-honda-odyssey-ex-l-res/1736872467,source_reported_unverified,6,32997,30997,0,-2000,No change noted,"Down $2,000 over 6 weeks",
1,honda_odyssey,kijiji,listing_87095c5410c6c5aae1a82799,observation_e63989bcc9bab48e52d8e145,1740155737,source_identifier_claim_not_vin,unverified_source_claims,data/honda_odyssey/evidence/kijiji/raw_latest.jsonl#record=55,data/honda_odyssey/evidence/kijiji/normalized_latest.jsonl#source_record_index=55,DISABLED_MANUAL_REVIEW_REQUIRED,location_verification_required,success,warnings_present,unverified_kijiji_location,success,2026-07-22T18:57:59+00:00,2020,source_reported_unverified,Honda,source_reported_or_configured_unverified,Odyssey,source_reported_or_configured_unverified,,unknown,27605,source_reported_unverified,200527,source_reported_unverified,,unknown,Gas,source_reported_or_inferred_unverified,,unknown,,unknown,Dealer,source_reported_or_inferred_unverified,,quarantined_unverified_search_origin,,quarantined_unverified_search_origin,"Calgary, AB",,disabled_due_to_unverified_location,disabled_unverified_location,calgary,unverified_url_evidence,https://www.kijiji.ca/v-cars-trucks/calgary/2020-honda-odyssey-touring/1740155737,source_reported_unverified,3,29605,27605,0,-2000,No change noted,"Down $2,000 over 3 weeks",
1,honda_odyssey,kijiji,listing_88a05bc1a8fa1c1f29cf0b1f,observation_fef969b034021bb0ae0667b0,1740712937,source_identifier_claim_not_vin,unverified_source_claims,data/honda_odyssey/evidence/kijiji/raw_latest.jsonl#record=60,data/honda_odyssey/evidence/kijiji/normalized_latest.jsonl#source_record_index=60,DISABLED_MANUAL_REVIEW_REQUIRED,location_verification_required,success,warnings_present,unverified_kijiji_location,success,2026-07-22T18:57:59+00:00,2020,source_reported_unverified,Honda,source_reported_or_configured_unverified,Odyssey,source_reported_or_configured_unverified,,unknown,34042,source_reported_unverified,107000,source_reported_unverified,,unknown,Gas,source_reported_or_inferred_unverified,,unknown,,unknown,Dealer,source_reported_or_inferred_unverified,,quarantined_unverified_search_origin,,quarantined_unverified_search_origin,"Medicine Hat, AB",,disabled_due_to_unverified_location,disabled_unverified_location,lethbridge,unverified_url_evidence,https://www.kijiji.ca/v-cars-trucks/lethbridge/2020-honda-odyssey-ex-8-passenger-family-van/1740712937,source_reported_unverified,1,34042,34042,0,0,No change noted,Unchanged for 1 weeks,
1,honda_odyssey,kijiji,listing_97598c7fa867d7148b7071fc,observation_fae50537d5086a2c7cbe81dc,1740933320,source_identifier_claim_not_vin,unverified_source_claims,data/honda_odyssey/evidence/kijiji/raw_latest.jsonl#record=61,data/honda_odyssey/evidence/kijiji/normalized_latest.jsonl#source_record_index=61,DISABLED_MANUAL_REVIEW_REQUIRED,location_verification_required,success,warnings_present,unverified_kijiji_location,success,2026-07-22T18:57:59+00:00,2020,source_reported_unverified,Honda,source_reported_or_configured_unverified,Odyssey,source_reported_or_configured_unverified,,unknown,34498,source_reported_unverified,113000,source_reported_unverified,,unknown,Gas,source_reported_or_inferred_unverified,No accidents reported,source_text_claim_unverified,,unknown,Private,source_reported_or_inferred_unverified,,quarantined_unverified_search_origin,,quarantined_unverified_search_origin,"Carstairs, AB",,disabled_due_to_unverified_location,disabled_unverified_location,barrie,unverified_url_evidence,https://www.kijiji.ca/v-cars-trucks/barrie/2020-honda-odyssey-touring-bsm-navi-sunroof-entertainmentsys-c/1740933320,source_reported_unverified,0,34498,34498,0,0,No change noted,First seen this week,
1,honda_odyssey,kijiji,listing_a6c93d55ceae9a479433734c,observation_86c08401cf695f759e05458b,1740669607,source_identifier_claim_not_vin,unverified_source_claims,data/honda_odyssey/evidence/kijiji/raw_latest.jsonl#record=54,data/honda_odyssey/evidence/kijiji/normalized_latest.jsonl#source_record_index=54,DISABLED_MANUAL_REVIEW_REQUIRED,location_verification_required,success,warnings_present,unverified_kijiji_location,success,2026-07-22T18:57:59+00:00,2020,source_reported_unverified,Honda,source_reported_or_configured_unverified,Odyssey,source_reported_or_configured_unverified,,unknown,26900,source_reported_unverified,134900,source_reported_unverified,,unknown,Gas,source_reported_or_inferred_unverified,,unknown,,unknown,Private,source_reported_or_inferred_unverified,,quarantined_unverified_search_origin,,quarantined_unverified_search_origin,"Carstairs, AB",,disabled_due_to_unverified_location,disabled_unverified_location,barrie,unverified_url_evidence,https://www.kijiji.ca/v-cars-trucks/barrie/2020-honda-odyssey/1740669607,source_reported_unverified,1,26900,26900,0,0,No change noted,Unchanged for 1 weeks,
1,honda_odyssey,kijiji,listing_ba9adaa5a1716ac95c1fa29d,observation_6262111b018c122e3eeb71b0,1739403186,source_identifier_claim_not_vin,unverified_source_claims,data/honda_odyssey/evidence/kijiji/raw_latest.jsonl#record=57,data/honda_odyssey/evidence/kijiji/normalized_latest.jsonl#source_record_index=57,DISABLED_MANUAL_REVIEW_REQUIRED,location_verification_required,success,warnings_present,unverified_kijiji_location,success,2026-07-22T18:57:59+00:00,2020,source_reported_unverified,Honda,source_reported_or_configured_unverified,Odyssey,source_reported_or_configured_unverified,,unknown,29995,source_reported_unverified,207942,source_reported_unverified,,unknown,Gas,source_reported_or_inferred_unverified,,unknown,,unknown,Dealer,source_reported_or_inferred_unverified,,quarantined_unverified_search_origin,,quarantined_unverified_search_origin,"Edmonton, AB",,disabled_due_to_unverified_location,disabled_unverified_location,edmonton,unverified_url_evidence,https://www.kijiji.ca/v-cars-trucks/edmonton/honda-odyssey-ex-res-2020/1739403186,source_reported_unverified,5,29995,29995,0,0,No change noted,Unchanged for 5 weeks,
1,honda_odyssey,kijiji,listing_c3f868f4b32ebeb302cd91ea,observation_232a313f5d72676bc6f9f6e2,1740235416,source_identifier_claim_not_vin,unverified_source_claims,data/honda_odyssey/evidence/kijiji/raw_latest.jsonl#record=53,data/honda_odyssey/evidence/kijiji/normalized_latest.jsonl#source_record_index=53,DISABLED_MANUAL_REVIEW_REQUIRED,location_verification_required,success,warnings_present,unverified_kijiji_location,success,2026-07-22T18:57:59+00:00,2020,source_reported_unverified,Honda,source_reported_or_configured_unverified,Odyssey,source_reported_or_configured_unverified,,unknown,23900,source_reported_unverified,226030,source_reported_unverified,,unknown,Gas,source_reported_or_inferred_unverified,,unknown,,unknown,Private,source_reported_or_inferred_unverified,,quarantined_unverified_search_origin,,quarantined_unverified_search_origin,"Carstairs, AB",,disabled_due_to_unverified_location,disabled_unverified_location,mississauga-peel-region,unverified_url_evidence,https://www.kijiji.ca/v-cars-trucks/mississauga-peel-region/2020-toyota-sienna-se-8-passenger-leather-camera/1740235416,source_reported_unverified,1,23900,23900,0,0,No change noted,Unchanged for 1 weeks,
1,honda_odyssey,kijiji,listing_d57308fc96123b995e816de7,observation_77f664b066c0a3d5bfb6528c,1732738205,source_identifier_claim_not_vin,unverified_source_claims,data/honda_odyssey/evidence/kijiji/raw_latest.jsonl#record=62,data/honda_odyssey/evidence/kijiji/normalized_latest.jsonl#source_record_index=62,DISABLED_MANUAL_REVIEW_REQUIRED,location_verification_required,success,warnings_present,unverified_kijiji_location,success,2026-07-22T18:57:59+00:00,2020,source_reported_unverified,Honda,source_reported_or_configured_unverified,Odyssey,source_reported_or_configured_unverified,,unknown,34980,source_reported_unverified,124841,source_reported_unverified,,unknown,Gas,source_reported_or_inferred_unverified,,unknown,,unknown,Private,source_reported_or_inferred_unverified,,quarantined_unverified_search_origin,,quarantined_unverified_search_origin,"Regina, SK",,disabled_due_to_unverified_location,disabled_unverified_location,winnipeg,unverified_url_evidence,https://www.kijiji.ca/v-cars-trucks/winnipeg/2020-honda-odyssey-ex-l-dvd-player-htd-sts-wheel-and-wipers/1732738205,source_reported_unverified,6,34980,34980,0,0,No change noted,Unchanged for 6 weeks,
1,honda_odyssey,kijiji,listing_731d2b195149958a244b1531,observation_3ec34c3db62a2550f11cbe7f,1738462577,source_identifier_claim_not_vin,unverified_source_claims,data/honda_odyssey/evidence/kijiji/raw_latest.jsonl#record=63,data/honda_odyssey/evidence/kijiji/normalized_latest.jsonl#source_record_index=63,DISABLED_MANUAL_REVIEW_REQUIRED,location_verification_required,success,warnings_present,unverified_kijiji_location,success,2026-07-22T18:57:59+00:00,2021,source_reported_unverified,Honda,source_reported_or_configured_unverified,Odyssey,source_reported_or_configured_unverified,,unknown,27471,source_reported_unverified,75036,source_reported_unverified,,unknown,Gas,source_reported_or_inferred_unverified,,unknown,,unknown,Private,source_reported_or_inferred_unverified,,quarantined_unverified_search_origin,,quarantined_unverified_search_origin,"Carstairs, AB",,disabled_due_to_unverified_location,disabled_unverified_location,city-of-toronto,unverified_url_evidence,https://www.kijiji.ca/v-cars-trucks/city-of-toronto/2021-honda-odyssey-ex-res/1738462577,source_reported_unverified,6,28971,27471,0,-1500,No change noted,"Down $1,500 over 6 weeks",
1,honda_odyssey,kijiji,listing_03b127cf1ae450f987067cf0,observation_2ab5c653bffb955cc9642b2b,1737974893,source_identifier_claim_not_vin,unverified_source_claims,data/honda_odyssey/evidence/kijiji/raw_latest.jsonl#record=89,data/honda_odyssey/evidence/kijiji/normalized_latest.jsonl#source_record_index=89,DISABLED_MANUAL_REVIEW_REQUIRED,location_verification_required,success,warnings_present,unverified_kijiji_location,success,2026-07-22T18:57:59+00:00,2022,source_reported_unverified,Honda,source_reported_or_configured_unverified,Odyssey,source_reported_or_configured_unverified,,unknown,46480,source_reported_unverified,80900,source_reported_unverified,,unknown,Gas,source_reported_or_inferred_unverified,No accidents reported,source_text_claim_unverified,,unknown,Private,source_reported_or_inferred_unverified,,quarantined_unverified_search_origin,,quarantined_unverified_search_origin,"Regina, SK",,disabled_due_to_unverified_location,disabled_unverified_location,winnipeg,unverified_url_evidence,https://www.kijiji.ca/v-cars-trucks/winnipeg/2022-honda-odyssey-touring-no-accidents/1737974893,source_reported_unverified,6,46480,46480,0,0,No change noted,Unchanged for 6 weeks,
1,honda_odyssey,kijiji,listing_08241d8174602b37c147e11e,observation_a26f6dc91e035f747a5b63ef,1740878290,source_identifier_claim_not_vin,unverified_source_claims,data/honda_odyssey/evidence/kijiji/raw_latest.jsonl#record=87,data/honda_odyssey/evidence/kijiji/normalized_latest.jsonl#source_record_index=87,DISABLED_MANUAL_REVIEW_REQUIRED,location_verification_required,success,warnings_present,unverified_kijiji_location,success,2026-07-22T18:57:59+00:00,2022,source_reported_unverified,Honda,source_reported_or_configured_unverified,Odyssey,source_reported_or_configured_unverified,,unknown,44995,source_reported_unverified,50070,source_reported_unverified,,unknown,Gas,source_reported_or_inferred_unverified,,unknown,,unknown,Private,source_reported_or_inferred_unverified,,quarantined_unverified_search_origin,,quarantined_unverified_search_origin,"Carstairs, AB",,disabled_due_to_unverified_location,disabled_unverified_location,oakville-halton-region,unverified_url_evidence,https://www.kijiji.ca/v-cars-trucks/oakville-halton-region/2022-honda-odyssey/1740878290,source_reported_unverified,1,44995,44995,0,0,No change noted,Unchanged for 1 weeks,
1,honda_odyssey,kijiji,listing_1655b2ac2bd62904859d5e65,observation_2a20f69aa7da61fa5e81813d,1739451592,source_identifier_claim_not_vin,unverified_source_claims,data/honda_odyssey/evidence/kijiji/raw_latest.jsonl#record=81,data/honda_odyssey/evidence/kijiji/normalized_latest.jsonl#source_record_index=81,DISABLED_MANUAL_REVIEW_REQUIRED,location_verification_required,success,warnings_present,unverified_kijiji_location,success,2026-07-22T18:57:59+00:00,2022,source_reported_unverified,Honda,source_reported_or_configured_unverified,Odyssey,source_reported_or_configured_unverified,,unknown,41600,source_reported_unverified,129826,source_reported_unverified,,unknown,Gas,source_reported_or_inferred_unverified,,unknown,,unknown,Private,source_reported_or_inferred_unverified,,quarantined_unverified_search_origin,,quarantined_unverified_search_origin,"Regina, SK",,disabled_due_to_unverified_location,disabled_unverified_location,winnipeg,unverified_url_evidence,https://www.kijiji.ca/v-cars-trucks/winnipeg/2022-honda-odyssey-touring-8-passenger-leather-sunroof-nav/1739451592,source_reported_unverified,5,42000,41600,0,-400,No change noted,Down $400 over 5 weeks,
1,honda_odyssey,kijiji,listing_17e02cec6605bfc92250e846,observation_31bf6b7191a168eae9fa7c5a,1740375819,source_identifier_claim_not_vin,unverified_source_claims,data/honda_odyssey/evidence/kijiji/raw_latest.jsonl#record=85,data/honda_odyssey/evidence/kijiji/normalized_latest.jsonl#source_record_index=85,DISABLED_MANUAL_REVIEW_REQUIRED,location_verification_required,success,warnings_present,unverified_kijiji_location,success,2026-07-22T18:57:59+00:00,2022,source_reported_unverified,Honda,source_reported_or_configured_unverified,Odyssey,source_reported_or_configured_unverified,,unknown,42900,source_reported_unverified,109682,source_reported_unverified,,unknown,Gas,source_reported_or_inferred_unverified,No accidents reported,source_text_claim_unverified,,unknown,Dealer,source_reported_or_inferred_unverified,,quarantined_unverified_search_origin,,quarantined_unverified_search_origin,"Calgary, AB",,disabled_due_to_unverified_location,disabled_unverified_location,calgary,unverified_url_evidence,https://www.kijiji.ca/v-cars-trucks/calgary/2022-honda-odyssey-touring-1-owner-no-accidents/1740375819,source_reported_unverified,2,42900,42900,0,0,No change noted,Unchanged for 2 weeks,
1,honda_odyssey,kijiji,listing_275c2dd2fd2c7cb946febf05,observation_3e53ea2665491d38a94e886d,1739792797,source_identifier_claim_not_vin,unverified_source_claims,data/honda_odyssey/evidence/kijiji/raw_latest.jsonl#record=70,data/honda_odyssey/evidence/kijiji/normalized_latest.jsonl#source_record_index=70,DISABLED_MANUAL_REVIEW_REQUIRED,location_verification_required,success,warnings_present,unverified_kijiji_location,success,2026-07-22T18:57:59+00:00,2022,source_reported_unverified,Honda,source_reported_or_configured_unverified,Odyssey,source_reported_or_configured_unverified,,unknown,33990,source_reported_unverified,150625,source_reported_unverified,,unknown,Gas,source_reported_or_inferred_unverified,,unknown,,unknown,Private,source_reported_or_inferred_unverified,,quarantined_unverified_search_origin,,quarantined_unverified_search_origin,"Carstairs, AB",,disabled_due_to_unverified_location,disabled_unverified_location,bedford,unverified_url_evidence,https://www.kijiji.ca/v-cars-trucks/bedford/2022-honda-odyssey-ex-l-navi/1739792797,source_reported_unverified,1,33990,33990,0,0,No change noted,Unchanged for 1 weeks,
1,honda_odyssey,kijiji,listing_30c0989822ba6c9ad98ef654,observation_ec3ca8da745ae41e08d3ef0a,1735299110,source_identifier_claim_not_vin,unverified_source_claims,data/honda_odyssey/evidence/kijiji/raw_latest.jsonl#record=86,data/honda_odyssey/evidence/kijiji/normalized_latest.jsonl#source_record_index=86,DISABLED_MANUAL_REVIEW_REQUIRED,location_verification_required,success,warnings_present,unverified_kijiji_location,success,2026-07-22T18:57:59+00:00,2022,source_reported_unverified,Honda,source_reported_or_configured_unverified,Odyssey,source_reported_or_configured_unverified,,unknown,43740,source_reported_unverified,62501,source_reported_unverified,,unknown,Gas,source_reported_or_inferred_unverified,,unknown,,unknown,Dealer,source_reported_or_inferred_unverified,,quarantined_unverified_search_origin,,quarantined_unverified_search_origin,"Calgary, AB",,disabled_due_to_unverified_location,disabled_unverified_location,calgary,unverified_url_evidence,https://www.kijiji.ca/v-cars-trucks/calgary/2022-honda-odyssey-touring-heated-seats-navi-blind-spot-low-km/1735299110,source_reported_unverified,6,45924,43740,0,-2184,No change noted,"Down $2,184 over 6 weeks",
1,honda_odyssey,kijiji,listing_3b521d7b90ade1ab5fcbcdd1,observation_14ecec8f79c35fa43c296c96,1740649229,source_identifier_claim_not_vin,unverified_source_claims,data/honda_odyssey/evidence/kijiji/raw_latest.jsonl#record=76,data/honda_odyssey/evidence/kijiji/normalized_latest.jsonl#source_record_index=76,DISABLED_MANUAL_REVIEW_REQUIRED,location_verification_required,success,warnings_present,unverified_kijiji_location,success,2026-07-22T18:57:59+00:00,2022,source_reported_unverified,Honda,source_reported_or_configured_unverified,Odyssey,source_reported_or_configured_unverified,,unknown,38740,source_reported_unverified,102840,source_reported_unverified,,unknown,Gas,source_reported_or_inferred_unverified,,unknown,,unknown,Dealer,source_reported_or_inferred_unverified,,quarantined_unverified_search_origin,,quarantined_unverified_search_origin,"Calgary, AB",,disabled_due_to_unverified_location,disabled_unverified_location,calgary,unverified_url_evidence,https://www.kijiji.ca/v-cars-trucks/calgary/2022-honda-odyssey-ex-l-navi-auto/1740649229,source_reported_unverified,1,38740,38740,0,0,No change noted,Unchanged for 1 weeks,
1,honda_odyssey,kijiji,listing_3e96c29f050689f9bd08fa15,observation_e988d1cacea8d226c253503a,1740883757,source_identifier_claim_not_vin,unverified_source_claims,data/honda_odyssey/evidence/kijiji/raw_latest.jsonl#record=71,data/honda_odyssey/evidence/kijiji/normalized_latest.jsonl#source_record_index=71,DISABLED_MANUAL_REVIEW_REQUIRED,location_verification_required,success,warnings_present,unverified_kijiji_location,success,2026-07-22T18:57:59+00:00,2022,source_reported_unverified,Honda,source_reported_or_configured_unverified,Odyssey,source_reported_or_configured_unverified,,unknown,35999,source_reported_unverified,86393,source_reported_unverified,,unknown,Gas,source_reported_or_inferred_unverified,,unknown,,unknown,Private,source_reported_or_inferred_unverified,,quarantined_unverified_search_origin,,quarantined_unverified_search_origin,"Carstairs, AB",,disabled_due_to_unverified_location,disabled_unverified_location,hamilton,unverified_url_evidence,https://www.kijiji.ca/v-cars-trucks/hamilton/2022-honda-odyssey-ex-l/1740883757,source_reported_unverified,1,35999,35999,0,0,No change noted,Unchanged for 1 weeks,
1,honda_odyssey,kijiji,listing_4071d77cb5fd7995efef7f92,observation_a202101e2a8ef86c6d3809c7,1738264623,source_identifier_claim_not_vin,unverified_source_claims,data/honda_odyssey/evidence/kijiji/raw_latest.jsonl#record=74,data/honda_odyssey/evidence/kijiji/normalized_latest.jsonl#source_record_index=74,DISABLED_MANUAL_REVIEW_REQUIRED,location_verification_required,success,warnings_present,unverified_kijiji_location,success,2026-07-22T18:57:59+00:00,2022,source_reported_unverified,Honda,source_reported_or_configured_unverified,Odyssey,source_reported_or_configured_unverified,,unknown,38490,source_reported_unverified,93176,source_reported_unverified,,unknown,Gas,source_reported_or_inferred_unverified,,unknown,,unknown,Private,source_reported_or_inferred_unverified,,quarantined_unverified_search_origin,,quarantined_unverified_search_origin,"Carstairs, AB",,disabled_due_to_unverified_location,disabled_unverified_location,ottawa,unverified_url_evidence,https://www.kijiji.ca/v-cars-trucks/ottawa/2022-honda-odyssey-ex-l-navi/1738264623,source_reported_unverified,4,38490,38490,0,0,No change noted,Unchanged for 4 weeks,
1,honda_odyssey,kijiji,listing_518cb39ca76fb13c76fcb352,observation_a8907e07ef7249d80d995e31,1740803910,source_identifier_claim_not_vin,unverified_source_claims,data/honda_odyssey/evidence/kijiji/raw_latest.jsonl#record=91,data/honda_odyssey/evidence/kijiji/normalized_latest.jsonl#source_record_index=91,DISABLED_MANUAL_REVIEW_REQUIRED,location_verification_required,success,warnings_present,unverified_kijiji_location,success,2026-07-22T18:57:59+00:00,2022,source_reported_unverified,Honda,source_reported_or_configured_unverified,Odyssey,source_reported_or_configured_unverified,,unknown,48988,source_reported_unverified,38725,source_reported_unverified,,unknown,Gas,source_reported_or_inferred_unverified,,unknown,,unknown,,unknown,,quarantined_unverified_search_origin,,quarantined_unverified_search_origin,"Calgary, AB",,disabled_due_to_unverified_location,disabled_unverified_location,calgary,unverified_url_evidence,https://www.kijiji.ca/v-cars-trucks/calgary/2022-honda-odyssey-ex-l-navi/1740803910,source_reported_unverified,1,48988,48988,0,0,No change noted,Unchanged for 1 weeks,
1,honda_odyssey,kijiji,listing_61879156fa6a229d2f19d691,observation_6ce53e97e98913c553a740a9,1738321767,source_identifier_claim_not_vin,unverified_source_claims,data/honda_odyssey/evidence/kijiji/raw_latest.jsonl#record=65,data/honda_odyssey/evidence/kijiji/normalized_latest.jsonl#source_record_index=65,DISABLED_MANUAL_REVIEW_REQUIRED,location_verification_required,success,warnings_present,unverified_kijiji_location,success,2026-07-22T18:57:59+00:00,2022,source_reported_unverified,Honda,source_reported_or_configured_unverified,Odyssey,source_reported_or_configured_unverified,,unknown,13000,source_reported_unverified,75300,source_reported_unverified,,unknown,Gas,source_reported_or_inferred_unverified,,unknown,,unknown,Private,source_reported_or_inferred_unverified,,quarantined_unverified_search_origin,,quarantined_unverified_search_origin,"Carstairs, AB",,disabled_due_to_unverified_location,disabled_unverified_location,ville-de-quebec,unverified_url_evidence,https://www.kijiji.ca/v-cars-trucks/ville-de-quebec/honda-odyssey-ex-l-2022-transfert-de-bail-a-0-d-interet-13000/1738321767,source_reported_unverified,5,13000,13000,0,0,No change noted,Unchanged for 5 weeks,
1,honda_odyssey,kijiji,listing_6425f7fee649e4870626649f,observation_6af6f7697ad0e60b5090fad3,1738315538,source_identifier_claim_not_vin,unverified_source_claims,data/honda_odyssey/evidence/kijiji/raw_latest.jsonl#record=75,data/honda_odyssey/evidence/kijiji/normalized_latest.jsonl#source_record_index=75,DISABLED_MANUAL_REVIEW_REQUIRED,location_verification_required,success,warnings_present,unverified_kijiji_location,success,2026-07-22T18:57:59+00:00,2022,source_reported_unverified,Honda,source_reported_or_configured_unverified,Odyssey,source_reported_or_configured_unverified,,unknown,38490,source_reported_unverified,93176,source_reported_unverified,,unknown,Gas,source_reported_or_inferred_unverified,,unknown,,unknown,Private,source_reported_or_inferred_unverified,,quarantined_unverified_search_origin,,quarantined_unverified_search_origin,"Carstairs, AB",,disabled_due_to_unverified_location,disabled_unverified_location,bedford,unverified_url_evidence,https://www.kijiji.ca/v-cars-trucks/bedford/2022-honda-odyssey-ex-l-navi/1738315538,source_reported_unverified,4,38490,38490,0,0,No change noted,Unchanged for 4 weeks,
1,honda_odyssey,kijiji,listing_661c622186caf13a3706a00e,observation_fa13ab0180324386c3469365,1740422769,source_identifier_claim_not_vin,unverified_source_claims,data/honda_odyssey/evidence/kijiji/raw_latest.jsonl#record=67,data/honda_odyssey/evidence/kijiji/normalized_latest.jsonl#source_record_index=67,DISABLED_MANUAL_REVIEW_REQUIRED,location_verification_required,success,warnings_present,unverified_kijiji_location,success,2026-07-22T18:57:59+00:00,2022,source_reported_unverified,Honda,source_reported_or_configured_unverified,Odyssey,source_reported_or_configured_unverified,,unknown,31880,source_reported_unverified,159664,source_reported_unverified,,unknown,Gas,source_reported_or_inferred_unverified,,unknown,,unknown,Private,source_reported_or_inferred_unverified,,quarantined_unverified_search_origin,,quarantined_unverified_search_origin,"High River, AB",,disabled_due_to_unverified_location,disabled_unverified_location,kitchener-waterloo,unverified_url_evidence,https://www.kijiji.ca/v-cars-trucks/kitchener-waterloo/2022-honda-odyssey-ex-l-w-res-leather-roof-powerdoors-dvd/1740422769,source_reported_unverified,2,31880,31880,0,0,No change noted,Unchanged for 2 weeks,
1,honda_odyssey,kijiji,listing_66e6053b5023de4e8fbc68e3,observation_6ee77d2073b358fd4000ff58,1740083268,source_identifier_claim_not_vin,unverified_source_claims,data/honda_odyssey/evidence/kijiji/raw_latest.jsonl#record=66,data/honda_odyssey/evidence/kijiji/normalized_latest.jsonl#source_record_index=66,DISABLED_MANUAL_REVIEW_REQUIRED,location_verification_required,success,warnings_present,unverified_kijiji_location,success,2026-07-22T18:57:59+00:00,2022,source_reported_unverified,Honda,source_reported_or_configured_unverified,Odyssey,source_reported_or_configured_unverified,,unknown,22500,source_reported_unverified,140126,source_reported_unverified,,unknown,Gas,source_reported_or_inferred_unverified,,unknown,,unknown,Private,source_reported_or_inferred_unverified,,quarantined_unverified_search_origin,,quarantined_unverified_search_origin,"Carstairs, AB",,disabled_due_to_unverified_location,disabled_unverified_location,hamilton,unverified_url_evidence,https://www.kijiji.ca/v-cars-trucks/hamilton/2022-honda-odyssey-exl-just-in-for-sale-at-pic-n-save/1740083268,source_reported_unverified,2,22500,22500,0,0,No change noted,Unchanged for 2 weeks,
1,honda_odyssey,kijiji,listing_6cdd45d263ad6ea6e4344093,observation_17ecfe0cd0a14001ed242a98,1737873729,source_identifier_claim_not_vin,unverified_source_claims,data/honda_odyssey/evidence/kijiji/raw_latest.jsonl#record=72,data/honda_odyssey/evidence/kijiji/normalized_latest.jsonl#source_record_index=72,DISABLED_MANUAL_REVIEW_REQUIRED,location_verification_required,success,warnings_present,unverified_kijiji_location,success,2026-07-22T18:57:59+00:00,2022,source_reported_unverified,Honda,source_reported_or_configured_unverified,Odyssey,source_reported_or_configured_unverified,,unknown,37995,source_reported_unverified,119998,source_reported_unverified,,unknown,Gas,source_reported_or_inferred_unverified,,unknown,,unknown,Dealer,source_reported_or_inferred_unverified,,quarantined_unverified_search_origin,,quarantined_unverified_search_origin,"Calgary, AB",,disabled_due_to_unverified_location,disabled_unverified_location,calgary,unverified_url_evidence,https://www.kijiji.ca/v-cars-trucks/calgary/2022-honda-odyssey-touring-navi-dvd-pkg-b-cam-sunroof-8-pass-fin/1737873729,source_reported_unverified,6,37995,37995,0,0,No change noted,Unchanged for 6 weeks,
1,honda_odyssey,kijiji,listing_6e4812274e62d88dd671ca39,observation_9c4d18046891676dda002e14,1738264474,source_identifier_claim_not_vin,unverified_source_claims,data/honda_odyssey/evidence/kijiji/raw_latest.jsonl#record=73,data/honda_odyssey/evidence/kijiji/normalized_latest.jsonl#source_record_index=73,DISABLED_MANUAL_REVIEW_REQUIRED,location_verification_required,success,warnings_present,unverified_kijiji_location,success,2026-07-22T18:57:59+00:00,2022,source_reported_unverified,Honda,source_reported_or_configured_unverified,Odyssey,source_reported_or_configured_unverified,,unknown,38490,source_reported_unverified,93176,source_reported_unverified,,unknown,Gas,source_reported_or_inferred_unverified,,unknown,,unknown,Private,source_reported_or_inferred_unverified,,quarantined_unverified_search_origin,,quarantined_unverified_search_origin,"Carstairs, AB",,disabled_due_to_unverified_location,disabled_unverified_location,city-of-toronto,unverified_url_evidence,https://www.kijiji.ca/v-cars-trucks/city-of-toronto/2022-honda-odyssey-ex-l-navi/1738264474,source_reported_unverified,4,38490,38490,0,0,No change noted,Unchanged for 4 weeks,
1,honda_odyssey,kijiji,listing_6f56093f62eb90e10f845b08,observation_3ce2656bcfb887eebe0dfb08,1738726502,source_identifier_claim_not_vin,unverified_source_claims,data/honda_odyssey/evidence/kijiji/raw_latest.jsonl#record=64,data/honda_odyssey/evidence/kijiji/normalized_latest.jsonl#source_record_index=64,DISABLED_MANUAL_REVIEW_REQUIRED,location_verification_required,success,warnings_present,unverified_kijiji_location;suspiciously_low_mileage,success,2026-07-22T18:57:59+00:00,2022,source_reported_unverified,Honda,source_reported_or_configured_unverified,Odyssey,source_reported_or_configured_unverified,,unknown,2500,source_reported_unverified,1,source_reported_unverified,,unknown,Gas,source_reported_or_inferred_unverified,,unknown,,unknown,Dealer,source_reported_or_inferred_unverified,,quarantined_unverified_search_origin,,quarantined_unverified_search_origin,"Carstairs, AB",,disabled_due_to_unverified_location,disabled_unverified_location,city-of-toronto,unverified_url_evidence,https://www.kijiji.ca/v-cars-trucks/city-of-toronto/oem-honda-odyssey-18-rims-michelin-winter-tires-set-of-4/1738726502,source_reported_unverified,6,2500,2500,0,0,No change noted,Unchanged for 6 weeks,
1,honda_odyssey,kijiji,listing_6fd690e2689214a221cf344f,observation_69f2677805821fca6e467774,1740470118,source_identifier_claim_not_vin,unverified_source_claims,data/honda_odyssey/evidence/kijiji/raw_latest.jsonl#record=84,data/honda_odyssey/evidence/kijiji/normalized_latest.jsonl#source_record_index=84,DISABLED_MANUAL_REVIEW_REQUIRED,location_verification_required,success,warnings_present,unverified_kijiji_location,success,2026-07-22T18:57:59+00:00,2022,source_reported_unverified,Honda,source_reported_or_configured_unverified,Odyssey,source_reported_or_configured_unverified,,unknown,41999,source_reported_unverified,79662,source_reported_unverified,,unknown,Gas,source_reported_or_inferred_unverified,,unknown,,unknown,Dealer,source_reported_or_inferred_unverified,,quarantined_unverified_search_origin,,quarantined_unverified_search_origin,"Carstairs, AB",,disabled_due_to_unverified_location,disabled_unverified_location,markham-york-region,unverified_url_evidence,https://www.kijiji.ca/v-cars-trucks/markham-york-region/2022-honda-odyssey-touring/1740470118,source_reported_unverified,1,42999,42999,-1000,-1000,No change noted,"Down $1,000 over 1 weeks",
1,honda_odyssey,kijiji,listing_77b5dc09cd63ee73a9535878,observation_925fb373fe55f5f52d260430,1740915854,source_identifier_claim_not_vin,unverified_source_claims,data/honda_odyssey/evidence/kijiji/raw_latest.jsonl#record=77,data/honda_odyssey/evidence/kijiji/normalized_latest.jsonl#source_record_index=77,DISABLED_MANUAL_REVIEW_REQUIRED,location_verification_required,success,warnings_present,unverified_kijiji_location,success,2026-07-22T18:57:59+00:00,2022,source_reported_unverified,Honda,source_reported_or_configured_unverified,Odyssey,source_reported_or_configured_unverified,,unknown,38800,source_reported_unverified,145000,source_reported_unverified,,unknown,Gas,source_reported_or_inferred_unverified,,unknown,,unknown,Private,source_reported_or_inferred_unverified,,quarantined_unverified_search_origin,,quarantined_unverified_search_origin,"Regina, SK",,disabled_due_to_unverified_location,disabled_unverified_location,winnipeg,unverified_url_evidence,https://www.kijiji.ca/v-cars-trucks/winnipeg/2022-honda-odyssey-touring-sun-roof-htd-cooled-seats/1740915854,source_reported_unverified,1,38800,38800,0,0,No change noted,Unchanged for 1 weeks,
1,honda_odyssey,kijiji,listing_8099cf06e037329a1ff4d922,observation_591aade6743f276b56c4363b,1736767905,source_identifier_claim_not_vin,unverified_source_claims,data/honda_odyssey/evidence/kijiji/raw_latest.jsonl#record=90,data/honda_odyssey/evidence/kijiji/normalized_latest.jsonl#source_record_index=90,DISABLED_MANUAL_REVIEW_REQUIRED,location_verification_required,success,warnings_present,unverified_kijiji_location,success,2026-07-22T18:57:59+00:00,2022,source_reported_unverified,Honda,source_reported_or_configured_unverified,Odyssey,source_reported_or_configured_unverified,,unknown,46625,source_reported_unverified,73261,source_reported_unverified,,unknown,Gas,source_reported_or_inferred_unverified,Accident reported,source_text_claim_unverified,,unknown,,unknown,,quarantined_unverified_search_origin,,quarantined_unverified_search_origin,"Regina, SK",,disabled_due_to_unverified_location,disabled_unverified_location,winnipeg,unverified_url_evidence,https://www.kijiji.ca/v-cars-trucks/winnipeg/2022-honda-odyssey-touring-non-collision-carfax-leather/1736767905,source_reported_unverified,6,47898,46625,0,-1273,No change noted,"Down $1,273 over 6 weeks",
1,honda_odyssey,kijiji,listing_83777767d4692eb5b4d29b24,observation_5e3f96b8c701ea9ff4f1f377,1740547340,source_identifier_claim_not_vin,unverified_source_claims,data/honda_odyssey/evidence/kijiji/raw_latest.jsonl#record=78,data/honda_odyssey/evidence/kijiji/normalized_latest.jsonl#source_record_index=78,DISABLED_MANUAL_REVIEW_REQUIRED,location_verification_required,success,warnings_present,unverified_kijiji_location,success,2026-07-22T18:57:59+00:00,2022,source_reported_unverified,Honda,source_reported_or_configured_unverified,Odyssey,source_reported_or_configured_unverified,,unknown,38888,source_reported_unverified,83031,source_reported_unverified,,unknown,Gas,source_reported_or_inferred_unverified,,unknown,,unknown,Dealer,source_reported_or_inferred_unverified,,quarantined_unverified_search_origin,,quarantined_unverified_search_origin,"Carstairs, AB",,disabled_due_to_unverified_location,disabled_unverified_location,red-deer,unverified_url_evidence,https://www.kijiji.ca/v-cars-trucks/red-deer/2022-honda-odyssey-ex-res/1740547340,source_reported_unverified,1,38888,38888,0,0,No change noted,Unchanged for 1 weeks,
1,honda_odyssey,kijiji,listing_8cb47316243bc2a1d14d2d68,observation_60c71527fb607aa8f831607f,1728645378,source_identifier_claim_not_vin,unverified_source_claims,data/honda_odyssey/evidence/kijiji/raw_latest.jsonl#record=69,data/honda_odyssey/evidence/kijiji/normalized_latest.jsonl#source_record_index=69,DISABLED_MANUAL_REVIEW_REQUIRED,location_verification_required,success,warnings_present,unverified_kijiji_location,success,2026-07-22T18:57:59+00:00,2022,source_reported_unverified,Honda,source_reported_or_configured_unverified,Odyssey,source_reported_or_configured_unverified,,unknown,32998,source_reported_unverified,121531,source_reported_unverified,,unknown,Gas,source_reported_or_inferred_unverified,,unknown,,unknown,Dealer,source_reported_or_inferred_unverified,,quarantined_unverified_search_origin,,quarantined_unverified_search_origin,"Calgary, AB",,disabled_due_to_unverified_location,disabled_unverified_location,calgary,unverified_url_evidence,https://www.kijiji.ca/v-cars-trucks/calgary/2022-honda-odyssey-ex-l-navi-auto/1728645378,source_reported_unverified,6,35998,32998,0,-3000,No change noted,"Down $3,000 over 6 weeks",
1,honda_odyssey,kijiji,listing_ab498a656d1977fcc0905249,observation_bdd3c4f28c19cd8c91404af0,1738252049,source_identifier_claim_not_vin,unverified_source_claims,data/honda_odyssey/evidence/kijiji/raw_latest.jsonl#record=79,data/honda_odyssey/evidence/kijiji/normalized_latest.jsonl#source_record_index=79,DISABLED_MANUAL_REVIEW_REQUIRED,location_verification_required,success,warnings_present,unverified_kijiji_location,success,2026-07-22T18:57:59+00:00,2022,source_reported_unverified,Honda,source_reported_or_configured_unverified,Odyssey,source_reported_or_configured_unverified,,unknown,39988,source_reported_unverified,66744,source_reported_unverified,,unknown,Gas,source_reported_or_inferred_unverified,,unknown,,unknown,Dealer,source_reported_or_inferred_unverified,,quarantined_unverified_search_origin,,quarantined_unverified_search_origin,"Edmonton, AB",,disabled_due_to_unverified_location,disabled_unverified_location,edmonton,unverified_url_evidence,https://www.kijiji.ca/v-cars-trucks/edmonton/2022-honda-odyssey-ex-res/1738252049,source_reported_unverified,6,41988,39988,0,-2000,No change noted,"Down $2,000 over 6 weeks",
1,honda_odyssey,kijiji,listing_c5cd8290180efd589f231865,observation_697f7b94e0e7d92227872369,1740563473,source_identifier_claim_not_vin,unverified_source_claims,data/honda_odyssey/evidence/kijiji/raw_latest.jsonl#record=68,data/honda_odyssey/evidence/kijiji/normalized_latest.jsonl#source_record_index=68,DISABLED_MANUAL_REVIEW_REQUIRED,location_verification_required,success,warnings_present,unverified_kijiji_location,success,2026-07-22T18:57:59+00:00,2022,source_reported_unverified,Honda,source_reported_or_configured_unverified,Odyssey,source_reported_or_configured_unverified,,unknown,32995,source_reported_unverified,133559,source_reported_unverified,,unknown,Gas,source_reported_or_inferred_unverified,No accidents reported,source_text_claim_unverified,,unknown,Private,source_reported_or_inferred_unverified,,quarantined_unverified_search_origin,,quarantined_unverified_search_origin,"Carstairs, AB",,disabled_due_to_unverified_location,disabled_unverified_location,hamilton,unverified_url_evidence,https://www.kijiji.ca/v-cars-trucks/hamilton/2022-honda-odyssey-ex-l-navi-auto-no-accidents-sunroof/1740563473,source_reported_unverified,1,32995,32995,0,0,No change noted,Unchanged for 1 weeks,
1,honda_odyssey,kijiji,listing_c6f7820e4d411c1c4c51e58b,observation_ff5d0bdd04a09797fe35f5d9,1738660293,source_identifier_claim_not_vin,unverified_source_claims,data/honda_odyssey/evidence/kijiji/raw_latest.jsonl#record=82,data/honda_odyssey/evidence/kijiji/normalized_latest.jsonl#source_record_index=82,DISABLED_MANUAL_REVIEW_REQUIRED,location_verification_required,success,warnings_present,unverified_kijiji_location,success,2026-07-22T18:57:59+00:00,2022,source_reported_unverified,Honda,source_reported_or_configured_unverified,Odyssey,source_reported_or_configured_unverified,,unknown,41900,source_reported_unverified,68770,source_reported_unverified,,unknown,Gas,source_reported_or_inferred_unverified,,unknown,,unknown,Dealer,source_reported_or_inferred_unverified,,quarantined_unverified_search_origin,,quarantined_unverified_search_origin,"Edmonton, AB",,disabled_due_to_unverified_location,disabled_unverified_location,edmonton,unverified_url_evidence,https://www.kijiji.ca/v-cars-trucks/edmonton/2022-honda-odyssey-ex-l-res-heated-steering-heated-seats/1738660293,source_reported_unverified,6,41900,41900,0,0,No change noted,Unchanged for 6 weeks,
1,honda_odyssey,kijiji,listing_cd8a5560cacd098741a34286,observation_00fa50f110f9e5b85ec93667,1737502934,source_identifier_claim_not_vin,unverified_source_claims,data/honda_odyssey/evidence/kijiji/raw_latest.jsonl#record=80,data/honda_odyssey/evidence/kijiji/normalized_latest.jsonl#source_record_index=80,DISABLED_MANUAL_REVIEW_REQUIRED,location_verification_required,success,warnings_present,unverified_kijiji_location,success,2026-07-22T18:57:59+00:00,2022,source_reported_unverified,Honda,source_reported_or_configured_unverified,Odyssey,source_reported_or_configured_unverified,,unknown,40000,source_reported_unverified,109504,source_reported_unverified,,unknown,Gas,source_reported_or_inferred_unverified,,unknown,,unknown,Private,source_reported_or_inferred_unverified,,quarantined_unverified_search_origin,,quarantined_unverified_search_origin,"Regina, SK",,disabled_due_to_unverified_location,disabled_unverified_location,winnipeg,unverified_url_evidence,https://www.kijiji.ca/v-cars-trucks/winnipeg/2022-honda-odyssey-ex-l-leather-seats-moonroof-8-seater/1737502934,source_reported_unverified,6,39987,40000,0,13,No change noted,Up $13 over 6 weeks,
1,honda_odyssey,kijiji,listing_eed1a4fb262bc81be11c97a0,observation_323f7bdd291056521ade42c6,1740414289,source_identifier_claim_not_vin,unverified_source_claims,data/honda_odyssey/evidence/kijiji/raw_latest.jsonl#record=88,data/honda_odyssey/evidence/kijiji/normalized_latest.jsonl#source_record_index=88,DISABLED_MANUAL_REVIEW_REQUIRED,location_verification_required,success,warnings_present,unverified_kijiji_location,success,2026-07-22T18:57:59+00:00,2022,source_reported_unverified,Honda,source_reported_or_configured_unverified,Odyssey,source_reported_or_configured_unverified,,unknown,45500,source_reported_unverified,58172,source_reported_unverified,,unknown,Gas,source_reported_or_inferred_unverified,,unknown,,unknown,Private,source_reported_or_inferred_unverified,,quarantined_unverified_search_origin,,quarantined_unverified_search_origin,"Carstairs, AB",,disabled_due_to_unverified_location,disabled_unverified_location,regina,unverified_url_evidence,https://www.kijiji.ca/v-cars-trucks/regina/2022-honda-odyssey-ex-l-navi-fresh-trade/1740414289,source_reported_unverified,2,45999,45500,0,-499,No change noted,Down $499 over 2 weeks,
1,honda_odyssey,kijiji,listing_fe044bd24264ad90e3ca3d5d,observation_197161e46cd2c275399bb265,1739307184,source_identifier_claim_not_vin,unverified_source_claims,data/honda_odyssey/evidence/kijiji/raw_latest.jsonl#record=83,data/honda_odyssey/evidence/kijiji/normalized_latest.jsonl#source_record_index=83,DISABLED_MANUAL_REVIEW_REQUIRED,location_verification_required,success,warnings_present,unverified_kijiji_location,success,2026-07-22T18:57:59+00:00,2022,source_reported_unverified,Honda,source_reported_or_configured_unverified,Odyssey,source_reported_or_configured_unverified,,unknown,41988,source_reported_unverified,87000,source_reported_unverified,,unknown,Gas,source_reported_or_inferred_unverified,,unknown,,unknown,Private,source_reported_or_inferred_unverified,,quarantined_unverified_search_origin,,quarantined_unverified_search_origin,"Carstairs, AB",,disabled_due_to_unverified_location,disabled_unverified_location,guelph,unverified_url_evidence,https://www.kijiji.ca/v-cars-trucks/guelph/2022-honda-odyssey-touring-leather-dvd-sunroof-nav/1739307184,source_reported_unverified,5,41988,42998,-1010,0,No change noted,Unchanged for 5 weeks,
1,honda_odyssey,kijiji,listing_061876161ee8cbb9f32d7efb,observation_a40c786b564d87161aba39b1,1739108126,source_identifier_claim_not_vin,unverified_source_claims,data/honda_odyssey/evidence/kijiji/raw_latest.jsonl#record=106,data/honda_odyssey/evidence/kijiji/normalized_latest.jsonl#source_record_index=106,DISABLED_MANUAL_REVIEW_REQUIRED,location_verification_required,success,warnings_present,unverified_kijiji_location,success,2026-07-22T18:57:59+00:00,2023,source_reported_unverified,Honda,source_reported_or_configured_unverified,Odyssey,source_reported_or_configured_unverified,,unknown,44989,source_reported_unverified,78284,source_reported_unverified,,unknown,Gas,source_reported_or_inferred_unverified,No accidents reported,source_text_claim_unverified,,unknown,Dealer,source_reported_or_inferred_unverified,,quarantined_unverified_search_origin,,quarantined_unverified_search_origin,"Calgary, AB",,disabled_due_to_unverified_location,disabled_unverified_location,calgary,unverified_url_evidence,https://www.kijiji.ca/v-cars-trucks/calgary/2023-honda-odyssey-touring-no-accidents-leather-rear-ente/1739108126,source_reported_unverified,6,45864,45899,-910,-875,No change noted,Down $875 over 6 weeks,
1,honda_odyssey,kijiji,listing_070c14e2834e9b8b54aa16a3,observation_7b8a832572dd9ff3c3011660,1739732431,source_identifier_claim_not_vin,unverified_source_claims,data/honda_odyssey/evidence/kijiji/raw_latest.jsonl#record=96,data/honda_odyssey/evidence/kijiji/normalized_latest.jsonl#source_record_index=96,DISABLED_MANUAL_REVIEW_REQUIRED,location_verification_required,success,warnings_present,unverified_kijiji_location,success,2026-07-22T18:57:59+00:00,2023,source_reported_unverified,Honda,source_reported_or_configured_unverified,Odyssey,source_reported_or_configured_unverified,,unknown,39995,source_reported_unverified,26298,source_reported_unverified,,unknown,Gas,source_reported_or_inferred_unverified,,unknown,,unknown,Dealer,source_reported_or_inferred_unverified,,quarantined_unverified_search_origin,,quarantined_unverified_search_origin,"Calgary, AB",,disabled_due_to_unverified_location,disabled_unverified_location,calgary,unverified_url_evidence,https://www.kijiji.ca/v-cars-trucks/calgary/2023-honda-odyssey-ex-l-auto-8-seater-leather-carplay-b/1739732431,source_reported_unverified,4,39995,39995,0,0,No change noted,Unchanged for 4 weeks,
1,honda_odyssey,kijiji,listing_177d21e99e681e8e4c2957bf,observation_fee61abad7083ca784b37259,1740935252,source_identifier_claim_not_vin,unverified_source_claims,data/honda_odyssey/evidence/kijiji/raw_latest.jsonl#record=108,data/honda_odyssey/evidence/kijiji/normalized_latest.jsonl#source_record_index=108,DISABLED_MANUAL_REVIEW_REQUIRED,location_verification_required,success,warnings_present,unverified_kijiji_location,success,2026-07-22T18:57:59+00:00,2023,source_reported_unverified,Honda,source_reported_or_configured_unverified,Odyssey,source_reported_or_configured_unverified,,unknown,45988,source_reported_unverified,61417,source_reported_unverified,,unknown,Gas,source_reported_or_inferred_unverified,,unknown,,unknown,Dealer,source_reported_or_inferred_unverified,,quarantined_unverified_search_origin,,quarantined_unverified_search_origin,"Edmonton, AB",,disabled_due_to_unverified_location,disabled_unverified_location,edmonton,unverified_url_evidence,https://www.kijiji.ca/v-cars-trucks/edmonton/2023-honda-odyssey-black-edition/1740935252,source_reported_unverified,0,45988,45988,0,0,No change noted,First seen this week,
1,honda_odyssey,kijiji,listing_1f85eb556618ea581a888548,observation_d88adb1ac943e7ac79555620,1740516683,source_identifier_claim_not_vin,unverified_source_claims,data/honda_odyssey/evidence/kijiji/raw_latest.jsonl#record=102,data/honda_odyssey/evidence/kijiji/normalized_latest.jsonl#source_record_index=102,DISABLED_MANUAL_REVIEW_REQUIRED,location_verification_required,success,warnings_present,unverified_kijiji_location,success,2026-07-22T18:57:59+00:00,2023,source_reported_unverified,Honda,source_reported_or_configured_unverified,Odyssey,source_reported_or_configured_unverified,,unknown,43998,source_reported_unverified,92902,source_reported_unverified,,unknown,Gas,source_reported_or_inferred_unverified,,unknown,,unknown,Private,source_reported_or_inferred_unverified,,quarantined_unverified_search_origin,,quarantined_unverified_search_origin,"Carstairs, AB",,disabled_due_to_unverified_location,disabled_unverified_location,london,unverified_url_evidence,https://www.kijiji.ca/v-cars-trucks/london/2023-honda-odyssey-touring-rear-seat-dvd-navigation-leath/1740516683,source_reported_unverified,1,43498,43498,500,500,No change noted,Up $500 over 1 weeks,
1,honda_odyssey,kijiji,listing_21ec6cd7816a68f8e30c01b7,observation_79f919e2df9724fac9f86aa6,1738028276,source_identifier_claim_not_vin,unverified_source_claims,data/honda_odyssey/evidence/kijiji/raw_latest.jsonl#record=110,data/honda_odyssey/evidence/kijiji/normalized_latest.jsonl#source_record_index=110,DISABLED_MANUAL_REVIEW_REQUIRED,location_verification_required,success,warnings_present,unverified_kijiji_location,success,2026-07-22T18:57:59+00:00,2023,source_reported_unverified,Honda,source_reported_or_configured_unverified,Odyssey,source_reported_or_configured_unverified,,unknown,49800,source_reported_unverified,52000,source_reported_unverified,,unknown,Gas,source_reported_or_inferred_unverified,,unknown,,unknown,Private,source_reported_or_inferred_unverified,,quarantined_unverified_search_origin,,quarantined_unverified_search_origin,"Regina, SK",,disabled_due_to_unverified_location,disabled_unverified_location,winnipeg,unverified_url_evidence,https://www.kijiji.ca/v-cars-trucks/winnipeg/2023-honda-odyssey-sunroof-blu-ray-leather-htd-vented-seat/1738028276,source_reported_unverified,1,49800,49800,0,0,No change noted,Unchanged for 1 weeks,
1,honda_odyssey,kijiji,listing_34ad659486a8bc7a991546d4,observation_a47ef383cc0769456c24f156,1738192593,source_identifier_claim_not_vin,unverified_source_claims,data/honda_odyssey/evidence/kijiji/raw_latest.jsonl#record=105,data/honda_odyssey/evidence/kijiji/normalized_latest.jsonl#source_record_index=105,DISABLED_MANUAL_REVIEW_REQUIRED,location_verification_required,success,warnings_present,unverified_kijiji_location,success,2026-07-22T18:57:59+00:00,2023,source_reported_unverified,Honda,source_reported_or_configured_unverified,Odyssey,source_reported_or_configured_unverified,,unknown,44702,source_reported_unverified,53361,source_reported_unverified,,unknown,Gas,source_reported_or_inferred_unverified,,unknown,,unknown,Dealer,source_reported_or_inferred_unverified,,quarantined_unverified_search_origin,,quarantined_unverified_search_origin,"Calgary, AB",,disabled_due_to_unverified_location,disabled_unverified_location,calgary,unverified_url_evidence,https://www.kijiji.ca/v-cars-trucks/calgary/2023-honda-odyssey-touring-heated-vented-seats-navi-blind-spot/1738192593,source_reported_unverified,7,47261,45471,-769,-2559,No change noted,"Down $2,559 over 7 weeks",
1,honda_odyssey,kijiji,listing_366a4d71705bdc5f53b621db,observation_de9428947c6e5c8a8a386520,1737171667,source_identifier_claim_not_vin,unverified_source_claims,data/honda_odyssey/evidence/kijiji/raw_latest.jsonl#record=104,data/honda_odyssey/evidence/kijiji/normalized_latest.jsonl#source_record_index=104,DISABLED_MANUAL_REVIEW_REQUIRED,location_verification_required,success,warnings_present,unverified_kijiji_location,success,2026-07-22T18:57:59+00:00,2023,source_reported_unverified,Honda,source_reported_or_configured_unverified,Odyssey,source_reported_or_configured_unverified,,unknown,44666,source_reported_unverified,48900,source_reported_unverified,,unknown,Gas,source_reported_or_inferred_unverified,,unknown,,unknown,Private,source_reported_or_inferred_unverified,,quarantined_unverified_search_origin,,quarantined_unverified_search_origin,"Carstairs, AB",,disabled_due_to_unverified_location,disabled_unverified_location,ville-de-montreal,unverified_url_evidence,https://www.kijiji.ca/v-cars-trucks/ville-de-montreal/2023-honda-odyssey-black-edition-toit-ouvrant-7-passagers-1-prop/1737171667,source_reported_unverified,6,45966,44666,0,-1300,No change noted,"Down $1,300 over 6 weeks",
1,honda_odyssey,kijiji,listing_5fb134ab9308f65c1a471575,observation_415bc02201746ac0ab2d324e,1739354115,source_identifier_claim_not_vin,unverified_source_claims,data/honda_odyssey/evidence/kijiji/raw_latest.jsonl#record=93,data/honda_odyssey/evidence/kijiji/normalized_latest.jsonl#source_record_index=93,DISABLED_MANUAL_REVIEW_REQUIRED,location_verification_required,success,warnings_present,unverified_kijiji_location,success,2026-07-22T18:57:59+00:00,2023,source_reported_unverified,Honda,source_reported_or_configured_unverified,Odyssey,source_reported_or_configured_unverified,,unknown,37299,source_reported_unverified,96431,source_reported_unverified,,unknown,Gas,source_reported_or_inferred_unverified,No accidents reported,source_text_claim_unverified,,unknown,Private,source_reported_or_inferred_unverified,,quarantined_unverified_search_origin,,quarantined_unverified_search_origin,"Carstairs, AB",,disabled_due_to_unverified_location,disabled_unverified_location,st-johns,unverified_url_evidence,https://www.kijiji.ca/v-cars-trucks/st-johns/2023-honda-odyssey-ex-auto-for-sale/1739354115,source_reported_unverified,3,37299,37299,0,0,No change noted,Unchanged for 3 weeks,
1,honda_odyssey,kijiji,listing_615313dc6f1380a78d70944a,observation_5197763ccc99bc9c1c134ce5,1739848201,source_identifier_claim_not_vin,unverified_source_claims,data/honda_odyssey/evidence/kijiji/raw_latest.jsonl#record=92,data/honda_odyssey/evidence/kijiji/normalized_latest.jsonl#source_record_index=92,DISABLED_MANUAL_REVIEW_REQUIRED,location_verification_required,success,warnings_present,unverified_kijiji_location;url_year_conflicts_with_parsed_year,success,2026-07-22T18:57:59+00:00,2023,source_reported_unverified,Honda,source_reported_or_configured_unverified,Odyssey,source_reported_or_configured_unverified,,unknown,6995,source_reported_unverified,21025,source_reported_unverified,,unknown,Gas,source_reported_or_inferred_unverified,,unknown,,unknown,Private,source_reported_or_inferred_unverified,,quarantined_unverified_search_origin,,quarantined_unverified_search_origin,"Carstairs, AB",,disabled_due_to_unverified_location,disabled_unverified_location,richmond-bc,unverified_url_evidence,https://www.kijiji.ca/v-cars-trucks/richmond-bc/2015-honda-odyssey-ex-l-w-res-clean-title-bc-local/1739848201,source_reported_unverified,4,6995,6995,0,0,No change noted,Unchanged for 4 weeks,
1,honda_odyssey,kijiji,listing_669db58f4ba3c0b00af8e4bd,observation_b6a5144b2ed6d1ac4231f746,1739453822,source_identifier_claim_not_vin,unverified_source_claims,data/honda_odyssey/evidence/kijiji/raw_latest.jsonl#record=97,data/honda_odyssey/evidence/kijiji/normalized_latest.jsonl#source_record_index=97,DISABLED_MANUAL_REVIEW_REQUIRED,location_verification_required,success,warnings_present,unverified_kijiji_location,success,2026-07-22T18:57:59+00:00,2023,source_reported_unverified,Honda,source_reported_or_configured_unverified,Odyssey,source_reported_or_configured_unverified,,unknown,39995,source_reported_unverified,93334,source_reported_unverified,,unknown,Gas,source_reported_or_inferred_unverified,No accidents reported,source_text_claim_unverified,,unknown,Private,source_reported_or_inferred_unverified,,quarantined_unverified_search_origin,,quarantined_unverified_search_origin,"Carstairs, AB",,disabled_due_to_unverified_location,disabled_unverified_location,mississauga-peel-region,unverified_url_evidence,https://www.kijiji.ca/v-cars-trucks/mississauga-peel-region/2023-honda-odyssey-touring-no-accidents-heated-seats-premi/1739453822,source_reported_unverified,5,39999,39995,0,-4,No change noted,Down $4 over 5 weeks,
1,honda_odyssey,kijiji,listing_900bb017038409665ffe664d,observation_2684c40a08dbfa444c1e3035,1739966030,source_identifier_claim_not_vin,unverified_source_claims,data/honda_odyssey/evidence/kijiji/raw_latest.jsonl#record=100,data/honda_odyssey/evidence/kijiji/normalized_latest.jsonl#source_record_index=100,DISABLED_MANUAL_REVIEW_REQUIRED,location_verification_required,success,warnings_present,unverified_kijiji_location,success,2026-07-22T18:57:59+00:00,2023,source_reported_unverified,Honda,source_reported_or_configured_unverified,Odyssey,source_reported_or_configured_unverified,,unknown,43650,source_reported_unverified,66227,source_reported_unverified,,unknown,Gas,source_reported_or_inferred_unverified,No accidents reported,source_text_claim_unverified,,unknown,,unknown,,quarantined_unverified_search_origin,,quarantined_unverified_search_origin,"High River, AB",,disabled_due_to_unverified_location,disabled_unverified_location,kitchener-waterloo,unverified_url_evidence,https://www.kijiji.ca/v-cars-trucks/kitchener-waterloo/2023-honda-odyssey-ex-l-one-owner-accident-free-leather/1739966030,source_reported_unverified,3,43650,43650,0,0,No change noted,Unchanged for 3 weeks,
1,honda_odyssey,kijiji,listing_90a85d459c2dfc5079040737,observation_6d333a59a142096ebafa860a,1740558314,source_identifier_claim_not_vin,unverified_source_claims,data/honda_odyssey/evidence/kijiji/raw_latest.jsonl#record=94,data/honda_odyssey/evidence/kijiji/normalized_latest.jsonl#source_record_index=94,DISABLED_MANUAL_REVIEW_REQUIRED,location_verification_required,success,warnings_present,unverified_kijiji_location,success,2026-07-22T18:57:59+00:00,2023,source_reported_unverified,Honda,source_reported_or_configured_unverified,Odyssey,source_reported_or_configured_unverified,,unknown,37995,source_reported_unverified,143747,source_reported_unverified,,unknown,Gas,source_reported_or_inferred_unverified,,unknown,,unknown,Private,source_reported_or_inferred_unverified,,quarantined_unverified_search_origin,,quarantined_unverified_search_origin,"Carstairs, AB",,disabled_due_to_unverified_location,disabled_unverified_location,regina,unverified_url_evidence,https://www.kijiji.ca/v-cars-trucks/regina/2023-honda-odyssey-ex-l-fresh-trade/1740558314,source_reported_unverified,1,37995,37995,0,0,No change noted,Unchanged for 1 weeks,
1,honda_odyssey,kijiji,listing_9fc0a6047e7d45433b26f8ec,observation_34ea0b72179dcf5b52ab4070,1728522341,source_identifier_claim_not_vin,unverified_source_claims,data/honda_odyssey/evidence/kijiji/raw_latest.jsonl#record=101,data/honda_odyssey/evidence/kijiji/normalized_latest.jsonl#source_record_index=101,DISABLED_MANUAL_REVIEW_REQUIRED,location_verification_required,success,warnings_present,unverified_kijiji_location,success,2026-07-22T18:57:59+00:00,2023,source_reported_unverified,Honda,source_reported_or_configured_unverified,Odyssey,source_reported_or_configured_unverified,,unknown,43988,source_reported_unverified,94450,source_reported_unverified,,unknown,Gas,source_reported_or_inferred_unverified,No accidents reported,source_text_claim_unverified,,unknown,,unknown,,quarantined_unverified_search_origin,,quarantined_unverified_search_origin,"Regina, SK",,disabled_due_to_unverified_location,disabled_unverified_location,winnipeg,unverified_url_evidence,https://www.kijiji.ca/v-cars-trucks/winnipeg/2023-honda-odyssey-touring-8-passenger-no-accidents-factory/1728522341,source_reported_unverified,6,43988,43988,0,0,No change noted,Unchanged for 6 weeks,
1,honda_odyssey,kijiji,listing_b9807cc291d972a607de4cb2,observation_88f899075eabe735be0cd254,1739845329,source_identifier_claim_not_vin,unverified_source_claims,data/honda_odyssey/evidence/kijiji/raw_latest.jsonl#record=98,data/honda_odyssey/evidence/kijiji/normalized_latest.jsonl#source_record_index=98,DISABLED_MANUAL_REVIEW_REQUIRED,location_verification_required,success,warnings_present,unverified_kijiji_location,success,2026-07-22T18:57:59+00:00,2023,source_reported_unverified,Honda,source_reported_or_configured_unverified,Odyssey,source_reported_or_configured_unverified,,unknown,41490,source_reported_unverified,63325,source_reported_unverified,,unknown,Gas,source_reported_or_inferred_unverified,,unknown,,unknown,Private,source_reported_or_inferred_unverified,,quarantined_unverified_search_origin,,quarantined_unverified_search_origin,"Carstairs, AB",,disabled_due_to_unverified_location,disabled_unverified_location,bedford,unverified_url_evidence,https://www.kijiji.ca/v-cars-trucks/bedford/2023-honda-odyssey-ex-l/1739845329,source_reported_unverified,0,41490,41490,0,0,No change noted,First seen this week,
1,honda_odyssey,kijiji,listing_c0f775378e3d4156f46e7d12,observation_3c72c99f3f7b5fd4ef440a38,1740796182,source_identifier_claim_not_vin,unverified_source_claims,data/honda_odyssey/evidence/kijiji/raw_latest.jsonl#record=103,data/honda_odyssey/evidence/kijiji/normalized_latest.jsonl#source_record_index=103,DISABLED_MANUAL_REVIEW_REQUIRED,location_verification_required,success,warnings_present,unverified_kijiji_location,success,2026-07-22T18:57:59+00:00,2023,source_reported_unverified,Honda,source_reported_or_configured_unverified,Odyssey,source_reported_or_configured_unverified,,unknown,43999,source_reported_unverified,74807,source_reported_unverified,,unknown,Gas,source_reported_or_inferred_unverified,,unknown,,unknown,Private,source_reported_or_inferred_unverified,,quarantined_unverified_search_origin,,quarantined_unverified_search_origin,"Carstairs, AB",,disabled_due_to_unverified_location,disabled_unverified_location,hamilton,unverified_url_evidence,https://www.kijiji.ca/v-cars-trucks/hamilton/2023-honda-odyssey-touring-passenger-van-automatic/1740796182,source_reported_unverified,1,43999,43999,0,0,No change noted,Unchanged for 1 weeks,
1,honda_odyssey,kijiji,listing_c95646017d944a72a457b12a,observation_3a0bfc4545858cab3bf65e9d,1740647731,source_identifier_claim_not_vin,unverified_source_claims,data/honda_odyssey/evidence/kijiji/raw_latest.jsonl#record=99,data/honda_odyssey/evidence/kijiji/normalized_latest.jsonl#source_record_index=99,DISABLED_MANUAL_REVIEW_REQUIRED,location_verification_required,success,warnings_present,unverified_kijiji_location,success,2026-07-22T18:57:59+00:00,2023,source_reported_unverified,Honda,source_reported_or_configured_unverified,Odyssey,source_reported_or_configured_unverified,,unknown,43000,source_reported_unverified,85447,source_reported_unverified,,unknown,Gas,source_reported_or_inferred_unverified,,unknown,,unknown,Private,source_reported_or_inferred_unverified,,quarantined_unverified_search_origin,,quarantined_unverified_search_origin,"Carstairs, AB",,disabled_due_to_unverified_location,disabled_unverified_location,guelph,unverified_url_evidence,https://www.kijiji.ca/v-cars-trucks/guelph/2023-honda-odyssey-touring/1740647731,source_reported_unverified,1,43000,43000,0,0,No change noted,Unchanged for 1 weeks,
1,honda_odyssey,kijiji,listing_ce9713a129a0cff80d42abdb,observation_5fe9380af9c3705992764844,1740056935,source_identifier_claim_not_vin,unverified_source_claims,data/honda_odyssey/evidence/kijiji/raw_latest.jsonl#record=107,data/honda_odyssey/evidence/kijiji/normalized_latest.jsonl#source_record_index=107,DISABLED_MANUAL_REVIEW_REQUIRED,location_verification_required,success,warnings_present,unverified_kijiji_location,success,2026-07-22T18:57:59+00:00,2023,source_reported_unverified,Honda,source_reported_or_configured_unverified,Odyssey,source_reported_or_configured_unverified,,unknown,45909,source_reported_unverified,50752,source_reported_unverified,,unknown,Gas,source_reported_or_inferred_unverified,No accidents reported,source_text_claim_unverified,,unknown,Private,source_reported_or_inferred_unverified,,quarantined_unverified_search_origin,,quarantined_unverified_search_origin,"Carstairs, AB",,disabled_due_to_unverified_location,disabled_unverified_location,london,unverified_url_evidence,https://www.kijiji.ca/v-cars-trucks/london/2023-honda-odyssey-touring-1-owner-clean-carfax-leather/1740056935,source_reported_unverified,2,45909,45909,0,0,No change noted,Unchanged for 2 weeks,
1,honda_odyssey,kijiji,listing_fc53cf985146eae25dd15229,observation_96fb788657ab84be9a4ef9c5,1740646410,source_identifier_claim_not_vin,unverified_source_claims,data/honda_odyssey/evidence/kijiji/raw_latest.jsonl#record=95,data/honda_odyssey/evidence/kijiji/normalized_latest.jsonl#source_record_index=95,DISABLED_MANUAL_REVIEW_REQUIRED,location_verification_required,success,warnings_present,unverified_kijiji_location,success,2026-07-22T18:57:59+00:00,2023,source_reported_unverified,Honda,source_reported_or_configured_unverified,Odyssey,source_reported_or_configured_unverified,,unknown,39700,source_reported_unverified,89383,source_reported_unverified,,unknown,Gas,source_reported_or_inferred_unverified,No accidents reported,source_text_claim_unverified,,unknown,Private,source_reported_or_inferred_unverified,,quarantined_unverified_search_origin,,quarantined_unverified_search_origin,"Carstairs, AB",,disabled_due_to_unverified_location,disabled_unverified_location,oshawa-durham-region,unverified_url_evidence,https://www.kijiji.ca/v-cars-trucks/oshawa-durham-region/2023-honda-odyssey-ex-ex-sunroof-dvd-carplay-no-accidents/1740646410,source_reported_unverified,1,39700,39700,0,0,No change noted,Unchanged for 1 weeks,
1,honda_odyssey,kijiji,listing_fe5fbe857858f400a7c5b6ea,observation_77dbc30bae648bbf23c39b03,1740522305,source_identifier_claim_not_vin,unverified_source_claims,data/honda_odyssey/evidence/kijiji/raw_latest.jsonl#record=109,data/honda_odyssey/evidence/kijiji/normalized_latest.jsonl#source_record_index=109,DISABLED_MANUAL_REVIEW_REQUIRED,location_verification_required,success,warnings_present,unverified_kijiji_location,success,2026-07-22T18:57:59+00:00,2023,source_reported_unverified,Honda,source_reported_or_configured_unverified,Odyssey,source_reported_or_configured_unverified,,unknown,46990,source_reported_unverified,34572,source_reported_unverified,,unknown,Gas,source_reported_or_inferred_unverified,,unknown,,unknown,Private,source_reported_or_inferred_unverified,,quarantined_unverified_search_origin,,quarantined_unverified_search_origin,"Carstairs, AB",,disabled_due_to_unverified_location,disabled_unverified_location,ville-de-montreal,unverified_url_evidence,https://www.kijiji.ca/v-cars-trucks/ville-de-montreal/2023-honda-odyssey-touring/1740522305,source_reported_unverified,2,46990,46990,0,0,No change noted,Unchanged for 2 weeks,
