evidence_schema_version,vehicle_key,source,canonical_listing_id,observation_id,source_listing_id,source_listing_id_status,source_claim_status,raw_record_ref,normalized_record_ref,ranking_status,review_status,collection_status,data_quality_status,quality_warnings,source_run_status,source_completed_at_utc,year,year_evidence_status,make,make_evidence_status,model,model_evidence_status,trim,trim_evidence_status,price_cad,price_evidence_status,mileage_km,mileage_evidence_status,engine,engine_evidence_status,fuel,fuel_evidence_status,accident_claim,accident_evidence_status,dealer,dealer_evidence_status,seller_type_claim,seller_type_evidence_status,dealer_address,dealer_address_evidence_status,location,location_evidence_status,unverified_location_value,distance_km,distance_evidence_status,distance_method,url_region_hint,url_region_evidence_status,listing_url,listing_url_evidence_status,observation_count,first_observed_price_cad,previous_observation_price_cad,change_from_previous_observation_cad,change_from_first_observation_cad,source_price_history_text,legacy_trend_text,days_on_market_claim
1,subaru_forester,autotrader,listing_05fa27a528ab3884d3e301f9,observation_cb58df20430321742ec49ed2,9ed80066-5bfb-459b-990d-f8ccb8856eeb,source_identifier_claim_not_vin,unverified_source_claims,data/subaru_forester/evidence/autotrader/raw_latest.jsonl#record=5,data/subaru_forester/evidence/autotrader/normalized_latest.jsonl#source_record_index=5,DISABLED_MANUAL_REVIEW_REQUIRED,manual_review_required,success,clean,,success,2026-07-22T18:46:09+00:00,2019,source_reported_unverified,Subaru,source_reported_or_configured_unverified,Forester,source_reported_or_configured_unverified,Limited,source_reported_unverified,26500,source_reported_unverified,91500,source_reported_unverified,2.5L,source_reported_unverified,Gasoline,source_reported_or_inferred_unverified,,unknown,,unknown,Dealer,source_reported_or_inferred_unverified,,unknown,"Calgary, AB",source_reported_not_independently_verified,,149.0,legacy_method_not_yet_disambiguated,city_center,,unavailable,https://www.autotrader.ca/offers/subaru-forester-limited-gasoline-grey-cat_ma67gr201384tr15021-9ed80066-5bfb-459b-990d-f8ccb8856eeb,source_reported_unverified,4,26500,26500,0,0,No change noted,Unchanged for 4 weeks,
1,subaru_forester,autotrader,listing_3fd7da62630324d55823a7f1,observation_f323eced54b74d4062af575b,de052e8c-c8a4-4947-b038-8bde70cf742a,source_identifier_claim_not_vin,unverified_source_claims,data/subaru_forester/evidence/autotrader/raw_latest.jsonl#record=1,data/subaru_forester/evidence/autotrader/normalized_latest.jsonl#source_record_index=1,DISABLED_MANUAL_REVIEW_REQUIRED,manual_review_required,success,clean,,success,2026-07-22T18:46:09+00:00,2019,source_reported_unverified,Subaru,source_reported_or_configured_unverified,Forester,source_reported_or_configured_unverified,Eye Sight Sport Low KM,source_reported_unverified,26413,source_reported_unverified,64849,source_reported_unverified,2.5L,source_reported_unverified,Gasoline,source_reported_or_inferred_unverified,Accident reported,source_text_claim_unverified,Go Mazda,source_reported_unverified,Dealer,source_reported_or_inferred_unverified,"9710 - 35 Ave, EDMONTON, AB, T6E6J6",source_reported_not_independently_verified,"EDMONTON, AB",source_reported_not_independently_verified,,154.0,legacy_method_not_yet_disambiguated,city_center,,unavailable,https://www.autotrader.ca/offers/subaru-forester-eye-sight-sport-low-km-gasoline-white-cat_ma67gr201384tr7238-de052e8c-c8a4-4947-b038-8bde70cf742a,source_reported_unverified,5,26998,26594,-181,-585,No change noted,Down $585 over 5 weeks,
1,subaru_forester,autotrader,listing_49660b50d6a090e1e99beb0a,observation_15c7bb944f48047fd31859e5,b1fc32f5-5925-4201-981e-44a01ea7639d,source_identifier_claim_not_vin,unverified_source_claims,data/subaru_forester/evidence/autotrader/raw_latest.jsonl#record=4,data/subaru_forester/evidence/autotrader/normalized_latest.jsonl#source_record_index=4,DISABLED_MANUAL_REVIEW_REQUIRED,manual_review_required,success,clean,,success,2026-07-22T18:46:09+00:00,2019,source_reported_unverified,Subaru,source_reported_or_configured_unverified,Forester,source_reported_or_configured_unverified,"SPORT, 2.5L H-4 ENG, HEATED FRONT SEATS, DUAL-ZONE",source_reported_unverified,24687,source_reported_unverified,105739,source_reported_unverified,2.5L,source_reported_unverified,Gasoline,source_reported_or_inferred_unverified,,unknown,Team Ford,source_reported_unverified,Dealer,source_reported_or_inferred_unverified,"3304 - 91 St., EDMONTON, AB, T6N 1C1",source_reported_not_independently_verified,"EDMONTON, AB",source_reported_not_independently_verified,,142.0,legacy_method_not_yet_disambiguated,address,,unavailable,https://www.autotrader.ca/offers/subaru-forester-sport-2-5l-h-4-eng-heated-front-seats-dual-zone-gasoline-white-cat_ma67gr201384tr7238-b1fc32f5-5925-4201-981e-44a01ea7639d,source_reported_unverified,3,24888,24687,0,-201,No change noted,Down $201 over 3 weeks,
1,subaru_forester,autotrader,listing_4f311fa2094ff6ff02e6aab3,observation_db304427c6395a23c7a9cba5,23615ce6-2a6b-41a4-837a-07f31e715d34,source_identifier_claim_not_vin,unverified_source_claims,data/subaru_forester/evidence/autotrader/raw_latest.jsonl#record=23,data/subaru_forester/evidence/autotrader/normalized_latest.jsonl#source_record_index=23,DISABLED_MANUAL_REVIEW_REQUIRED,manual_review_required,success,clean,,success,2026-07-22T18:46:09+00:00,2019,source_reported_unverified,Subaru,source_reported_or_configured_unverified,Forester,source_reported_or_configured_unverified,Sport,source_reported_unverified,28777,source_reported_unverified,99200,source_reported_unverified,2.5L,source_reported_unverified,Gasoline,source_reported_or_inferred_unverified,,unknown,Subaru of Saskatoon,source_reported_unverified,Dealer,source_reported_or_inferred_unverified,"321 Circle Dr W, Saskatoon, SK, S7L 5S8",source_reported_not_independently_verified,"Saskatoon, SK",source_reported_not_independently_verified,,539.0,legacy_method_not_yet_disambiguated,address,,unavailable,https://www.autotrader.ca/offers/subaru-forester-sport-gasoline-blue-cat_ma67gr201384tr7238-23615ce6-2a6b-41a4-837a-07f31e715d34,source_reported_unverified,3,28777,28777,0,0,No change noted,Unchanged for 3 weeks,
1,subaru_forester,autotrader,listing_a010af0fec505dfe92320bc1,observation_8343eb0756fce66b1a2f4f81,022baef7-738d-427d-b1b2-4d340a15a33c,source_identifier_claim_not_vin,unverified_source_claims,data/subaru_forester/evidence/autotrader/raw_latest.jsonl#record=17,data/subaru_forester/evidence/autotrader/normalized_latest.jsonl#source_record_index=17,DISABLED_MANUAL_REVIEW_REQUIRED,manual_review_required,success,clean,,success,2026-07-22T18:46:09+00:00,2019,source_reported_unverified,Subaru,source_reported_or_configured_unverified,Forester,source_reported_or_configured_unverified,Convenience,source_reported_unverified,18800,source_reported_unverified,157775,source_reported_unverified,2.5L,source_reported_unverified,Gasoline,source_reported_or_inferred_unverified,,unknown,,unknown,Dealer,source_reported_or_inferred_unverified,,unknown,"Taber, AB",source_reported_not_independently_verified,,292.0,legacy_method_not_yet_disambiguated,city_center,,unavailable,https://www.autotrader.ca/offers/subaru-forester-convenience-gasoline-grey-cat_ma67gr201384-022baef7-738d-427d-b1b2-4d340a15a33c,source_reported_unverified,8,20500,18800,0,-1700,No change noted,"Down $1,700 over 8 weeks",
1,subaru_forester,autotrader,listing_baf570aa90134f75fa5e92e6,observation_46be2c0cc73fc57811169195,d3dbde32-16c0-4f6f-8bb4-3fa308258fd3,source_identifier_claim_not_vin,unverified_source_claims,data/subaru_forester/evidence/autotrader/raw_latest.jsonl#record=9,data/subaru_forester/evidence/autotrader/normalized_latest.jsonl#source_record_index=9,DISABLED_MANUAL_REVIEW_REQUIRED,manual_review_required,success,clean,,success,2026-07-22T18:46:09+00:00,2019,source_reported_unverified,Subaru,source_reported_or_configured_unverified,Forester,source_reported_or_configured_unverified,Convenience,source_reported_unverified,24500,source_reported_unverified,80773,source_reported_unverified,2.5L,source_reported_unverified,Gasoline,source_reported_or_inferred_unverified,,unknown,Subaru City,source_reported_unverified,Dealer,source_reported_or_inferred_unverified,"17708-111 Ave. NW, Edmonton, AB, T5S 1P5",source_reported_not_independently_verified,"Edmonton, AB",source_reported_not_independently_verified,,158.0,legacy_method_not_yet_disambiguated,address,,unavailable,https://www.autotrader.ca/offers/subaru-forester-convenience-gasoline-black-cat_ma67gr201384tr15009-d3dbde32-16c0-4f6f-8bb4-3fa308258fd3,source_reported_unverified,4,24000,24500,0,500,No change noted,Up $500 over 4 weeks,
1,subaru_forester,autotrader,listing_0bcd1727f89d4a2ff076fdf7,observation_67ca4480a78ba5cbb23f554a,3fb6edee-9b10-4adb-910c-2117a8463555,source_identifier_claim_not_vin,unverified_source_claims,data/subaru_forester/evidence/autotrader/raw_latest.jsonl#record=11,data/subaru_forester/evidence/autotrader/normalized_latest.jsonl#source_record_index=11,DISABLED_MANUAL_REVIEW_REQUIRED,manual_review_required,success,clean,,success,2026-07-22T18:46:09+00:00,2020,source_reported_unverified,Subaru,source_reported_or_configured_unverified,Forester,source_reported_or_configured_unverified,Touring  - Sunroof -  Heated Seats,source_reported_unverified,27900,source_reported_unverified,107214,source_reported_unverified,2.5L,source_reported_unverified,Gasoline,source_reported_or_inferred_unverified,No accidents reported,source_text_claim_unverified,ENS Toyota,source_reported_unverified,Dealer,source_reported_or_inferred_unverified,"627 Brand Court, Saskatoon, SK, S7J 5L3",source_reported_not_independently_verified,"Saskatoon, SK",source_reported_not_independently_verified,,543.0,legacy_method_not_yet_disambiguated,address,,unavailable,https://www.autotrader.ca/offers/subaru-forester-touring-sunroof-heated-seats-gasoline-grey-cat_ma67gr201384tr15027-3fb6edee-9b10-4adb-910c-2117a8463555,source_reported_unverified,3,27900,27900,0,0,No change noted,Unchanged for 3 weeks,
1,subaru_forester,autotrader,listing_52e7fc4a9017a7deefac01c5,observation_52d7e84af956e141b1ecd22b,c091489d-64b3-409d-b8b5-4458ec7587aa,source_identifier_claim_not_vin,unverified_source_claims,data/subaru_forester/evidence/autotrader/raw_latest.jsonl#record=21,data/subaru_forester/evidence/autotrader/normalized_latest.jsonl#source_record_index=21,DISABLED_MANUAL_REVIEW_REQUIRED,manual_review_required,success,clean,,success,2026-07-22T18:46:09+00:00,2020,source_reported_unverified,Subaru,source_reported_or_configured_unverified,Forester,source_reported_or_configured_unverified,Premier,source_reported_unverified,27000,source_reported_unverified,107625,source_reported_unverified,2.5L,source_reported_unverified,Gasoline,source_reported_or_inferred_unverified,,unknown,Subaru City,source_reported_unverified,Dealer,source_reported_or_inferred_unverified,"17708-111 Ave. NW, Edmonton, AB, T5S 1P5",source_reported_not_independently_verified,"Edmonton, AB",source_reported_not_independently_verified,,158.0,legacy_method_not_yet_disambiguated,address,,unavailable,https://www.autotrader.ca/offers/subaru-forester-premier-gasoline-black-cat_ma67gr201384tr15022-c091489d-64b3-409d-b8b5-4458ec7587aa,source_reported_unverified,7,28000,27000,0,-1000,No change noted,"Down $1,000 over 7 weeks",
1,subaru_forester,autotrader,listing_7b30a699603392af402958e4,observation_052b039efb780e5c1c6f8d2c,301cbc85-1d0c-41f8-a7dc-a60da1e5ee93,source_identifier_claim_not_vin,unverified_source_claims,data/subaru_forester/evidence/autotrader/raw_latest.jsonl#record=12,data/subaru_forester/evidence/autotrader/normalized_latest.jsonl#source_record_index=12,DISABLED_MANUAL_REVIEW_REQUIRED,manual_review_required,success,clean,,success,2026-07-22T18:46:09+00:00,2020,source_reported_unverified,Subaru,source_reported_or_configured_unverified,Forester,source_reported_or_configured_unverified,2.5i Convenience,source_reported_unverified,26888,source_reported_unverified,60333,source_reported_unverified,2.5L,source_reported_unverified,Gasoline,source_reported_or_inferred_unverified,,unknown,Ezway Auto Group,source_reported_unverified,Dealer,source_reported_or_inferred_unverified,"9704 27 Avenue Northwest, Edmonton, AB, T6N 1B2",source_reported_not_independently_verified,"Edmonton, AB",source_reported_not_independently_verified,,154.0,legacy_method_not_yet_disambiguated,city_center,,unavailable,https://www.autotrader.ca/offers/subaru-forester-2-5i-convenience-gasoline-blue-cat_ma67gr201384tr15009-301cbc85-1d0c-41f8-a7dc-a60da1e5ee93,source_reported_unverified,9,26888,26888,0,0,No change noted,Unchanged for 9 weeks,
1,subaru_forester,autotrader,listing_f117a3ee1bd458d9f56486da,observation_df47f15e0762482fa6f5ef67,a9a1b340-af10-4bbf-ac12-76dba7e09ea1,source_identifier_claim_not_vin,unverified_source_claims,data/subaru_forester/evidence/autotrader/raw_latest.jsonl#record=8,data/subaru_forester/evidence/autotrader/normalized_latest.jsonl#source_record_index=8,DISABLED_MANUAL_REVIEW_REQUIRED,manual_review_required,success,clean,,success,2026-07-22T18:46:09+00:00,2020,source_reported_unverified,Subaru,source_reported_or_configured_unverified,Forester,source_reported_or_configured_unverified,Limited,source_reported_unverified,24995,source_reported_unverified,130400,source_reported_unverified,2.5L,source_reported_unverified,Gasoline,source_reported_or_inferred_unverified,,unknown,Double L Motors,source_reported_unverified,Dealer,source_reported_or_inferred_unverified,"1509 - 9 Avenue SE, Calgary, AB, T2G0T6",source_reported_not_independently_verified,"Calgary, AB",source_reported_not_independently_verified,,149.0,legacy_method_not_yet_disambiguated,address,,unavailable,https://www.autotrader.ca/offers/subaru-forester-limited-gasoline-black-cat_ma67gr201384tr15021-a9a1b340-af10-4bbf-ac12-76dba7e09ea1,source_reported_unverified,8,25995,24995,0,-1000,No change noted,"Down $1,000 over 8 weeks",
1,subaru_forester,autotrader,listing_60da4cf4b2798695c92416e2,observation_f98a919afcfffac9c6f01791,fd238ac1-2f5b-4b36-a785-df86c40132e8,source_identifier_claim_not_vin,unverified_source_claims,data/subaru_forester/evidence/autotrader/raw_latest.jsonl#record=32,data/subaru_forester/evidence/autotrader/normalized_latest.jsonl#source_record_index=32,DISABLED_MANUAL_REVIEW_REQUIRED,manual_review_required,success,clean,,success,2026-07-22T18:46:09+00:00,2021,source_reported_unverified,Subaru,source_reported_or_configured_unverified,Forester,source_reported_or_configured_unverified,Premier  | AWD | LEATHER | SUNROOF |,source_reported_unverified,31995,source_reported_unverified,58930,source_reported_unverified,2.5L,source_reported_unverified,Gasoline,source_reported_or_inferred_unverified,,unknown,OLYMPIC SUPER CENTER,source_reported_unverified,Dealer,source_reported_or_inferred_unverified,"665 University Park Dr, REGINA, SK, S4R2V8",source_reported_not_independently_verified,"REGINA, SK",source_reported_not_independently_verified,,790.0,legacy_method_not_yet_disambiguated,address,,unavailable,https://www.autotrader.ca/offers/subaru-forester-premier-awd-leather-sunroof-gasoline-white-cat_ma67gr201384tr15022-fd238ac1-2f5b-4b36-a785-df86c40132e8,source_reported_unverified,6,31995,31995,0,0,No change noted,Unchanged for 6 weeks,
1,subaru_forester,autotrader,listing_924a81829b2819804396ff51,observation_ccc4d7b8e8da9cf999eaa34e,1629b416-8f03-4f91-9ac6-a09a1bb287e6,source_identifier_claim_not_vin,unverified_source_claims,data/subaru_forester/evidence/autotrader/raw_latest.jsonl#record=31,data/subaru_forester/evidence/autotrader/normalized_latest.jsonl#source_record_index=31,DISABLED_MANUAL_REVIEW_REQUIRED,manual_review_required,success,clean,,success,2026-07-22T18:46:09+00:00,2021,source_reported_unverified,Subaru,source_reported_or_configured_unverified,Forester,source_reported_or_configured_unverified,CONVENIENCE,source_reported_unverified,27900,source_reported_unverified,88303,source_reported_unverified,2.5L,source_reported_unverified,Gasoline,source_reported_or_inferred_unverified,,unknown,Wheat Country Motors,source_reported_unverified,Dealer,source_reported_or_inferred_unverified,"680 Winnipeg Street, REGINA, SK, S4R1H8",source_reported_not_independently_verified,"REGINA, SK",source_reported_not_independently_verified,,785.0,legacy_method_not_yet_disambiguated,address,,unavailable,https://www.autotrader.ca/offers/subaru-forester-convenience-gasoline-red-cat_ma67gr201384tr15009-1629b416-8f03-4f91-9ac6-a09a1bb287e6,source_reported_unverified,12,28345,27900,0,-445,No change noted,Down $445 over 12 weeks,
1,subaru_forester,autotrader,listing_bd73997da9a9c6e24cb450dc,observation_f221bcd3f6a41612c42749b8,652f5299-0b70-4c62-9cef-1ba7cab77178,source_identifier_claim_not_vin,unverified_source_claims,data/subaru_forester/evidence/autotrader/raw_latest.jsonl#record=20,data/subaru_forester/evidence/autotrader/normalized_latest.jsonl#source_record_index=20,DISABLED_MANUAL_REVIEW_REQUIRED,manual_review_required,success,clean,,success,2026-07-22T18:46:09+00:00,2021,source_reported_unverified,Subaru,source_reported_or_configured_unverified,Forester,source_reported_or_configured_unverified,Convenience | Bluetooth Connection | Back Up Camer,source_reported_unverified,25995,source_reported_unverified,115624,source_reported_unverified,2.5L,source_reported_unverified,Gasoline,source_reported_or_inferred_unverified,Accident reported,source_text_claim_unverified,Subaru Calgary,source_reported_unverified,Dealer,source_reported_or_inferred_unverified,"1100 Meridian Rd. N.E., CALGARY, AB, T2A 2N9",source_reported_not_independently_verified,"CALGARY, AB",source_reported_not_independently_verified,,149.0,legacy_method_not_yet_disambiguated,city_center,,unavailable,https://www.autotrader.ca/offers/subaru-forester-convenience-bluetooth-connection-back-up-camer-gasoline-blue-cat_ma67gr201384tr15009-652f5299-0b70-4c62-9cef-1ba7cab77178,source_reported_unverified,3,25995,25995,0,0,No change noted,Unchanged for 3 weeks,
1,subaru_forester,autotrader,listing_c037efe322e350597ed4df35,observation_cebc8a3229bf43741fb16a95,cc05f5f8-630a-49be-95cc-40b239bed84d,source_identifier_claim_not_vin,unverified_source_claims,data/subaru_forester/evidence/autotrader/raw_latest.jsonl#record=19,data/subaru_forester/evidence/autotrader/normalized_latest.jsonl#source_record_index=19,DISABLED_MANUAL_REVIEW_REQUIRED,manual_review_required,success,clean,,success,2026-07-22T18:46:09+00:00,2021,source_reported_unverified,Subaru,source_reported_or_configured_unverified,Forester,source_reported_or_configured_unverified,Touring AWD | EYESIGHT | STARLINK | HEATED SEATS,source_reported_unverified,26995,source_reported_unverified,126468,source_reported_unverified,2.5L,source_reported_unverified,Gasoline,source_reported_or_inferred_unverified,,unknown,Auto Gallery Subaru,source_reported_unverified,Dealer,source_reported_or_inferred_unverified,"609 Winnipeg Street, REGINA, SK, S4R 8P2",source_reported_not_independently_verified,"REGINA, SK",source_reported_not_independently_verified,,784.0,legacy_method_not_yet_disambiguated,address,,unavailable,https://www.autotrader.ca/offers/subaru-forester-touring-awd-eyesight-starlink-heated-seats-gasoline-black-cat_ma67gr201384tr15027-cc05f5f8-630a-49be-95cc-40b239bed84d,source_reported_unverified,5,26995,26995,0,0,No change noted,Unchanged for 5 weeks,
1,subaru_forester,autotrader,listing_fa32985188998b0d20314c16,observation_d56d3de602464f63da001d7f,12964d16-62fd-41ca-ae44-9c9a164fe03f,source_identifier_claim_not_vin,unverified_source_claims,data/subaru_forester/evidence/autotrader/raw_latest.jsonl#record=18,data/subaru_forester/evidence/autotrader/normalized_latest.jsonl#source_record_index=18,DISABLED_MANUAL_REVIEW_REQUIRED,manual_review_required,success,clean,,success,2026-07-22T18:46:09+00:00,2021,source_reported_unverified,Subaru,source_reported_or_configured_unverified,Forester,source_reported_or_configured_unverified,2.5i BACKUP CAMERA HEATED SEATS LANE ASSIT /,source_reported_unverified,23988,source_reported_unverified,127416,source_reported_unverified,2.5L,source_reported_unverified,Gasoline,source_reported_or_inferred_unverified,Accident reported,source_text_claim_unverified,Auto House,source_reported_unverified,Dealer,source_reported_or_inferred_unverified,"2404 23rd Ave NE, CALGARY, AB, T2E8J4",source_reported_not_independently_verified,"CALGARY, AB",source_reported_not_independently_verified,,149.0,legacy_method_not_yet_disambiguated,city_center,,unavailable,https://www.autotrader.ca/offers/subaru-forester-2-5i-backup-camera-heated-seats-lane-assit-gasoline-white-cat_ma67gr201384-12964d16-62fd-41ca-ae44-9c9a164fe03f,source_reported_unverified,12,23988,23988,0,0,No change noted,Unchanged for 12 weeks,
1,subaru_forester,autotrader,listing_28df05de7ec50562b4788097,observation_73ec96741b4a4b3517defbb2,a9cd3c5d-8591-4eee-b4bd-e4025bda7867,source_identifier_claim_not_vin,unverified_source_claims,data/subaru_forester/evidence/autotrader/raw_latest.jsonl#record=15,data/subaru_forester/evidence/autotrader/normalized_latest.jsonl#source_record_index=15,DISABLED_MANUAL_REVIEW_REQUIRED,manual_review_required,success,clean,,success,2026-07-22T18:46:09+00:00,2022,source_reported_unverified,Subaru,source_reported_or_configured_unverified,Forester,source_reported_or_configured_unverified,Convenience,source_reported_unverified,31971,source_reported_unverified,36304,source_reported_unverified,,unknown,Gasoline,source_reported_or_inferred_unverified,,unknown,Northland Volkswagen,source_reported_unverified,Dealer,source_reported_or_inferred_unverified,"4849 Northland Drive N.W., CALGARY, AB, T2L 2K3",source_reported_not_independently_verified,"CALGARY, AB",source_reported_not_independently_verified,,149.0,legacy_method_not_yet_disambiguated,city_center,,unavailable,https://www.autotrader.ca/offers/subaru-forester-convenience-gasoline-cat_ma67gr201384tr15009-a9cd3c5d-8591-4eee-b4bd-e4025bda7867,source_reported_unverified,1,31971,31971,0,0,No change noted,Unchanged for 1 weeks,
1,subaru_forester,autotrader,listing_3701172fd9bcc9c833b603a8,observation_bcd32810aa7a72661ccca9b2,05dea6ad-dffd-4d22-8d7d-8f7d3cdd5eeb,source_identifier_claim_not_vin,unverified_source_claims,data/subaru_forester/evidence/autotrader/raw_latest.jsonl#record=14,data/subaru_forester/evidence/autotrader/normalized_latest.jsonl#source_record_index=14,DISABLED_MANUAL_REVIEW_REQUIRED,manual_review_required,success,clean,,success,2026-07-22T18:46:09+00:00,2022,source_reported_unverified,Subaru,source_reported_or_configured_unverified,Forester,source_reported_or_configured_unverified,"CVT, 2.5L H-4 ENG, HEATED FRONT SEATS, HEATED STEE",source_reported_unverified,26987,source_reported_unverified,69965,source_reported_unverified,2.5L,source_reported_unverified,Gasoline,source_reported_or_inferred_unverified,Accident reported,source_text_claim_unverified,Team Ford,source_reported_unverified,Dealer,source_reported_or_inferred_unverified,"3304 - 91 St., EDMONTON, AB, T6N 1C1",source_reported_not_independently_verified,"EDMONTON, AB",source_reported_not_independently_verified,,142.0,legacy_method_not_yet_disambiguated,address,,unavailable,https://www.autotrader.ca/offers/subaru-forester-cvt-2-5l-h-4-eng-heated-front-seats-heated-stee-gasoline-black-cat_ma67gr201384-05dea6ad-dffd-4d22-8d7d-8f7d3cdd5eeb,source_reported_unverified,3,27487,26987,0,-500,No change noted,Down $500 over 3 weeks,
1,subaru_forester,autotrader,listing_393032250019d5ae9c6855ce,observation_03d8200166f96ca6ecb4f530,fb3da6c4-7800-4fba-ab6d-eddea1d2968f,source_identifier_claim_not_vin,unverified_source_claims,data/subaru_forester/evidence/autotrader/raw_latest.jsonl#record=10,data/subaru_forester/evidence/autotrader/normalized_latest.jsonl#source_record_index=10,DISABLED_MANUAL_REVIEW_REQUIRED,manual_review_required,success,clean,,success,2026-07-22T18:46:09+00:00,2022,source_reported_unverified,Subaru,source_reported_or_configured_unverified,Forester,source_reported_or_configured_unverified,Limited,source_reported_unverified,31995,source_reported_unverified,64460,source_reported_unverified,2.5L,source_reported_unverified,Gasoline,source_reported_or_inferred_unverified,,unknown,Genesis South Edmonton,source_reported_unverified,Dealer,source_reported_or_inferred_unverified,"10150 34 Ave NW, Edmonton, AB, T6E 6C8",source_reported_not_independently_verified,"Edmonton, AB",source_reported_not_independently_verified,,145.0,legacy_method_not_yet_disambiguated,address,,unavailable,https://www.autotrader.ca/offers/subaru-forester-limited-gasoline-black-cat_ma67gr201384tr15021-fb3da6c4-7800-4fba-ab6d-eddea1d2968f,source_reported_unverified,7,32995,31995,0,-1000,No change noted,"Down $1,000 over 7 weeks",
1,subaru_forester,autotrader,listing_766b6e05d2a8bdf7286f0a6a,observation_cac57c1c13532ceea83f9450,19a171ca-a132-4d1b-a523-79ad5c66c587,source_identifier_claim_not_vin,unverified_source_claims,data/subaru_forester/evidence/autotrader/raw_latest.jsonl#record=22,data/subaru_forester/evidence/autotrader/normalized_latest.jsonl#source_record_index=22,DISABLED_MANUAL_REVIEW_REQUIRED,manual_review_required,success,clean,,success,2026-07-22T18:46:09+00:00,2022,source_reported_unverified,Subaru,source_reported_or_configured_unverified,Forester,source_reported_or_configured_unverified,Convenience BACKUP CAMERA LANE ASSIST PUSH BUTTON,source_reported_unverified,25988,source_reported_unverified,124998,source_reported_unverified,2.5L,source_reported_unverified,Gasoline,source_reported_or_inferred_unverified,Accident reported,source_text_claim_unverified,Auto House,source_reported_unverified,Dealer,source_reported_or_inferred_unverified,"2404 23rd Ave NE, CALGARY, AB, T2E8J4",source_reported_not_independently_verified,"CALGARY, AB",source_reported_not_independently_verified,,149.0,legacy_method_not_yet_disambiguated,city_center,,unavailable,https://www.autotrader.ca/offers/subaru-forester-convenience-backup-camera-lane-assist-push-button-gasoline-black-cat_ma67gr201384tr15009-19a171ca-a132-4d1b-a523-79ad5c66c587,source_reported_unverified,4,25988,25988,0,0,No change noted,Unchanged for 4 weeks,
1,subaru_forester,autotrader,listing_a5fcb175010b5845483cfb9e,observation_9f88d115e1fd6bafce4c8a28,516799d1-1849-47f3-887a-8e34e1646b86,source_identifier_claim_not_vin,unverified_source_claims,data/subaru_forester/evidence/autotrader/raw_latest.jsonl#record=28,data/subaru_forester/evidence/autotrader/normalized_latest.jsonl#source_record_index=28,DISABLED_MANUAL_REVIEW_REQUIRED,manual_review_required,success,clean,,success,2026-07-22T18:46:09+00:00,2022,source_reported_unverified,Subaru,source_reported_or_configured_unverified,Forester,source_reported_or_configured_unverified,Premier AWD | Surround View Monitor | Ventilated S,source_reported_unverified,36597,source_reported_unverified,77144,source_reported_unverified,2.5L,source_reported_unverified,Gasoline,source_reported_or_inferred_unverified,Accident reported,source_text_claim_unverified,Kia Red Deer,source_reported_unverified,Dealer,source_reported_or_inferred_unverified,"2949 50 Ave, Red Deer, AB, T4R1H1",source_reported_not_independently_verified,"Red Deer, AB",source_reported_not_independently_verified,,3.0,legacy_method_not_yet_disambiguated,address,,unavailable,https://www.autotrader.ca/offers/subaru-forester-premier-awd-surround-view-monitor-ventilated-s-gasoline-white-cat_ma67gr201384tr15022-516799d1-1849-47f3-887a-8e34e1646b86,source_reported_unverified,7,37288,36597,0,-691,No change noted,Down $691 over 7 weeks,
1,subaru_forester,autotrader,listing_aa24752a44519d094f4e2d42,observation_41c6b9581fc919c87c8145d8,416ca519-b412-4db2-bcd3-34bd0bf0d693,source_identifier_claim_not_vin,unverified_source_claims,data/subaru_forester/evidence/autotrader/raw_latest.jsonl#record=26,data/subaru_forester/evidence/autotrader/normalized_latest.jsonl#source_record_index=26,DISABLED_MANUAL_REVIEW_REQUIRED,manual_review_required,success,clean,,success,2026-07-22T18:46:09+00:00,2022,source_reported_unverified,Subaru,source_reported_or_configured_unverified,Forester,source_reported_or_configured_unverified,Sport | AWD | Heated Seats & Wheel,source_reported_unverified,33398,source_reported_unverified,75848,source_reported_unverified,,unknown,Gasoline,source_reported_or_inferred_unverified,,unknown,Dodge City Auto,source_reported_unverified,Dealer,source_reported_or_inferred_unverified,"2200 8th Street East, SASKATOON, SK, S7H 0V3",source_reported_not_independently_verified,"SASKATOON, SK",source_reported_not_independently_verified,,542.0,legacy_method_not_yet_disambiguated,address,,unavailable,https://www.autotrader.ca/offers/subaru-forester-sport-awd-heated-seats-wheel-gasoline-white-cat_ma67gr201384tr7238-416ca519-b412-4db2-bcd3-34bd0bf0d693,source_reported_unverified,1,33398,33398,0,0,No change noted,Unchanged for 1 weeks,
1,subaru_forester,autotrader,listing_fef913dc72512a11eaa54e44,observation_bb8a52ae90ea90a8ba7db2e0,44c9d1f5-695e-4299-b980-d8aa207447cc,source_identifier_claim_not_vin,unverified_source_claims,data/subaru_forester/evidence/autotrader/raw_latest.jsonl#record=16,data/subaru_forester/evidence/autotrader/normalized_latest.jsonl#source_record_index=16,DISABLED_MANUAL_REVIEW_REQUIRED,manual_review_required,success,clean,,success,2026-07-22T18:46:09+00:00,2022,source_reported_unverified,Subaru,source_reported_or_configured_unverified,Forester,source_reported_or_configured_unverified,Convenience CarPlay Dual Zone Climate Control,source_reported_unverified,25977,source_reported_unverified,100939,source_reported_unverified,2.5L,source_reported_unverified,Gasoline,source_reported_or_inferred_unverified,,unknown,Go Auto Sherwood Park,source_reported_unverified,Dealer,source_reported_or_inferred_unverified,"2335 Broadmoor Blvd, Sherwood Park, AB, T8H 1N1",source_reported_not_independently_verified,"Sherwood Park, AB",source_reported_not_independently_verified,,166.0,legacy_method_not_yet_disambiguated,address,,unavailable,https://www.autotrader.ca/offers/subaru-forester-convenience-carplay-dual-zone-climate-control-gasoline-silver-cat_ma67gr201384tr15009-44c9d1f5-695e-4299-b980-d8aa207447cc,source_reported_unverified,9,27977,25977,0,-2000,"Reduced from $ 27,977,-","Down $2,000 over 9 weeks",
1,subaru_forester,autotrader,listing_463eafb6d8dfad985042c10a,observation_248b3364647bd9d5799d083f,30aa9e1f-c0de-460f-961f-68130c90f471,source_identifier_claim_not_vin,unverified_source_claims,data/subaru_forester/evidence/autotrader/raw_latest.jsonl#record=0,data/subaru_forester/evidence/autotrader/normalized_latest.jsonl#source_record_index=0,DISABLED_MANUAL_REVIEW_REQUIRED,manual_review_required,success,clean,,success,2026-07-22T18:46:09+00:00,2023,source_reported_unverified,Subaru,source_reported_or_configured_unverified,Forester,source_reported_or_configured_unverified,TOURING AWD PANORAMIC SUNROOF HEATED WHEEL,source_reported_unverified,31977,source_reported_unverified,56618,source_reported_unverified,2.5L,source_reported_unverified,Gasoline,source_reported_or_inferred_unverified,,unknown,Go Auto Sherwood Park,source_reported_unverified,Dealer,source_reported_or_inferred_unverified,"2335 Broadmoor Blvd, Sherwood Park, AB, T8H 1N1",source_reported_not_independently_verified,"Sherwood Park, AB",source_reported_not_independently_verified,,166.0,legacy_method_not_yet_disambiguated,address,,unavailable,https://www.autotrader.ca/offers/subaru-forester-touring-awd-panoramic-sunroof-heated-wheel-gasoline-cat_ma67gr201384tr15027-30aa9e1f-c0de-460f-961f-68130c90f471,source_reported_unverified,7,31977,31977,0,0,No change noted,Unchanged for 7 weeks,
1,subaru_forester,autotrader,listing_6da6aaf5cb8a4921c213c615,observation_e1b597889729c626489595e3,4ed9e815-eccb-4c0c-ace6-303d765d6b96,source_identifier_claim_not_vin,unverified_source_claims,data/subaru_forester/evidence/autotrader/raw_latest.jsonl#record=6,data/subaru_forester/evidence/autotrader/normalized_latest.jsonl#source_record_index=6,DISABLED_MANUAL_REVIEW_REQUIRED,manual_review_required,success,clean,,success,2026-07-22T18:46:09+00:00,2023,source_reported_unverified,Subaru,source_reported_or_configured_unverified,Forester,source_reported_or_configured_unverified,Wilderness CVT,source_reported_unverified,37497,source_reported_unverified,42554,source_reported_unverified,2.5L,source_reported_unverified,Gasoline,source_reported_or_inferred_unverified,,unknown,Go Kia South,source_reported_unverified,Dealer,source_reported_or_inferred_unverified,"3030 Gateway Blvd, EDMONTON, AB, T6J 6V4",source_reported_not_independently_verified,"EDMONTON, AB",source_reported_not_independently_verified,,144.0,legacy_method_not_yet_disambiguated,address,,unavailable,https://www.autotrader.ca/offers/subaru-forester-wilderness-cvt-gasoline-blue-cat_ma67gr201384tr15028-4ed9e815-eccb-4c0c-ace6-303d765d6b96,source_reported_unverified,1,37497,37497,0,0,No change noted,Unchanged for 1 weeks,
1,subaru_forester,autotrader,listing_b2884c1071d3a2672b92ef77,observation_8aad7293bb60a16cf245468a,b08eb0cb-cbd6-481e-97e1-753a8fcc635c,source_identifier_claim_not_vin,unverified_source_claims,data/subaru_forester/evidence/autotrader/raw_latest.jsonl#record=29,data/subaru_forester/evidence/autotrader/normalized_latest.jsonl#source_record_index=29,DISABLED_MANUAL_REVIEW_REQUIRED,manual_review_required,success,clean,,success,2026-07-22T18:46:09+00:00,2023,source_reported_unverified,Subaru,source_reported_or_configured_unverified,Forester,source_reported_or_configured_unverified,2.5L CVT Fresh Trade! No Accidents!,source_reported_unverified,28499,source_reported_unverified,58396,source_reported_unverified,2.5L,source_reported_unverified,Gasoline,source_reported_or_inferred_unverified,No accidents reported,source_text_claim_unverified,Regina Nissan,source_reported_unverified,Dealer,source_reported_or_inferred_unverified,"111 Broad St., REGINA, SK, S4R 2E4",source_reported_not_independently_verified,"REGINA, SK",source_reported_not_independently_verified,,783.0,legacy_method_not_yet_disambiguated,address,,unavailable,https://www.autotrader.ca/offers/subaru-forester-2-5l-cvt-fresh-trade-no-accidents-gasoline-white-cat_ma67gr201384-b08eb0cb-cbd6-481e-97e1-753a8fcc635c,source_reported_unverified,12,30599,28499,0,-2100,No change noted,"Down $2,100 over 12 weeks",
1,subaru_forester,autotrader,listing_d1f66ab37bfadc77a9ee3965,observation_9375422b27e3bc5b220c3b1a,571d26c3-676e-402a-9cc9-c6e1a1e89750,source_identifier_claim_not_vin,unverified_source_claims,data/subaru_forester/evidence/autotrader/raw_latest.jsonl#record=25,data/subaru_forester/evidence/autotrader/normalized_latest.jsonl#source_record_index=25,DISABLED_MANUAL_REVIEW_REQUIRED,manual_review_required,success,clean,,success,2026-07-22T18:46:09+00:00,2023,source_reported_unverified,Subaru,source_reported_or_configured_unverified,Forester,source_reported_or_configured_unverified,| Subaru EyeSight Driver Assist Technology | Backu,source_reported_unverified,28995,source_reported_unverified,114232,source_reported_unverified,2.5L,source_reported_unverified,Gasoline,source_reported_or_inferred_unverified,Accident reported,source_text_claim_unverified,Subaru Calgary,source_reported_unverified,Dealer,source_reported_or_inferred_unverified,"1100 Meridian Rd. N.E., CALGARY, AB, T2A 2N9",source_reported_not_independently_verified,"CALGARY, AB",source_reported_not_independently_verified,,149.0,legacy_method_not_yet_disambiguated,city_center,,unavailable,https://www.autotrader.ca/offers/subaru-forester-subaru-eyesight-driver-assist-technology-backu-gasoline-grey-cat_ma67gr201384-571d26c3-676e-402a-9cc9-c6e1a1e89750,source_reported_unverified,1,28995,28995,0,0,No change noted,Unchanged for 1 weeks,
1,subaru_forester,autotrader,listing_e416182cf0cd7e8968efb84e,observation_941bef62587955fc0e5d1148,581721cd-584f-4a19-9307-4f58278b7b88,source_identifier_claim_not_vin,unverified_source_claims,data/subaru_forester/evidence/autotrader/raw_latest.jsonl#record=13,data/subaru_forester/evidence/autotrader/normalized_latest.jsonl#source_record_index=13,DISABLED_MANUAL_REVIEW_REQUIRED,manual_review_required,success,clean,,success,2026-07-22T18:46:09+00:00,2023,source_reported_unverified,Subaru,source_reported_or_configured_unverified,Forester,source_reported_or_configured_unverified,"SPORT; EYESIGHT PKG, SUNROOF, AWD, HEATED SEATS/WH",source_reported_unverified,28997,source_reported_unverified,103314,source_reported_unverified,2.5L,source_reported_unverified,Gasoline,source_reported_or_inferred_unverified,,unknown,Toyota on the Trail,source_reported_unverified,Dealer,source_reported_or_inferred_unverified,"5210 Calgary Trail NW, Edmonton, AB, T6H 4J8",source_reported_not_independently_verified,"Edmonton, AB",source_reported_not_independently_verified,,147.0,legacy_method_not_yet_disambiguated,address,,unavailable,https://www.autotrader.ca/offers/subaru-forester-sport-eyesight-pkg-sunroof-awd-heated-seats-wh-gasoline-silver-cat_ma67gr201384tr7238-581721cd-584f-4a19-9307-4f58278b7b88,source_reported_unverified,3,28997,28997,0,0,No change noted,Unchanged for 3 weeks,
1,subaru_forester,autotrader,listing_ff3ea090fdf72c35f868d03d,observation_671b2de2bb406ca844555b1f,91174c9e-a9c4-4af7-ac2b-86913621ecfb,source_identifier_claim_not_vin,unverified_source_claims,data/subaru_forester/evidence/autotrader/raw_latest.jsonl#record=2,data/subaru_forester/evidence/autotrader/normalized_latest.jsonl#source_record_index=2,DISABLED_MANUAL_REVIEW_REQUIRED,manual_review_required,success,clean,,success,2026-07-22T18:46:09+00:00,2023,source_reported_unverified,Subaru,source_reported_or_configured_unverified,Forester,source_reported_or_configured_unverified,Touring  Moonroof,source_reported_unverified,30995,source_reported_unverified,78023,source_reported_unverified,2.5L,source_reported_unverified,Gasoline,source_reported_or_inferred_unverified,Accident reported,source_text_claim_unverified,South Trail Nissan,source_reported_unverified,Dealer,source_reported_or_inferred_unverified,"6603 130 Ave SE, Calgary, AB, T2Z5E1",source_reported_not_independently_verified,"Calgary, AB",source_reported_not_independently_verified,,166.0,legacy_method_not_yet_disambiguated,address,,unavailable,https://www.autotrader.ca/offers/subaru-forester-touring-moonroof-gasoline-black-cat_ma67gr201384tr15027-91174c9e-a9c4-4af7-ac2b-86913621ecfb,source_reported_unverified,9,31995,31995,-1000,-1000,"Reduced from $ 31,995,-","Down $1,000 over 9 weeks",
1,subaru_forester,autotrader,listing_081aab2852b4aec324e03562,observation_0ad3c8c379126c3991240b7d,0b6b414f-65ad-49a5-b2a5-1f285814f37c,source_identifier_claim_not_vin,unverified_source_claims,data/subaru_forester/evidence/autotrader/raw_latest.jsonl#record=30,data/subaru_forester/evidence/autotrader/normalized_latest.jsonl#source_record_index=30,DISABLED_MANUAL_REVIEW_REQUIRED,manual_review_required,success,clean,,success,2026-07-22T18:46:09+00:00,2024,source_reported_unverified,Subaru,source_reported_or_configured_unverified,Forester,source_reported_or_configured_unverified,Limited 2.5L CVT LEATHER / SUNROOF / POWER TAILGAT,source_reported_unverified,32998,source_reported_unverified,77922,source_reported_unverified,2.5L,source_reported_unverified,Gasoline,source_reported_or_inferred_unverified,,unknown,Regina Nissan,source_reported_unverified,Dealer,source_reported_or_inferred_unverified,"111 Broad St., REGINA, SK, S4R 2E4",source_reported_not_independently_verified,"REGINA, SK",source_reported_not_independently_verified,,783.0,legacy_method_not_yet_disambiguated,address,,unavailable,https://www.autotrader.ca/offers/subaru-forester-limited-2-5l-cvt-leather-sunroof-power-tailgat-gasoline-cat_ma67gr201384tr15021-0b6b414f-65ad-49a5-b2a5-1f285814f37c,source_reported_unverified,10,34998,32998,0,-2000,No change noted,"Down $2,000 over 10 weeks",
1,subaru_forester,autotrader,listing_423cc470cbab81b928783d1e,observation_efe493198452fbf88cd4612c,5c0abcc6-9741-463e-86d8-883c7ab725f4,source_identifier_claim_not_vin,unverified_source_claims,data/subaru_forester/evidence/autotrader/raw_latest.jsonl#record=24,data/subaru_forester/evidence/autotrader/normalized_latest.jsonl#source_record_index=24,DISABLED_MANUAL_REVIEW_REQUIRED,manual_review_required,success,clean,,success,2026-07-22T18:46:09+00:00,2024,source_reported_unverified,Subaru,source_reported_or_configured_unverified,Forester,source_reported_or_configured_unverified,Touring | X-MODE AWD | STARLINK | EYESIGHT,source_reported_unverified,35995,source_reported_unverified,58363,source_reported_unverified,2.5L,source_reported_unverified,Gasoline,source_reported_or_inferred_unverified,,unknown,Auto Gallery Subaru,source_reported_unverified,Dealer,source_reported_or_inferred_unverified,"609 Winnipeg Street, REGINA, SK, S4R 8P2",source_reported_not_independently_verified,"REGINA, SK",source_reported_not_independently_verified,,784.0,legacy_method_not_yet_disambiguated,address,,unavailable,https://www.autotrader.ca/offers/subaru-forester-touring-x-mode-awd-starlink-eyesight-gasoline-silver-cat_ma67gr201384tr15027-5c0abcc6-9741-463e-86d8-883c7ab725f4,source_reported_unverified,5,35995,35995,0,0,No change noted,Unchanged for 5 weeks,
1,subaru_forester,autotrader,listing_777c906a2c1136c686100228,observation_3bb25f9d948fdf9880859666,daa4c622-436a-405e-a2e5-dc3615f31904,source_identifier_claim_not_vin,unverified_source_claims,data/subaru_forester/evidence/autotrader/raw_latest.jsonl#record=7,data/subaru_forester/evidence/autotrader/normalized_latest.jsonl#source_record_index=7,DISABLED_MANUAL_REVIEW_REQUIRED,manual_review_required,success,clean,,success,2026-07-22T18:46:09+00:00,2024,source_reported_unverified,Subaru,source_reported_or_configured_unverified,Forester,source_reported_or_configured_unverified,"TOURING, 2.5L I4, AWD",source_reported_unverified,33900,source_reported_unverified,25235,source_reported_unverified,2.5L,source_reported_unverified,Gasoline,source_reported_or_inferred_unverified,Accident reported,source_text_claim_unverified,Merlin Ford,source_reported_unverified,Dealer,source_reported_or_inferred_unverified,"3750 Idylwyld Drive North, SASKATOON, SK, S7K6G3",source_reported_not_independently_verified,"SASKATOON, SK",source_reported_not_independently_verified,,543.0,legacy_method_not_yet_disambiguated,address,,unavailable,https://www.autotrader.ca/offers/subaru-forester-touring-2-5l-i4-awd-gasoline-grey-cat_ma67gr201384tr15027-daa4c622-436a-405e-a2e5-dc3615f31904,source_reported_unverified,6,35900,33900,0,-2000,"Reduced from $ 34,900,-","Down $2,000 over 6 weeks",
1,subaru_forester,autotrader,listing_bf2fbbcf08c6f9c8758a2957,observation_29fd03ee2e07887e24285b02,2b2d9ad1-a84f-4226-80f1-62a6d1159c98,source_identifier_claim_not_vin,unverified_source_claims,data/subaru_forester/evidence/autotrader/raw_latest.jsonl#record=3,data/subaru_forester/evidence/autotrader/normalized_latest.jsonl#source_record_index=3,DISABLED_MANUAL_REVIEW_REQUIRED,manual_review_required,success,clean,,success,2026-07-22T18:46:09+00:00,2024,source_reported_unverified,Subaru,source_reported_or_configured_unverified,Forester,source_reported_or_configured_unverified,Touring,source_reported_unverified,33759,source_reported_unverified,61910,source_reported_unverified,2.5L,source_reported_unverified,Gasoline,source_reported_or_inferred_unverified,,unknown,Capital Chevrolet Buick GMC Calgary,source_reported_unverified,Dealer,source_reported_or_inferred_unverified,"13103 Lake Fraser Drive South East, Calgary, AB, T2J3H5",source_reported_not_independently_verified,"Calgary, AB",source_reported_not_independently_verified,,149.0,legacy_method_not_yet_disambiguated,city_center,,unavailable,https://www.autotrader.ca/offers/subaru-forester-touring-gasoline-silver-cat_ma67gr201384tr15027-2b2d9ad1-a84f-4226-80f1-62a6d1159c98,source_reported_unverified,7,35110,34384,-625,-1351,No change noted,"Down $1,351 over 7 weeks",
1,subaru_forester,autotrader,listing_c82b3d95aa36d9e95bfd3b18,observation_6dc1fc113f21b62dfcf3c1fb,8640e053-d684-4d4d-bc2f-4d350dd5d59b,source_identifier_claim_not_vin,unverified_source_claims,data/subaru_forester/evidence/autotrader/raw_latest.jsonl#record=27,data/subaru_forester/evidence/autotrader/normalized_latest.jsonl#source_record_index=27,DISABLED_MANUAL_REVIEW_REQUIRED,manual_review_required,success,clean,,success,2026-07-22T18:46:09+00:00,2024,source_reported_unverified,Subaru,source_reported_or_configured_unverified,Forester,source_reported_or_configured_unverified,"One Owner, Sunroof, Apple CarPlay, Driver Assist",source_reported_unverified,29998,source_reported_unverified,111497,source_reported_unverified,2.5L,source_reported_unverified,Gasoline,source_reported_or_inferred_unverified,,unknown,Porsche Centre Edmonton,source_reported_unverified,Dealer,source_reported_or_inferred_unverified,"18125 Stony Plain Rd, EDMONTON, AB, T5S 1B1",source_reported_not_independently_verified,"EDMONTON, AB",source_reported_not_independently_verified,,163.0,legacy_method_not_yet_disambiguated,address,,unavailable,https://www.autotrader.ca/offers/subaru-forester-one-owner-sunroof-apple-carplay-driver-assist-gasoline-white-cat_ma67gr201384tr15027-8640e053-d684-4d4d-bc2f-4d350dd5d59b,source_reported_unverified,4,32475,31238,-1240,-2477,No change noted,"Down $2,477 over 4 weeks",
1,subaru_forester,kijiji,listing_286a9a0e6e110f389f4650e6,observation_db011a637a8038ccc7e21492,1736868827,source_identifier_claim_not_vin,unverified_source_claims,data/subaru_forester/evidence/kijiji/raw_latest.jsonl#record=16,data/subaru_forester/evidence/kijiji/normalized_latest.jsonl#source_record_index=16,DISABLED_MANUAL_REVIEW_REQUIRED,location_verification_required,success,warnings_present,unverified_kijiji_location,success,2026-07-22T18:47:46+00:00,2019,source_reported_unverified,Subaru,source_reported_or_configured_unverified,Forester,source_reported_or_configured_unverified,convenience,source_reported_unverified,25873,source_reported_unverified,94670,source_reported_unverified,,unknown,Gas,source_reported_or_inferred_unverified,,unknown,,unknown,Dealer,source_reported_or_inferred_unverified,,quarantined_unverified_search_origin,,quarantined_unverified_search_origin,"Canmore, AB",,disabled_due_to_unverified_location,disabled_unverified_location,grande-prairie,unverified_url_evidence,https://www.kijiji.ca/v-cars-trucks/grande-prairie/2019-subaru-forester-convenience/1736868827,source_reported_unverified,11,27192,25873,0,-1319,No change noted,"Down $1,319 over 11 weeks",
1,subaru_forester,kijiji,listing_53a24bf10edfb018ddf94ae9,observation_4ff8c4b4ea02315702804a4a,1739918288,source_identifier_claim_not_vin,unverified_source_claims,data/subaru_forester/evidence/kijiji/raw_latest.jsonl#record=14,data/subaru_forester/evidence/kijiji/normalized_latest.jsonl#source_record_index=14,DISABLED_MANUAL_REVIEW_REQUIRED,location_verification_required,success,warnings_present,unverified_kijiji_location,success,2026-07-22T18:47:46+00:00,2019,source_reported_unverified,Subaru,source_reported_or_configured_unverified,Forester,source_reported_or_configured_unverified,sport,source_reported_unverified,23995,source_reported_unverified,97700,source_reported_unverified,,unknown,Gas,source_reported_or_inferred_unverified,,unknown,,unknown,Private,source_reported_or_inferred_unverified,,quarantined_unverified_search_origin,,quarantined_unverified_search_origin,"Canmore, AB",,disabled_due_to_unverified_location,disabled_unverified_location,annapolis-valley,unverified_url_evidence,https://www.kijiji.ca/v-cars-trucks/annapolis-valley/2019-subaru-forester-sport-w-eyesight-awd-low-km-loaded/1739918288,source_reported_unverified,3,23995,23995,0,0,No change noted,Unchanged for 3 weeks,
1,subaru_forester,kijiji,listing_5e71c7b1856a3dc1d303a492,observation_133c3cdc5c94188a5600f066,1740104937,source_identifier_claim_not_vin,unverified_source_claims,data/subaru_forester/evidence/kijiji/raw_latest.jsonl#record=7,data/subaru_forester/evidence/kijiji/normalized_latest.jsonl#source_record_index=7,DISABLED_MANUAL_REVIEW_REQUIRED,location_verification_required,success,warnings_present,unverified_kijiji_location,success,2026-07-22T18:47:46+00:00,2019,source_reported_unverified,Subaru,source_reported_or_configured_unverified,Forester,source_reported_or_configured_unverified,,unknown,20999,source_reported_unverified,145114,source_reported_unverified,,unknown,Gas,source_reported_or_inferred_unverified,No accidents reported,source_text_claim_unverified,,unknown,Dealer,source_reported_or_inferred_unverified,,quarantined_unverified_search_origin,,quarantined_unverified_search_origin,"Canmore, AB",,disabled_due_to_unverified_location,disabled_unverified_location,grande-prairie,unverified_url_evidence,https://www.kijiji.ca/v-cars-trucks/grande-prairie/2019-subaru-forester-2-5i-premier-no-accidents-awd-eyesig/1740104937,source_reported_unverified,2,20999,20999,0,0,No change noted,Unchanged for 2 weeks,
1,subaru_forester,kijiji,listing_60234bfad258010439a7b345,observation_44c1aef93dc15e71c8a3fffc,1729441997,source_identifier_claim_not_vin,unverified_source_claims,data/subaru_forester/evidence/kijiji/raw_latest.jsonl#record=1,data/subaru_forester/evidence/kijiji/normalized_latest.jsonl#source_record_index=1,DISABLED_MANUAL_REVIEW_REQUIRED,location_verification_required,success,warnings_present,unverified_kijiji_location,success,2026-07-22T18:47:46+00:00,2019,source_reported_unverified,Subaru,source_reported_or_configured_unverified,Forester,source_reported_or_configured_unverified,,unknown,15950,source_reported_unverified,186124,source_reported_unverified,,unknown,Gas,source_reported_or_inferred_unverified,,unknown,,unknown,Private,source_reported_or_inferred_unverified,,quarantined_unverified_search_origin,,quarantined_unverified_search_origin,"Canmore, AB",,disabled_due_to_unverified_location,disabled_unverified_location,ville-de-quebec,unverified_url_evidence,https://www.kijiji.ca/v-cars-trucks/ville-de-quebec/forester-2-5i-automatique-awd-garantie-12m-bluetooth-camera-sieg/1729441997,source_reported_unverified,10,15950,15950,0,0,No change noted,Unchanged for 10 weeks,
1,subaru_forester,kijiji,listing_64848ae74c9325658f28effd,observation_abe5e234430464197493613e,1740294530,source_identifier_claim_not_vin,unverified_source_claims,data/subaru_forester/evidence/kijiji/raw_latest.jsonl#record=12,data/subaru_forester/evidence/kijiji/normalized_latest.jsonl#source_record_index=12,DISABLED_MANUAL_REVIEW_REQUIRED,location_verification_required,success,warnings_present,unverified_kijiji_location,success,2026-07-22T18:47:46+00:00,2019,source_reported_unverified,Subaru,source_reported_or_configured_unverified,Forester,source_reported_or_configured_unverified,touring,source_reported_unverified,23435,source_reported_unverified,56171,source_reported_unverified,,unknown,Gas,source_reported_or_inferred_unverified,,unknown,,unknown,Private,source_reported_or_inferred_unverified,,quarantined_unverified_search_origin,,quarantined_unverified_search_origin,"Canmore, AB",,disabled_due_to_unverified_location,disabled_unverified_location,ville-de-montreal,unverified_url_evidence,https://www.kijiji.ca/v-cars-trucks/ville-de-montreal/2019-subaru-forester-touring-awd-cruise-mags-nouvel-arrivage/1740294530,source_reported_unverified,1,23495,23495,-60,-60,No change noted,Down $60 over 1 weeks,
1,subaru_forester,kijiji,listing_66026f179cef048ea7e9690c,observation_7161f9ab8ea68da25ab0806a,1740933152,source_identifier_claim_not_vin,unverified_source_claims,data/subaru_forester/evidence/kijiji/raw_latest.jsonl#record=15,data/subaru_forester/evidence/kijiji/normalized_latest.jsonl#source_record_index=15,DISABLED_MANUAL_REVIEW_REQUIRED,location_verification_required,success,warnings_present,unverified_kijiji_location,success,2026-07-22T18:47:46+00:00,2019,source_reported_unverified,Subaru,source_reported_or_configured_unverified,Forester,source_reported_or_configured_unverified,convenience,source_reported_unverified,24995,source_reported_unverified,54011,source_reported_unverified,,unknown,Gas,source_reported_or_inferred_unverified,,unknown,,unknown,Private,source_reported_or_inferred_unverified,,quarantined_unverified_search_origin,,quarantined_unverified_search_origin,"Canmore, AB",,disabled_due_to_unverified_location,disabled_unverified_location,belleville,unverified_url_evidence,https://www.kijiji.ca/v-cars-trucks/belleville/subaru-forester-x-convenience-2019/1740933152,source_reported_unverified,0,24995,24995,0,0,No change noted,First seen this week,
1,subaru_forester,kijiji,listing_66b12a8475ea92bc76ce2f18,observation_a74f140dd0c646f9fc5b2a72,1738419499,source_identifier_claim_not_vin,unverified_source_claims,data/subaru_forester/evidence/kijiji/raw_latest.jsonl#record=8,data/subaru_forester/evidence/kijiji/normalized_latest.jsonl#source_record_index=8,DISABLED_MANUAL_REVIEW_REQUIRED,location_verification_required,success,warnings_present,unverified_kijiji_location,success,2026-07-22T18:47:46+00:00,2019,source_reported_unverified,Subaru,source_reported_or_configured_unverified,Forester,source_reported_or_configured_unverified,convenience,source_reported_unverified,21190,source_reported_unverified,102401,source_reported_unverified,,unknown,Gas,source_reported_or_inferred_unverified,,unknown,,unknown,Private,source_reported_or_inferred_unverified,,quarantined_unverified_search_origin,,quarantined_unverified_search_origin,"Canmore, AB",,disabled_due_to_unverified_location,disabled_unverified_location,bedford,unverified_url_evidence,https://www.kijiji.ca/v-cars-trucks/bedford/2019-subaru-forester-2-5i-convenience/1738419499,source_reported_unverified,2,21390,21190,0,-200,No change noted,Down $200 over 2 weeks,
1,subaru_forester,kijiji,listing_788b2abded4c28bd093ff3a4,observation_7d1381b1e2faea0698356c3e,1740580550,source_identifier_claim_not_vin,unverified_source_claims,data/subaru_forester/evidence/kijiji/raw_latest.jsonl#record=4,data/subaru_forester/evidence/kijiji/normalized_latest.jsonl#source_record_index=4,DISABLED_MANUAL_REVIEW_REQUIRED,location_verification_required,success,warnings_present,unverified_kijiji_location,success,2026-07-22T18:47:46+00:00,2019,source_reported_unverified,Subaru,source_reported_or_configured_unverified,Forester,source_reported_or_configured_unverified,,unknown,17493,source_reported_unverified,134363,source_reported_unverified,,unknown,Gas,source_reported_or_inferred_unverified,,unknown,,unknown,Private,source_reported_or_inferred_unverified,,quarantined_unverified_search_origin,,quarantined_unverified_search_origin,"Canmore, AB",,disabled_due_to_unverified_location,disabled_unverified_location,longueuil-rive-sud,unverified_url_evidence,https://www.kijiji.ca/v-cars-trucks/longueuil-rive-sud/2019-subaru-forester-camera-recul-carplay-eyesight-siege-chau/1740580550,source_reported_unverified,1,17493,17493,0,0,No change noted,Unchanged for 1 weeks,
1,subaru_forester,kijiji,listing_8b2a204b18212691b54ad615,observation_b91aa65b2a500d0e6288c950,1738599500,source_identifier_claim_not_vin,unverified_source_claims,data/subaru_forester/evidence/kijiji/raw_latest.jsonl#record=2,data/subaru_forester/evidence/kijiji/normalized_latest.jsonl#source_record_index=2,DISABLED_MANUAL_REVIEW_REQUIRED,location_verification_required,success,warnings_present,unverified_kijiji_location,success,2026-07-22T18:47:46+00:00,2019,source_reported_unverified,Subaru,source_reported_or_configured_unverified,Forester,source_reported_or_configured_unverified,convenience,source_reported_unverified,15995,source_reported_unverified,169000,source_reported_unverified,,unknown,Gas,source_reported_or_inferred_unverified,,unknown,,unknown,Dealer,source_reported_or_inferred_unverified,,quarantined_unverified_search_origin,,quarantined_unverified_search_origin,"Canmore, AB",,disabled_due_to_unverified_location,disabled_unverified_location,fredericton,unverified_url_evidence,https://www.kijiji.ca/v-cars-trucks/fredericton/2019-subaru-forester-2-5i-convenience-heated-seats-backup-ca/1738599500,source_reported_unverified,8,15995,15995,0,0,No change noted,Unchanged for 8 weeks,
1,subaru_forester,kijiji,listing_8d96544c3b46da36b0fbc06e,observation_334d37d7818e6a74a4bc577e,1740550339,source_identifier_claim_not_vin,unverified_source_claims,data/subaru_forester/evidence/kijiji/raw_latest.jsonl#record=6,data/subaru_forester/evidence/kijiji/normalized_latest.jsonl#source_record_index=6,DISABLED_MANUAL_REVIEW_REQUIRED,location_verification_required,success,warnings_present,unverified_kijiji_location,success,2026-07-22T18:47:46+00:00,2019,source_reported_unverified,Subaru,source_reported_or_configured_unverified,Forester,source_reported_or_configured_unverified,limited,source_reported_unverified,20000,source_reported_unverified,151204,source_reported_unverified,2.5L,source_reported_unverified,Gas,source_reported_or_inferred_unverified,,unknown,,unknown,Private,source_reported_or_inferred_unverified,,quarantined_unverified_search_origin,,quarantined_unverified_search_origin,"Regina, SK",,disabled_due_to_unverified_location,disabled_unverified_location,winnipeg,unverified_url_evidence,https://www.kijiji.ca/v-cars-trucks/winnipeg/subaru-forester-limited-2-5l/1740550339,source_reported_unverified,1,20000,20000,0,0,No change noted,Unchanged for 1 weeks,
1,subaru_forester,kijiji,listing_94c14893ed8d456071cc51f9,observation_710d26fcf66edb0097f29ced,1738795946,source_identifier_claim_not_vin,unverified_source_claims,data/subaru_forester/evidence/kijiji/raw_latest.jsonl#record=3,data/subaru_forester/evidence/kijiji/normalized_latest.jsonl#source_record_index=3,DISABLED_MANUAL_REVIEW_REQUIRED,location_verification_required,success,warnings_present,unverified_kijiji_location,success,2026-07-22T18:47:46+00:00,2019,source_reported_unverified,Subaru,source_reported_or_configured_unverified,Forester,source_reported_or_configured_unverified,convenience,source_reported_unverified,16900,source_reported_unverified,90000,source_reported_unverified,,unknown,Gas,source_reported_or_inferred_unverified,,unknown,,unknown,Private,source_reported_or_inferred_unverified,,quarantined_unverified_search_origin,,quarantined_unverified_search_origin,"Calgary, AB",,disabled_due_to_unverified_location,disabled_unverified_location,calgary,unverified_url_evidence,https://www.kijiji.ca/v-cars-trucks/calgary/2019-subaru-forester/1738795946,source_reported_unverified,8,16900,16900,0,0,No change noted,Unchanged for 8 weeks,
1,subaru_forester,kijiji,listing_96536b741bd80d982d4dfd6d,observation_8c1b2f0d56c1951344d3cfcd,1739060814,source_identifier_claim_not_vin,unverified_source_claims,data/subaru_forester/evidence/kijiji/raw_latest.jsonl#record=10,data/subaru_forester/evidence/kijiji/normalized_latest.jsonl#source_record_index=10,DISABLED_MANUAL_REVIEW_REQUIRED,location_verification_required,success,warnings_present,unverified_kijiji_location,success,2026-07-22T18:47:46+00:00,2019,source_reported_unverified,Subaru,source_reported_or_configured_unverified,Forester,source_reported_or_configured_unverified,touring,source_reported_unverified,22975,source_reported_unverified,111746,source_reported_unverified,,unknown,Gas,source_reported_or_inferred_unverified,,unknown,,unknown,Dealer,source_reported_or_inferred_unverified,,quarantined_unverified_search_origin,,quarantined_unverified_search_origin,"Calgary, AB",,disabled_due_to_unverified_location,disabled_unverified_location,calgary,unverified_url_evidence,https://www.kijiji.ca/v-cars-trucks/calgary/2019-subaru-forester/1739060814,source_reported_unverified,7,25110,22975,0,-2135,No change noted,"Down $2,135 over 7 weeks",
1,subaru_forester,kijiji,listing_a9cd39d04954b013347eb046,observation_ebc5abac042ee19b6e333ca2,1740925716,source_identifier_claim_not_vin,unverified_source_claims,data/subaru_forester/evidence/kijiji/raw_latest.jsonl#record=0,data/subaru_forester/evidence/kijiji/normalized_latest.jsonl#source_record_index=0,DISABLED_MANUAL_REVIEW_REQUIRED,location_verification_required,success,warnings_present,unverified_kijiji_location,success,2026-07-22T18:47:46+00:00,2019,source_reported_unverified,Subaru,source_reported_or_configured_unverified,Forester,source_reported_or_configured_unverified,touring,source_reported_unverified,15000,source_reported_unverified,121926,source_reported_unverified,,unknown,Gas,source_reported_or_inferred_unverified,,unknown,,unknown,Private,source_reported_or_inferred_unverified,,quarantined_unverified_search_origin,,quarantined_unverified_search_origin,"Regina, SK",,disabled_due_to_unverified_location,disabled_unverified_location,winnipeg,unverified_url_evidence,https://www.kijiji.ca/v-cars-trucks/winnipeg/2019-subaru-forester-2-5i-touring-clea-title-as-is/1740925716,source_reported_unverified,0,15000,15000,0,0,No change noted,First seen this week,
1,subaru_forester,kijiji,listing_b54287538cba6cc49dc5e328,observation_c4332c09e9a350a12866080c,1733311836,source_identifier_claim_not_vin,unverified_source_claims,data/subaru_forester/evidence/kijiji/raw_latest.jsonl#record=9,data/subaru_forester/evidence/kijiji/normalized_latest.jsonl#source_record_index=9,DISABLED_MANUAL_REVIEW_REQUIRED,location_verification_required,success,warnings_present,unverified_kijiji_location,success,2026-07-22T18:47:46+00:00,2019,source_reported_unverified,Subaru,source_reported_or_configured_unverified,Forester,source_reported_or_configured_unverified,limited,source_reported_unverified,21995,source_reported_unverified,174000,source_reported_unverified,,unknown,Gas,source_reported_or_inferred_unverified,,unknown,,unknown,Private,source_reported_or_inferred_unverified,,quarantined_unverified_search_origin,,quarantined_unverified_search_origin,"Canmore, AB",,disabled_due_to_unverified_location,disabled_unverified_location,fredericton,unverified_url_evidence,https://www.kijiji.ca/v-cars-trucks/fredericton/2019-subaru-forester-limited/1733311836,source_reported_unverified,11,21995,21995,0,0,No change noted,Unchanged for 11 weeks,
1,subaru_forester,kijiji,listing_b9a6fa972520f5955fcdce8e,observation_3b1b949391b798ba0cbc87f5,1740606317,source_identifier_claim_not_vin,unverified_source_claims,data/subaru_forester/evidence/kijiji/raw_latest.jsonl#record=13,data/subaru_forester/evidence/kijiji/normalized_latest.jsonl#source_record_index=13,DISABLED_MANUAL_REVIEW_REQUIRED,location_verification_required,success,warnings_present,unverified_kijiji_location,success,2026-07-22T18:47:46+00:00,2019,source_reported_unverified,Subaru,source_reported_or_configured_unverified,Forester,source_reported_or_configured_unverified,,unknown,23995,source_reported_unverified,95121,source_reported_unverified,,unknown,Gas,source_reported_or_inferred_unverified,,unknown,,unknown,Private,source_reported_or_inferred_unverified,,quarantined_unverified_search_origin,,quarantined_unverified_search_origin,"Canmore, AB",,disabled_due_to_unverified_location,disabled_unverified_location,bedford,unverified_url_evidence,https://www.kijiji.ca/v-cars-trucks/bedford/2019-subaru-forester-premier-w-eyesight-one-owner-brown-leath/1740606317,source_reported_unverified,1,23995,23995,0,0,No change noted,Unchanged for 1 weeks,
1,subaru_forester,kijiji,listing_d197866496ec4e04ba385d04,observation_d28866d345b45e1959ff2b0d,1740690889,source_identifier_claim_not_vin,unverified_source_claims,data/subaru_forester/evidence/kijiji/raw_latest.jsonl#record=11,data/subaru_forester/evidence/kijiji/normalized_latest.jsonl#source_record_index=11,DISABLED_MANUAL_REVIEW_REQUIRED,location_verification_required,success,warnings_present,unverified_kijiji_location,success,2026-07-22T18:47:46+00:00,2019,source_reported_unverified,Subaru,source_reported_or_configured_unverified,Forester,source_reported_or_configured_unverified,limited,source_reported_unverified,22995,source_reported_unverified,148042,source_reported_unverified,,unknown,Gas,source_reported_or_inferred_unverified,,unknown,,unknown,Private,source_reported_or_inferred_unverified,,quarantined_unverified_search_origin,,quarantined_unverified_search_origin,"Regina, SK",,disabled_due_to_unverified_location,disabled_unverified_location,winnipeg,unverified_url_evidence,https://www.kijiji.ca/v-cars-trucks/winnipeg/2019-subaru-forester-limited/1740690889,source_reported_unverified,1,22995,22995,0,0,No change noted,Unchanged for 1 weeks,
1,subaru_forester,kijiji,listing_e2e4d4dff9a1f09ce375b9a6,observation_3fdb8ad91d524e46f8427370,1740420392,source_identifier_claim_not_vin,unverified_source_claims,data/subaru_forester/evidence/kijiji/raw_latest.jsonl#record=17,data/subaru_forester/evidence/kijiji/normalized_latest.jsonl#source_record_index=17,DISABLED_MANUAL_REVIEW_REQUIRED,location_verification_required,success,warnings_present,unverified_kijiji_location,success,2026-07-22T18:47:46+00:00,2019,source_reported_unverified,Subaru,source_reported_or_configured_unverified,Forester,source_reported_or_configured_unverified,limited,source_reported_unverified,25933,source_reported_unverified,85440,source_reported_unverified,,unknown,Gas,source_reported_or_inferred_unverified,,unknown,,unknown,Private,source_reported_or_inferred_unverified,,quarantined_unverified_search_origin,,quarantined_unverified_search_origin,"Canmore, AB",,disabled_due_to_unverified_location,disabled_unverified_location,thunder-bay,unverified_url_evidence,https://www.kijiji.ca/v-cars-trucks/thunder-bay/2019-subaru-forester-2-5i-limited/1740420392,source_reported_unverified,2,25933,25933,0,0,No change noted,Unchanged for 2 weeks,
1,subaru_forester,kijiji,listing_e501173e7d0a1c461319b6c2,observation_31ef1098e51d81ecc2b26028,1739358837,source_identifier_claim_not_vin,unverified_source_claims,data/subaru_forester/evidence/kijiji/raw_latest.jsonl#record=5,data/subaru_forester/evidence/kijiji/normalized_latest.jsonl#source_record_index=5,DISABLED_MANUAL_REVIEW_REQUIRED,location_verification_required,success,warnings_present,unverified_kijiji_location,success,2026-07-22T18:47:46+00:00,2019,source_reported_unverified,Subaru,source_reported_or_configured_unverified,Forester,source_reported_or_configured_unverified,,unknown,19308,source_reported_unverified,182025,source_reported_unverified,,unknown,Gas,source_reported_or_inferred_unverified,,unknown,,unknown,Dealer,source_reported_or_inferred_unverified,,quarantined_unverified_search_origin,,quarantined_unverified_search_origin,"Canmore, AB",,disabled_due_to_unverified_location,disabled_unverified_location,grande-prairie,unverified_url_evidence,https://www.kijiji.ca/v-cars-trucks/grande-prairie/2019-subaru-forester-premier/1739358837,source_reported_unverified,5,19708,19308,0,-400,No change noted,Down $400 over 5 weeks,
1,subaru_forester,kijiji,listing_0c002d140c161a4ebf119fb6,observation_7d09229dba712b96f869d1df,1740578471,source_identifier_claim_not_vin,unverified_source_claims,data/subaru_forester/evidence/kijiji/raw_latest.jsonl#record=23,data/subaru_forester/evidence/kijiji/normalized_latest.jsonl#source_record_index=23,DISABLED_MANUAL_REVIEW_REQUIRED,location_verification_required,success,warnings_present,unverified_kijiji_location,success,2026-07-22T18:47:46+00:00,2020,source_reported_unverified,Subaru,source_reported_or_configured_unverified,Forester,source_reported_or_configured_unverified,convenience,source_reported_unverified,24993,source_reported_unverified,31199,source_reported_unverified,,unknown,Gas,source_reported_or_inferred_unverified,,unknown,,unknown,Private,source_reported_or_inferred_unverified,,quarantined_unverified_search_origin,,quarantined_unverified_search_origin,"Canmore, AB",,disabled_due_to_unverified_location,disabled_unverified_location,longueuil-rive-sud,unverified_url_evidence,https://www.kijiji.ca/v-cars-trucks/longueuil-rive-sud/2020-subaru-forester-convenience-camera-recul-carplay/1740578471,source_reported_unverified,1,24993,24993,0,0,No change noted,Unchanged for 1 weeks,
1,subaru_forester,kijiji,listing_2070bc2ea8f61b57c70d73d1,observation_88b54763aee29eb58e2afd5d,1740035624,source_identifier_claim_not_vin,unverified_source_claims,data/subaru_forester/evidence/kijiji/raw_latest.jsonl#record=22,data/subaru_forester/evidence/kijiji/normalized_latest.jsonl#source_record_index=22,DISABLED_MANUAL_REVIEW_REQUIRED,location_verification_required,success,warnings_present,unverified_kijiji_location,success,2026-07-22T18:47:46+00:00,2020,source_reported_unverified,Subaru,source_reported_or_configured_unverified,Forester,source_reported_or_configured_unverified,touring,source_reported_unverified,24693,source_reported_unverified,61620,source_reported_unverified,,unknown,Gas,source_reported_or_inferred_unverified,,unknown,,unknown,Private,source_reported_or_inferred_unverified,,quarantined_unverified_search_origin,,quarantined_unverified_search_origin,"Canmore, AB",,disabled_due_to_unverified_location,disabled_unverified_location,longueuil-rive-sud,unverified_url_evidence,https://www.kijiji.ca/v-cars-trucks/longueuil-rive-sud/2020-subaru-forester-touring-eyesight-camera-de-recul-banc-c/1740035624,source_reported_unverified,3,24993,24693,0,-300,No change noted,Down $300 over 3 weeks,
1,subaru_forester,kijiji,listing_407a23f433256f461e171cf0,observation_689a48bbd9bab6fef4acd53b,1737185247,source_identifier_claim_not_vin,unverified_source_claims,data/subaru_forester/evidence/kijiji/raw_latest.jsonl#record=18,data/subaru_forester/evidence/kijiji/normalized_latest.jsonl#source_record_index=18,DISABLED_MANUAL_REVIEW_REQUIRED,location_verification_required,success,warnings_present,unverified_kijiji_location,success,2026-07-22T18:47:46+00:00,2020,source_reported_unverified,Subaru,source_reported_or_configured_unverified,Forester,source_reported_or_configured_unverified,,unknown,19988,source_reported_unverified,194543,source_reported_unverified,,unknown,Gas,source_reported_or_inferred_unverified,No accidents reported,source_text_claim_unverified,,unknown,Dealer,source_reported_or_inferred_unverified,,quarantined_unverified_search_origin,,quarantined_unverified_search_origin,"Edmonton, AB",,disabled_due_to_unverified_location,disabled_unverified_location,edmonton,unverified_url_evidence,https://www.kijiji.ca/v-cars-trucks/edmonton/2020-subaru-forester-awd-premier/1737185247,source_reported_unverified,11,20999,19988,0,-1011,No change noted,"Down $1,011 over 11 weeks",
1,subaru_forester,kijiji,listing_6639e5d56c51672f5791ed60,observation_fe3b9ca2b445db365bb52f62,1740800133,source_identifier_claim_not_vin,unverified_source_claims,data/subaru_forester/evidence/kijiji/raw_latest.jsonl#record=29,data/subaru_forester/evidence/kijiji/normalized_latest.jsonl#source_record_index=29,DISABLED_MANUAL_REVIEW_REQUIRED,location_verification_required,success,warnings_present,unverified_kijiji_location,success,2026-07-22T18:47:46+00:00,2020,source_reported_unverified,Subaru,source_reported_or_configured_unverified,Forester,source_reported_or_configured_unverified,limited,source_reported_unverified,29988,source_reported_unverified,22000,source_reported_unverified,,unknown,Gas,source_reported_or_inferred_unverified,,unknown,,unknown,Private,source_reported_or_inferred_unverified,,quarantined_unverified_search_origin,,quarantined_unverified_search_origin,"Canmore, AB",,disabled_due_to_unverified_location,disabled_unverified_location,oakville-halton-region,unverified_url_evidence,https://www.kijiji.ca/v-cars-trucks/oakville-halton-region/2020-subaru-forester-limited-awd-navi-pano-roof-tech-feats/1740800133,source_reported_unverified,1,29988,29988,0,0,No change noted,Unchanged for 1 weeks,
1,subaru_forester,kijiji,listing_6f74e3d525633a68a49a9c01,observation_a8829a8908a0b5c6414861f1,1738417932,source_identifier_claim_not_vin,unverified_source_claims,data/subaru_forester/evidence/kijiji/raw_latest.jsonl#record=25,data/subaru_forester/evidence/kijiji/normalized_latest.jsonl#source_record_index=25,DISABLED_MANUAL_REVIEW_REQUIRED,location_verification_required,success,warnings_present,unverified_kijiji_location,success,2026-07-22T18:47:46+00:00,2020,source_reported_unverified,Subaru,source_reported_or_configured_unverified,Forester,source_reported_or_configured_unverified,limited,source_reported_unverified,24995,source_reported_unverified,130400,source_reported_unverified,,unknown,Gas,source_reported_or_inferred_unverified,,unknown,,unknown,Dealer,source_reported_or_inferred_unverified,,quarantined_unverified_search_origin,,quarantined_unverified_search_origin,"Calgary, AB",,disabled_due_to_unverified_location,disabled_unverified_location,calgary,unverified_url_evidence,https://www.kijiji.ca/v-cars-trucks/calgary/2020-subaru-forester-limited/1738417932,source_reported_unverified,9,25995,24995,0,-1000,No change noted,"Down $1,000 over 9 weeks",
1,subaru_forester,kijiji,listing_76482cc4dcefc4a2688c6ccb,observation_dfe995bcb80c239f05b8241a,1739619078,source_identifier_claim_not_vin,unverified_source_claims,data/subaru_forester/evidence/kijiji/raw_latest.jsonl#record=24,data/subaru_forester/evidence/kijiji/normalized_latest.jsonl#source_record_index=24,DISABLED_MANUAL_REVIEW_REQUIRED,location_verification_required,success,warnings_present,unverified_kijiji_location,success,2026-07-22T18:47:46+00:00,2020,source_reported_unverified,Subaru,source_reported_or_configured_unverified,Forester,source_reported_or_configured_unverified,sport,source_reported_unverified,24993,source_reported_unverified,42616,source_reported_unverified,,unknown,Gas,source_reported_or_inferred_unverified,,unknown,,unknown,Private,source_reported_or_inferred_unverified,,quarantined_unverified_search_origin,,quarantined_unverified_search_origin,"Canmore, AB",,disabled_due_to_unverified_location,disabled_unverified_location,longueuil-rive-sud,unverified_url_evidence,https://www.kijiji.ca/v-cars-trucks/longueuil-rive-sud/2020-subaru-forester-sport-toit-ouvrant-phare-a-del-carplay/1739619078,source_reported_unverified,4,25993,24993,0,-1000,No change noted,"Down $1,000 over 4 weeks",
1,subaru_forester,kijiji,listing_87fffb59c2206b0fffd4e5d6,observation_4b539c65bd9277e3672ab3d6,1739549987,source_identifier_claim_not_vin,unverified_source_claims,data/subaru_forester/evidence/kijiji/raw_latest.jsonl#record=28,data/subaru_forester/evidence/kijiji/normalized_latest.jsonl#source_record_index=28,DISABLED_MANUAL_REVIEW_REQUIRED,location_verification_required,success,warnings_present,unverified_kijiji_location,success,2026-07-22T18:47:46+00:00,2020,source_reported_unverified,Subaru,source_reported_or_configured_unverified,Forester,source_reported_or_configured_unverified,touring,source_reported_unverified,27900,source_reported_unverified,107214,source_reported_unverified,,unknown,Gas,source_reported_or_inferred_unverified,,unknown,,unknown,Private,source_reported_or_inferred_unverified,,quarantined_unverified_search_origin,,quarantined_unverified_search_origin,"Saskatoon, SK",,disabled_due_to_unverified_location,disabled_unverified_location,saskatoon,unverified_url_evidence,https://www.kijiji.ca/v-cars-trucks/saskatoon/2020-subaru-forester-touring-sunroof-heated-seats/1739549987,source_reported_unverified,4,27900,27900,0,0,No change noted,Unchanged for 4 weeks,
1,subaru_forester,kijiji,listing_895fb4510df56b1cca27601a,observation_5ab232e6678827a0f4dd3b11,1739453141,source_identifier_claim_not_vin,unverified_source_claims,data/subaru_forester/evidence/kijiji/raw_latest.jsonl#record=27,data/subaru_forester/evidence/kijiji/normalized_latest.jsonl#source_record_index=27,DISABLED_MANUAL_REVIEW_REQUIRED,location_verification_required,success,warnings_present,unverified_kijiji_location,success,2026-07-22T18:47:46+00:00,2020,source_reported_unverified,Subaru,source_reported_or_configured_unverified,Forester,source_reported_or_configured_unverified,,unknown,26988,source_reported_unverified,86874,source_reported_unverified,,unknown,Gas,source_reported_or_inferred_unverified,,unknown,,unknown,Private,source_reported_or_inferred_unverified,,quarantined_unverified_search_origin,,quarantined_unverified_search_origin,"Canmore, AB",,disabled_due_to_unverified_location,disabled_unverified_location,markham-york-region,unverified_url_evidence,https://www.kijiji.ca/v-cars-trucks/markham-york-region/2020-subaru-forester-premier-premier-nappa-leather/1739453141,source_reported_unverified,5,27988,26988,0,-1000,No change noted,"Down $1,000 over 5 weeks",
1,subaru_forester,kijiji,listing_8b4dde30368803b688724220,observation_df22704db2239c796269db3a,1739649964,source_identifier_claim_not_vin,unverified_source_claims,data/subaru_forester/evidence/kijiji/raw_latest.jsonl#record=20,data/subaru_forester/evidence/kijiji/normalized_latest.jsonl#source_record_index=20,DISABLED_MANUAL_REVIEW_REQUIRED,location_verification_required,success,warnings_present,unverified_kijiji_location,success,2026-07-22T18:47:46+00:00,2020,source_reported_unverified,Subaru,source_reported_or_configured_unverified,Forester,source_reported_or_configured_unverified,limited,source_reported_unverified,23295,source_reported_unverified,99778,source_reported_unverified,,unknown,Gas,source_reported_or_inferred_unverified,,unknown,,unknown,Private,source_reported_or_inferred_unverified,,quarantined_unverified_search_origin,,quarantined_unverified_search_origin,"Canmore, AB",,disabled_due_to_unverified_location,disabled_unverified_location,ville-de-montreal,unverified_url_evidence,https://www.kijiji.ca/v-cars-trucks/ville-de-montreal/2020-subaru-forester-limited-sieges-chauff-cuir-toit-pano/1739649964,source_reported_unverified,4,23995,23295,0,-700,No change noted,Down $700 over 4 weeks,
1,subaru_forester,kijiji,listing_c650d6b0d5a89b0e55cb5f29,observation_31b3f67c401f20651f62f5b7,1740703842,source_identifier_claim_not_vin,unverified_source_claims,data/subaru_forester/evidence/kijiji/raw_latest.jsonl#record=26,data/subaru_forester/evidence/kijiji/normalized_latest.jsonl#source_record_index=26,DISABLED_MANUAL_REVIEW_REQUIRED,location_verification_required,success,warnings_present,unverified_kijiji_location,success,2026-07-22T18:47:46+00:00,2020,source_reported_unverified,Subaru,source_reported_or_configured_unverified,Forester,source_reported_or_configured_unverified,convenience,source_reported_unverified,25798,source_reported_unverified,81255,source_reported_unverified,,unknown,Gas,source_reported_or_inferred_unverified,,unknown,,unknown,Private,source_reported_or_inferred_unverified,,quarantined_unverified_search_origin,,quarantined_unverified_search_origin,"Canmore, AB",,disabled_due_to_unverified_location,disabled_unverified_location,regina,unverified_url_evidence,https://www.kijiji.ca/v-cars-trucks/regina/2020-subaru-forester-convenience/1740703842,source_reported_unverified,1,25799,25799,-1,-1,No change noted,Down $1 over 1 weeks,
1,subaru_forester,kijiji,listing_d16d7304e63f467206fcaf06,observation_621ea8004224ef6ef3a77f03,1739597463,source_identifier_claim_not_vin,unverified_source_claims,data/subaru_forester/evidence/kijiji/raw_latest.jsonl#record=19,data/subaru_forester/evidence/kijiji/normalized_latest.jsonl#source_record_index=19,DISABLED_MANUAL_REVIEW_REQUIRED,location_verification_required,success,warnings_present,unverified_kijiji_location,success,2026-07-22T18:47:46+00:00,2020,source_reported_unverified,Subaru,source_reported_or_configured_unverified,Forester,source_reported_or_configured_unverified,sport,source_reported_unverified,22995,source_reported_unverified,153781,source_reported_unverified,,unknown,Gas,source_reported_or_inferred_unverified,,unknown,,unknown,Private,source_reported_or_inferred_unverified,,quarantined_unverified_search_origin,,quarantined_unverified_search_origin,"Canmore, AB",,disabled_due_to_unverified_location,disabled_unverified_location,bridgewater,unverified_url_evidence,https://www.kijiji.ca/v-cars-trucks/bridgewater/2020-subaru-forester-sport/1739597463,source_reported_unverified,4,23995,22995,0,-1000,No change noted,"Down $1,000 over 4 weeks",
1,subaru_forester,kijiji,listing_db783ad3efdb910eb814f312,observation_ef36accc9776dc078acee31e,1740606529,source_identifier_claim_not_vin,unverified_source_claims,data/subaru_forester/evidence/kijiji/raw_latest.jsonl#record=21,data/subaru_forester/evidence/kijiji/normalized_latest.jsonl#source_record_index=21,DISABLED_MANUAL_REVIEW_REQUIRED,location_verification_required,success,warnings_present,unverified_kijiji_location,success,2026-07-22T18:47:46+00:00,2020,source_reported_unverified,Subaru,source_reported_or_configured_unverified,Forester,source_reported_or_configured_unverified,convenience,source_reported_unverified,24488,source_reported_unverified,46637,source_reported_unverified,,unknown,Gas,source_reported_or_inferred_unverified,,unknown,,unknown,Private,source_reported_or_inferred_unverified,,quarantined_unverified_search_origin,,quarantined_unverified_search_origin,"Canmore, AB",,disabled_due_to_unverified_location,disabled_unverified_location,mississauga-peel-region,unverified_url_evidence,https://www.kijiji.ca/v-cars-trucks/mississauga-peel-region/2020-subaru-forester-convenience-awd-cam-bt-heated-seat/1740606529,source_reported_unverified,1,24488,24488,0,0,No change noted,Unchanged for 1 weeks,
1,subaru_forester,kijiji,listing_13bac09601a0fa71a31b05ec,observation_913d334e85fb5e5d616c59cd,1740251351,source_identifier_claim_not_vin,unverified_source_claims,data/subaru_forester/evidence/kijiji/raw_latest.jsonl#record=37,data/subaru_forester/evidence/kijiji/normalized_latest.jsonl#source_record_index=37,DISABLED_MANUAL_REVIEW_REQUIRED,location_verification_required,success,warnings_present,unverified_kijiji_location,success,2026-07-22T18:47:46+00:00,2021,source_reported_unverified,Subaru,source_reported_or_configured_unverified,Forester,source_reported_or_configured_unverified,sport,source_reported_unverified,23995,source_reported_unverified,116573,source_reported_unverified,,unknown,Gas,source_reported_or_inferred_unverified,,unknown,,unknown,Private,source_reported_or_inferred_unverified,,quarantined_unverified_search_origin,,quarantined_unverified_search_origin,"Canmore, AB",,disabled_due_to_unverified_location,disabled_unverified_location,laval-rive-nord,unverified_url_evidence,https://www.kijiji.ca/v-cars-trucks/laval-rive-nord/2021-subaru-forester-sport-sieges-chauffants-toit-ouvrant-bi/1740251351,source_reported_unverified,2,23710,23995,0,285,No change noted,Up $285 over 2 weeks,
1,subaru_forester,kijiji,listing_16fb4a5b8aa211150d573555,observation_e07226c70b9a143d8b93ec95,1737713877,source_identifier_claim_not_vin,unverified_source_claims,data/subaru_forester/evidence/kijiji/raw_latest.jsonl#record=33,data/subaru_forester/evidence/kijiji/normalized_latest.jsonl#source_record_index=33,DISABLED_MANUAL_REVIEW_REQUIRED,location_verification_required,success,warnings_present,unverified_kijiji_location,success,2026-07-22T18:47:46+00:00,2021,source_reported_unverified,Subaru,source_reported_or_configured_unverified,Forester,source_reported_or_configured_unverified,touring,source_reported_unverified,22995,source_reported_unverified,154400,source_reported_unverified,,unknown,Gas,source_reported_or_inferred_unverified,,unknown,,unknown,Private,source_reported_or_inferred_unverified,,quarantined_unverified_search_origin,,quarantined_unverified_search_origin,"Canmore, AB",,disabled_due_to_unverified_location,disabled_unverified_location,annapolis-valley,unverified_url_evidence,https://www.kijiji.ca/v-cars-trucks/annapolis-valley/2021-subaru-forester-2-5i-touring-awd-clean-loaded-priced/1737713877,source_reported_unverified,10,22995,22995,0,0,No change noted,Unchanged for 10 weeks,
1,subaru_forester,kijiji,listing_1f4492f849cb950ceaa59b9b,observation_c7c49125996813f2bb954cf6,1739454333,source_identifier_claim_not_vin,unverified_source_claims,data/subaru_forester/evidence/kijiji/raw_latest.jsonl#record=42,data/subaru_forester/evidence/kijiji/normalized_latest.jsonl#source_record_index=42,DISABLED_MANUAL_REVIEW_REQUIRED,location_verification_required,success,warnings_present,unverified_kijiji_location,success,2026-07-22T18:47:46+00:00,2021,source_reported_unverified,Subaru,source_reported_or_configured_unverified,Forester,source_reported_or_configured_unverified,limited,source_reported_unverified,25998,source_reported_unverified,127246,source_reported_unverified,,unknown,Gas,source_reported_or_inferred_unverified,No accidents reported,source_text_claim_unverified,,unknown,Private,source_reported_or_inferred_unverified,,quarantined_unverified_search_origin,,quarantined_unverified_search_origin,"Canmore, AB",,disabled_due_to_unverified_location,disabled_unverified_location,oakville-halton-region,unverified_url_evidence,https://www.kijiji.ca/v-cars-trucks/oakville-halton-region/2021-subaru-forester-2-5i-limited-eyesight-leather-navi-2-sets-t/1739454333,source_reported_unverified,4,26998,26998,-1000,-1000,No change noted,"Down $1,000 over 4 weeks",
1,subaru_forester,kijiji,listing_22e31cef102bee97d1d2cc3b,observation_c060f9586a67ca3fdddfb5d1,1739498609,source_identifier_claim_not_vin,unverified_source_claims,data/subaru_forester/evidence/kijiji/raw_latest.jsonl#record=50,data/subaru_forester/evidence/kijiji/normalized_latest.jsonl#source_record_index=50,DISABLED_MANUAL_REVIEW_REQUIRED,location_verification_required,success,warnings_present,unverified_kijiji_location,success,2026-07-22T18:47:46+00:00,2021,source_reported_unverified,Subaru,source_reported_or_configured_unverified,Forester,source_reported_or_configured_unverified,,unknown,29988,source_reported_unverified,74558,source_reported_unverified,,unknown,Gas,source_reported_or_inferred_unverified,,unknown,,unknown,Private,source_reported_or_inferred_unverified,,quarantined_unverified_search_origin,,quarantined_unverified_search_origin,"Canmore, AB",,disabled_due_to_unverified_location,disabled_unverified_location,fredericton,unverified_url_evidence,https://www.kijiji.ca/v-cars-trucks/fredericton/2021-subaru-forester-premier/1739498609,source_reported_unverified,5,29988,29988,0,0,No change noted,Unchanged for 5 weeks,
1,subaru_forester,kijiji,listing_2347c58f6bceb27b22aaa1f6,observation_34f3731fc2236ccc08b4c516,1740422761,source_identifier_claim_not_vin,unverified_source_claims,data/subaru_forester/evidence/kijiji/raw_latest.jsonl#record=47,data/subaru_forester/evidence/kijiji/normalized_latest.jsonl#source_record_index=47,DISABLED_MANUAL_REVIEW_REQUIRED,location_verification_required,success,warnings_present,unverified_kijiji_location,success,2026-07-22T18:47:46+00:00,2021,source_reported_unverified,Subaru,source_reported_or_configured_unverified,Forester,source_reported_or_configured_unverified,touring,source_reported_unverified,27988,source_reported_unverified,43481,source_reported_unverified,,unknown,Gas,source_reported_or_inferred_unverified,No accidents reported,source_text_claim_unverified,,unknown,Private,source_reported_or_inferred_unverified,,quarantined_unverified_search_origin,,quarantined_unverified_search_origin,"Canmore, AB",,disabled_due_to_unverified_location,disabled_unverified_location,mississauga-peel-region,unverified_url_evidence,https://www.kijiji.ca/v-cars-trucks/mississauga-peel-region/2021-subaru-forester-touring-touring-awd-2-sets-rims-tire/1740422761,source_reported_unverified,2,28888,27988,0,-900,No change noted,Down $900 over 2 weeks,
1,subaru_forester,kijiji,listing_24655be0487554b6978c420e,observation_e2a448cfc8d7a6359704a912,1740561887,source_identifier_claim_not_vin,unverified_source_claims,data/subaru_forester/evidence/kijiji/raw_latest.jsonl#record=51,data/subaru_forester/evidence/kijiji/normalized_latest.jsonl#source_record_index=51,DISABLED_MANUAL_REVIEW_REQUIRED,location_verification_required,success,warnings_present,unverified_kijiji_location,success,2026-07-22T18:47:46+00:00,2021,source_reported_unverified,Subaru,source_reported_or_configured_unverified,Forester,source_reported_or_configured_unverified,touring,source_reported_unverified,31499,source_reported_unverified,34000,source_reported_unverified,,unknown,Gas,source_reported_or_inferred_unverified,,unknown,,unknown,Private,source_reported_or_inferred_unverified,,quarantined_unverified_search_origin,,quarantined_unverified_search_origin,"Canmore, AB",,disabled_due_to_unverified_location,disabled_unverified_location,brockville,unverified_url_evidence,https://www.kijiji.ca/v-cars-trucks/brockville/2021-subaru-forester-touring/1740561887,source_reported_unverified,1,31499,31499,0,0,No change noted,Unchanged for 1 weeks,
1,subaru_forester,kijiji,listing_2b73012a8581dc55c1d31ea4,observation_888bb15c5864b177795a0d29,1736516658,source_identifier_claim_not_vin,unverified_source_claims,data/subaru_forester/evidence/kijiji/raw_latest.jsonl#record=40,data/subaru_forester/evidence/kijiji/normalized_latest.jsonl#source_record_index=40,DISABLED_MANUAL_REVIEW_REQUIRED,location_verification_required,success,warnings_present,unverified_kijiji_location,success,2026-07-22T18:47:46+00:00,2021,source_reported_unverified,Subaru,source_reported_or_configured_unverified,Forester,source_reported_or_configured_unverified,,unknown,24998,source_reported_unverified,80534,source_reported_unverified,,unknown,Gas,source_reported_or_inferred_unverified,,unknown,,unknown,Dealer,source_reported_or_inferred_unverified,,quarantined_unverified_search_origin,,quarantined_unverified_search_origin,"Calgary, AB",,disabled_due_to_unverified_location,disabled_unverified_location,calgary,unverified_url_evidence,https://www.kijiji.ca/v-cars-trucks/calgary/2021-subaru-forester-premier/1736516658,source_reported_unverified,11,24998,24998,0,0,No change noted,Unchanged for 11 weeks,
1,subaru_forester,kijiji,listing_3b2ef578ff9cae894ac13bcc,observation_f792a1d86ebb8ecadeb03cf0,1740835339,source_identifier_claim_not_vin,unverified_source_claims,data/subaru_forester/evidence/kijiji/raw_latest.jsonl#record=31,data/subaru_forester/evidence/kijiji/normalized_latest.jsonl#source_record_index=31,DISABLED_MANUAL_REVIEW_REQUIRED,location_verification_required,success,warnings_present,unverified_kijiji_location,success,2026-07-22T18:47:46+00:00,2021,source_reported_unverified,Subaru,source_reported_or_configured_unverified,Forester,source_reported_or_configured_unverified,touring,source_reported_unverified,21499,source_reported_unverified,145000,source_reported_unverified,,unknown,Gas,source_reported_or_inferred_unverified,Accident reported,source_text_claim_unverified,,unknown,Private,source_reported_or_inferred_unverified,,quarantined_unverified_search_origin,,quarantined_unverified_search_origin,"Canmore, AB",,disabled_due_to_unverified_location,disabled_unverified_location,sudbury,unverified_url_evidence,https://www.kijiji.ca/v-cars-trucks/sudbury/2021-subaru-forester-touring/1740835339,source_reported_unverified,1,21499,21499,0,0,No change noted,Unchanged for 1 weeks,
1,subaru_forester,kijiji,listing_427c009b924f384be0564083,observation_cff740e60c959274b62c98f9,1737933869,source_identifier_claim_not_vin,unverified_source_claims,data/subaru_forester/evidence/kijiji/raw_latest.jsonl#record=45,data/subaru_forester/evidence/kijiji/normalized_latest.jsonl#source_record_index=45,DISABLED_MANUAL_REVIEW_REQUIRED,location_verification_required,success,warnings_present,unverified_kijiji_location,success,2026-07-22T18:47:46+00:00,2021,source_reported_unverified,Subaru,source_reported_or_configured_unverified,Forester,source_reported_or_configured_unverified,sport,source_reported_unverified,27210,source_reported_unverified,146426,source_reported_unverified,,unknown,Gas,source_reported_or_inferred_unverified,,unknown,,unknown,,unknown,,quarantined_unverified_search_origin,,quarantined_unverified_search_origin,"Calgary, AB",,disabled_due_to_unverified_location,disabled_unverified_location,calgary,unverified_url_evidence,https://www.kijiji.ca/v-cars-trucks/calgary/2021-subaru-forester-sport/1737933869,source_reported_unverified,11,26605,27210,0,605,No change noted,Up $605 over 11 weeks,
1,subaru_forester,kijiji,listing_6e701524ff21ac30759902bd,observation_211bf59a26530520a30857c6,1737345429,source_identifier_claim_not_vin,unverified_source_claims,data/subaru_forester/evidence/kijiji/raw_latest.jsonl#record=38,data/subaru_forester/evidence/kijiji/normalized_latest.jsonl#source_record_index=38,DISABLED_MANUAL_REVIEW_REQUIRED,location_verification_required,success,warnings_present,unverified_kijiji_location,success,2026-07-22T18:47:46+00:00,2021,source_reported_unverified,Subaru,source_reported_or_configured_unverified,Forester,source_reported_or_configured_unverified,,unknown,24886,source_reported_unverified,111671,source_reported_unverified,,unknown,Gas,source_reported_or_inferred_unverified,No accidents reported,source_text_claim_unverified,,unknown,Private,source_reported_or_inferred_unverified,,quarantined_unverified_search_origin,,quarantined_unverified_search_origin,"Canmore, AB",,disabled_due_to_unverified_location,disabled_unverified_location,markham-york-region,unverified_url_evidence,https://www.kijiji.ca/v-cars-trucks/markham-york-region/2021-subaru-forester-premier-new-brakes-accident-free/1737345429,source_reported_unverified,9,25786,24886,0,-900,No change noted,Down $900 over 9 weeks,
1,subaru_forester,kijiji,listing_75eea5bc2a9e4946def9dc2d,observation_f3457fff24f2ab3f3d1835a6,1739685053,source_identifier_claim_not_vin,unverified_source_claims,data/subaru_forester/evidence/kijiji/raw_latest.jsonl#record=39,data/subaru_forester/evidence/kijiji/normalized_latest.jsonl#source_record_index=39,DISABLED_MANUAL_REVIEW_REQUIRED,location_verification_required,success,warnings_present,unverified_kijiji_location,success,2026-07-22T18:47:46+00:00,2021,source_reported_unverified,Subaru,source_reported_or_configured_unverified,Forester,source_reported_or_configured_unverified,,unknown,24998,source_reported_unverified,48009,source_reported_unverified,,unknown,Gas,source_reported_or_inferred_unverified,,unknown,,unknown,Private,source_reported_or_inferred_unverified,,quarantined_unverified_search_origin,,quarantined_unverified_search_origin,"Canmore, AB",,disabled_due_to_unverified_location,disabled_unverified_location,annapolis-valley,unverified_url_evidence,https://www.kijiji.ca/v-cars-trucks/annapolis-valley/2021-subaru-forester-priced-to-move-backup-cam-call-now/1739685053,source_reported_unverified,3,24998,24998,0,0,No change noted,Unchanged for 3 weeks,
1,subaru_forester,kijiji,listing_7a89a73ca3eef7996519770e,observation_7e1004c2d2274c274b79a28a,1737823176,source_identifier_claim_not_vin,unverified_source_claims,data/subaru_forester/evidence/kijiji/raw_latest.jsonl#record=30,data/subaru_forester/evidence/kijiji/normalized_latest.jsonl#source_record_index=30,DISABLED_MANUAL_REVIEW_REQUIRED,location_verification_required,success,warnings_present,unverified_kijiji_location,success,2026-07-22T18:47:46+00:00,2021,source_reported_unverified,Subaru,source_reported_or_configured_unverified,Forester,source_reported_or_configured_unverified,touring,source_reported_unverified,19995,source_reported_unverified,191850,source_reported_unverified,,unknown,Gas,source_reported_or_inferred_unverified,,unknown,,unknown,Private,source_reported_or_inferred_unverified,,quarantined_unverified_search_origin,,quarantined_unverified_search_origin,"Canmore, AB",,disabled_due_to_unverified_location,disabled_unverified_location,annapolis-valley,unverified_url_evidence,https://www.kijiji.ca/v-cars-trucks/annapolis-valley/2021-subaru-forester-touring-awd-clean-loaded-new-inspecti/1737823176,source_reported_unverified,9,19995,19995,0,0,No change noted,Unchanged for 9 weeks,
1,subaru_forester,kijiji,listing_81229e116fe0713aacfd31b9,observation_f429c1535da1414c1534bd7e,1735778502,source_identifier_claim_not_vin,unverified_source_claims,data/subaru_forester/evidence/kijiji/raw_latest.jsonl#record=36,data/subaru_forester/evidence/kijiji/normalized_latest.jsonl#source_record_index=36,DISABLED_MANUAL_REVIEW_REQUIRED,location_verification_required,success,warnings_present,unverified_kijiji_location,success,2026-07-22T18:47:46+00:00,2021,source_reported_unverified,Subaru,source_reported_or_configured_unverified,Forester,source_reported_or_configured_unverified,,unknown,23988,source_reported_unverified,127416,source_reported_unverified,,unknown,Gas,source_reported_or_inferred_unverified,,unknown,,unknown,Dealer,source_reported_or_inferred_unverified,,quarantined_unverified_search_origin,,quarantined_unverified_search_origin,"Calgary, AB",,disabled_due_to_unverified_location,disabled_unverified_location,calgary,unverified_url_evidence,https://www.kijiji.ca/v-cars-trucks/calgary/2021-subaru-forester-2-5i-backup-camera-heated-seats-lane-assit/1735778502,source_reported_unverified,11,23988,23988,0,0,No change noted,Unchanged for 11 weeks,
1,subaru_forester,kijiji,listing_83fd399669f233eed4c0a9d1,observation_cd90e6cfe9dca4a59c9277c2,1724447213,source_identifier_claim_not_vin,unverified_source_claims,data/subaru_forester/evidence/kijiji/raw_latest.jsonl#record=34,data/subaru_forester/evidence/kijiji/normalized_latest.jsonl#source_record_index=34,DISABLED_MANUAL_REVIEW_REQUIRED,location_verification_required,success,warnings_present,unverified_kijiji_location,success,2026-07-22T18:47:46+00:00,2021,source_reported_unverified,Subaru,source_reported_or_configured_unverified,Forester,source_reported_or_configured_unverified,convenience,source_reported_unverified,22995,source_reported_unverified,162000,source_reported_unverified,,unknown,Gas,source_reported_or_inferred_unverified,,unknown,,unknown,Private,source_reported_or_inferred_unverified,,quarantined_unverified_search_origin,,quarantined_unverified_search_origin,"Canmore, AB",,disabled_due_to_unverified_location,disabled_unverified_location,fredericton,unverified_url_evidence,https://www.kijiji.ca/v-cars-trucks/fredericton/2021-subaru-forester-convenience/1724447213,source_reported_unverified,11,22995,22995,0,0,No change noted,Unchanged for 11 weeks,
1,subaru_forester,kijiji,listing_8edad1d93447f4117eb93448,observation_f0cc3bc1748e2474b647c9db,1740791226,source_identifier_claim_not_vin,unverified_source_claims,data/subaru_forester/evidence/kijiji/raw_latest.jsonl#record=32,data/subaru_forester/evidence/kijiji/normalized_latest.jsonl#source_record_index=32,DISABLED_MANUAL_REVIEW_REQUIRED,location_verification_required,success,warnings_present,unverified_kijiji_location,success,2026-07-22T18:47:46+00:00,2021,source_reported_unverified,Subaru,source_reported_or_configured_unverified,Forester,source_reported_or_configured_unverified,,unknown,22500,source_reported_unverified,126000,source_reported_unverified,,unknown,Gas,source_reported_or_inferred_unverified,,unknown,,unknown,Private,source_reported_or_inferred_unverified,,quarantined_unverified_search_origin,,quarantined_unverified_search_origin,"Canmore, AB",,disabled_due_to_unverified_location,disabled_unverified_location,city-of-toronto,unverified_url_evidence,https://www.kijiji.ca/v-cars-trucks/city-of-toronto/clean-title/1740791226,source_reported_unverified,1,22500,22500,0,0,No change noted,Unchanged for 1 weeks,
1,subaru_forester,kijiji,listing_94d093a19e567aa045c236d1,observation_146bdb41a9f5ab5107b66d57,1740669494,source_identifier_claim_not_vin,unverified_source_claims,data/subaru_forester/evidence/kijiji/raw_latest.jsonl#record=43,data/subaru_forester/evidence/kijiji/normalized_latest.jsonl#source_record_index=43,DISABLED_MANUAL_REVIEW_REQUIRED,location_verification_required,success,warnings_present,unverified_kijiji_location,success,2026-07-22T18:47:46+00:00,2021,source_reported_unverified,Subaru,source_reported_or_configured_unverified,Forester,source_reported_or_configured_unverified,limited,source_reported_unverified,26895,source_reported_unverified,82109,source_reported_unverified,,unknown,Gas,source_reported_or_inferred_unverified,,unknown,,unknown,Private,source_reported_or_inferred_unverified,,quarantined_unverified_search_origin,,quarantined_unverified_search_origin,"Canmore, AB",,disabled_due_to_unverified_location,disabled_unverified_location,ville-de-montreal,unverified_url_evidence,https://www.kijiji.ca/v-cars-trucks/ville-de-montreal/2021-subaru-forester-limited-awd-cuir-toit-ouvrant-apple-c/1740669494,source_reported_unverified,1,26895,26895,0,0,No change noted,Unchanged for 1 weeks,
1,subaru_forester,kijiji,listing_954f9aa246c71ed6688b42f3,observation_599a35bbe0346910d4788d9d,1738215826,source_identifier_claim_not_vin,unverified_source_claims,data/subaru_forester/evidence/kijiji/raw_latest.jsonl#record=35,data/subaru_forester/evidence/kijiji/normalized_latest.jsonl#source_record_index=35,DISABLED_MANUAL_REVIEW_REQUIRED,location_verification_required,success,warnings_present,unverified_kijiji_location,success,2026-07-22T18:47:46+00:00,2021,source_reported_unverified,Subaru,source_reported_or_configured_unverified,Forester,source_reported_or_configured_unverified,convenience,source_reported_unverified,23490,source_reported_unverified,92912,source_reported_unverified,,unknown,Gas,source_reported_or_inferred_unverified,,unknown,,unknown,Private,source_reported_or_inferred_unverified,,quarantined_unverified_search_origin,,quarantined_unverified_search_origin,"Canmore, AB",,disabled_due_to_unverified_location,disabled_unverified_location,bedford,unverified_url_evidence,https://www.kijiji.ca/v-cars-trucks/bedford/2021-subaru-forester-2-5i-convenience/1738215826,source_reported_unverified,2,23790,23490,0,-300,No change noted,Down $300 over 2 weeks,
1,subaru_forester,kijiji,listing_9629f739d750051e10c5a49f,observation_ee2fe8bede358d6751a49f6c,1724490062,source_identifier_claim_not_vin,unverified_source_claims,data/subaru_forester/evidence/kijiji/raw_latest.jsonl#record=46,data/subaru_forester/evidence/kijiji/normalized_latest.jsonl#source_record_index=46,DISABLED_MANUAL_REVIEW_REQUIRED,location_verification_required,success,warnings_present,unverified_kijiji_location,success,2026-07-22T18:47:46+00:00,2021,source_reported_unverified,Subaru,source_reported_or_configured_unverified,Forester,source_reported_or_configured_unverified,convenience,source_reported_unverified,27900,source_reported_unverified,88303,source_reported_unverified,,unknown,Gas,source_reported_or_inferred_unverified,,unknown,,unknown,Private,source_reported_or_inferred_unverified,,quarantined_unverified_search_origin,,quarantined_unverified_search_origin,"Canmore, AB",,disabled_due_to_unverified_location,disabled_unverified_location,regina,unverified_url_evidence,https://www.kijiji.ca/v-cars-trucks/regina/2021-subaru-forester-convenience-awd-starlink-heated-seats/1724490062,source_reported_unverified,9,28345,27900,0,-445,No change noted,Down $445 over 9 weeks,
1,subaru_forester,kijiji,listing_9a07aefc60b2657373e859db,observation_8bcf6c3cc1fe1b172b9ec19a,1740700078,source_identifier_claim_not_vin,unverified_source_claims,data/subaru_forester/evidence/kijiji/raw_latest.jsonl#record=49,data/subaru_forester/evidence/kijiji/normalized_latest.jsonl#source_record_index=49,DISABLED_MANUAL_REVIEW_REQUIRED,location_verification_required,success,warnings_present,unverified_kijiji_location,success,2026-07-22T18:47:46+00:00,2021,source_reported_unverified,Subaru,source_reported_or_configured_unverified,Forester,source_reported_or_configured_unverified,sport,source_reported_unverified,28999,source_reported_unverified,84976,source_reported_unverified,,unknown,Gas,source_reported_or_inferred_unverified,,unknown,,unknown,Dealer,source_reported_or_inferred_unverified,,quarantined_unverified_search_origin,,quarantined_unverified_search_origin,"Edmonton, AB",,disabled_due_to_unverified_location,disabled_unverified_location,edmonton,unverified_url_evidence,https://www.kijiji.ca/v-cars-trucks/edmonton/2021-subaru-forester-sport-certified-sunroof/1740700078,source_reported_unverified,1,28999,28999,0,0,No change noted,Unchanged for 1 weeks,
1,subaru_forester,kijiji,listing_a52e93c00277815aa96414e4,observation_ba540fb9b699928a4f8f7eff,1739964586,source_identifier_claim_not_vin,unverified_source_claims,data/subaru_forester/evidence/kijiji/raw_latest.jsonl#record=48,data/subaru_forester/evidence/kijiji/normalized_latest.jsonl#source_record_index=48,DISABLED_MANUAL_REVIEW_REQUIRED,location_verification_required,success,warnings_present,unverified_kijiji_location,success,2026-07-22T18:47:46+00:00,2021,source_reported_unverified,Subaru,source_reported_or_configured_unverified,Forester,source_reported_or_configured_unverified,limited,source_reported_unverified,28488,source_reported_unverified,67421,source_reported_unverified,,unknown,Gas,source_reported_or_inferred_unverified,No accidents reported,source_text_claim_unverified,,unknown,Private,source_reported_or_inferred_unverified,,quarantined_unverified_search_origin,,quarantined_unverified_search_origin,"Canmore, AB",,disabled_due_to_unverified_location,disabled_unverified_location,markham-york-region,unverified_url_evidence,https://www.kijiji.ca/v-cars-trucks/markham-york-region/2021-subaru-forester-limited-limited-one-owner-no-accidents/1739964586,source_reported_unverified,3,28488,28488,0,0,No change noted,Unchanged for 3 weeks,
1,subaru_forester,kijiji,listing_b9c9aaed1001ee056c99ce6c,observation_4b8f7f566566b2dd590a80c4,1740580144,source_identifier_claim_not_vin,unverified_source_claims,data/subaru_forester/evidence/kijiji/raw_latest.jsonl#record=44,data/subaru_forester/evidence/kijiji/normalized_latest.jsonl#source_record_index=44,DISABLED_MANUAL_REVIEW_REQUIRED,location_verification_required,success,warnings_present,unverified_kijiji_location,success,2026-07-22T18:47:46+00:00,2021,source_reported_unverified,Subaru,source_reported_or_configured_unverified,Forester,source_reported_or_configured_unverified,limited,source_reported_unverified,26993,source_reported_unverified,77907,source_reported_unverified,2.5L,source_reported_unverified,Gas,source_reported_or_inferred_unverified,,unknown,,unknown,Private,source_reported_or_inferred_unverified,,quarantined_unverified_search_origin,,quarantined_unverified_search_origin,"Canmore, AB",,disabled_due_to_unverified_location,disabled_unverified_location,longueuil-rive-sud,unverified_url_evidence,https://www.kijiji.ca/v-cars-trucks/longueuil-rive-sud/2021-subaru-forester-limited-2-5l-navi-cuir-harman-kardon/1740580144,source_reported_unverified,1,26993,26993,0,0,No change noted,Unchanged for 1 weeks,
1,subaru_forester,kijiji,listing_d0362bd49022f66aa5c32fce,observation_155df85b2dc5213a76c7db61,1740696399,source_identifier_claim_not_vin,unverified_source_claims,data/subaru_forester/evidence/kijiji/raw_latest.jsonl#record=41,data/subaru_forester/evidence/kijiji/normalized_latest.jsonl#source_record_index=41,DISABLED_MANUAL_REVIEW_REQUIRED,location_verification_required,success,warnings_present,unverified_kijiji_location,success,2026-07-22T18:47:46+00:00,2021,source_reported_unverified,Subaru,source_reported_or_configured_unverified,Forester,source_reported_or_configured_unverified,limited,source_reported_unverified,25888,source_reported_unverified,132270,source_reported_unverified,,unknown,Gas,source_reported_or_inferred_unverified,No accidents reported,source_text_claim_unverified,,unknown,Private,source_reported_or_inferred_unverified,,quarantined_unverified_search_origin,,quarantined_unverified_search_origin,"Canmore, AB",,disabled_due_to_unverified_location,disabled_unverified_location,mississauga-peel-region,unverified_url_evidence,https://www.kijiji.ca/v-cars-trucks/mississauga-peel-region/2021-subaru-forester-limited-limited-1owner-clean-carfax/1740696399,source_reported_unverified,1,25888,25888,0,0,No change noted,Unchanged for 1 weeks,
1,subaru_forester,kijiji,listing_1f5b35667383253a922b24b4,observation_8596d6a948da17e2948b1237,1740547795,source_identifier_claim_not_vin,unverified_source_claims,data/subaru_forester/evidence/kijiji/raw_latest.jsonl#record=63,data/subaru_forester/evidence/kijiji/normalized_latest.jsonl#source_record_index=63,DISABLED_MANUAL_REVIEW_REQUIRED,location_verification_required,success,warnings_present,unverified_kijiji_location,success,2026-07-22T18:47:46+00:00,2022,source_reported_unverified,Subaru,source_reported_or_configured_unverified,Forester,source_reported_or_configured_unverified,wilderness,source_reported_unverified,28900,source_reported_unverified,166000,source_reported_unverified,,unknown,Gas,source_reported_or_inferred_unverified,,unknown,,unknown,,unknown,,quarantined_unverified_search_origin,,quarantined_unverified_search_origin,"Edmonton, AB",,disabled_due_to_unverified_location,disabled_unverified_location,edmonton,unverified_url_evidence,https://www.kijiji.ca/v-cars-trucks/edmonton/2022-subaru-forester-wilderness-package/1740547795,source_reported_unverified,1,28900,28900,0,0,No change noted,Unchanged for 1 weeks,
1,subaru_forester,kijiji,listing_2481aaf5563c106a7a3fd4ee,observation_98f509c1d2a6e541988bc813,1740647848,source_identifier_claim_not_vin,unverified_source_claims,data/subaru_forester/evidence/kijiji/raw_latest.jsonl#record=64,data/subaru_forester/evidence/kijiji/normalized_latest.jsonl#source_record_index=64,DISABLED_MANUAL_REVIEW_REQUIRED,location_verification_required,success,warnings_present,unverified_kijiji_location,success,2026-07-22T18:47:46+00:00,2022,source_reported_unverified,Subaru,source_reported_or_configured_unverified,Forester,source_reported_or_configured_unverified,touring,source_reported_unverified,28988,source_reported_unverified,86378,source_reported_unverified,,unknown,Gas,source_reported_or_inferred_unverified,,unknown,,unknown,Private,source_reported_or_inferred_unverified,,quarantined_unverified_search_origin,,quarantined_unverified_search_origin,"Canmore, AB",,disabled_due_to_unverified_location,disabled_unverified_location,guelph,unverified_url_evidence,https://www.kijiji.ca/v-cars-trucks/guelph/2022-subaru-forester-touring-awd-sunroof-adaptive-cruise/1740647848,source_reported_unverified,1,28988,28988,0,0,No change noted,Unchanged for 1 weeks,
1,subaru_forester,kijiji,listing_24dd67701914a5fff93df9e3,observation_de87c094126c6e108f4d11c4,1740841549,source_identifier_claim_not_vin,unverified_source_claims,data/subaru_forester/evidence/kijiji/raw_latest.jsonl#record=70,data/subaru_forester/evidence/kijiji/normalized_latest.jsonl#source_record_index=70,DISABLED_MANUAL_REVIEW_REQUIRED,location_verification_required,success,warnings_present,unverified_kijiji_location,success,2026-07-22T18:47:46+00:00,2022,source_reported_unverified,Subaru,source_reported_or_configured_unverified,Forester,source_reported_or_configured_unverified,limited,source_reported_unverified,35898,source_reported_unverified,34571,source_reported_unverified,,unknown,Gas,source_reported_or_inferred_unverified,,unknown,,unknown,Dealer,source_reported_or_inferred_unverified,,quarantined_unverified_search_origin,,quarantined_unverified_search_origin,"Canmore, AB",,disabled_due_to_unverified_location,disabled_unverified_location,city-of-toronto,unverified_url_evidence,https://www.kijiji.ca/v-cars-trucks/city-of-toronto/2022-subaru-forester-limited-nice-low-km/1740841549,source_reported_unverified,1,35898,35898,0,0,No change noted,Unchanged for 1 weeks,
1,subaru_forester,kijiji,listing_2b4ad4dd45662d88feca5d52,observation_1ce4ca716618a6c0d5585451,1740704458,source_identifier_claim_not_vin,unverified_source_claims,data/subaru_forester/evidence/kijiji/raw_latest.jsonl#record=69,data/subaru_forester/evidence/kijiji/normalized_latest.jsonl#source_record_index=69,DISABLED_MANUAL_REVIEW_REQUIRED,location_verification_required,success,warnings_present,unverified_kijiji_location,success,2026-07-22T18:47:46+00:00,2022,source_reported_unverified,Subaru,source_reported_or_configured_unverified,Forester,source_reported_or_configured_unverified,sport,source_reported_unverified,33398,source_reported_unverified,75848,source_reported_unverified,,unknown,Gas,source_reported_or_inferred_unverified,,unknown,,unknown,,unknown,,quarantined_unverified_search_origin,,quarantined_unverified_search_origin,"Saskatoon, SK",,disabled_due_to_unverified_location,disabled_unverified_location,saskatoon,unverified_url_evidence,https://www.kijiji.ca/v-cars-trucks/saskatoon/2022-subaru-forester-sport-awd-heated-seats-wheel/1740704458,source_reported_unverified,1,33398,33398,0,0,No change noted,Unchanged for 1 weeks,
1,subaru_forester,kijiji,listing_3236da1a44bc30527f1dc7e0,observation_8f507b35cbee63d8455fba70,1728211328,source_identifier_claim_not_vin,unverified_source_claims,data/subaru_forester/evidence/kijiji/raw_latest.jsonl#record=53,data/subaru_forester/evidence/kijiji/normalized_latest.jsonl#source_record_index=53,DISABLED_MANUAL_REVIEW_REQUIRED,location_verification_required,success,warnings_present,unverified_kijiji_location,success,2026-07-22T18:47:46+00:00,2022,source_reported_unverified,Subaru,source_reported_or_configured_unverified,Forester,source_reported_or_configured_unverified,touring,source_reported_unverified,21495,source_reported_unverified,181000,source_reported_unverified,,unknown,Gas,source_reported_or_inferred_unverified,,unknown,,unknown,Private,source_reported_or_inferred_unverified,,quarantined_unverified_search_origin,,quarantined_unverified_search_origin,"Canmore, AB",,disabled_due_to_unverified_location,disabled_unverified_location,fredericton,unverified_url_evidence,https://www.kijiji.ca/v-cars-trucks/fredericton/2022-subaru-forester-touring/1728211328,source_reported_unverified,8,21495,21495,0,0,No change noted,Unchanged for 8 weeks,
1,subaru_forester,kijiji,listing_43ae4645f19cd065efb9c05d,observation_74b3b4955ac6821db2cac430,1740289226,source_identifier_claim_not_vin,unverified_source_claims,data/subaru_forester/evidence/kijiji/raw_latest.jsonl#record=60,data/subaru_forester/evidence/kijiji/normalized_latest.jsonl#source_record_index=60,DISABLED_MANUAL_REVIEW_REQUIRED,location_verification_required,success,warnings_present,unverified_kijiji_location,success,2026-07-22T18:47:46+00:00,2022,source_reported_unverified,Subaru,source_reported_or_configured_unverified,Forester,source_reported_or_configured_unverified,touring,source_reported_unverified,27888,source_reported_unverified,109198,source_reported_unverified,,unknown,Gas,source_reported_or_inferred_unverified,,unknown,,unknown,Dealer,source_reported_or_inferred_unverified,,quarantined_unverified_search_origin,,quarantined_unverified_search_origin,"Calgary, AB",,disabled_due_to_unverified_location,disabled_unverified_location,calgary,unverified_url_evidence,https://www.kijiji.ca/v-cars-trucks/calgary/2022-subaru-forester-touring/1740289226,source_reported_unverified,2,27888,27888,0,0,No change noted,Unchanged for 2 weeks,
1,subaru_forester,kijiji,listing_581177c92caeeb85eddf3f73,observation_ddd06c11e068d952cd7c6175,1735957227,source_identifier_claim_not_vin,unverified_source_claims,data/subaru_forester/evidence/kijiji/raw_latest.jsonl#record=58,data/subaru_forester/evidence/kijiji/normalized_latest.jsonl#source_record_index=58,DISABLED_MANUAL_REVIEW_REQUIRED,location_verification_required,success,warnings_present,unverified_kijiji_location,success,2026-07-22T18:47:46+00:00,2022,source_reported_unverified,Subaru,source_reported_or_configured_unverified,Forester,source_reported_or_configured_unverified,touring,source_reported_unverified,25800,source_reported_unverified,113987,source_reported_unverified,,unknown,Gas,source_reported_or_inferred_unverified,,unknown,,unknown,Dealer,source_reported_or_inferred_unverified,,quarantined_unverified_search_origin,,quarantined_unverified_search_origin,"Regina, SK",,disabled_due_to_unverified_location,disabled_unverified_location,winnipeg,unverified_url_evidence,https://www.kijiji.ca/v-cars-trucks/winnipeg/2022-subaru-forester-touring-cvt/1735957227,source_reported_unverified,11,27800,25800,0,-2000,No change noted,"Down $2,000 over 11 weeks",
1,subaru_forester,kijiji,listing_6de75b0efe731efefd833ed0,observation_9beaef05010eb38e398873bf,1740885123,source_identifier_claim_not_vin,unverified_source_claims,data/subaru_forester/evidence/kijiji/raw_latest.jsonl#record=68,data/subaru_forester/evidence/kijiji/normalized_latest.jsonl#source_record_index=68,DISABLED_MANUAL_REVIEW_REQUIRED,location_verification_required,success,warnings_present,unverified_kijiji_location,success,2026-07-22T18:47:46+00:00,2022,source_reported_unverified,Subaru,source_reported_or_configured_unverified,Forester,source_reported_or_configured_unverified,convenience,source_reported_unverified,31971,source_reported_unverified,36304,source_reported_unverified,,unknown,Gas,source_reported_or_inferred_unverified,,unknown,,unknown,Dealer,source_reported_or_inferred_unverified,,quarantined_unverified_search_origin,,quarantined_unverified_search_origin,"Calgary, AB",,disabled_due_to_unverified_location,disabled_unverified_location,calgary,unverified_url_evidence,https://www.kijiji.ca/v-cars-trucks/calgary/2022-subaru-forester-convenience/1740885123,source_reported_unverified,1,31971,31971,0,0,No change noted,Unchanged for 1 weeks,
1,subaru_forester,kijiji,listing_7123338bd9bff1f1733bd9d0,observation_5646af39c22b06406bc86458,1740365694,source_identifier_claim_not_vin,unverified_source_claims,data/subaru_forester/evidence/kijiji/raw_latest.jsonl#record=54,data/subaru_forester/evidence/kijiji/normalized_latest.jsonl#source_record_index=54,DISABLED_MANUAL_REVIEW_REQUIRED,location_verification_required,success,warnings_present,unverified_kijiji_location,success,2026-07-22T18:47:46+00:00,2022,source_reported_unverified,Subaru,source_reported_or_configured_unverified,Forester,source_reported_or_configured_unverified,,unknown,22995,source_reported_unverified,147000,source_reported_unverified,,unknown,Gas,source_reported_or_inferred_unverified,,unknown,,unknown,Private,source_reported_or_inferred_unverified,,quarantined_unverified_search_origin,,quarantined_unverified_search_origin,"Canmore, AB",,disabled_due_to_unverified_location,disabled_unverified_location,summerside-pei,unverified_url_evidence,https://www.kijiji.ca/v-cars-trucks/summerside-pei/2022-subaru-forester/1740365694,source_reported_unverified,2,22995,22995,0,0,No change noted,Unchanged for 2 weeks,
1,subaru_forester,kijiji,listing_922fc8ef85e20a6e6a90de29,observation_e9fc0f6ea817246e04b739d9,1735016745,source_identifier_claim_not_vin,unverified_source_claims,data/subaru_forester/evidence/kijiji/raw_latest.jsonl#record=57,data/subaru_forester/evidence/kijiji/normalized_latest.jsonl#source_record_index=57,DISABLED_MANUAL_REVIEW_REQUIRED,location_verification_required,success,warnings_present,unverified_kijiji_location,success,2026-07-22T18:47:46+00:00,2022,source_reported_unverified,Subaru,source_reported_or_configured_unverified,Forester,source_reported_or_configured_unverified,,unknown,24995,source_reported_unverified,140000,source_reported_unverified,,unknown,Gas,source_reported_or_inferred_unverified,,unknown,,unknown,Private,source_reported_or_inferred_unverified,,quarantined_unverified_search_origin,,quarantined_unverified_search_origin,"Regina, SK",,disabled_due_to_unverified_location,disabled_unverified_location,winnipeg,unverified_url_evidence,https://www.kijiji.ca/v-cars-trucks/winnipeg/2022-subaru-forester-cvt/1735016745,source_reported_unverified,11,24995,24995,0,0,No change noted,Unchanged for 11 weeks,
1,subaru_forester,kijiji,listing_9532e921775b67601f6def74,observation_d2c964353233a10e04bdd3ea,1735599733,source_identifier_claim_not_vin,unverified_source_claims,data/subaru_forester/evidence/kijiji/raw_latest.jsonl#record=56,data/subaru_forester/evidence/kijiji/normalized_latest.jsonl#source_record_index=56,DISABLED_MANUAL_REVIEW_REQUIRED,location_verification_required,success,warnings_present,unverified_kijiji_location,success,2026-07-22T18:47:46+00:00,2022,source_reported_unverified,Subaru,source_reported_or_configured_unverified,Forester,source_reported_or_configured_unverified,touring,source_reported_unverified,24995,source_reported_unverified,123337,source_reported_unverified,,unknown,Gas,source_reported_or_inferred_unverified,No accidents reported,source_text_claim_unverified,,unknown,Private,source_reported_or_inferred_unverified,,quarantined_unverified_search_origin,,quarantined_unverified_search_origin,"Canmore, AB",,disabled_due_to_unverified_location,disabled_unverified_location,hamilton,unverified_url_evidence,https://www.kijiji.ca/v-cars-trucks/hamilton/2022-subaru-forester-touring-awd-no-accidents/1735599733,source_reported_unverified,11,26995,24995,0,-2000,No change noted,"Down $2,000 over 11 weeks",
1,subaru_forester,kijiji,listing_969a113fd5128c2a60559f0a,observation_5556623291307e5d40810c79,1734645734,source_identifier_claim_not_vin,unverified_source_claims,data/subaru_forester/evidence/kijiji/raw_latest.jsonl#record=52,data/subaru_forester/evidence/kijiji/normalized_latest.jsonl#source_record_index=52,DISABLED_MANUAL_REVIEW_REQUIRED,location_verification_required,success,warnings_present,unverified_kijiji_location,success,2026-07-22T18:47:46+00:00,2022,source_reported_unverified,Subaru,source_reported_or_configured_unverified,Forester,source_reported_or_configured_unverified,premium,source_reported_unverified,19988,source_reported_unverified,170907,source_reported_unverified,,unknown,Gas,source_reported_or_inferred_unverified,,unknown,,unknown,Dealer,source_reported_or_inferred_unverified,,quarantined_unverified_search_origin,,quarantined_unverified_search_origin,"Calgary, AB",,disabled_due_to_unverified_location,disabled_unverified_location,calgary,unverified_url_evidence,https://www.kijiji.ca/v-cars-trucks/calgary/2022-subaru-forester-premium-fully-inspected/1734645734,source_reported_unverified,11,19988,19988,0,0,No change noted,Unchanged for 11 weeks,
1,subaru_forester,kijiji,listing_9ae8e6638ddce34e5ce1bce7,observation_3f1c3b36aa6b141af5cf8b9a,1730092326,source_identifier_claim_not_vin,unverified_source_claims,data/subaru_forester/evidence/kijiji/raw_latest.jsonl#record=55,data/subaru_forester/evidence/kijiji/normalized_latest.jsonl#source_record_index=55,DISABLED_MANUAL_REVIEW_REQUIRED,location_verification_required,success,warnings_present,unverified_kijiji_location,success,2026-07-22T18:47:46+00:00,2022,source_reported_unverified,Subaru,source_reported_or_configured_unverified,Forester,source_reported_or_configured_unverified,,unknown,24995,source_reported_unverified,49187,source_reported_unverified,2.5L,source_reported_unverified,Gas,source_reported_or_inferred_unverified,,unknown,,unknown,Private,source_reported_or_inferred_unverified,,quarantined_unverified_search_origin,,quarantined_unverified_search_origin,"Canmore, AB",,disabled_due_to_unverified_location,disabled_unverified_location,longueuil-rive-sud,unverified_url_evidence,https://www.kijiji.ca/v-cars-trucks/longueuil-rive-sud/2022-subaru-forester-2-5l-bancs-chauffants-carplay/1730092326,source_reported_unverified,11,25995,24995,0,-1000,No change noted,"Down $1,000 over 11 weeks",
1,subaru_forester,kijiji,listing_bf48e43b30752aadeeb50597,observation_6c6b31207c3858695bda8bdf,1740097843,source_identifier_claim_not_vin,unverified_source_claims,data/subaru_forester/evidence/kijiji/raw_latest.jsonl#record=71,data/subaru_forester/evidence/kijiji/normalized_latest.jsonl#source_record_index=71,DISABLED_MANUAL_REVIEW_REQUIRED,location_verification_required,success,warnings_present,unverified_kijiji_location,success,2026-07-22T18:47:46+00:00,2022,source_reported_unverified,Subaru,source_reported_or_configured_unverified,Forester,source_reported_or_configured_unverified,,unknown,36495,source_reported_unverified,66196,source_reported_unverified,,unknown,Gas,source_reported_or_inferred_unverified,,unknown,,unknown,,unknown,,quarantined_unverified_search_origin,,quarantined_unverified_search_origin,"Calgary, AB",,disabled_due_to_unverified_location,disabled_unverified_location,calgary,unverified_url_evidence,https://www.kijiji.ca/v-cars-trucks/calgary/2022-subaru-forester-premier-cvt-one-owner/1740097843,source_reported_unverified,3,37995,36495,0,-1500,No change noted,"Down $1,500 over 3 weeks",
1,subaru_forester,kijiji,listing_c39ddbdfeef697677cdff47a,observation_7866f3abf02c41d7d8decb67,1739704048,source_identifier_claim_not_vin,unverified_source_claims,data/subaru_forester/evidence/kijiji/raw_latest.jsonl#record=61,data/subaru_forester/evidence/kijiji/normalized_latest.jsonl#source_record_index=61,DISABLED_MANUAL_REVIEW_REQUIRED,location_verification_required,success,warnings_present,unverified_kijiji_location,success,2026-07-22T18:47:46+00:00,2022,source_reported_unverified,Subaru,source_reported_or_configured_unverified,Forester,source_reported_or_configured_unverified,convenience,source_reported_unverified,27990,source_reported_unverified,50000,source_reported_unverified,,unknown,Gas,source_reported_or_inferred_unverified,,unknown,,unknown,Private,source_reported_or_inferred_unverified,,quarantined_unverified_search_origin,,quarantined_unverified_search_origin,"Canmore, AB",,disabled_due_to_unverified_location,disabled_unverified_location,bedford,unverified_url_evidence,https://www.kijiji.ca/v-cars-trucks/bedford/2022-subaru-forester-convenience/1739704048,source_reported_unverified,2,27990,27990,0,0,No change noted,Unchanged for 2 weeks,
1,subaru_forester,kijiji,listing_c7d32ede4d88cb335a8c4156,observation_5c64dd66f59582f04bc0f37c,1739723479,source_identifier_claim_not_vin,unverified_source_claims,data/subaru_forester/evidence/kijiji/raw_latest.jsonl#record=67,data/subaru_forester/evidence/kijiji/normalized_latest.jsonl#source_record_index=67,DISABLED_MANUAL_REVIEW_REQUIRED,location_verification_required,success,warnings_present,unverified_kijiji_location,success,2026-07-22T18:47:46+00:00,2022,source_reported_unverified,Subaru,source_reported_or_configured_unverified,Forester,source_reported_or_configured_unverified,wilderness,source_reported_unverified,31395,source_reported_unverified,60512,source_reported_unverified,,unknown,Gas,source_reported_or_inferred_unverified,,unknown,,unknown,Private,source_reported_or_inferred_unverified,,quarantined_unverified_search_origin,,quarantined_unverified_search_origin,"Canmore, AB",,disabled_due_to_unverified_location,disabled_unverified_location,longueuil-rive-sud,unverified_url_evidence,https://www.kijiji.ca/v-cars-trucks/longueuil-rive-sud/2022-subaru-forester-wilderness/1739723479,source_reported_unverified,4,31395,31395,0,0,No change noted,Unchanged for 4 weeks,
1,subaru_forester,kijiji,listing_ce99f48380b4ed9cc3ea8476,observation_a251fd983510cb6c5bcae756,1739936639,source_identifier_claim_not_vin,unverified_source_claims,data/subaru_forester/evidence/kijiji/raw_latest.jsonl#record=66,data/subaru_forester/evidence/kijiji/normalized_latest.jsonl#source_record_index=66,DISABLED_MANUAL_REVIEW_REQUIRED,location_verification_required,success,warnings_present,unverified_kijiji_location,success,2026-07-22T18:47:46+00:00,2022,source_reported_unverified,Subaru,source_reported_or_configured_unverified,Forester,source_reported_or_configured_unverified,touring,source_reported_unverified,30793,source_reported_unverified,24548,source_reported_unverified,,unknown,Gas,source_reported_or_inferred_unverified,,unknown,,unknown,Private,source_reported_or_inferred_unverified,,quarantined_unverified_search_origin,,quarantined_unverified_search_origin,"Canmore, AB",,disabled_due_to_unverified_location,disabled_unverified_location,longueuil-rive-sud,unverified_url_evidence,https://www.kijiji.ca/v-cars-trucks/longueuil-rive-sud/2022-subaru-forester-touring-eyesight-camera-de-recul-banc-c/1739936639,source_reported_unverified,3,30993,30793,0,-200,No change noted,Down $200 over 3 weeks,
1,subaru_forester,kijiji,listing_d6a49be39c0b5d751bd8babf,observation_08f2527dfc6c5ee2394515e9,1739436345,source_identifier_claim_not_vin,unverified_source_claims,data/subaru_forester/evidence/kijiji/raw_latest.jsonl#record=59,data/subaru_forester/evidence/kijiji/normalized_latest.jsonl#source_record_index=59,DISABLED_MANUAL_REVIEW_REQUIRED,location_verification_required,success,warnings_present,unverified_kijiji_location,success,2026-07-22T18:47:46+00:00,2022,source_reported_unverified,Subaru,source_reported_or_configured_unverified,Forester,source_reported_or_configured_unverified,convenience,source_reported_unverified,25988,source_reported_unverified,124998,source_reported_unverified,,unknown,Gas,source_reported_or_inferred_unverified,,unknown,,unknown,Dealer,source_reported_or_inferred_unverified,,quarantined_unverified_search_origin,,quarantined_unverified_search_origin,"Calgary, AB",,disabled_due_to_unverified_location,disabled_unverified_location,calgary,unverified_url_evidence,https://www.kijiji.ca/v-cars-trucks/calgary/2022-subaru-forester-convenience-backup-camera-lane-assist-push/1739436345,source_reported_unverified,5,25988,25988,0,0,No change noted,Unchanged for 5 weeks,
1,subaru_forester,kijiji,listing_daa625d1215d38545926f8e6,observation_cc9c5ef3f0bf0d4a2e90008b,1740526178,source_identifier_claim_not_vin,unverified_source_claims,data/subaru_forester/evidence/kijiji/raw_latest.jsonl#record=65,data/subaru_forester/evidence/kijiji/normalized_latest.jsonl#source_record_index=65,DISABLED_MANUAL_REVIEW_REQUIRED,location_verification_required,success,warnings_present,unverified_kijiji_location,success,2026-07-22T18:47:46+00:00,2022,source_reported_unverified,Subaru,source_reported_or_configured_unverified,Forester,source_reported_or_configured_unverified,,unknown,29500,source_reported_unverified,37000,source_reported_unverified,,unknown,Gas,source_reported_or_inferred_unverified,,unknown,,unknown,Private,source_reported_or_inferred_unverified,,quarantined_unverified_search_origin,,quarantined_unverified_search_origin,"Canmore, AB",,disabled_due_to_unverified_location,disabled_unverified_location,ville-de-montreal,unverified_url_evidence,https://www.kijiji.ca/v-cars-trucks/ville-de-montreal/2022-subaru-forester-2-5i-cvt/1740526178,source_reported_unverified,1,29500,29500,0,0,No change noted,Unchanged for 1 weeks,
1,subaru_forester,kijiji,listing_ea08bc45a0a3142ab92d9878,observation_6991727bbb3d16b1bea53571,1740106069,source_identifier_claim_not_vin,unverified_source_claims,data/subaru_forester/evidence/kijiji/raw_latest.jsonl#record=62,data/subaru_forester/evidence/kijiji/normalized_latest.jsonl#source_record_index=62,DISABLED_MANUAL_REVIEW_REQUIRED,location_verification_required,success,warnings_present,unverified_kijiji_location,success,2026-07-22T18:47:46+00:00,2022,source_reported_unverified,Subaru,source_reported_or_configured_unverified,Forester,source_reported_or_configured_unverified,,unknown,27995,source_reported_unverified,62021,source_reported_unverified,,unknown,Gas,source_reported_or_inferred_unverified,,unknown,,unknown,Dealer,source_reported_or_inferred_unverified,,quarantined_unverified_search_origin,,quarantined_unverified_search_origin,"Canmore, AB",,disabled_due_to_unverified_location,disabled_unverified_location,belleville,unverified_url_evidence,https://www.kijiji.ca/v-cars-trucks/belleville/2022-subaru-forester-premier-cvt-for-sale/1740106069,source_reported_unverified,2,27995,27995,0,0,No change noted,Unchanged for 2 weeks,
1,subaru_forester,kijiji,listing_0fd94b2dcef1271ba8b006a9,observation_68889238429ecf3f018e31a9,1740470134,source_identifier_claim_not_vin,unverified_source_claims,data/subaru_forester/evidence/kijiji/raw_latest.jsonl#record=82,data/subaru_forester/evidence/kijiji/normalized_latest.jsonl#source_record_index=82,DISABLED_MANUAL_REVIEW_REQUIRED,location_verification_required,success,warnings_present,unverified_kijiji_location,success,2026-07-22T18:47:46+00:00,2023,source_reported_unverified,Subaru,source_reported_or_configured_unverified,Forester,source_reported_or_configured_unverified,,unknown,31995,source_reported_unverified,50250,source_reported_unverified,,unknown,Gas,source_reported_or_inferred_unverified,,unknown,,unknown,Private,source_reported_or_inferred_unverified,,quarantined_unverified_search_origin,,quarantined_unverified_search_origin,"Canmore, AB",,disabled_due_to_unverified_location,disabled_unverified_location,owen-sound,unverified_url_evidence,https://www.kijiji.ca/v-cars-trucks/owen-sound/2023-subaru-forester-touring-awd/1740470134,source_reported_unverified,2,31995,31995,0,0,No change noted,Unchanged for 2 weeks,
1,subaru_forester,kijiji,listing_124a59f0545106100773b0f6,observation_5f67ccfd2f42ac309903cfcc,1737288578,source_identifier_claim_not_vin,unverified_source_claims,data/subaru_forester/evidence/kijiji/raw_latest.jsonl#record=77,data/subaru_forester/evidence/kijiji/normalized_latest.jsonl#source_record_index=77,DISABLED_MANUAL_REVIEW_REQUIRED,location_verification_required,success,warnings_present,unverified_kijiji_location,success,2026-07-22T18:47:46+00:00,2023,source_reported_unverified,Subaru,source_reported_or_configured_unverified,Forester,source_reported_or_configured_unverified,,unknown,28499,source_reported_unverified,58396,source_reported_unverified,2.5L,source_reported_unverified,Gas,source_reported_or_inferred_unverified,No accidents reported,source_text_claim_unverified,,unknown,Private,source_reported_or_inferred_unverified,,quarantined_unverified_search_origin,,quarantined_unverified_search_origin,"Canmore, AB",,disabled_due_to_unverified_location,disabled_unverified_location,regina,unverified_url_evidence,https://www.kijiji.ca/v-cars-trucks/regina/2023-subaru-forester-2-5l-cvt-fresh-trade-no-accidents/1737288578,source_reported_unverified,8,30599,28499,0,-2100,No change noted,"Down $2,100 over 8 weeks",
1,subaru_forester,kijiji,listing_4dc6f442972537d7ed7061d3,observation_6edaf1b87243674c07c232fa,1731571251,source_identifier_claim_not_vin,unverified_source_claims,data/subaru_forester/evidence/kijiji/raw_latest.jsonl#record=75,data/subaru_forester/evidence/kijiji/normalized_latest.jsonl#source_record_index=75,DISABLED_MANUAL_REVIEW_REQUIRED,location_verification_required,success,warnings_present,unverified_kijiji_location,success,2026-07-22T18:47:46+00:00,2023,source_reported_unverified,Subaru,source_reported_or_configured_unverified,Forester,source_reported_or_configured_unverified,touring,source_reported_unverified,24552,source_reported_unverified,113935,source_reported_unverified,,unknown,Gas,source_reported_or_inferred_unverified,,unknown,,unknown,Private,source_reported_or_inferred_unverified,,quarantined_unverified_search_origin,,quarantined_unverified_search_origin,"Canmore, AB",,disabled_due_to_unverified_location,disabled_unverified_location,la-ronge,unverified_url_evidence,https://www.kijiji.ca/v-cars-trucks/la-ronge/2023-subaru-forester-touring/1731571251,source_reported_unverified,11,26500,24552,0,-1948,No change noted,"Down $1,948 over 11 weeks",
1,subaru_forester,kijiji,listing_51a71c3d872bf93788adf6a9,observation_a5212b3519bf40630ce2295d,1740152693,source_identifier_claim_not_vin,unverified_source_claims,data/subaru_forester/evidence/kijiji/raw_latest.jsonl#record=83,data/subaru_forester/evidence/kijiji/normalized_latest.jsonl#source_record_index=83,DISABLED_MANUAL_REVIEW_REQUIRED,location_verification_required,success,warnings_present,unverified_kijiji_location,success,2026-07-22T18:47:46+00:00,2023,source_reported_unverified,Subaru,source_reported_or_configured_unverified,Forester,source_reported_or_configured_unverified,sport,source_reported_unverified,32995,source_reported_unverified,78018,source_reported_unverified,,unknown,Gas,source_reported_or_inferred_unverified,,unknown,,unknown,Private,source_reported_or_inferred_unverified,,quarantined_unverified_search_origin,,quarantined_unverified_search_origin,"Canmore, AB",,disabled_due_to_unverified_location,disabled_unverified_location,ottawa,unverified_url_evidence,https://www.kijiji.ca/v-cars-trucks/ottawa/2023-subaru-forester-sport/1740152693,source_reported_unverified,3,32995,32995,0,0,No change noted,Unchanged for 3 weeks,
1,subaru_forester,kijiji,listing_5c44944546a1ff6b209115df,observation_18173687db0772570d83aae7,1740798498,source_identifier_claim_not_vin,unverified_source_claims,data/subaru_forester/evidence/kijiji/raw_latest.jsonl#record=86,data/subaru_forester/evidence/kijiji/normalized_latest.jsonl#source_record_index=86,DISABLED_MANUAL_REVIEW_REQUIRED,location_verification_required,success,warnings_present,unverified_kijiji_location,success,2026-07-22T18:47:46+00:00,2023,source_reported_unverified,Subaru,source_reported_or_configured_unverified,Forester,source_reported_or_configured_unverified,limited,source_reported_unverified,33976,source_reported_unverified,64481,source_reported_unverified,,unknown,Gas,source_reported_or_inferred_unverified,No accidents reported,source_text_claim_unverified,,unknown,Private,source_reported_or_inferred_unverified,,quarantined_unverified_search_origin,,quarantined_unverified_search_origin,"Canmore, AB",,disabled_due_to_unverified_location,disabled_unverified_location,oakville-halton-region,unverified_url_evidence,https://www.kijiji.ca/v-cars-trucks/oakville-halton-region/2023-subaru-forester-limited-cvt-no-accidents-9-service-records/1740798498,source_reported_unverified,1,33976,33976,0,0,No change noted,Unchanged for 1 weeks,
1,subaru_forester,kijiji,listing_78ad48d5311bf5b0dcbfa57b,observation_09cbd417868824da95353560,1739778863,source_identifier_claim_not_vin,unverified_source_claims,data/subaru_forester/evidence/kijiji/raw_latest.jsonl#record=72,data/subaru_forester/evidence/kijiji/normalized_latest.jsonl#source_record_index=72,DISABLED_MANUAL_REVIEW_REQUIRED,location_verification_required,success,warnings_present,unverified_kijiji_location,success,2026-07-22T18:47:46+00:00,2023,source_reported_unverified,Subaru,source_reported_or_configured_unverified,Forester,source_reported_or_configured_unverified,touring,source_reported_unverified,23495,source_reported_unverified,165009,source_reported_unverified,,unknown,Gas,source_reported_or_inferred_unverified,No accidents reported,source_text_claim_unverified,,unknown,Private,source_reported_or_inferred_unverified,,quarantined_unverified_search_origin,,quarantined_unverified_search_origin,"Canmore, AB",,disabled_due_to_unverified_location,disabled_unverified_location,hamilton,unverified_url_evidence,https://www.kijiji.ca/v-cars-trucks/hamilton/2023-subaru-forester-touring-no-accidents-panoramic-roof/1739778863,source_reported_unverified,4,23495,23495,0,0,No change noted,Unchanged for 4 weeks,
1,subaru_forester,kijiji,listing_7b09923259a9fd4c71e2d8c0,observation_9f0ac774b75e67ae7f1d2b45,1739259685,source_identifier_claim_not_vin,unverified_source_claims,data/subaru_forester/evidence/kijiji/raw_latest.jsonl#record=74,data/subaru_forester/evidence/kijiji/normalized_latest.jsonl#source_record_index=74,DISABLED_MANUAL_REVIEW_REQUIRED,location_verification_required,success,warnings_present,unverified_kijiji_location,success,2026-07-22T18:47:46+00:00,2023,source_reported_unverified,Subaru,source_reported_or_configured_unverified,Forester,source_reported_or_configured_unverified,touring,source_reported_unverified,24495,source_reported_unverified,140776,source_reported_unverified,,unknown,Gas,source_reported_or_inferred_unverified,No accidents reported,source_text_claim_unverified,,unknown,Private,source_reported_or_inferred_unverified,,quarantined_unverified_search_origin,,quarantined_unverified_search_origin,"Canmore, AB",,disabled_due_to_unverified_location,disabled_unverified_location,hamilton,unverified_url_evidence,https://www.kijiji.ca/v-cars-trucks/hamilton/2023-subaru-forester-touring-awd-no-accidents/1739259685,source_reported_unverified,6,24495,24495,0,0,No change noted,Unchanged for 6 weeks,
1,subaru_forester,kijiji,listing_7d6299e8b795c82dbea80ea3,observation_5d54322debde3d592f583f80,1737294225,source_identifier_claim_not_vin,unverified_source_claims,data/subaru_forester/evidence/kijiji/raw_latest.jsonl#record=73,data/subaru_forester/evidence/kijiji/normalized_latest.jsonl#source_record_index=73,DISABLED_MANUAL_REVIEW_REQUIRED,location_verification_required,success,warnings_present,unverified_kijiji_location,success,2026-07-22T18:47:46+00:00,2023,source_reported_unverified,Subaru,source_reported_or_configured_unverified,Forester,source_reported_or_configured_unverified,touring,source_reported_unverified,23998,source_reported_unverified,106000,source_reported_unverified,,unknown,Gas,source_reported_or_inferred_unverified,,unknown,,unknown,Private,source_reported_or_inferred_unverified,,quarantined_unverified_search_origin,,quarantined_unverified_search_origin,"Canmore, AB",,disabled_due_to_unverified_location,disabled_unverified_location,annapolis-valley,unverified_url_evidence,https://www.kijiji.ca/v-cars-trucks/annapolis-valley/2023-subaru-forester-touring-carfax-power-seat-sunroof-awd/1737294225,source_reported_unverified,11,23998,23998,0,0,No change noted,Unchanged for 11 weeks,
1,subaru_forester,kijiji,listing_7d6c064deff75c4d4bbef456,observation_5c84cff34b49fd876046e8df,1740420420,source_identifier_claim_not_vin,unverified_source_claims,data/subaru_forester/evidence/kijiji/raw_latest.jsonl#record=89,data/subaru_forester/evidence/kijiji/normalized_latest.jsonl#source_record_index=89,DISABLED_MANUAL_REVIEW_REQUIRED,location_verification_required,success,warnings_present,unverified_kijiji_location,success,2026-07-22T18:47:46+00:00,2023,source_reported_unverified,Subaru,source_reported_or_configured_unverified,Forester,source_reported_or_configured_unverified,,unknown,37733,source_reported_unverified,16316,source_reported_unverified,,unknown,Gas,source_reported_or_inferred_unverified,,unknown,,unknown,Private,source_reported_or_inferred_unverified,,quarantined_unverified_search_origin,,quarantined_unverified_search_origin,"Canmore, AB",,disabled_due_to_unverified_location,disabled_unverified_location,thunder-bay,unverified_url_evidence,https://www.kijiji.ca/v-cars-trucks/thunder-bay/2023-subaru-forester-premier/1740420420,source_reported_unverified,2,37733,37733,0,0,No change noted,Unchanged for 2 weeks,
1,subaru_forester,kijiji,listing_8dc8ffdbe38b95f8ed8c4935,observation_ef07dbcfcfe83ea271d71cb8,1739409206,source_identifier_claim_not_vin,unverified_source_claims,data/subaru_forester/evidence/kijiji/raw_latest.jsonl#record=76,data/subaru_forester/evidence/kijiji/normalized_latest.jsonl#source_record_index=76,DISABLED_MANUAL_REVIEW_REQUIRED,location_verification_required,success,warnings_present,unverified_kijiji_location,success,2026-07-22T18:47:46+00:00,2023,source_reported_unverified,Subaru,source_reported_or_configured_unverified,Forester,source_reported_or_configured_unverified,,unknown,24995,source_reported_unverified,139012,source_reported_unverified,,unknown,Gas,source_reported_or_inferred_unverified,No accidents reported,source_text_claim_unverified,,unknown,Private,source_reported_or_inferred_unverified,,quarantined_unverified_search_origin,,quarantined_unverified_search_origin,"Canmore, AB",,disabled_due_to_unverified_location,disabled_unverified_location,hamilton,unverified_url_evidence,https://www.kijiji.ca/v-cars-trucks/hamilton/2023-subaru-forester-premier-no-accidents-panoramic-roof/1739409206,source_reported_unverified,5,24995,24995,0,0,No change noted,Unchanged for 5 weeks,
1,subaru_forester,kijiji,listing_9ff4bb253863d303e7c08ac1,observation_cd8e1e0127c80958681a40eb,1740841344,source_identifier_claim_not_vin,unverified_source_claims,data/subaru_forester/evidence/kijiji/raw_latest.jsonl#record=84,data/subaru_forester/evidence/kijiji/normalized_latest.jsonl#source_record_index=84,DISABLED_MANUAL_REVIEW_REQUIRED,location_verification_required,success,warnings_present,unverified_kijiji_location,success,2026-07-22T18:47:46+00:00,2023,source_reported_unverified,Subaru,source_reported_or_configured_unverified,Forester,source_reported_or_configured_unverified,sport,source_reported_unverified,32996,source_reported_unverified,49989,source_reported_unverified,,unknown,Gas,source_reported_or_inferred_unverified,,unknown,,unknown,Private,source_reported_or_inferred_unverified,,quarantined_unverified_search_origin,,quarantined_unverified_search_origin,"Canmore, AB",,disabled_due_to_unverified_location,disabled_unverified_location,oshawa-durham-region,unverified_url_evidence,https://www.kijiji.ca/v-cars-trucks/oshawa-durham-region/2023-subaru-forester/1740841344,source_reported_unverified,1,32996,32996,0,0,No change noted,Unchanged for 1 weeks,
1,subaru_forester,kijiji,listing_a4bb6733f6ddf159192b178f,observation_32e9c28ac26621f499849f20,1731901124,source_identifier_claim_not_vin,unverified_source_claims,data/subaru_forester/evidence/kijiji/raw_latest.jsonl#record=87,data/subaru_forester/evidence/kijiji/normalized_latest.jsonl#source_record_index=87,DISABLED_MANUAL_REVIEW_REQUIRED,location_verification_required,success,warnings_present,unverified_kijiji_location,success,2026-07-22T18:47:46+00:00,2023,source_reported_unverified,Subaru,source_reported_or_configured_unverified,Forester,source_reported_or_configured_unverified,wilderness,source_reported_unverified,35888,source_reported_unverified,30552,source_reported_unverified,,unknown,Gas,source_reported_or_inferred_unverified,,unknown,,unknown,Private,source_reported_or_inferred_unverified,,quarantined_unverified_search_origin,,quarantined_unverified_search_origin,"Canmore, AB",,disabled_due_to_unverified_location,disabled_unverified_location,city-of-toronto,unverified_url_evidence,https://www.kijiji.ca/v-cars-trucks/city-of-toronto/2023-subaru-forester-wilderness/1731901124,source_reported_unverified,11,36388,35888,0,-500,No change noted,Down $500 over 11 weeks,
1,subaru_forester,kijiji,listing_ab9ecd5e1456eab46d94a989,observation_2c8a3a47871b5a18646ebeb1,1739500430,source_identifier_claim_not_vin,unverified_source_claims,data/subaru_forester/evidence/kijiji/raw_latest.jsonl#record=81,data/subaru_forester/evidence/kijiji/normalized_latest.jsonl#source_record_index=81,DISABLED_MANUAL_REVIEW_REQUIRED,location_verification_required,success,warnings_present,unverified_kijiji_location,success,2026-07-22T18:47:46+00:00,2023,source_reported_unverified,Subaru,source_reported_or_configured_unverified,Forester,source_reported_or_configured_unverified,touring,source_reported_unverified,31988,source_reported_unverified,42171,source_reported_unverified,,unknown,Gas,source_reported_or_inferred_unverified,,unknown,,unknown,Private,source_reported_or_inferred_unverified,,quarantined_unverified_search_origin,,quarantined_unverified_search_origin,"Canmore, AB",,disabled_due_to_unverified_location,disabled_unverified_location,markham-york-region,unverified_url_evidence,https://www.kijiji.ca/v-cars-trucks/markham-york-region/2023-subaru-forester-touring-touring-low-kms/1739500430,source_reported_unverified,5,32988,31988,0,-1000,No change noted,"Down $1,000 over 5 weeks",
1,subaru_forester,kijiji,listing_b9436b958204a38b0ec6e951,observation_88e38d3a7aed4ce112c83304,1738665620,source_identifier_claim_not_vin,unverified_source_claims,data/subaru_forester/evidence/kijiji/raw_latest.jsonl#record=79,data/subaru_forester/evidence/kijiji/normalized_latest.jsonl#source_record_index=79,DISABLED_MANUAL_REVIEW_REQUIRED,location_verification_required,success,warnings_present,unverified_kijiji_location,success,2026-07-22T18:47:46+00:00,2023,source_reported_unverified,Subaru,source_reported_or_configured_unverified,Forester,source_reported_or_configured_unverified,touring,source_reported_unverified,30995,source_reported_unverified,34227,source_reported_unverified,,unknown,Gas,source_reported_or_inferred_unverified,Accident reported,source_text_claim_unverified,,unknown,Private,source_reported_or_inferred_unverified,,quarantined_unverified_search_origin,,quarantined_unverified_search_origin,"Canmore, AB",,disabled_due_to_unverified_location,disabled_unverified_location,longueuil-rive-sud,unverified_url_evidence,https://www.kijiji.ca/v-cars-trucks/longueuil-rive-sud/2023-subaru-forester-touring-awd-cruise-adapt-toit-ouvrant-cam-r/1738665620,source_reported_unverified,8,32749,30995,0,-1754,No change noted,"Down $1,754 over 8 weeks",
1,subaru_forester,kijiji,listing_badd77cdcdc7ba3e856127f5,observation_fdd21f6e026edf35f9f39b6d,1740422757,source_identifier_claim_not_vin,unverified_source_claims,data/subaru_forester/evidence/kijiji/raw_latest.jsonl#record=78,data/subaru_forester/evidence/kijiji/normalized_latest.jsonl#source_record_index=78,DISABLED_MANUAL_REVIEW_REQUIRED,location_verification_required,success,warnings_present,unverified_kijiji_location,success,2026-07-22T18:47:46+00:00,2023,source_reported_unverified,Subaru,source_reported_or_configured_unverified,Forester,source_reported_or_configured_unverified,limited,source_reported_unverified,29688,source_reported_unverified,69710,source_reported_unverified,,unknown,Gas,source_reported_or_inferred_unverified,,unknown,,unknown,Private,source_reported_or_inferred_unverified,,quarantined_unverified_search_origin,,quarantined_unverified_search_origin,"Canmore, AB",,disabled_due_to_unverified_location,disabled_unverified_location,mississauga-peel-region,unverified_url_evidence,https://www.kijiji.ca/v-cars-trucks/mississauga-peel-region/2023-subaru-forester-limited-limited-awd-1-owner-leather/1740422757,source_reported_unverified,2,29888,29688,0,-200,No change noted,Down $200 over 2 weeks,
1,subaru_forester,kijiji,listing_cb701576bf330883f8f4f18e,observation_ec5d6d6e89e5b44e3c923119,1740294144,source_identifier_claim_not_vin,unverified_source_claims,data/subaru_forester/evidence/kijiji/raw_latest.jsonl#record=85,data/subaru_forester/evidence/kijiji/normalized_latest.jsonl#source_record_index=85,DISABLED_MANUAL_REVIEW_REQUIRED,location_verification_required,success,warnings_present,unverified_kijiji_location,success,2026-07-22T18:47:46+00:00,2023,source_reported_unverified,Subaru,source_reported_or_configured_unverified,Forester,source_reported_or_configured_unverified,wilderness,source_reported_unverified,33235,source_reported_unverified,54553,source_reported_unverified,,unknown,Gas,source_reported_or_inferred_unverified,,unknown,,unknown,Private,source_reported_or_inferred_unverified,,quarantined_unverified_search_origin,,quarantined_unverified_search_origin,"Canmore, AB",,disabled_due_to_unverified_location,disabled_unverified_location,ville-de-montreal,unverified_url_evidence,https://www.kijiji.ca/v-cars-trucks/ville-de-montreal/2023-subaru-forester-wilderness-toit-ouvrant-sieges-chauff/1740294144,source_reported_unverified,2,33295,33295,-60,-60,No change noted,Down $60 over 2 weeks,
1,subaru_forester,kijiji,listing_ce755d3441c31770699888b2,observation_057ce8aac48f74d1493178e9,1736553513,source_identifier_claim_not_vin,unverified_source_claims,data/subaru_forester/evidence/kijiji/raw_latest.jsonl#record=80,data/subaru_forester/evidence/kijiji/normalized_latest.jsonl#source_record_index=80,DISABLED_MANUAL_REVIEW_REQUIRED,location_verification_required,success,warnings_present,unverified_kijiji_location,success,2026-07-22T18:47:46+00:00,2023,source_reported_unverified,Subaru,source_reported_or_configured_unverified,Forester,source_reported_or_configured_unverified,touring,source_reported_unverified,30995,source_reported_unverified,78023,source_reported_unverified,,unknown,Gas,source_reported_or_inferred_unverified,,unknown,,unknown,Dealer,source_reported_or_inferred_unverified,,quarantined_unverified_search_origin,,quarantined_unverified_search_origin,"Calgary, AB",,disabled_due_to_unverified_location,disabled_unverified_location,calgary,unverified_url_evidence,https://www.kijiji.ca/v-cars-trucks/calgary/2023-subaru-forester-touring-moonroof/1736553513,source_reported_unverified,11,31995,30995,0,-1000,No change noted,"Down $1,000 over 11 weeks",
1,subaru_forester,kijiji,listing_d460a9811b11877c9a7b6651,observation_ecbdda900a074c8e7da2394e,1740149430,source_identifier_claim_not_vin,unverified_source_claims,data/subaru_forester/evidence/kijiji/raw_latest.jsonl#record=88,data/subaru_forester/evidence/kijiji/normalized_latest.jsonl#source_record_index=88,DISABLED_MANUAL_REVIEW_REQUIRED,location_verification_required,success,warnings_present,unverified_kijiji_location,success,2026-07-22T18:47:46+00:00,2023,source_reported_unverified,Subaru,source_reported_or_configured_unverified,Forester,source_reported_or_configured_unverified,sport,source_reported_unverified,35898,source_reported_unverified,46029,source_reported_unverified,,unknown,Gas,source_reported_or_inferred_unverified,,unknown,,unknown,Private,source_reported_or_inferred_unverified,,quarantined_unverified_search_origin,,quarantined_unverified_search_origin,"Canmore, AB",,disabled_due_to_unverified_location,disabled_unverified_location,guelph,unverified_url_evidence,https://www.kijiji.ca/v-cars-trucks/guelph/2023-subaru-forester-sport-awd-eyesight-pano-roof/1740149430,source_reported_unverified,3,35898,35898,0,0,No change noted,Unchanged for 3 weeks,
1,subaru_forester,kijiji,listing_f9353e697e07cce50ba28388,observation_89cd3c4aff028064872d99e0,1739455844,source_identifier_claim_not_vin,unverified_source_claims,data/subaru_forester/evidence/kijiji/raw_latest.jsonl#record=90,data/subaru_forester/evidence/kijiji/normalized_latest.jsonl#source_record_index=90,DISABLED_MANUAL_REVIEW_REQUIRED,location_verification_required,success,warnings_present,unverified_kijiji_location,success,2026-07-22T18:47:46+00:00,2023,source_reported_unverified,Subaru,source_reported_or_configured_unverified,Forester,source_reported_or_configured_unverified,sport,source_reported_unverified,38500,source_reported_unverified,14200,source_reported_unverified,,unknown,Gas,source_reported_or_inferred_unverified,No accidents reported,source_text_claim_unverified,,unknown,Private,source_reported_or_inferred_unverified,,quarantined_unverified_search_origin,,quarantined_unverified_search_origin,"Canmore, AB",,disabled_due_to_unverified_location,disabled_unverified_location,north-shore,unverified_url_evidence,https://www.kijiji.ca/v-cars-trucks/north-shore/subaru-forester-sport-2023-still-on-warranty-14200-km-38500/1739455844,source_reported_unverified,5,38500,38500,0,0,No change noted,Unchanged for 5 weeks,
1,subaru_forester,kijiji,listing_0bd0a524b26a87219f802817,observation_7ca22aa9b6713597c051636f,1739723337,source_identifier_claim_not_vin,unverified_source_claims,data/subaru_forester/evidence/kijiji/raw_latest.jsonl#record=103,data/subaru_forester/evidence/kijiji/normalized_latest.jsonl#source_record_index=103,DISABLED_MANUAL_REVIEW_REQUIRED,location_verification_required,success,warnings_present,unverified_kijiji_location,success,2026-07-22T18:47:46+00:00,2024,source_reported_unverified,Subaru,source_reported_or_configured_unverified,Forester,source_reported_or_configured_unverified,,unknown,35495,source_reported_unverified,31251,source_reported_unverified,,unknown,Gas,source_reported_or_inferred_unverified,,unknown,,unknown,Private,source_reported_or_inferred_unverified,,quarantined_unverified_search_origin,,quarantined_unverified_search_origin,"Canmore, AB",,disabled_due_to_unverified_location,disabled_unverified_location,longueuil-rive-sud,unverified_url_evidence,https://www.kijiji.ca/v-cars-trucks/longueuil-rive-sud/2024-subaru-forester/1739723337,source_reported_unverified,4,35495,35495,0,0,No change noted,Unchanged for 4 weeks,
1,subaru_forester,kijiji,listing_0c2d927ed5dc2530a5b0b4fd,observation_0845581b660e4b83b517da0c,1738404572,source_identifier_claim_not_vin,unverified_source_claims,data/subaru_forester/evidence/kijiji/raw_latest.jsonl#record=106,data/subaru_forester/evidence/kijiji/normalized_latest.jsonl#source_record_index=106,DISABLED_MANUAL_REVIEW_REQUIRED,location_verification_required,success,warnings_present,unverified_kijiji_location,success,2026-07-22T18:47:46+00:00,2024,source_reported_unverified,Subaru,source_reported_or_configured_unverified,Forester,source_reported_or_configured_unverified,wilderness,source_reported_unverified,37795,source_reported_unverified,25853,source_reported_unverified,,unknown,Gas,source_reported_or_inferred_unverified,No accidents reported,source_text_claim_unverified,,unknown,Private,source_reported_or_inferred_unverified,,quarantined_unverified_search_origin,,quarantined_unverified_search_origin,"Canmore, AB",,disabled_due_to_unverified_location,disabled_unverified_location,oakville-halton-region,unverified_url_evidence,https://www.kijiji.ca/v-cars-trucks/oakville-halton-region/2024-subaru-forester/1738404572,source_reported_unverified,9,41995,37795,0,-4200,No change noted,"Down $4,200 over 9 weeks",
1,subaru_forester,kijiji,listing_103c7ea74a5ae361a6a900c2,observation_d8c002236d5eae33887ba84c,1740696402,source_identifier_claim_not_vin,unverified_source_claims,data/subaru_forester/evidence/kijiji/raw_latest.jsonl#record=99,data/subaru_forester/evidence/kijiji/normalized_latest.jsonl#source_record_index=99,DISABLED_MANUAL_REVIEW_REQUIRED,location_verification_required,success,warnings_present,unverified_kijiji_location,success,2026-07-22T18:47:46+00:00,2024,source_reported_unverified,Subaru,source_reported_or_configured_unverified,Forester,source_reported_or_configured_unverified,sport,source_reported_unverified,33988,source_reported_unverified,80100,source_reported_unverified,,unknown,Gas,source_reported_or_inferred_unverified,No accidents reported,source_text_claim_unverified,,unknown,Private,source_reported_or_inferred_unverified,,quarantined_unverified_search_origin,,quarantined_unverified_search_origin,"Canmore, AB",,disabled_due_to_unverified_location,disabled_unverified_location,mississauga-peel-region,unverified_url_evidence,https://www.kijiji.ca/v-cars-trucks/mississauga-peel-region/2024-subaru-forester-sport-sport-1owner-clean-carfax-su/1740696402,source_reported_unverified,1,33988,33988,0,0,No change noted,Unchanged for 1 weeks,
1,subaru_forester,kijiji,listing_154c8417b04d5ddf4f86cd5c,observation_043b91dd88496d6e459e1e2d,1738859381,source_identifier_claim_not_vin,unverified_source_claims,data/subaru_forester/evidence/kijiji/raw_latest.jsonl#record=93,data/subaru_forester/evidence/kijiji/normalized_latest.jsonl#source_record_index=93,DISABLED_MANUAL_REVIEW_REQUIRED,location_verification_required,success,warnings_present,unverified_kijiji_location,success,2026-07-22T18:47:46+00:00,2024,source_reported_unverified,Subaru,source_reported_or_configured_unverified,Forester,source_reported_or_configured_unverified,touring,source_reported_unverified,30000,source_reported_unverified,27000,source_reported_unverified,,unknown,Gas,source_reported_or_inferred_unverified,,unknown,,unknown,Private,source_reported_or_inferred_unverified,,quarantined_unverified_search_origin,,quarantined_unverified_search_origin,"Regina, SK",,disabled_due_to_unverified_location,disabled_unverified_location,winnipeg,unverified_url_evidence,https://www.kijiji.ca/v-cars-trucks/winnipeg/2024-subaru-forester-touring/1738859381,source_reported_unverified,8,30000,30000,0,0,No change noted,Unchanged for 8 weeks,
1,subaru_forester,kijiji,listing_37a7dc171c77188eec4d2de0,observation_60967c514c1a4cfbb4fb3fdb,1738616379,source_identifier_claim_not_vin,unverified_source_claims,data/subaru_forester/evidence/kijiji/raw_latest.jsonl#record=98,data/subaru_forester/evidence/kijiji/normalized_latest.jsonl#source_record_index=98,DISABLED_MANUAL_REVIEW_REQUIRED,location_verification_required,success,warnings_present,unverified_kijiji_location,success,2026-07-22T18:47:46+00:00,2024,source_reported_unverified,Subaru,source_reported_or_configured_unverified,Forester,source_reported_or_configured_unverified,wilderness,source_reported_unverified,33900,source_reported_unverified,26094,source_reported_unverified,,unknown,Gas,source_reported_or_inferred_unverified,,unknown,,unknown,Private,source_reported_or_inferred_unverified,,quarantined_unverified_search_origin,,quarantined_unverified_search_origin,"Canmore, AB",,disabled_due_to_unverified_location,disabled_unverified_location,st-catharines,unverified_url_evidence,https://www.kijiji.ca/v-cars-trucks/st-catharines/2024-subaru-forester-wilderness/1738616379,source_reported_unverified,7,33900,33900,0,0,No change noted,Unchanged for 7 weeks,
1,subaru_forester,kijiji,listing_5340c1a726736e86339dff79,observation_b73795e0b1c541fd8aafabb8,1740746429,source_identifier_claim_not_vin,unverified_source_claims,data/subaru_forester/evidence/kijiji/raw_latest.jsonl#record=94,data/subaru_forester/evidence/kijiji/normalized_latest.jsonl#source_record_index=94,DISABLED_MANUAL_REVIEW_REQUIRED,location_verification_required,success,warnings_present,unverified_kijiji_location,success,2026-07-22T18:47:46+00:00,2024,source_reported_unverified,Subaru,source_reported_or_configured_unverified,Forester,source_reported_or_configured_unverified,,unknown,30884,source_reported_unverified,28034,source_reported_unverified,,unknown,Gas,source_reported_or_inferred_unverified,,unknown,,unknown,Private,source_reported_or_inferred_unverified,,quarantined_unverified_search_origin,,quarantined_unverified_search_origin,"Canmore, AB",,disabled_due_to_unverified_location,disabled_unverified_location,ville-de-montreal,unverified_url_evidence,https://www.kijiji.ca/v-cars-trucks/ville-de-montreal/2024-subaru-forester-awd/1740746429,source_reported_unverified,1,30884,30884,0,0,No change noted,Unchanged for 1 weeks,
1,subaru_forester,kijiji,listing_5bd11fc0d6b47d1cd590d30f,observation_94a35fa95c90247774bd34ff,1740471600,source_identifier_claim_not_vin,unverified_source_claims,data/subaru_forester/evidence/kijiji/raw_latest.jsonl#record=109,data/subaru_forester/evidence/kijiji/normalized_latest.jsonl#source_record_index=109,DISABLED_MANUAL_REVIEW_REQUIRED,location_verification_required,success,warnings_present,unverified_kijiji_location,success,2026-07-22T18:47:46+00:00,2024,source_reported_unverified,Subaru,source_reported_or_configured_unverified,Forester,source_reported_or_configured_unverified,,unknown,42888,source_reported_unverified,11706,source_reported_unverified,,unknown,Gas,source_reported_or_inferred_unverified,No accidents reported,source_text_claim_unverified,,unknown,Private,source_reported_or_inferred_unverified,,quarantined_unverified_search_origin,,quarantined_unverified_search_origin,"Canmore, AB",,disabled_due_to_unverified_location,disabled_unverified_location,mississauga-peel-region,unverified_url_evidence,https://www.kijiji.ca/v-cars-trucks/mississauga-peel-region/2024-subaru-forester-premier-premier-clean-carfax-1owner/1740471600,source_reported_unverified,2,42888,42888,0,0,No change noted,Unchanged for 2 weeks,
1,subaru_forester,kijiji,listing_6327e5337caf8688ba379a75,observation_4212d2e186675a68cf3b09d5,1739404982,source_identifier_claim_not_vin,unverified_source_claims,data/subaru_forester/evidence/kijiji/raw_latest.jsonl#record=107,data/subaru_forester/evidence/kijiji/normalized_latest.jsonl#source_record_index=107,DISABLED_MANUAL_REVIEW_REQUIRED,location_verification_required,success,warnings_present,unverified_kijiji_location,success,2026-07-22T18:47:46+00:00,2024,source_reported_unverified,Subaru,source_reported_or_configured_unverified,Forester,source_reported_or_configured_unverified,,unknown,38988,source_reported_unverified,38623,source_reported_unverified,,unknown,Gas,source_reported_or_inferred_unverified,No accidents reported,source_text_claim_unverified,,unknown,Private,source_reported_or_inferred_unverified,,quarantined_unverified_search_origin,,quarantined_unverified_search_origin,"Canmore, AB",,disabled_due_to_unverified_location,disabled_unverified_location,mississauga-peel-region,unverified_url_evidence,https://www.kijiji.ca/v-cars-trucks/mississauga-peel-region/2024-subaru-forester-premier-premier-awd-1owner-clean-carfa/1739404982,source_reported_unverified,4,38888,38988,0,100,No change noted,Up $100 over 4 weeks,
1,subaru_forester,kijiji,listing_758805dc3508506d51283a8f,observation_b2d900dcf5461e1bcd964aaf,1740422765,source_identifier_claim_not_vin,unverified_source_claims,data/subaru_forester/evidence/kijiji/raw_latest.jsonl#record=105,data/subaru_forester/evidence/kijiji/normalized_latest.jsonl#source_record_index=105,DISABLED_MANUAL_REVIEW_REQUIRED,location_verification_required,success,warnings_present,unverified_kijiji_location,success,2026-07-22T18:47:46+00:00,2024,source_reported_unverified,Subaru,source_reported_or_configured_unverified,Forester,source_reported_or_configured_unverified,sport,source_reported_unverified,36488,source_reported_unverified,26157,source_reported_unverified,,unknown,Gas,source_reported_or_inferred_unverified,No accidents reported,source_text_claim_unverified,,unknown,Private,source_reported_or_inferred_unverified,,quarantined_unverified_search_origin,,quarantined_unverified_search_origin,"Canmore, AB",,disabled_due_to_unverified_location,disabled_unverified_location,mississauga-peel-region,unverified_url_evidence,https://www.kijiji.ca/v-cars-trucks/mississauga-peel-region/2024-subaru-forester-sport-sport-awd-clean-carfax-1owne/1740422765,source_reported_unverified,2,37188,36488,0,-700,No change noted,Down $700 over 2 weeks,
1,subaru_forester,kijiji,listing_7b667a4808f2b0be5fdbcdbf,observation_dc005bdf433ecdf5fe66d3df,1740152560,source_identifier_claim_not_vin,unverified_source_claims,data/subaru_forester/evidence/kijiji/raw_latest.jsonl#record=111,data/subaru_forester/evidence/kijiji/normalized_latest.jsonl#source_record_index=111,DISABLED_MANUAL_REVIEW_REQUIRED,location_verification_required,success,warnings_present,unverified_kijiji_location,success,2026-07-22T18:47:46+00:00,2024,source_reported_unverified,Subaru,source_reported_or_configured_unverified,Forester,source_reported_or_configured_unverified,wilderness,source_reported_unverified,42999,source_reported_unverified,15851,source_reported_unverified,,unknown,Gas,source_reported_or_inferred_unverified,,unknown,,unknown,Dealer,source_reported_or_inferred_unverified,,quarantined_unverified_search_origin,,quarantined_unverified_search_origin,"Edmonton, AB",,disabled_due_to_unverified_location,disabled_unverified_location,edmonton,unverified_url_evidence,https://www.kijiji.ca/v-cars-trucks/edmonton/2024-subaru-forester-wilderness-certified/1740152560,source_reported_unverified,2,41999,42999,0,1000,No change noted,"Up $1,000 over 2 weeks",
1,subaru_forester,kijiji,listing_849d99b95d22d77001f4c1fd,observation_df86fda90ba200581aa8922b,1734645901,source_identifier_claim_not_vin,unverified_source_claims,data/subaru_forester/evidence/kijiji/raw_latest.jsonl#record=104,data/subaru_forester/evidence/kijiji/normalized_latest.jsonl#source_record_index=104,DISABLED_MANUAL_REVIEW_REQUIRED,location_verification_required,success,warnings_present,unverified_kijiji_location,success,2026-07-22T18:47:46+00:00,2024,source_reported_unverified,Subaru,source_reported_or_configured_unverified,Forester,source_reported_or_configured_unverified,sport,source_reported_unverified,36000,source_reported_unverified,15612,source_reported_unverified,,unknown,Gas,source_reported_or_inferred_unverified,,unknown,,unknown,Private,source_reported_or_inferred_unverified,,quarantined_unverified_search_origin,,quarantined_unverified_search_origin,"Regina, SK",,disabled_due_to_unverified_location,disabled_unverified_location,winnipeg,unverified_url_evidence,https://www.kijiji.ca/v-cars-trucks/winnipeg/2024-subaru-forester-sport-local-one-owner-smartph/1734645901,source_reported_unverified,11,37498,36000,0,-1498,No change noted,"Down $1,498 over 11 weeks",
1,subaru_forester,kijiji,listing_8709804141acd89916585e07,observation_2e87273a12f8eb4a97609d6c,1739779432,source_identifier_claim_not_vin,unverified_source_claims,data/subaru_forester/evidence/kijiji/raw_latest.jsonl#record=102,data/subaru_forester/evidence/kijiji/normalized_latest.jsonl#source_record_index=102,DISABLED_MANUAL_REVIEW_REQUIRED,location_verification_required,success,warnings_present,unverified_kijiji_location,success,2026-07-22T18:47:46+00:00,2024,source_reported_unverified,Subaru,source_reported_or_configured_unverified,Forester,source_reported_or_configured_unverified,touring,source_reported_unverified,34995,source_reported_unverified,46865,source_reported_unverified,,unknown,Gas,source_reported_or_inferred_unverified,,unknown,,unknown,Private,source_reported_or_inferred_unverified,,quarantined_unverified_search_origin,,quarantined_unverified_search_origin,"Canmore, AB",,disabled_due_to_unverified_location,disabled_unverified_location,ottawa,unverified_url_evidence,https://www.kijiji.ca/v-cars-trucks/ottawa/2024-subaru-forester-touring/1739779432,source_reported_unverified,3,34995,34995,0,0,No change noted,Unchanged for 3 weeks,
1,subaru_forester,kijiji,listing_b5c0d26c0ea11c5e1cdbf0b6,observation_e9582f750681bf4a1c2fc660,1737248552,source_identifier_claim_not_vin,unverified_source_claims,data/subaru_forester/evidence/kijiji/raw_latest.jsonl#record=110,data/subaru_forester/evidence/kijiji/normalized_latest.jsonl#source_record_index=110,DISABLED_MANUAL_REVIEW_REQUIRED,location_verification_required,success,warnings_present,unverified_kijiji_location,success,2026-07-22T18:47:46+00:00,2024,source_reported_unverified,Subaru,source_reported_or_configured_unverified,Forester,source_reported_or_configured_unverified,,unknown,42991,source_reported_unverified,16663,source_reported_unverified,,unknown,Gas,source_reported_or_inferred_unverified,,unknown,,unknown,Private,source_reported_or_inferred_unverified,,quarantined_unverified_search_origin,,quarantined_unverified_search_origin,"Regina, SK",,disabled_due_to_unverified_location,disabled_unverified_location,winnipeg,unverified_url_evidence,https://www.kijiji.ca/v-cars-trucks/winnipeg/2024-subaru-forester-premier-navigation-two-tone-leather/1737248552,source_reported_unverified,11,42000,42991,0,991,No change noted,Up $991 over 11 weeks,
1,subaru_forester,kijiji,listing_b60b6abdadea4c98263ab2a8,observation_0cdadba32f83f88ba911a778,1738653448,source_identifier_claim_not_vin,unverified_source_claims,data/subaru_forester/evidence/kijiji/raw_latest.jsonl#record=91,data/subaru_forester/evidence/kijiji/normalized_latest.jsonl#source_record_index=91,DISABLED_MANUAL_REVIEW_REQUIRED,location_verification_required,success,warnings_present,unverified_kijiji_location,success,2026-07-22T18:47:46+00:00,2024,source_reported_unverified,Subaru,source_reported_or_configured_unverified,Forester,source_reported_or_configured_unverified,,unknown,29995,source_reported_unverified,53000,source_reported_unverified,,unknown,Gas,source_reported_or_inferred_unverified,No accidents reported,source_text_claim_unverified,,unknown,Private,source_reported_or_inferred_unverified,,quarantined_unverified_search_origin,,quarantined_unverified_search_origin,"Canmore, AB",,disabled_due_to_unverified_location,disabled_unverified_location,ottawa,unverified_url_evidence,https://www.kijiji.ca/v-cars-trucks/ottawa/2024-subaru-forester-awd-htd-seats-a-c-bt-apple-android-53/1738653448,source_reported_unverified,8,29995,29995,0,0,No change noted,Unchanged for 8 weeks,
1,subaru_forester,kijiji,listing_bf92c9e380bc0246165cb277,observation_3f8f706c080e9eb51c7bafc7,1740912526,source_identifier_claim_not_vin,unverified_source_claims,data/subaru_forester/evidence/kijiji/raw_latest.jsonl#record=95,data/subaru_forester/evidence/kijiji/normalized_latest.jsonl#source_record_index=95,DISABLED_MANUAL_REVIEW_REQUIRED,location_verification_required,success,warnings_present,unverified_kijiji_location,success,2026-07-22T18:47:46+00:00,2024,source_reported_unverified,Subaru,source_reported_or_configured_unverified,Forester,source_reported_or_configured_unverified,touring,source_reported_unverified,31993,source_reported_unverified,26295,source_reported_unverified,,unknown,Gas,source_reported_or_inferred_unverified,,unknown,,unknown,Private,source_reported_or_inferred_unverified,,quarantined_unverified_search_origin,,quarantined_unverified_search_origin,"Canmore, AB",,disabled_due_to_unverified_location,disabled_unverified_location,longueuil-rive-sud,unverified_url_evidence,https://www.kijiji.ca/v-cars-trucks/longueuil-rive-sud/2024-subaru-forester-touring-toit-ecran-11-6-eyesight-banc/1740912526,source_reported_unverified,0,31993,31993,0,0,No change noted,First seen this week,
1,subaru_forester,kijiji,listing_c32837588a622b9898991712,observation_dbd130c9f98be44fdcaa4cbe,1738250143,source_identifier_claim_not_vin,unverified_source_claims,data/subaru_forester/evidence/kijiji/raw_latest.jsonl#record=100,data/subaru_forester/evidence/kijiji/normalized_latest.jsonl#source_record_index=100,DISABLED_MANUAL_REVIEW_REQUIRED,location_verification_required,success,warnings_present,unverified_kijiji_location,success,2026-07-22T18:47:46+00:00,2024,source_reported_unverified,Subaru,source_reported_or_configured_unverified,Forester,source_reported_or_configured_unverified,touring,source_reported_unverified,34384,source_reported_unverified,61159,source_reported_unverified,,unknown,Gas,source_reported_or_inferred_unverified,,unknown,,unknown,,unknown,,quarantined_unverified_search_origin,,quarantined_unverified_search_origin,"Calgary, AB",,disabled_due_to_unverified_location,disabled_unverified_location,calgary,unverified_url_evidence,https://www.kijiji.ca/v-cars-trucks/calgary/2024-subaru-forester-touring/1738250143,source_reported_unverified,9,35610,34384,0,-1226,No change noted,"Down $1,226 over 9 weeks",
1,subaru_forester,kijiji,listing_d4b1fe4f46cde756349a976d,observation_148d7b35f3dee469e4df0ead,1740289293,source_identifier_claim_not_vin,unverified_source_claims,data/subaru_forester/evidence/kijiji/raw_latest.jsonl#record=101,data/subaru_forester/evidence/kijiji/normalized_latest.jsonl#source_record_index=101,DISABLED_MANUAL_REVIEW_REQUIRED,location_verification_required,success,warnings_present,unverified_kijiji_location,success,2026-07-22T18:47:46+00:00,2024,source_reported_unverified,Subaru,source_reported_or_configured_unverified,Forester,source_reported_or_configured_unverified,touring,source_reported_unverified,34888,source_reported_unverified,52232,source_reported_unverified,,unknown,Gas,source_reported_or_inferred_unverified,,unknown,,unknown,,unknown,,quarantined_unverified_search_origin,,quarantined_unverified_search_origin,"Canmore, AB",,disabled_due_to_unverified_location,disabled_unverified_location,hamilton,unverified_url_evidence,https://www.kijiji.ca/v-cars-trucks/hamilton/2024-subaru-forester-touring/1740289293,source_reported_unverified,1,34900,34900,-12,-12,No change noted,Down $12 over 1 weeks,
1,subaru_forester,kijiji,listing_e88c5cb2ceaa50b7f668c24a,observation_3289c52647fcfc21760e38c9,1738652876,source_identifier_claim_not_vin,unverified_source_claims,data/subaru_forester/evidence/kijiji/raw_latest.jsonl#record=108,data/subaru_forester/evidence/kijiji/normalized_latest.jsonl#source_record_index=108,DISABLED_MANUAL_REVIEW_REQUIRED,location_verification_required,success,warnings_present,unverified_kijiji_location,success,2026-07-22T18:47:46+00:00,2024,source_reported_unverified,Subaru,source_reported_or_configured_unverified,Forester,source_reported_or_configured_unverified,wilderness,source_reported_unverified,41990,source_reported_unverified,27287,source_reported_unverified,,unknown,Gas,source_reported_or_inferred_unverified,,unknown,,unknown,Private,source_reported_or_inferred_unverified,,quarantined_unverified_search_origin,,quarantined_unverified_search_origin,"Canmore, AB",,disabled_due_to_unverified_location,disabled_unverified_location,city-of-halifax,unverified_url_evidence,https://www.kijiji.ca/v-cars-trucks/city-of-halifax/2024-subaru-forester-wilderness-awd-l-sunroof-heated-seats-a/1738652876,source_reported_unverified,6,41990,41990,0,0,No change noted,Unchanged for 6 weeks,
1,subaru_forester,kijiji,listing_edd32f607d0393422d4bf1b6,observation_3c4b4cc1a8aa9af3449fdd31,1740883821,source_identifier_claim_not_vin,unverified_source_claims,data/subaru_forester/evidence/kijiji/raw_latest.jsonl#record=96,data/subaru_forester/evidence/kijiji/normalized_latest.jsonl#source_record_index=96,DISABLED_MANUAL_REVIEW_REQUIRED,location_verification_required,success,warnings_present,unverified_kijiji_location,success,2026-07-22T18:47:46+00:00,2024,source_reported_unverified,Subaru,source_reported_or_configured_unverified,Forester,source_reported_or_configured_unverified,touring,source_reported_unverified,32654,source_reported_unverified,58185,source_reported_unverified,,unknown,Gas,source_reported_or_inferred_unverified,,unknown,,unknown,Private,source_reported_or_inferred_unverified,,quarantined_unverified_search_origin,,quarantined_unverified_search_origin,"Canmore, AB",,disabled_due_to_unverified_location,disabled_unverified_location,ville-de-montreal,unverified_url_evidence,https://www.kijiji.ca/v-cars-trucks/ville-de-montreal/2024-subaru-forester-touring-eyesight-cvt-awd/1740883821,source_reported_unverified,1,32654,32654,0,0,No change noted,Unchanged for 1 weeks,
1,subaru_forester,kijiji,listing_f2ad16c728113c2408587099,observation_cf8541933a1f56b9c2d6c324,1738679388,source_identifier_claim_not_vin,unverified_source_claims,data/subaru_forester/evidence/kijiji/raw_latest.jsonl#record=97,data/subaru_forester/evidence/kijiji/normalized_latest.jsonl#source_record_index=97,DISABLED_MANUAL_REVIEW_REQUIRED,location_verification_required,success,warnings_present,unverified_kijiji_location,success,2026-07-22T18:47:46+00:00,2024,source_reported_unverified,Subaru,source_reported_or_configured_unverified,Forester,source_reported_or_configured_unverified,limited,source_reported_unverified,32998,source_reported_unverified,77922,source_reported_unverified,2.5L,source_reported_unverified,Gas,source_reported_or_inferred_unverified,,unknown,,unknown,Private,source_reported_or_inferred_unverified,,quarantined_unverified_search_origin,,quarantined_unverified_search_origin,"Canmore, AB",,disabled_due_to_unverified_location,disabled_unverified_location,regina,unverified_url_evidence,https://www.kijiji.ca/v-cars-trucks/regina/2024-subaru-forester-limited-2-5l-cvt-leather-sunroof-power/1738679388,source_reported_unverified,8,34998,32998,0,-2000,No change noted,"Down $2,000 over 8 weeks",
1,subaru_forester,kijiji,listing_fc85de85082bff25b4f025e8,observation_474d249bc65932ddaaa5a673,1738603358,source_identifier_claim_not_vin,unverified_source_claims,data/subaru_forester/evidence/kijiji/raw_latest.jsonl#record=92,data/subaru_forester/evidence/kijiji/normalized_latest.jsonl#source_record_index=92,DISABLED_MANUAL_REVIEW_REQUIRED,location_verification_required,success,warnings_present,unverified_kijiji_location,success,2026-07-22T18:47:46+00:00,2024,source_reported_unverified,Subaru,source_reported_or_configured_unverified,Forester,source_reported_or_configured_unverified,touring,source_reported_unverified,29998,source_reported_unverified,71800,source_reported_unverified,,unknown,Gas,source_reported_or_inferred_unverified,,unknown,,unknown,Private,source_reported_or_inferred_unverified,,quarantined_unverified_search_origin,,quarantined_unverified_search_origin,"Canmore, AB",,disabled_due_to_unverified_location,disabled_unverified_location,annapolis-valley,unverified_url_evidence,https://www.kijiji.ca/v-cars-trucks/annapolis-valley/2024-subaru-forester-touring-carfax-awd-pano/1738603358,source_reported_unverified,7,29998,29998,0,0,No change noted,Unchanged for 7 weeks,
