rank,year,make,model,trim,trim_tier,price,price_history,trend,weeks_tracked,price_first_seen,price_last_week,price_change_week,price_change_total,mileage,engine,fuel,accident_flag,days_on_market,dealer,seller_type,dealer_address,location,distance_km,distance_method,listing_id,url_region_hint,url_region_status,url,score,source
1,2016,Ford,F-150,xl,1,123,No change noted,First seen this week,0,123,123,0,0,202500,Unknown,Gas,Unknown,N/A,Unknown,Private,"Regina, SK","Regina, SK",,disabled_unverified_location,1740566948,winnipeg,unverified_url_evidence,https://www.kijiji.ca/v-cars-trucks/winnipeg/2016-ford-f150-3-5-twin-turbo-super-crew-4x4/1740566948,,Kijiji
2,2016,Ford,F-150,Unknown,1,9899,No change noted,First seen this week,0,9899,9899,0,0,380,Unknown,Gas,No accidents reported,N/A,Unknown,Private,"Edmonton, AB","Edmonton, AB",,disabled_unverified_location,1740556231,edmonton,unverified_url_evidence,https://www.kijiji.ca/v-cars-trucks/edmonton/2016-f-160/1740556231,,Kijiji
3,2016,Ford,F-150,xlt,2,10990,No change noted,Unchanged for 9 weeks,9,10990,10990,0,0,294926,Unknown,Gas,Unknown,N/A,Unknown,Dealer,"Calgary, AB","Calgary, AB",,disabled_unverified_location,1734927153,calgary,unverified_url_evidence,https://www.kijiji.ca/v-cars-trucks/calgary/2016-ford-f-150-xlt-no-fees/1734927153,,Kijiji
4,2016,Ford,F-150,Unknown,1,11000,No change noted,Unchanged for 2 weeks,2,11000,11000,0,0,221646,Unknown,Gas,Unknown,N/A,Unknown,Dealer,"Calgary, AB","Calgary, AB",,disabled_unverified_location,1740051929,calgary,unverified_url_evidence,https://www.kijiji.ca/v-cars-trucks/calgary/2016-ford-f-150/1740051929,,Kijiji
5,2016,Ford,F-150,xlt,2,11500,No change noted,Unchanged for 9 weeks,9,11500,11500,0,0,183500,Unknown,Gas,Unknown,N/A,Unknown,Private,"Moose Jaw, SK","Moose Jaw, SK",,disabled_unverified_location,1736141813,ottawa,unverified_url_evidence,https://www.kijiji.ca/v-cars-trucks/ottawa/2016-ford-f-150/1736141813,,Kijiji
6,2016,Ford,F-150,Unknown,1,11750,No change noted,Unchanged for 8 weeks,8,11750,11750,0,0,260000,Unknown,Gas,Unknown,N/A,Unknown,Private,"Calgary, AB","Calgary, AB",,disabled_unverified_location,1738056310,calgary,unverified_url_evidence,https://www.kijiji.ca/v-cars-trucks/calgary/ford-f150/1738056310,,Kijiji
7,2016,Ford,F-150,fx4,3,15000,No change noted,"Down $1,000 over 9 weeks",9,16000,15000,0,-1000,282000,Unknown,Gas,Unknown,N/A,Unknown,Private,"Moose Jaw, SK","Moose Jaw, SK",,disabled_unverified_location,1736954587,ottawa,unverified_url_evidence,https://www.kijiji.ca/v-cars-trucks/ottawa/2016-f150-fx4-sport-super-crewcab/1736954587,,Kijiji
8,2016,Ford,F-150,xlt,2,15900,No change noted,First seen this week,0,15900,15900,0,0,191000,Unknown,Gas,Unknown,N/A,Unknown,Private,"Regina, SK","Regina, SK",,disabled_unverified_location,1740628359,winnipeg,unverified_url_evidence,https://www.kijiji.ca/v-cars-trucks/winnipeg/2016-ford-f150-ext-cab-4x4-clean-title-saftied-15900/1740628359,,Kijiji
9,2016,Ford,F-150,xlt,2,16888,No change noted,Unchanged for 1 weeks,1,16888,16888,0,0,227495,5.0L,Gas,Unknown,N/A,Unknown,Dealer,"Carstairs, AB","Carstairs, AB",,disabled_unverified_location,1740057783,city-of-toronto,unverified_url_evidence,https://www.kijiji.ca/v-cars-trucks/city-of-toronto/2016-ford-f-150-xlt-5-0l-4x4/1740057783,,Kijiji
10,2016,Ford,F-150,xlt,2,16995,No change noted,Unchanged for 2 weeks,2,16995,16995,0,0,240549,5.0L,Gas,Unknown,N/A,Unknown,Private,"Saskatoon, SK","Saskatoon, SK",,disabled_unverified_location,1740378616,saskatoon,unverified_url_evidence,https://www.kijiji.ca/v-cars-trucks/saskatoon/2016-ford-f-150-xlt-crew-cab-5-0l-v8-command-start-power-sea/1740378616,,Kijiji
11,2016,Ford,F-150,xlt,2,17000,No change noted,First seen this week,0,17000,17000,0,0,249000,Unknown,Gas,Unknown,N/A,Unknown,Private,"Calgary, AB","Calgary, AB",,disabled_unverified_location,1740711227,calgary,unverified_url_evidence,https://www.kijiji.ca/v-cars-trucks/calgary/ford-f150-xlt-4x4/1740711227,,Kijiji
12,2016,Ford,F-150,xlt,2,17500,No change noted,First seen this week,0,17500,17500,0,0,216100,5.0L,Gas,Unknown,N/A,Unknown,Private,"Edmonton, AB","Edmonton, AB",,disabled_unverified_location,1740904119,edmonton,unverified_url_evidence,https://www.kijiji.ca/v-cars-trucks/edmonton/2016-ford-f-150-xlt-crew-cab-5-0l-v8-4x4-6-5ft-long-box-216k/1740904119,,Kijiji
13,2016,Ford,F-150,xlt,2,17750,No change noted,First seen this week,0,17750,17750,0,0,253999,Unknown,Gas,No accidents reported,N/A,Unknown,Private,"Regina, SK","Regina, SK",,disabled_unverified_location,1740886106,winnipeg,unverified_url_evidence,https://www.kijiji.ca/v-cars-trucks/winnipeg/2016-f150-safetied-engine-re-built-new-phasers-chains-gaskets/1740886106,,Kijiji
14,2016,Ford,F-150,fx4,3,18000,No change noted,"Down $1,000 over 2 weeks",2,19000,18000,0,-1000,196000,2.7L,Gas,Unknown,N/A,Unknown,Private,"Calgary, AB","Calgary, AB",,disabled_unverified_location,1739917203,calgary,unverified_url_evidence,https://www.kijiji.ca/v-cars-trucks/calgary/2016-ford-f150-fx4-2-7l/1739917203,,Kijiji
15,2016,Ford,F-150,sport,2,18990,No change noted,Unchanged for 3 weeks,3,18990,18990,0,0,216500,Unknown,Gas,Unknown,N/A,Unknown,Private,"Carstairs, AB","Carstairs, AB",,disabled_unverified_location,1739777021,mississauga-peel-region,unverified_url_evidence,https://www.kijiji.ca/v-cars-trucks/mississauga-peel-region/2016-ford-f-150-v8-sports-4x4-5-5ft-box-supercrew/1739777021,,Kijiji
16,2016,Ford,F-150,xlt,2,19500,No change noted,Unchanged for 1 weeks,1,19500,19500,0,0,229825,Unknown,Gas,Unknown,N/A,Unknown,Private,"Regina, SK","Regina, SK",,disabled_unverified_location,1740458728,winnipeg,unverified_url_evidence,https://www.kijiji.ca/v-cars-trucks/winnipeg/2016-ford-f150-4x4-super-crew/1740458728,,Kijiji
17,2016,Ford,F-150,xlt,2,19500,No change noted,Unchanged for 1 weeks,1,19500,19500,0,0,229832,Unknown,Gas,Unknown,N/A,Unknown,Private,"Regina, SK","Regina, SK",,disabled_unverified_location,1740469575,winnipeg,unverified_url_evidence,https://www.kijiji.ca/v-cars-trucks/winnipeg/2016-ford-f150-3-5-eco-boost-carfax-available/1740469575,,Kijiji
18,2016,Ford,F-150,xlt,2,19995,No change noted,Unchanged for 9 weeks,9,19995,19995,0,0,189501,Unknown,Gas,Unknown,N/A,Unknown,Private,"Carstairs, AB","Carstairs, AB",,disabled_unverified_location,1733781408,ottawa,unverified_url_evidence,https://www.kijiji.ca/v-cars-trucks/ottawa/2016-ford-f-150/1733781408,,Kijiji
19,2016,Ford,F-150,xlt,2,19995,No change noted,Unchanged for 3 weeks,3,19995,19995,0,0,204400,Unknown,Gas,No accidents reported,N/A,Unknown,Dealer,"Carstairs, AB","Carstairs, AB",,disabled_unverified_location,1739428761,london,unverified_url_evidence,https://www.kijiji.ca/v-cars-trucks/london/ford-f-150/1739428761,,Kijiji
20,2016,Ford,F-150,xlt,2,19995,No change noted,Unchanged for 3 weeks,3,19995,19995,0,0,223417,2.7L,Gas,Unknown,N/A,Unknown,Dealer,"Calgary, AB","Calgary, AB",,disabled_unverified_location,1739736726,calgary,unverified_url_evidence,https://www.kijiji.ca/v-cars-trucks/calgary/2016-ford-f-150-xlt-2-7l-ecoboost-300a-3-73-trailer-tow/1739736726,,Kijiji
21,2016,Ford,F-150,lariat,3,19999,No change noted,Unchanged for 2 weeks,2,19999,19999,0,0,1,Unknown,Gas,Unknown,N/A,Unknown,Dealer,"Olds, AB","Olds, AB",,disabled_unverified_location,1740416468,medicine-hat,unverified_url_evidence,https://www.kijiji.ca/v-cars-trucks/medicine-hat/2016-ford-f-150-lariat/1740416468,,Kijiji
22,2016,Ford,F-150,xlt,2,20888,No change noted,"Down $1,000 over 5 weeks",5,21888,20888,0,-1000,270654,Unknown,Gas,Unknown,N/A,Unknown,Dealer,"Olds, AB","Olds, AB",,disabled_unverified_location,1739456352,medicine-hat,unverified_url_evidence,https://www.kijiji.ca/v-cars-trucks/medicine-hat/2016-ford-f-150-xlt/1739456352,,Kijiji
23,2016,Ford,F-150,xlt,2,21499,No change noted,Down $1 over 3 weeks,3,21500,21499,0,-1,172568,Unknown,Gas,Unknown,N/A,Unknown,Private,"Calgary, AB","Calgary, AB",,disabled_unverified_location,1739803366,calgary,unverified_url_evidence,https://www.kijiji.ca/v-cars-trucks/calgary/2016-ford-f-150-xlt-4x4-supercab-blue-jean-blue/1739803366,,Kijiji
24,2016,Ford,F-150,lariat,3,21500,No change noted,Down $500 over 3 weeks,3,22000,21500,0,-500,205000,Unknown,Gas,Unknown,N/A,Unknown,Private,"Calgary, AB","Calgary, AB",,disabled_unverified_location,1739607249,calgary,unverified_url_evidence,https://www.kijiji.ca/v-cars-trucks/calgary/2016-f-150-ford-lariat/1739607249,,Kijiji
25,2016,Ford,F-150,xlt,2,21600,No change noted,First seen this week,0,21600,21600,0,0,175000,Unknown,Gas,Unknown,N/A,Unknown,Dealer,"Regina, SK","Regina, SK",,disabled_unverified_location,1740915860,winnipeg,unverified_url_evidence,https://www.kijiji.ca/v-cars-trucks/winnipeg/2016-ford-f-150-xlt/1740915860,,Kijiji
26,2016,Ford,F-150,Unknown,1,21900,No change noted,First seen this week,0,21900,21900,0,0,190551,Unknown,Gas,Unknown,N/A,Unknown,Dealer,"Calgary, AB","Calgary, AB",,disabled_unverified_location,1740883962,calgary,unverified_url_evidence,https://www.kijiji.ca/v-cars-trucks/calgary/2016-ford-f-150/1740883962,,Kijiji
27,2016,Ford,F-150,lariat,3,21980,No change noted,Unchanged for 3 weeks,3,21980,21980,0,0,208230,Unknown,Gas,Unknown,N/A,Unknown,Dealer,"Regina, SK","Regina, SK",,disabled_unverified_location,1739735098,winnipeg,unverified_url_evidence,https://www.kijiji.ca/v-cars-trucks/winnipeg/2016-ford-f-150-lariat-4x4-supercab-styleside-l-sport-appearance/1739735098,,Kijiji
28,2016,Ford,F-150,platinum,3,21980,No change noted,Unchanged for 4 weeks,4,21980,21980,0,0,241227,Unknown,Gas,Unknown,N/A,Unknown,Dealer,"Regina, SK","Regina, SK",,disabled_unverified_location,1739260086,winnipeg,unverified_url_evidence,https://www.kijiji.ca/v-cars-trucks/winnipeg/2016-ford-f-150-platinum-4x4-supercab-l-360-cam-l-htd-ac-seats/1739260086,,Kijiji
29,2016,Ford,F-150,platinum,3,21999,No change noted,"Down $1,000 over 2 weeks",2,22999,21999,0,-1000,209578,Unknown,Gas,Salvage/rebuilt,N/A,Unknown,Dealer,"Edmonton, AB","Edmonton, AB",,disabled_unverified_location,1740154244,edmonton,unverified_url_evidence,https://www.kijiji.ca/v-cars-trucks/edmonton/2016-ford-f-150-4wd-super-crew-platinum/1740154244,,Kijiji
30,2016,Ford,F-150,Unknown,1,22000,No change noted,First seen this week,0,22000,22000,0,0,178946,Unknown,Gas,Unknown,N/A,Unknown,Private,"Calgary, AB","Calgary, AB",,disabled_unverified_location,1740851815,calgary,unverified_url_evidence,https://www.kijiji.ca/v-cars-trucks/calgary/2016-ford-f150-22000-obo/1740851815,,Kijiji
31,2016,Ford,F-150,lariat,3,22395,No change noted,"Down $1,595 over 4 weeks",4,23990,22395,0,-1595,209000,Unknown,Gas,Unknown,N/A,Unknown,Private,"West Kelowna, BC","West Kelowna, BC",,disabled_unverified_location,1739257776,mississauga-peel-region,unverified_url_evidence,https://www.kijiji.ca/v-cars-trucks/mississauga-peel-region/2016-ford-f-150-lariat-4x4-supercrew-5-5-ft-box-145-in-wb-auto/1739257776,,Kijiji
32,2016,Ford,F-150,lariat,3,22500,No change noted,Unchanged for 8 weeks,8,22500,22500,0,0,197000,Unknown,Gas,No accidents reported,N/A,Unknown,Private,"Camrose, AB","Camrose, AB",,disabled_unverified_location,1732751663,st-albert,unverified_url_evidence,https://www.kijiji.ca/v-cars-trucks/st-albert/loaded-f150/1732751663,,Kijiji
33,2016,Ford,F-150,lariat,3,22995,No change noted,Unchanged for 9 weeks,9,22995,22995,0,0,282995,5.0L,Gas,Unknown,N/A,Unknown,Private,"Regina, SK","Regina, SK",,disabled_unverified_location,1736119522,winnipeg,unverified_url_evidence,https://www.kijiji.ca/v-cars-trucks/winnipeg/2016-ford-f-150-lariat-crew-cab-5-5ft-short-bed-5-0l-v8-4wd/1736119522,,Kijiji
34,2016,Ford,F-150,Unknown,1,23990,No change noted,"Down $1,898 over 8 weeks",8,25888,24740,-750,-1898,164725,Unknown,Gas,Unknown,N/A,Unknown,Private,"Regina, SK","Regina, SK",,disabled_unverified_location,1736981318,winnipeg,unverified_url_evidence,https://www.kijiji.ca/v-cars-trucks/winnipeg/2016-ford-f-150/1736981318,,Kijiji
35,2016,Ford,F-150,Unknown,1,24975,No change noted,First seen this week,0,24975,24975,0,0,194000,Unknown,Gas,Unknown,N/A,Unknown,Private,"Regina, SK","Regina, SK",,disabled_unverified_location,1740720376,winnipeg,unverified_url_evidence,https://www.kijiji.ca/v-cars-trucks/winnipeg/2016-ford-f-150-xtr-super-crew-4x4/1740720376,,Kijiji
36,2016,Ford,F-150,xlt,2,25990,No change noted,Down $5 over 4 weeks,4,25995,25990,0,-5,174792,Unknown,Gas,Unknown,N/A,Unknown,Dealer,"Calgary, AB","Calgary, AB",,disabled_unverified_location,1739454527,calgary,unverified_url_evidence,https://www.kijiji.ca/v-cars-trucks/calgary/2016-ford-f-150-xlt-302a-sport-nav-rem-start-halogen-lamps/1739454527,,Kijiji
37,2016,Ford,F-150,lariat,3,25998,No change noted,First seen this week,0,25998,25998,0,0,164887,Unknown,Gas,Unknown,N/A,Unknown,Dealer,"Edmonton, AB","Edmonton, AB",,disabled_unverified_location,1740841984,edmonton,unverified_url_evidence,https://www.kijiji.ca/v-cars-trucks/edmonton/2016-ford-f-150-lariat-ecoboost/1740841984,,Kijiji
38,2016,Ford,F-150,lariat,3,26998,No change noted,"Down $1,000 over 10 weeks",10,27998,27998,-1000,-1000,165142,Unknown,Gas,Unknown,N/A,Unknown,Dealer,"Calgary, AB","Calgary, AB",,disabled_unverified_location,1729973447,calgary,unverified_url_evidence,https://www.kijiji.ca/v-cars-trucks/calgary/2016-ford-f-150-lariat/1729973447,,Kijiji
39,2016,Ford,F-150,lariat,3,27590,No change noted,"Down $2,108 over 9 weeks",9,29698,27658,-68,-2108,125870,Unknown,Gas,Unknown,N/A,Unknown,Dealer,"Calgary, AB","Calgary, AB",,disabled_unverified_location,1736381016,calgary,unverified_url_evidence,https://www.kijiji.ca/v-cars-trucks/calgary/2016-ford-f-150-lariat-leather-heated-and-cooled-front-seat/1736381016,,Kijiji
40,2016,Ford,F-150,Unknown,1,27990,No change noted,Unchanged for 1 weeks,1,27990,27990,0,0,118929,Unknown,Gas,Unknown,N/A,Unknown,Dealer,"Saskatoon, SK","Saskatoon, SK",,disabled_unverified_location,1740802499,saskatoon,unverified_url_evidence,https://www.kijiji.ca/v-cars-trucks/saskatoon/2016-ford-f-150/1740802499,,Kijiji
41,2016,Ford,F-150,lariat,3,27995,No change noted,Unchanged for 2 weeks,2,27995,27995,0,0,183554,3.5L,Gas,Unknown,N/A,Unknown,Dealer,"Calgary, AB","Calgary, AB",,disabled_unverified_location,1740104891,calgary,unverified_url_evidence,https://www.kijiji.ca/v-cars-trucks/calgary/2016-ford-f-150-lariat-sport-3-5l-ecoboost-6-5-ft-box-max-to/1740104891,,Kijiji
42,2016,Ford,F-150,lariat,3,29499,No change noted,Down $500 over 4 weeks,4,29999,29899,-400,-500,173940,Unknown,Gas,Unknown,N/A,Unknown,Dealer,"Camrose, AB","Camrose, AB",,disabled_unverified_location,1739359568,strathcona-county,unverified_url_evidence,https://www.kijiji.ca/v-cars-trucks/strathcona-county/2016-ford-f-150-lariat-heated-cooled-seats/1739359568,,Kijiji
43,2016,Ford,F-150,xlt,2,31402,No change noted,Down $598 over 5 weeks,5,32000,32000,-598,-598,156878,Unknown,Gas,Unknown,N/A,Unknown,Private,"Carstairs, AB","Carstairs, AB",,disabled_unverified_location,1739118082,portage-la-prairie,unverified_url_evidence,https://www.kijiji.ca/v-cars-trucks/portage-la-prairie/2016-ford-f-150-xlt-navigation-remote-start/1739118082,,Kijiji
44,2016,Ford,F-150,lariat,3,32900,No change noted,Unchanged for 1 weeks,1,32900,32900,0,0,134000,3.5L,Gas,Unknown,N/A,Unknown,Dealer,"Calgary, AB","Calgary, AB",,disabled_unverified_location,1740385236,calgary,unverified_url_evidence,https://www.kijiji.ca/v-cars-trucks/calgary/2016-ford-f-150-lariat-sport-fx4-3-5l-ecoboost-warranty/1740385236,,Kijiji
45,2016,Ford,F-150,xlt,2,34900,No change noted,First seen this week,0,34900,34900,0,0,107000,5.0L,Gas,Unknown,N/A,Unknown,Private,"Regina, SK","Regina, SK",,disabled_unverified_location,1740849767,winnipeg,unverified_url_evidence,https://www.kijiji.ca/v-cars-trucks/winnipeg/2016-ford-f-150-xlt-5-0l-coyote-6-spd-trans-6-5-box-107-000/1740849767,,Kijiji
46,2017,Ford,F-150,xlt,2,10000,No change noted,First seen this week,0,10000,10000,0,0,306000,Unknown,Gas,Unknown,N/A,Unknown,Private,"Calgary, AB","Calgary, AB",,disabled_unverified_location,1740602402,calgary,unverified_url_evidence,https://www.kijiji.ca/v-cars-trucks/calgary/2017-ford-f150-xlt/1740602402,,Kijiji
47,2017,Ford,F-150,xlt,2,12988,No change noted,"Down $1,000 over 6 weeks",6,13988,13988,-1000,-1000,276601,5.0L,Gas,Unknown,N/A,Unknown,Dealer,"Calgary, AB","Calgary, AB",,disabled_unverified_location,1739068421,calgary,unverified_url_evidence,https://www.kijiji.ca/v-cars-trucks/calgary/2017-ford-f-150-xlt-5-0l-backup-cam-rear-sensors/1739068421,,Kijiji
48,2017,Ford,F-150,Unknown,1,13900,No change noted,First seen this week,0,13900,13900,0,0,220000,Unknown,Gas,Unknown,N/A,Unknown,Private,"Carstairs, AB","Carstairs, AB",,disabled_unverified_location,1740681394,laval-rive-nord,unverified_url_evidence,https://www.kijiji.ca/v-cars-trucks/laval-rive-nord/2017-ford-f-150/1740681394,,Kijiji
49,2017,Ford,F-150,xlt,2,14500,No change noted,First seen this week,0,14500,14500,0,0,262182,Unknown,Gas,Unknown,N/A,Unknown,Private,"Calgary, AB","Calgary, AB",,disabled_unverified_location,1740741331,calgary,unverified_url_evidence,https://www.kijiji.ca/v-cars-trucks/calgary/2017-ford-f150-supercrew/1740741331,,Kijiji
50,2017,Ford,F-150,lariat,3,14990,No change noted,"Down $5,000 over 3 weeks",3,19990,14990,0,-5000,286310,Unknown,Gas,Unknown,N/A,Unknown,Dealer,"Calgary, AB","Calgary, AB",,disabled_unverified_location,1739827952,calgary,unverified_url_evidence,https://www.kijiji.ca/v-cars-trucks/calgary/2017-ford-f-150-lariat-502a-moonroof-fx4-package/1739827952,,Kijiji
51,2017,Ford,F-150,Unknown,1,15995,No change noted,Unchanged for 10 weeks,10,15995,15995,0,0,268206,Unknown,Gas,Unknown,N/A,Unknown,Private,"High River, AB","High River, AB",,disabled_unverified_location,1737499205,kitchener-waterloo,unverified_url_evidence,https://www.kijiji.ca/v-cars-trucks/kitchener-waterloo/2017-ford-f-150-4wd-supercrew-145/1737499205,,Kijiji
52,2017,Ford,F-150,xlt,2,15997,No change noted,First seen this week,0,15997,15997,0,0,222050,Unknown,Gas,Unknown,N/A,Unknown,Private,"Swift Current, SK","Swift Current, SK",,disabled_unverified_location,1740608345,moose-jaw,unverified_url_evidence,https://www.kijiji.ca/v-cars-trucks/moose-jaw/ford-f-150-xlt-2017/1740608345,,Kijiji
53,2017,Ford,F-150,xlt,2,15998,No change noted,Unchanged for 4 weeks,4,15998,15998,0,0,211286,Unknown,Gas,Unknown,N/A,Unknown,Dealer,"Calgary, AB","Calgary, AB",,disabled_unverified_location,1739457003,calgary,unverified_url_evidence,https://www.kijiji.ca/v-cars-trucks/calgary/2017-ford-f-150-4wd-supercab-145-xlt/1739457003,,Kijiji
54,2017,Ford,F-150,Unknown,1,16000,No change noted,Unchanged for 1 weeks,1,16000,16000,0,0,266144,Unknown,Gas,Unknown,N/A,Unknown,Dealer,"Calgary, AB","Calgary, AB",,disabled_unverified_location,1740417197,calgary,unverified_url_evidence,https://www.kijiji.ca/v-cars-trucks/calgary/2017-ford-f-150/1740417197,,Kijiji
55,2017,Ford,F-150,xlt,2,16900,No change noted,First seen this week,0,16900,16900,0,0,195105,Unknown,Gas,Unknown,N/A,Unknown,Dealer,"Calgary, AB","Calgary, AB",,disabled_unverified_location,1740240101,calgary,unverified_url_evidence,https://www.kijiji.ca/v-cars-trucks/calgary/2017-ford-f-150-supercab-145-xlt-4x4/1740240101,,Kijiji
56,2017,Ford,F-150,xlt,2,16900,No change noted,Unchanged for 8 weeks,8,16900,16900,0,0,239215,Unknown,Gas,Unknown,N/A,Unknown,Dealer,"Edmonton, AB","Edmonton, AB",,disabled_unverified_location,1738254234,edmonton,unverified_url_evidence,https://www.kijiji.ca/v-cars-trucks/edmonton/2017-ford-f-150-xlt-4wd-supercrew-5-5-box-ecoboost-brand-new/1738254234,,Kijiji
57,2017,Ford,F-150,xlt,2,17998,No change noted,Unchanged for 7 weeks,7,17998,17998,0,0,228759,Unknown,Gas,Unknown,N/A,Unknown,Dealer,"Calgary, AB","Calgary, AB",,disabled_unverified_location,1738814767,calgary,unverified_url_evidence,https://www.kijiji.ca/v-cars-trucks/calgary/2017-ford-f-150-4wd-supercrew-145-xlt/1738814767,,Kijiji
58,2017,Ford,F-150,Unknown,1,18488,No change noted,Unchanged for 9 weeks,9,18488,18488,0,0,206596,Unknown,Gas,Unknown,N/A,Unknown,Dealer,"Calgary, AB","Calgary, AB",,disabled_unverified_location,1731833040,calgary,unverified_url_evidence,https://www.kijiji.ca/v-cars-trucks/calgary/2017-ford-f-150-super-crew-cab-backup-camera-heated-mirrors-blue/1731833040,,Kijiji
59,2017,Ford,F-150,Unknown,1,18500,No change noted,First seen this week,0,18500,18500,0,0,290000,Unknown,Gas,Unknown,N/A,Unknown,Dealer,"Carstairs, AB","Carstairs, AB",,disabled_unverified_location,1740863695,muskoka,unverified_url_evidence,https://www.kijiji.ca/v-cars-trucks/muskoka/2017-ford-f-150/1740863695,,Kijiji
60,2017,Ford,F-150,xlt,2,18800,No change noted,"Down $1,195 over 5 weeks",5,19995,18800,0,-1195,263316,3.5L,Gas,Unknown,N/A,Unknown,Dealer,"Calgary, AB","Calgary, AB",,disabled_unverified_location,1739259220,calgary,unverified_url_evidence,https://www.kijiji.ca/v-cars-trucks/calgary/2017-ford-f-150-xlt-302a-sport-3-5l-moonroof-nav-rem-start/1739259220,,Kijiji
61,2017,Ford,F-150,xlt,2,18995,No change noted,Down $505 over 9 weeks,9,19500,18995,0,-505,186000,Unknown,Gas,Unknown,N/A,Unknown,Private,"Calgary, AB","Calgary, AB",,disabled_unverified_location,1738137431,calgary,unverified_url_evidence,https://www.kijiji.ca/v-cars-trucks/calgary/2017-ford-f-150-xlt-4dr/1738137431,,Kijiji
62,2017,Ford,F-150,Unknown,1,19495,No change noted,Unchanged for 4 weeks,4,19495,19495,0,0,193000,Unknown,Gas,Accident reported,N/A,Unknown,Unknown,"High River, AB","High River, AB",,disabled_unverified_location,1739881877,kitchener-waterloo,unverified_url_evidence,https://www.kijiji.ca/v-cars-trucks/kitchener-waterloo/2017-ford-f-150-supercrew/1739881877,,Kijiji
63,2017,Ford,F-150,Unknown,1,19988,No change noted,Unchanged for 9 weeks,9,19988,19988,0,0,257357,Unknown,Gas,Unknown,N/A,Unknown,Dealer,"Calgary, AB","Calgary, AB",,disabled_unverified_location,1724910577,calgary,unverified_url_evidence,https://www.kijiji.ca/v-cars-trucks/calgary/2017-ford-f-150-supercrew-fully-inspected/1724910577,,Kijiji
64,2017,Ford,F-150,Unknown,1,19999,No change noted,"Up $19,290 over 10 weeks",10,709,19999,0,19290,247891,Unknown,Gas,Unknown,N/A,Unknown,Dealer,"Medicine Hat, AB","Medicine Hat, AB",,disabled_unverified_location,1737679250,lethbridge,unverified_url_evidence,https://www.kijiji.ca/v-cars-trucks/lethbridge/2017-ford-f-150-xlt-fuel-efficient-ecoboost-built-ford-tough/1737679250,,Kijiji
65,2017,Ford,F-150,Unknown,1,20000,No change noted,First seen this week,0,20000,20000,0,0,247270,Unknown,Gas,Unknown,N/A,Unknown,Dealer,"Camrose, AB","Camrose, AB",,disabled_unverified_location,1740903572,st-albert,unverified_url_evidence,https://www.kijiji.ca/v-cars-trucks/st-albert/2017-ford-f150/1740903572,,Kijiji
66,2017,Ford,F-150,xlt,2,21970,No change noted,Unchanged for 3 weeks,3,21970,21970,0,0,215674,Unknown,Gas,No accidents reported,N/A,Unknown,Private,"Brooks, AB","Brooks, AB",,disabled_unverified_location,1739357497,london,unverified_url_evidence,https://www.kijiji.ca/v-cars-trucks/london/2017-ford-f-150-xlt-clean-carfax-heated-seats-bluetooth/1739357497,,Kijiji
67,2017,Ford,F-150,lariat,3,22500,No change noted,Unchanged for 1 weeks,1,22500,22500,0,0,228000,Unknown,Gas,Unknown,N/A,Unknown,Private,"Calgary, AB","Calgary, AB",,disabled_unverified_location,1740341074,calgary,unverified_url_evidence,https://www.kijiji.ca/v-cars-trucks/calgary/2017-ford-f150-lariat-engine-redone/1740341074,,Kijiji
68,2017,Ford,F-150,Unknown,1,23500,No change noted,First seen this week,0,23500,23500,0,0,177000,Unknown,Gas,Unknown,N/A,Unknown,Private,"Saskatoon, SK","Saskatoon, SK",,disabled_unverified_location,1740862066,saskatoon,unverified_url_evidence,https://www.kijiji.ca/v-cars-trucks/saskatoon/2017-f150/1740862066,,Kijiji
69,2017,Ford,F-150,xlt,2,23900,No change noted,First seen this week,0,23900,23900,0,0,148500,Unknown,Gas,Unknown,N/A,Unknown,Private,"Carstairs, AB","Carstairs, AB",,disabled_unverified_location,1740737630,oakville-halton-region,unverified_url_evidence,https://www.kijiji.ca/v-cars-trucks/oakville-halton-region/2017-ford-f-150-xlt-crew-cab-certified-4x4-5-ltr-6-spd/1740737630,,Kijiji
70,2017,Ford,F-150,xlt,2,23999,No change noted,"Down $1,000 over 4 weeks",4,24999,24500,-501,-1000,164573,Unknown,Gas,Unknown,N/A,Unknown,Dealer,"Edmonton, AB","Edmonton, AB",,disabled_unverified_location,1739546147,edmonton,unverified_url_evidence,https://www.kijiji.ca/v-cars-trucks/edmonton/2017-ford-f-150-xlt/1739546147,,Kijiji
71,2017,Ford,F-150,xlt,2,24980,No change noted,"Down $1,000 over 10 weeks",10,25980,24980,0,-1000,160400,Unknown,Gas,Unknown,N/A,Unknown,Private,"Regina, SK","Regina, SK",,disabled_unverified_location,1735348838,winnipeg,unverified_url_evidence,https://www.kijiji.ca/v-cars-trucks/winnipeg/2017-ford-f-150-xlt/1735348838,,Kijiji
72,2017,Ford,F-150,lariat,3,24980,No change noted,Unchanged for 8 weeks,8,24980,24980,0,0,237906,Unknown,Gas,Unknown,N/A,Unknown,Private,"Saskatoon, SK","Saskatoon, SK",,disabled_unverified_location,1738785880,saskatoon,unverified_url_evidence,https://www.kijiji.ca/v-cars-trucks/saskatoon/2017-ford-f150-lariat-4wd/1738785880,,Kijiji
73,2017,Ford,F-150,lariat,3,24995,No change noted,Unchanged for 6 weeks,6,24995,24995,0,0,227339,Unknown,Gas,Unknown,N/A,Unknown,Dealer,"Calgary, AB","Calgary, AB",,disabled_unverified_location,1739064838,calgary,unverified_url_evidence,https://www.kijiji.ca/v-cars-trucks/calgary/2017-ford-f-150-lariat-502a-sport-fx4-moonroof-power-boards/1739064838,,Kijiji
74,2017,Ford,F-150,lariat,3,25995,No change noted,Unchanged for 2 weeks,2,25995,25995,0,0,211797,Unknown,Gas,Unknown,N/A,Unknown,Dealer,"Calgary, AB","Calgary, AB",,disabled_unverified_location,1740057637,calgary,unverified_url_evidence,https://www.kijiji.ca/v-cars-trucks/calgary/2017-ford-f-150-lariat-502a-fx4-off-road-sunroof-max-tow/1740057637,,Kijiji
75,2017,Ford,F-150,Unknown,1,25999,No change noted,Down $546 over 2 weeks,2,26545,26955,-956,-546,173420,Unknown,Gas,Unknown,N/A,Unknown,Dealer,"Edmonton, AB","Edmonton, AB",,disabled_unverified_location,1739922004,edmonton,unverified_url_evidence,https://www.kijiji.ca/v-cars-trucks/edmonton/2017-ford-f-150/1739922004,,Kijiji
76,2017,Ford,F-150,xlt,2,26000,No change noted,First seen this week,0,26000,26000,0,0,136456,Unknown,Gas,Unknown,N/A,Unknown,Private,"West Kelowna, BC","West Kelowna, BC",,disabled_unverified_location,1740605576,la-ronge,unverified_url_evidence,https://www.kijiji.ca/v-cars-trucks/la-ronge/2017-ford-f-150-xlt/1740605576,,Kijiji
77,2017,Ford,F-150,xlt,2,26090,No change noted,"Up $2,500 over 10 weeks",10,23590,26090,0,2500,132724,Unknown,Gas,Unknown,N/A,Unknown,Private,"Moose Jaw, SK","Moose Jaw, SK",,disabled_unverified_location,1737996276,ottawa,unverified_url_evidence,https://www.kijiji.ca/v-cars-trucks/ottawa/2017-ford-f-150-xlt-300a-crew-cab-short-bed/1737996276,,Kijiji
78,2017,Ford,F-150,lariat,3,26999,No change noted,"Down $1,000 over 8 weeks",8,27999,27999,-1000,-1000,164801,Unknown,Gas,Salvage/rebuilt,N/A,Unknown,Dealer,"Edmonton, AB","Edmonton, AB",,disabled_unverified_location,1736957068,edmonton,unverified_url_evidence,https://www.kijiji.ca/v-cars-trucks/edmonton/2017-ford-f-150-4wd-supercrew-145-lariat/1736957068,,Kijiji
79,2017,Ford,F-150,fx4,3,27900,No change noted,First seen this week,0,27900,27900,0,0,154659,3.5L,Gas,No accidents reported,N/A,Unknown,Dealer,"Calgary, AB","Calgary, AB",,disabled_unverified_location,1740883970,calgary,unverified_url_evidence,https://www.kijiji.ca/v-cars-trucks/calgary/2017-ford-f-150-xlt-302a-sport-3-5l-eco-max-tow-pkg-fx4/1740883970,,Kijiji
80,2017,Ford,F-150,xl,1,27900,No change noted,Unchanged for 5 weeks,5,27900,27900,0,0,171355,Unknown,Gas,Unknown,N/A,Unknown,Dealer,"Medicine Hat, AB","Medicine Hat, AB",,disabled_unverified_location,1739390788,lethbridge,unverified_url_evidence,https://www.kijiji.ca/v-cars-trucks/lethbridge/2017-ford-f-150/1739390788,,Kijiji
81,2017,Ford,F-150,platinum,3,27970,No change noted,Unchanged for 4 weeks,4,27970,27970,0,0,165720,Unknown,Gas,Unknown,N/A,Unknown,Private,"Carstairs, AB","Carstairs, AB",,disabled_unverified_location,1739504865,oakville-halton-region,unverified_url_evidence,https://www.kijiji.ca/v-cars-trucks/oakville-halton-region/2017-ford-f-150-platinum/1739504865,,Kijiji
82,2017,Ford,F-150,lariat,3,28499,No change noted,Unchanged for 10 weeks,10,28499,28499,0,0,222423,5.0L,Gas,Unknown,N/A,Unknown,Private,"Regina, SK","Regina, SK",,disabled_unverified_location,1734645717,winnipeg,unverified_url_evidence,https://www.kijiji.ca/v-cars-trucks/winnipeg/2017-ford-f-150-lariat-fx4-502a-sport-5-0l/1734645717,,Kijiji
83,2017,Ford,F-150,sport,2,29000,No change noted,Unchanged for 1 weeks,1,29000,29000,0,0,161000,Unknown,Gas,Unknown,N/A,Unknown,Private,"Calgary, AB","Calgary, AB",,disabled_unverified_location,1740496648,calgary,unverified_url_evidence,https://www.kijiji.ca/v-cars-trucks/calgary/2017-f150-reg-cab-short-bed-5-0-4x4/1740496648,,Kijiji
84,2017,Ford,F-150,raptor,3,29888,No change noted,"Down $4,000 over 4 weeks",4,33888,29888,0,-4000,230238,Unknown,Gas,Unknown,N/A,Unknown,Dealer,"Calgary, AB","Calgary, AB",,disabled_unverified_location,1739508544,calgary,unverified_url_evidence,https://www.kijiji.ca/v-cars-trucks/calgary/2017-ford-f-150-raptor/1739508544,,Kijiji
85,2017,Ford,F-150,platinum,3,36989,No change noted,"Down $1,000 over 5 weeks",5,37989,32788,4201,-1000,182000,Unknown,Gas,Unknown,N/A,Unknown,Dealer,"Camrose, AB","Camrose, AB",,disabled_unverified_location,1738655926,st-albert,unverified_url_evidence,https://www.kijiji.ca/v-cars-trucks/st-albert/2017-ford-f-150-4wd-supercrew-styleside-5-1-2-ft-box-platinum-fo/1738655926,,Kijiji
86,2017,Ford,F-150,limited,3,42999,No change noted,"Down $2,500 over 10 weeks",10,45499,43999,-1000,-2500,93593,Unknown,Gas,Unknown,N/A,Unknown,Dealer,"Camrose, AB","Camrose, AB",,disabled_unverified_location,1737245617,strathcona-county,unverified_url_evidence,https://www.kijiji.ca/v-cars-trucks/strathcona-county/2017-ford-f-150-limited-spray-in-bed-liner/1737245617,,Kijiji
87,2017,Ford,F-150,raptor,3,43495,No change noted,"Down $2,500 over 11 weeks",11,45995,43495,0,-2500,152630,Unknown,Gas,No accidents reported,N/A,Unknown,Private,"Carstairs, AB","Carstairs, AB",,disabled_unverified_location,1735170265,oakville-halton-region,unverified_url_evidence,https://www.kijiji.ca/v-cars-trucks/oakville-halton-region/2017-ford-f-150/1735170265,,Kijiji
88,2017,Ford,F-150,xlt,2,46049,No change noted,First seen this week,0,46049,46049,0,0,203374,Unknown,Gas,Unknown,N/A,Unknown,Dealer,"Edmonton, AB","Edmonton, AB",,disabled_unverified_location,1740649125,edmonton,unverified_url_evidence,https://www.kijiji.ca/v-cars-trucks/edmonton/2017-ford-f-150-xlt-301a-4x4-supercrew-145/1740649125,,Kijiji
89,2017,Ford,F-150,xlt,2,46774,No change noted,Unchanged for 1 weeks,1,46774,46774,0,0,110000,Unknown,Gas,Unknown,N/A,Unknown,Dealer,"Edmonton, AB","Edmonton, AB",,disabled_unverified_location,1740516434,edmonton,unverified_url_evidence,https://www.kijiji.ca/v-cars-trucks/edmonton/2017-ford-f-150-xlt-supercrew/1740516434,,Kijiji
90,2017,Ford,F-150,raptor,3,47000,No change noted,Unchanged for 1 weeks,1,47000,47000,0,0,215000,Unknown,Gas,Unknown,N/A,Unknown,Private,"Calgary, AB","Calgary, AB",,disabled_unverified_location,1740353594,calgary,unverified_url_evidence,https://www.kijiji.ca/v-cars-trucks/calgary/2017-f150-raptor-r-lite/1740353594,,Kijiji
91,2017,Ford,F-150,raptor,3,57888,No change noted,Unchanged for 9 weeks,9,57888,57888,0,0,109943,Unknown,Gas,Unknown,N/A,Unknown,Dealer,"Olds, AB","Olds, AB",,disabled_unverified_location,1738199756,medicine-hat,unverified_url_evidence,https://www.kijiji.ca/v-cars-trucks/medicine-hat/2017-ford-f-150-raptor/1738199756,,Kijiji
92,2018,Ford,F-150,xlt,2,50,No change noted,First seen this week,0,50,50,0,0,200,Unknown,Gas,Unknown,N/A,Unknown,Private,"Calgary, AB","Calgary, AB",,disabled_unverified_location,1740915175,calgary,unverified_url_evidence,https://www.kijiji.ca/v-cars-trucks/calgary/delivery-truck/1740915175,,Kijiji
93,2018,Ford,F-150,xlt,2,3999,No change noted,Unchanged for 7 weeks,7,3999,3999,0,0,275000,Unknown,Gas,Unknown,N/A,Unknown,Private,"Calgary, AB","Calgary, AB",,disabled_unverified_location,1738444917,calgary,unverified_url_evidence,https://www.kijiji.ca/v-cars-trucks/calgary/ford-f150/1738444917,,Kijiji
94,2018,Ford,F-150,xlt,2,8000,No change noted,Unchanged for 2 weeks,2,8000,8000,0,0,381996,Unknown,Gas,Unknown,N/A,Unknown,Dealer,"Edmonton, AB","Edmonton, AB",,disabled_unverified_location,1740152716,edmonton,unverified_url_evidence,https://www.kijiji.ca/v-cars-trucks/edmonton/2018-ford-f-150-xlt-supercrew-145-xtr-pkg-rear-cam/1740152716,,Kijiji
95,2018,Ford,F-150,Unknown,1,13500,No change noted,Unchanged for 1 weeks,1,13500,13500,0,0,215083,Unknown,Gas,Unknown,N/A,Unknown,Dealer,"Calgary, AB","Calgary, AB",,disabled_unverified_location,1740417127,calgary,unverified_url_evidence,https://www.kijiji.ca/v-cars-trucks/calgary/2018-ford-f-150/1740417127,,Kijiji
96,2018,Ford,F-150,xlt,2,14995,No change noted,Unchanged for 4 weeks,4,14995,14995,0,0,279463,Unknown,Gas,Unknown,N/A,Unknown,Private,"Saskatoon, SK","Saskatoon, SK",,disabled_unverified_location,1739754510,saskatoon,unverified_url_evidence,https://www.kijiji.ca/v-cars-trucks/saskatoon/2018-ford-f-150-xlt-supercrew-6-5-ft-bed-4wd/1739754510,,Kijiji
97,2018,Ford,F-150,Unknown,1,15500,No change noted,Unchanged for 7 weeks,7,15500,15500,0,0,184909,Unknown,Gas,Unknown,N/A,Unknown,Private,"Calgary, AB","Calgary, AB",,disabled_unverified_location,1738853940,calgary,unverified_url_evidence,https://www.kijiji.ca/v-cars-trucks/calgary/f150-supercrew-cup/1738853940,,Kijiji
98,2018,Ford,F-150,Unknown,1,15900,No change noted,Unchanged for 5 weeks,5,15900,15900,0,0,190000,Unknown,Gas,Unknown,N/A,Unknown,Private,"Camrose, AB","Camrose, AB",,disabled_unverified_location,1738226566,st-albert,unverified_url_evidence,https://www.kijiji.ca/v-cars-trucks/st-albert/ford-f150-supercrew-cab/1738226566,,Kijiji
99,2018,Ford,F-150,xlt,2,15909,No change noted,"Down $1,000 over 2 weeks",2,16909,16909,-1000,-1000,262174,Unknown,Gas,Unknown,N/A,Unknown,Private,"Carstairs, AB","Carstairs, AB",,disabled_unverified_location,1739921396,prince-george,unverified_url_evidence,https://www.kijiji.ca/v-cars-trucks/prince-george/2018-ford-f-150-xlt-4wd-v6-6-seats-backup-camera-ac/1739921396,,Kijiji
100,2018,Ford,F-150,Unknown,1,17005,No change noted,Unchanged for 1 weeks,1,17005,17005,0,0,193166,Unknown,Gas,Unknown,N/A,Unknown,Dealer,"Medicine Hat, AB","Medicine Hat, AB",,disabled_unverified_location,1740393889,lethbridge,unverified_url_evidence,https://www.kijiji.ca/v-cars-trucks/lethbridge/2018-ford-f-150-2018-ford-f-150-super-cab-v6-as-traded/1740393889,,Kijiji
101,2018,Ford,F-150,xlt,2,17500,No change noted,First seen this week,0,17500,17500,0,0,281068,Unknown,Gas,Unknown,N/A,Unknown,Dealer,"Edmonton, AB","Edmonton, AB",,disabled_unverified_location,1740700975,edmonton,unverified_url_evidence,https://www.kijiji.ca/v-cars-trucks/edmonton/2018-ford-f-150-xlt-300a-supercrew-157/1740700975,,Kijiji
102,2018,Ford,F-150,xlt,2,17900,No change noted,"Down $2,000 over 3 weeks",3,19900,17900,0,-2000,172000,Unknown,Gas,Unknown,N/A,Unknown,Private,"Regina, SK","Regina, SK",,disabled_unverified_location,1739611507,winnipeg,unverified_url_evidence,https://www.kijiji.ca/v-cars-trucks/winnipeg/2018-ford-f-150-xlt-crew-cab-4x4/1739611507,,Kijiji
103,2018,Ford,F-150,xlt,2,18064,No change noted,First seen this week,0,18064,18064,0,0,244890,Unknown,Gas,Unknown,N/A,Unknown,Private,"Carstairs, AB","Carstairs, AB",,disabled_unverified_location,1740516916,prince-george,unverified_url_evidence,https://www.kijiji.ca/v-cars-trucks/prince-george/2018-ford-f-150-xlt/1740516916,,Kijiji
104,2018,Ford,F-150,fx4,3,18900,No change noted,Unchanged for 4 weeks,4,18900,18900,0,0,198000,Unknown,Gas,Unknown,N/A,Unknown,Private,"Calgary, AB","Calgary, AB",,disabled_unverified_location,1739379519,calgary,unverified_url_evidence,https://www.kijiji.ca/v-cars-trucks/calgary/2018-ford-f150-xlt-fx4-5-0-v8/1739379519,,Kijiji
105,2018,Ford,F-150,xl,1,19608,No change noted,Unchanged for 6 weeks,6,19608,19608,0,0,254544,Unknown,Gas,Unknown,N/A,Unknown,Dealer,"Medicine Hat, AB","Medicine Hat, AB",,disabled_unverified_location,1739161960,lethbridge,unverified_url_evidence,https://www.kijiji.ca/v-cars-trucks/lethbridge/2018-ford-f-150/1739161960,,Kijiji
106,2018,Ford,F-150,Unknown,1,19900,No change noted,Unchanged for 10 weeks,10,19900,19900,0,0,221000,3.3L,Gas,Unknown,N/A,Unknown,Private,"Regina, SK","Regina, SK",,disabled_unverified_location,1724551116,winnipeg,unverified_url_evidence,https://www.kijiji.ca/v-cars-trucks/winnipeg/2018-ford-f-150-ext-cab-4x4-3-3-l-v6/1724551116,,Kijiji
107,2018,Ford,F-150,xlt,2,19998,No change noted,Unchanged for 4 weeks,4,19998,19998,0,0,232104,Unknown,Gas,Unknown,N/A,Unknown,Dealer,"Calgary, AB","Calgary, AB",,disabled_unverified_location,1739456996,calgary,unverified_url_evidence,https://www.kijiji.ca/v-cars-trucks/calgary/2018-ford-f-150-xlt-4wd-supercrew-5-5-box/1739456996,,Kijiji
108,2018,Ford,F-150,xlt,2,19999,No change noted,Unchanged for 2 weeks,2,19999,19999,0,0,180,Unknown,Gas,Unknown,N/A,Unknown,Private,"Prince Albert, SK","Prince Albert, SK",,disabled_unverified_location,1740083853,owen-sound,unverified_url_evidence,https://www.kijiji.ca/v-cars-trucks/owen-sound/2018-ford-f150-xlt/1740083853,,Kijiji
109,2018,Ford,F-150,sport,2,19999,No change noted,"Down $2,000 over 10 weeks",10,21999,19999,0,-2000,201077,3.5L,Gas,No accidents reported,N/A,Unknown,Dealer,"Edmonton, AB","Edmonton, AB",,disabled_unverified_location,1737238336,edmonton,unverified_url_evidence,https://www.kijiji.ca/v-cars-trucks/edmonton/2018-ford-f-150-sport-crew-cab-4x4-3-5l-ecoboost-v6-clean-ca/1737238336,,Kijiji
110,2018,Ford,F-150,lariat,3,19999,No change noted,Unchanged for 1 weeks,1,19999,19999,0,0,268000,5.0L,Gas,Unknown,N/A,Unknown,Private,"Calgary, AB","Calgary, AB",,disabled_unverified_location,1740403211,calgary,unverified_url_evidence,https://www.kijiji.ca/v-cars-trucks/calgary/2018-ford-f-150-lariat-fx4-supercrew-5-0l-v8-6-5-box-decked/1740403211,,Kijiji
111,2018,Ford,F-150,xlt,2,20977,No change noted,"Down $2,000 over 10 weeks",10,22977,20977,0,-2000,212167,Unknown,Gas,Unknown,N/A,Unknown,Dealer,"Calgary, AB","Calgary, AB",,disabled_unverified_location,1733601033,calgary,unverified_url_evidence,https://www.kijiji.ca/v-cars-trucks/calgary/2018-ford-f-150-xlt-5-0-v8-backup-camera/1733601033,,Kijiji
112,2018,Ford,F-150,lariat,3,21500,No change noted,Unchanged for 9 weeks,9,21500,21500,0,0,298000,Unknown,Gas,Unknown,N/A,Unknown,Private,"Saskatoon, SK","Saskatoon, SK",,disabled_unverified_location,1738365494,saskatoon,unverified_url_evidence,https://www.kijiji.ca/v-cars-trucks/saskatoon/2018-ford-f150-lariat/1738365494,,Kijiji
113,2018,Ford,F-150,xlt,2,21557,No change noted,Unchanged for 3 weeks,3,21557,21557,0,0,197313,Unknown,Gas,Unknown,N/A,Unknown,Dealer,"Medicine Hat, AB","Medicine Hat, AB",,disabled_unverified_location,1739681942,lethbridge,unverified_url_evidence,https://www.kijiji.ca/v-cars-trucks/lethbridge/2018-ford-f-150-xlt/1739681942,,Kijiji
114,2018,Ford,F-150,xlt,2,21995,No change noted,Unchanged for 7 weeks,7,21995,21995,0,0,188000,5.0L,Gas,Unknown,N/A,Unknown,Private,"Prince Albert, SK","Prince Albert, SK",,disabled_unverified_location,1738856563,owen-sound,unverified_url_evidence,https://www.kijiji.ca/v-cars-trucks/owen-sound/2018-ford-f-150-xlt-5-0l-v8-certified-one-owner-no-acciden/1738856563,,Kijiji
115,2018,Ford,F-150,xlt,2,22000,No change noted,First seen this week,0,22000,22000,0,0,203800,Unknown,Gas,Unknown,N/A,Unknown,Private,"Carstairs, AB","Carstairs, AB",,disabled_unverified_location,1740630818,prince-albert,unverified_url_evidence,https://www.kijiji.ca/v-cars-trucks/prince-albert/2018-ford-f-150/1740630818,,Kijiji
116,2018,Ford,F-150,lariat,3,22500,No change noted,First seen this week,0,22500,22500,0,0,209110,Unknown,Gas,Unknown,N/A,Unknown,Dealer,"Calgary, AB","Calgary, AB",,disabled_unverified_location,1740744009,calgary,unverified_url_evidence,https://www.kijiji.ca/v-cars-trucks/calgary/2018-ford-f-150-lariat/1740744009,,Kijiji
117,2018,Ford,F-150,xl,1,22977,No change noted,Unchanged for 2 weeks,2,22977,22977,0,0,184807,Unknown,Gas,Unknown,N/A,Unknown,Dealer,"Calgary, AB","Calgary, AB",,disabled_unverified_location,1740196834,calgary,unverified_url_evidence,https://www.kijiji.ca/v-cars-trucks/calgary/2018-ford-f-150-xl-heated-seats-power-seats-power-windows/1740196834,,Kijiji
118,2018,Ford,F-150,xlt,2,23298,No change noted,"Down $1,701 over 4 weeks",4,24999,23298,0,-1701,172499,Unknown,Gas,Unknown,N/A,Unknown,Private,"Moose Jaw, SK","Moose Jaw, SK",,disabled_unverified_location,1739401679,ottawa,unverified_url_evidence,https://www.kijiji.ca/v-cars-trucks/ottawa/2018-ford-f-150-xlt-4x4-xlt-supercrew-sync-3-carplay/1739401679,,Kijiji
119,2018,Ford,F-150,xlt,2,23499,No change noted,Up $500 over 11 weeks,11,22999,23499,0,500,180990,Unknown,Gas,Accident reported,N/A,Unknown,Private,"Saskatoon, SK","Saskatoon, SK",,disabled_unverified_location,1732796828,saskatoon,unverified_url_evidence,https://www.kijiji.ca/v-cars-trucks/saskatoon/2018-f150-super-crew-cab-xlt-white/1732796828,,Kijiji
120,2018,Ford,F-150,Unknown,1,23505,No change noted,Unchanged for 2 weeks,2,23505,23505,0,0,173060,Unknown,Gas,Unknown,N/A,Unknown,Dealer,"Medicine Hat, AB","Medicine Hat, AB",,disabled_unverified_location,1740101890,lethbridge,unverified_url_evidence,https://www.kijiji.ca/v-cars-trucks/lethbridge/2018-ford-f-150/1740101890,,Kijiji
121,2018,Ford,F-150,Unknown,1,23995,No change noted,Unchanged for 10 weeks,10,23995,23995,0,0,175207,Unknown,Gas,Unknown,N/A,Unknown,Dealer,"Edmonton, AB","Edmonton, AB",,disabled_unverified_location,1724344322,edmonton,unverified_url_evidence,https://www.kijiji.ca/v-cars-trucks/edmonton/2018-ford-f150-xtr-super-cab-4x4-6-5-ft-box-we-finance/1724344322,,Kijiji
122,2018,Ford,F-150,xlt,2,24000,No change noted,"Down $1,000 over 1 weeks",1,25000,25000,-1000,-1000,155000,Unknown,Gas,Unknown,N/A,Unknown,Dealer,"Edmonton, AB","Edmonton, AB",,disabled_unverified_location,1738937467,edmonton,unverified_url_evidence,https://www.kijiji.ca/v-cars-trucks/edmonton/2018-f-150-xlt-2-7-twin-turbo/1738937467,,Kijiji
123,2018,Ford,F-150,xlt,2,24000,No change noted,"Down $2,500 over 3 weeks",3,26500,24000,0,-2500,170052,Unknown,Gas,Unknown,N/A,Unknown,Dealer,"Edmonton, AB","Edmonton, AB",,disabled_unverified_location,1739689342,edmonton,unverified_url_evidence,https://www.kijiji.ca/v-cars-trucks/edmonton/2018-ford-f-150-xlt-302a-4x4-supercrew-145/1739689342,,Kijiji
124,2018,Ford,F-150,lariat,3,24297,No change noted,Down $698 over 11 weeks,11,24995,24297,0,-698,253927,Unknown,Gas,Unknown,N/A,Unknown,Private,"Saskatoon, SK","Saskatoon, SK",,disabled_unverified_location,1736016526,saskatoon,unverified_url_evidence,https://www.kijiji.ca/v-cars-trucks/saskatoon/2018-ford-f-150-lariat/1736016526,,Kijiji
125,2018,Ford,F-150,xl,1,24399,No change noted,"Down $2,000 over 7 weeks",7,26399,24399,0,-2000,188579,Unknown,Gas,Unknown,N/A,Unknown,Private,"Regina, SK","Regina, SK",,disabled_unverified_location,1738752093,winnipeg,unverified_url_evidence,https://www.kijiji.ca/v-cars-trucks/winnipeg/2018-ford-f-150-xl/1738752093,,Kijiji
126,2018,Ford,F-150,sport,2,24600,No change noted,Unchanged for 3 weeks,3,24600,24600,0,0,90000,Unknown,Gas,Unknown,N/A,Unknown,Private,"Calgary, AB","Calgary, AB",,disabled_unverified_location,1739546045,calgary,unverified_url_evidence,https://www.kijiji.ca/v-cars-trucks/calgary/2018-ford-f150-xlt-sport/1739546045,,Kijiji
127,2018,Ford,F-150,Unknown,1,24626,No change noted,"Down $5,374 over 3 weeks",3,30000,24900,-274,-5374,185180,Unknown,Gas,Unknown,N/A,Unknown,Private,"Carstairs, AB","Carstairs, AB",,disabled_unverified_location,1739876277,guelph,unverified_url_evidence,https://www.kijiji.ca/v-cars-trucks/guelph/2018-ford-f-150-t/1739876277,,Kijiji
128,2018,Ford,F-150,lariat,3,24999,No change noted,Unchanged for 1 weeks,1,24999,24999,0,0,171000,Unknown,Gas,Unknown,N/A,Unknown,Private,"Edmonton, AB","Edmonton, AB",,disabled_unverified_location,1740414907,edmonton,unverified_url_evidence,https://www.kijiji.ca/v-cars-trucks/edmonton/2018-ford-f150-lariat/1740414907,,Kijiji
129,2018,Ford,F-150,xlt,2,25499,No change noted,Unchanged for 1 weeks,1,25499,25499,0,0,127055,5.0L,Gas,Unknown,N/A,Unknown,Dealer,"Edmonton, AB","Edmonton, AB",,disabled_unverified_location,1740469086,edmonton,unverified_url_evidence,https://www.kijiji.ca/v-cars-trucks/edmonton/2018-ford-f-150-xlt-crew-cab-4x4-5-0l-v8-low-kms-127-055-kms/1740469086,,Kijiji
130,2018,Ford,F-150,lariat,3,25900,No change noted,First seen this week,0,25900,25900,0,0,189184,3.5L,Gas,Unknown,N/A,Unknown,Dealer,"Edmonton, AB","Edmonton, AB",,disabled_unverified_location,1740704400,edmonton,unverified_url_evidence,https://www.kijiji.ca/v-cars-trucks/edmonton/2018-ford-f-150-lariat-4wd-supercrew-5-5-box-3-5l-engine-no-a/1740704400,,Kijiji
131,2018,Ford,F-150,xlt,2,25990,No change noted,Unchanged for 1 weeks,1,25990,25990,0,0,141975,Unknown,Gas,Unknown,N/A,Unknown,Dealer,"Calgary, AB","Calgary, AB",,disabled_unverified_location,1740289241,calgary,unverified_url_evidence,https://www.kijiji.ca/v-cars-trucks/calgary/2018-ford-f-150-xlt-4wd-supercrew-6-5-box/1740289241,,Kijiji
132,2018,Ford,F-150,xlt,2,26900,No change noted,Unchanged for 1 weeks,1,26900,26900,0,0,121000,Unknown,Gas,Unknown,N/A,Unknown,Private,"Calgary, AB","Calgary, AB",,disabled_unverified_location,1740382952,calgary,unverified_url_evidence,https://www.kijiji.ca/v-cars-trucks/calgary/2018-ford-f150-xlt-low-mileage/1740382952,,Kijiji
133,2018,Ford,F-150,xlt,2,26990,No change noted,Unchanged for 1 weeks,1,26990,26990,0,0,181869,Unknown,Gas,Unknown,N/A,Unknown,Unknown,"Calgary, AB","Calgary, AB",,disabled_unverified_location,1740333069,calgary,unverified_url_evidence,https://www.kijiji.ca/v-cars-trucks/calgary/2018-ford-f-150/1740333069,,Kijiji
134,2018,Ford,F-150,xlt,2,27000,No change noted,Unchanged for 2 weeks,2,27000,27000,0,0,122000,Unknown,Gas,Unknown,N/A,Unknown,Dealer,"Edmonton, AB","Edmonton, AB",,disabled_unverified_location,1740189556,edmonton,unverified_url_evidence,https://www.kijiji.ca/v-cars-trucks/edmonton/2018-f150/1740189556,,Kijiji
135,2018,Ford,F-150,xl,1,27568,No change noted,"Up $1,680 over 6 weeks",6,25888,27668,-100,1680,95486,Unknown,Gas,Unknown,N/A,Unknown,Private,"Moose Jaw, SK","Moose Jaw, SK",,disabled_unverified_location,1738627882,ottawa,unverified_url_evidence,https://www.kijiji.ca/v-cars-trucks/ottawa/2018-ford-f-150-xl/1738627882,,Kijiji
136,2018,Ford,F-150,lariat,3,27995,No change noted,Unchanged for 2 weeks,2,27995,27995,0,0,229938,5.0L,Gas,Unknown,N/A,Unknown,Private,"Regina, SK","Regina, SK",,disabled_unverified_location,1740099260,winnipeg,unverified_url_evidence,https://www.kijiji.ca/v-cars-trucks/winnipeg/2018-ford-f-150-lariat-5-0-l/1740099260,,Kijiji
137,2018,Ford,F-150,xlt,2,28500,No change noted,First seen this week,0,28500,28500,0,0,126250,3.5L,Gas,Unknown,N/A,Unknown,Private,"Calgary, AB","Calgary, AB",,disabled_unverified_location,1740635874,calgary,unverified_url_evidence,https://www.kijiji.ca/v-cars-trucks/calgary/2018-3-5l-twin-turbo-ford-f-150-sport-xlt/1740635874,,Kijiji
138,2018,Ford,F-150,xlt,2,28899,No change noted,Unchanged for 1 weeks,1,28899,28899,0,0,106175,Unknown,Gas,Unknown,N/A,Unknown,Dealer,"Camrose, AB","Camrose, AB",,disabled_unverified_location,1740228912,edmonton,unverified_url_evidence,https://www.kijiji.ca/v-cars-trucks/edmonton/2018-ford-f-150-xlt/1740228912,,Kijiji
139,2018,Ford,F-150,lariat,3,28995,No change noted,Unchanged for 1 weeks,1,28995,28995,0,0,185000,5.0L,Gas,Unknown,N/A,Unknown,Private,"Saskatoon, SK","Saskatoon, SK",,disabled_unverified_location,1740378047,saskatoon,unverified_url_evidence,https://www.kijiji.ca/v-cars-trucks/saskatoon/2018-ford-f-150-lariat-5-0l-v8-leather-360-cam-cooled-seat/1740378047,,Kijiji
140,2018,Ford,F-150,lariat,3,28995,No change noted,Unchanged for 2 weeks,2,28995,28995,0,0,202617,Unknown,Gas,Unknown,N/A,Unknown,Private,"Carstairs, AB","Carstairs, AB",,disabled_unverified_location,1739592983,windsor-area-on,unverified_url_evidence,https://www.kijiji.ca/v-cars-trucks/windsor-area-on/2018-ford-f-150/1739592983,,Kijiji
141,2018,Ford,F-150,xlt,2,29295,No change noted,Down $700 over 7 weeks,7,29995,29295,0,-700,134436,Unknown,Gas,Unknown,N/A,Unknown,Dealer,"Edmonton, AB","Edmonton, AB",,disabled_unverified_location,1738297103,edmonton,unverified_url_evidence,https://www.kijiji.ca/v-cars-trucks/edmonton/ford-f-150-xlt-2018/1738297103,,Kijiji
142,2018,Ford,F-150,lariat,3,29500,No change noted,Unchanged for 11 weeks,11,29500,29500,0,0,153000,Unknown,Gas,Unknown,N/A,Unknown,Private,"Olds, AB","Olds, AB",,disabled_unverified_location,1738082498,medicine-hat,unverified_url_evidence,https://www.kijiji.ca/v-cars-trucks/medicine-hat/2018-ford-f150/1738082498,,Kijiji
143,2018,Ford,F-150,xlt,2,29500,No change noted,Unchanged for 7 weeks,7,29500,29500,0,0,185000,Unknown,Gas,Unknown,N/A,Unknown,Private,"Edmonton, AB","Edmonton, AB",,disabled_unverified_location,1738649932,edmonton,unverified_url_evidence,https://www.kijiji.ca/v-cars-trucks/edmonton/2018-f150-xlt/1738649932,,Kijiji
144,2018,Ford,F-150,lariat,3,29750,No change noted,Unchanged for 1 weeks,1,29750,29750,0,0,176000,Unknown,Gas,Unknown,N/A,Unknown,Private,"Saskatoon, SK","Saskatoon, SK",,disabled_unverified_location,1740772021,saskatoon,unverified_url_evidence,https://www.kijiji.ca/v-cars-trucks/saskatoon/2018-f150-4-door-supercrew-5-0-v8/1740772021,,Kijiji
145,2018,Ford,F-150,xlt,2,29956,No change noted,First seen this week,0,29956,29956,0,0,91772,3.5L,Gas,Unknown,N/A,Unknown,Dealer,"Edmonton, AB","Edmonton, AB",,disabled_unverified_location,1740872495,edmonton,unverified_url_evidence,https://www.kijiji.ca/v-cars-trucks/edmonton/2018-ford-f-150-xlt-3-5l-w-tow-pkg/1740872495,,Kijiji
146,2018,Ford,F-150,fx4,3,29995,No change noted,First seen this week,0,29995,29995,0,0,112826,3.5L,Gas,Unknown,N/A,Unknown,Dealer,"Calgary, AB","Calgary, AB",,disabled_unverified_location,1740648580,calgary,unverified_url_evidence,https://www.kijiji.ca/v-cars-trucks/calgary/2018-ford-f-150-xlt-xtr-3-5l-ecoboost-fx4-off-road-pro-trailer/1740648580,,Kijiji
147,2018,Ford,F-150,xlt,2,29995,No change noted,First seen this week,0,29995,29995,0,0,140550,Unknown,Gas,Unknown,N/A,Unknown,Dealer,"Edmonton, AB","Edmonton, AB",,disabled_unverified_location,1740703098,edmonton,unverified_url_evidence,https://www.kijiji.ca/v-cars-trucks/edmonton/2018-ford-f-150-xlt/1740703098,,Kijiji
148,2018,Ford,F-150,xlt,2,29995,No change noted,First seen this week,0,29995,29995,0,0,175379,Unknown,Gas,Unknown,N/A,Unknown,Private,"Regina, SK","Regina, SK",,disabled_unverified_location,1740690888,winnipeg,unverified_url_evidence,https://www.kijiji.ca/v-cars-trucks/winnipeg/2018-ford-f-150-xlt/1740690888,,Kijiji
149,2018,Ford,F-150,lariat,3,29999,No change noted,Up $91 over 3 weeks,3,29908,28999,1000,91,181485,Unknown,Gas,Unknown,N/A,Unknown,Dealer,"Camrose, AB","Camrose, AB",,disabled_unverified_location,1739832659,strathcona-county,unverified_url_evidence,https://www.kijiji.ca/v-cars-trucks/strathcona-county/2018-ford-f-150-lariat-fx4-offroad-pkg/1739832659,,Kijiji
150,2018,Ford,F-150,xlt,2,30000,No change noted,First seen this week,0,30000,30000,0,0,132216,5.0L,Gas,Unknown,N/A,Unknown,Private,"Edmonton, AB","Edmonton, AB",,disabled_unverified_location,1740557330,edmonton,unverified_url_evidence,https://www.kijiji.ca/v-cars-trucks/edmonton/2018-ford-f150-xlt-supercab-5-0l-v8/1740557330,,Kijiji
151,2018,Ford,F-150,Unknown,1,30488,No change noted,First seen this week,0,30488,30488,0,0,135000,Unknown,Gas,Unknown,N/A,Unknown,Dealer,"Camrose, AB","Camrose, AB",,disabled_unverified_location,1740651365,st-albert,unverified_url_evidence,https://www.kijiji.ca/v-cars-trucks/st-albert/2018-ford-f-150/1740651365,,Kijiji
152,2018,Ford,F-150,xlt,2,30990,No change noted,Unchanged for 1 weeks,1,30990,30990,0,0,120460,5.0L,Gas,Unknown,N/A,Unknown,Dealer,"Calgary, AB","Calgary, AB",,disabled_unverified_location,1740285659,calgary,unverified_url_evidence,https://www.kijiji.ca/v-cars-trucks/calgary/2018-ford-f-150-xlt-302a-5-0l-v8/1740285659,,Kijiji
153,2018,Ford,F-150,xlt,2,30995,No change noted,Unchanged for 10 weeks,10,30995,30995,0,0,90180,Unknown,Gas,Unknown,N/A,Unknown,Private,"Moose Jaw, SK","Moose Jaw, SK",,disabled_unverified_location,1725850739,ottawa,unverified_url_evidence,https://www.kijiji.ca/v-cars-trucks/ottawa/2018-ford-f-150/1725850739,,Kijiji
154,2018,Ford,F-150,xlt,2,31999,No change noted,"Down $1,000 over 6 weeks",6,32999,32499,-500,-1000,122837,Unknown,Gas,Unknown,N/A,Unknown,Dealer,"Camrose, AB","Camrose, AB",,disabled_unverified_location,1739116037,strathcona-county,unverified_url_evidence,https://www.kijiji.ca/v-cars-trucks/strathcona-county/2018-ford-f-150-xlt-special-edition-pkg/1739116037,,Kijiji
155,2018,Ford,F-150,xlt,2,32000,No change noted,"Down $2,000 over 8 weeks",8,34000,32000,0,-2000,106000,Unknown,Gas,No accidents reported,N/A,Unknown,Private,"Calgary, AB","Calgary, AB",,disabled_unverified_location,1738395719,calgary,unverified_url_evidence,https://www.kijiji.ca/v-cars-trucks/calgary/sold/1738395719,,Kijiji
156,2018,Ford,F-150,lariat,3,32558,No change noted,First seen this week,0,32558,32558,0,0,146296,Unknown,Gas,Unknown,N/A,Unknown,Dealer,"Medicine Hat, AB","Medicine Hat, AB",,disabled_unverified_location,1739734883,lethbridge,unverified_url_evidence,https://www.kijiji.ca/v-cars-trucks/lethbridge/2018-ford-f-150-lariat/1739734883,,Kijiji
157,2018,Ford,F-150,xlt,2,32995,No change noted,First seen this week,0,32995,32995,0,0,118672,Unknown,Gas,Unknown,N/A,Unknown,Private,"Regina, SK","Regina, SK",,disabled_unverified_location,1740690892,winnipeg,unverified_url_evidence,https://www.kijiji.ca/v-cars-trucks/winnipeg/2018-ford-f-150-xlt/1740690892,,Kijiji
158,2018,Ford,F-150,lariat,3,34990,No change noted,"Down $1,000 over 7 weeks",7,35990,35990,-1000,-1000,156000,Unknown,Gas,Unknown,N/A,Unknown,Dealer,"Calgary, AB","Calgary, AB",,disabled_unverified_location,1738751780,calgary,unverified_url_evidence,https://www.kijiji.ca/v-cars-trucks/calgary/2018-ford-f-150-lariat-fx4-sport-502a-one-owner/1738751780,,Kijiji
159,2018,Ford,F-150,lariat,3,36900,No change noted,Unchanged for 2 weeks,2,36900,36900,0,0,98835,Unknown,Gas,Unknown,N/A,Unknown,Dealer,"Edmonton, AB","Edmonton, AB",,disabled_unverified_location,1739970703,edmonton,unverified_url_evidence,https://www.kijiji.ca/v-cars-trucks/edmonton/2018-ford-f-150-xl-xlt-lariat-king-ranch-platinum-limited/1739970703,,Kijiji
160,2018,Ford,F-150,xlt,2,40800,No change noted,First seen this week,0,40800,40800,0,0,72000,Unknown,Gas,Unknown,N/A,Unknown,Dealer,"Regina, SK","Regina, SK",,disabled_unverified_location,1740915892,winnipeg,unverified_url_evidence,https://www.kijiji.ca/v-cars-trucks/winnipeg/2018-ford-f-150-xlt-4wd-supercrew-5-5-box/1740915892,,Kijiji
161,2018,Ford,F-150,raptor,3,46997,No change noted,"Down $5,000 over 7 weeks",7,51997,49997,-3000,-5000,166541,Unknown,Gas,Unknown,N/A,Unknown,Dealer,"Edmonton, AB","Edmonton, AB",,disabled_unverified_location,1738611297,edmonton,unverified_url_evidence,https://www.kijiji.ca/v-cars-trucks/edmonton/2018-ford-f-150-raptor/1738611297,,Kijiji
162,2018,Ford,F-150,lariat,3,48000,No change noted,First seen this week,0,48000,48000,0,0,142000,Unknown,Gas,Unknown,N/A,Unknown,Private,"Calgary, AB","Calgary, AB",,disabled_unverified_location,1740854609,calgary,unverified_url_evidence,https://www.kijiji.ca/v-cars-trucks/calgary/2018-f150-roush-fx4-lariat/1740854609,,Kijiji
163,2018,Ford,F-150,raptor,3,54999,No change noted,First seen this week,0,54999,54999,0,0,108253,Unknown,Gas,Unknown,N/A,Unknown,Private,"Regina, SK","Regina, SK",,disabled_unverified_location,1739693268,winnipeg,unverified_url_evidence,https://www.kijiji.ca/v-cars-trucks/winnipeg/2018-ford-f-150-raptor-4wd-802a-carbon-fibre-loaded-low-kms/1739693268,,Kijiji
164,2018,Ford,F-150,raptor,3,57600,No change noted,"Down $2,100 over 5 weeks",5,59700,57600,0,-2100,6000,Unknown,Gas,Unknown,N/A,Unknown,Private,"Ponoka, AB","Ponoka, AB",,disabled_unverified_location,1736037866,fort-mcmurray,unverified_url_evidence,https://www.kijiji.ca/v-cars-trucks/fort-mcmurray/raptor802a-brand-new-2026-factory-engine/1736037866,,Kijiji
165,2019,Ford,F-150,xlt,2,9500,No change noted,First seen this week,0,9500,9500,0,0,268,Unknown,Gas,Unknown,N/A,Unknown,Private,"Calgary, AB","Calgary, AB",,disabled_unverified_location,1740876831,calgary,unverified_url_evidence,https://www.kijiji.ca/v-cars-trucks/calgary/2019-f150-5-0-2wd-long-box/1740876831,,Kijiji
166,2019,Ford,F-150,Unknown,1,11500,No change noted,Unchanged for 3 weeks,3,11500,11500,0,0,269000,Unknown,Gas,Unknown,N/A,Unknown,Private,"Regina, SK","Regina, SK",,disabled_unverified_location,1739716360,winnipeg,unverified_url_evidence,https://www.kijiji.ca/v-cars-trucks/winnipeg/cars-trucks/1739716360,,Kijiji
167,2019,Ford,F-150,xlt,2,12500,No change noted,First seen this week,0,12500,12500,0,0,432824,Unknown,Gas,Unknown,N/A,Unknown,Private,"Saskatoon, SK","Saskatoon, SK",,disabled_unverified_location,1740908447,saskatoon,unverified_url_evidence,https://www.kijiji.ca/v-cars-trucks/saskatoon/2019-f-150/1740908447,,Kijiji
168,2019,Ford,F-150,xl,1,16500,No change noted,Unchanged for 1 weeks,1,16500,16500,0,0,295000,Unknown,Gas,Unknown,N/A,Unknown,Private,"Regina, SK","Regina, SK",,disabled_unverified_location,1740392812,winnipeg,unverified_url_evidence,https://www.kijiji.ca/v-cars-trucks/winnipeg/2019-f150/1740392812,,Kijiji
169,2019,Ford,F-150,Unknown,1,17005,No change noted,Unchanged for 10 weeks,10,17005,17005,0,0,260819,Unknown,Gas,Unknown,N/A,Unknown,Dealer,"Medicine Hat, AB","Medicine Hat, AB",,disabled_unverified_location,1737606702,lethbridge,unverified_url_evidence,https://www.kijiji.ca/v-cars-trucks/lethbridge/2019-ford-f-150-2019-ford-f150-xlt-as-traded/1737606702,,Kijiji
170,2019,Ford,F-150,xlt,2,18990,No change noted,Down $910 over 8 weeks,8,19900,18990,0,-910,171172,Unknown,Gas,Unknown,N/A,Unknown,Dealer,"Edmonton, AB","Edmonton, AB",,disabled_unverified_location,1734834225,edmonton,unverified_url_evidence,https://www.kijiji.ca/v-cars-trucks/edmonton/2019-ford-f-150-xlt-4x4-supercab-styleside-6-ft-box-163-in-wb/1734834225,,Kijiji
171,2019,Ford,F-150,sport,2,18990,No change noted,"Down $1,000 over 9 weeks",9,19990,18990,0,-1000,238586,2.7L,Gas,Unknown,N/A,Unknown,Dealer,"Calgary, AB","Calgary, AB",,disabled_unverified_location,1732548174,calgary,unverified_url_evidence,https://www.kijiji.ca/v-cars-trucks/calgary/2019-ford-f-150-sport-4x4-2-7l-ecoboost-6-5/1732548174,,Kijiji
172,2019,Ford,F-150,xlt,2,18995,No change noted,First seen this week,0,18995,18995,0,0,174818,Unknown,Gas,Unknown,N/A,Unknown,Private,"Carstairs, AB","Carstairs, AB",,disabled_unverified_location,1740791877,laval-rive-nord,unverified_url_evidence,https://www.kijiji.ca/v-cars-trucks/laval-rive-nord/2019-ford-f-150-xlt/1740791877,,Kijiji
173,2019,Ford,F-150,xlt,2,18995,No change noted,Unchanged for 3 weeks,3,18995,18995,0,0,245442,Unknown,Gas,Unknown,N/A,Unknown,Dealer,"Calgary, AB","Calgary, AB",,disabled_unverified_location,1738755918,calgary,unverified_url_evidence,https://www.kijiji.ca/v-cars-trucks/calgary/2019-ford-f-150/1738755918,,Kijiji
174,2019,Ford,F-150,lariat,3,19890,No change noted,Unchanged for 10 weeks,10,19890,19890,0,0,253511,Unknown,Gas,Unknown,N/A,Unknown,Dealer,"Calgary, AB","Calgary, AB",,disabled_unverified_location,1737296847,calgary,unverified_url_evidence,https://www.kijiji.ca/v-cars-trucks/calgary/2019-ford-f-150-lariat-502a-sport-sunroof-nav-rem-start/1737296847,,Kijiji
175,2019,Ford,F-150,xlt,2,19900,No change noted,First seen this week,0,19900,19900,0,0,145000,Unknown,Gas,Unknown,N/A,Unknown,Private,"Edmonton, AB","Edmonton, AB",,disabled_unverified_location,1740545832,edmonton,unverified_url_evidence,https://www.kijiji.ca/v-cars-trucks/edmonton/ford-f150/1740545832,,Kijiji
176,2019,Ford,F-150,xlt,2,19900,No change noted,Unchanged for 8 weeks,8,19900,19900,0,0,219000,Unknown,Gas,Unknown,N/A,Unknown,Private,"Carstairs, AB","Carstairs, AB",,disabled_unverified_location,1737613598,laval-rive-nord,unverified_url_evidence,https://www.kijiji.ca/v-cars-trucks/laval-rive-nord/ford-f-150-xlt-4wd-supercrew-6-5-box-v6-financement-xlt-2019-in/1737613598,,Kijiji
177,2019,Ford,F-150,xl,1,19918,No change noted,First seen this week,0,19918,19918,0,0,212187,Unknown,Gas,Unknown,N/A,Unknown,Dealer,"Edmonton, AB","Edmonton, AB",,disabled_unverified_location,1740285199,edmonton,unverified_url_evidence,https://www.kijiji.ca/v-cars-trucks/edmonton/2019-ford-f-150-xl-4wd-supercrew-5-5-box/1740285199,,Kijiji
178,2019,Ford,F-150,xl,1,19990,No change noted,First seen this week,0,19990,19990,0,0,153685,Unknown,Gas,Unknown,N/A,Unknown,Dealer,"Calgary, AB","Calgary, AB",,disabled_unverified_location,1740607884,calgary,unverified_url_evidence,https://www.kijiji.ca/v-cars-trucks/calgary/2019-ford-f-150-xl-4wd-supercab-6-5-box/1740607884,,Kijiji
179,2019,Ford,F-150,Unknown,1,19995,No change noted,Unchanged for 5 weeks,5,19995,19995,0,0,246687,Unknown,Gas,Unknown,N/A,Unknown,Private,"Saskatoon, SK","Saskatoon, SK",,disabled_unverified_location,1739356935,saskatoon,unverified_url_evidence,https://www.kijiji.ca/v-cars-trucks/saskatoon/2019-ford-f-150/1739356935,,Kijiji
180,2019,Ford,F-150,Unknown,1,20000,No change noted,"Down $3,000 over 6 weeks",6,23000,20000,0,-3000,215000,2.7L,Gas,Unknown,N/A,Unknown,Private,"Edmonton, AB","Edmonton, AB",,disabled_unverified_location,1738958143,edmonton,unverified_url_evidence,https://www.kijiji.ca/v-cars-trucks/edmonton/2019-f150-4x4-supercrew-2-7l-ecoboost/1738958143,,Kijiji
181,2019,Ford,F-150,xl,1,21980,No change noted,Unchanged for 1 weeks,1,21980,21980,0,0,107375,Unknown,Gas,Unknown,N/A,Unknown,Private,"Carstairs, AB","Carstairs, AB",,disabled_unverified_location,1740566001,regina,unverified_url_evidence,https://www.kijiji.ca/v-cars-trucks/regina/2019-ford-f-150-xl/1740566001,,Kijiji
182,2019,Ford,F-150,Unknown,1,22005,No change noted,Unchanged for 3 weeks,3,22005,22005,0,0,223510,Unknown,Gas,Unknown,N/A,Unknown,Dealer,"Medicine Hat, AB","Medicine Hat, AB",,disabled_unverified_location,1739683782,lethbridge,unverified_url_evidence,https://www.kijiji.ca/v-cars-trucks/lethbridge/2019-ford-f-150-2019-ford-f150-crew-cab/1739683782,,Kijiji
183,2019,Ford,F-150,xlt,2,22898,No change noted,Down $880 over 7 weeks,7,23778,18996,3902,-880,236908,Unknown,Gas,Unknown,N/A,Unknown,Dealer,"Edmonton, AB","Edmonton, AB",,disabled_unverified_location,1738713477,edmonton,unverified_url_evidence,https://www.kijiji.ca/v-cars-trucks/edmonton/2019-ford-f-150-xlt/1738713477,,Kijiji
184,2019,Ford,F-150,xlt,2,22900,No change noted,"Down $1,000 over 6 weeks",6,23900,22900,0,-1000,186284,Unknown,Gas,Unknown,N/A,Unknown,Dealer,"Calgary, AB","Calgary, AB",,disabled_unverified_location,1739112828,calgary,unverified_url_evidence,https://www.kijiji.ca/v-cars-trucks/calgary/2019-ford-f-150-fx4-ecoboost-crewcab-xlt/1739112828,,Kijiji
185,2019,Ford,F-150,xlt,2,22995,No change noted,Unchanged for 10 weeks,10,22995,22995,0,0,194736,Unknown,Gas,Unknown,N/A,Unknown,Private,"Carstairs, AB","Carstairs, AB",,disabled_unverified_location,1737976836,ottawa,unverified_url_evidence,https://www.kijiji.ca/v-cars-trucks/ottawa/2019-ford-f-150/1737976836,,Kijiji
186,2019,Ford,F-150,xlt,2,23500,No change noted,First seen this week,0,23500,23500,0,0,151,Unknown,Gas,Unknown,N/A,Unknown,Private,"Edmonton, AB","Edmonton, AB",,disabled_unverified_location,1740758870,edmonton,unverified_url_evidence,https://www.kijiji.ca/v-cars-trucks/edmonton/f150-xlt-truck-2-7-6-seats-151km/1740758870,,Kijiji
187,2019,Ford,F-150,lariat,3,23888,No change noted,Unchanged for 2 weeks,2,23888,23888,0,0,196575,Unknown,Gas,Unknown,N/A,Unknown,Dealer,"Edmonton, AB","Edmonton, AB",,disabled_unverified_location,1740029198,edmonton,unverified_url_evidence,https://www.kijiji.ca/v-cars-trucks/edmonton/2019-ford-f-150-lariat-leather-heated-cool-seat-applecarplay/1740029198,,Kijiji
188,2019,Ford,F-150,Unknown,1,23995,No change noted,Unchanged for 10 weeks,10,23995,23995,0,0,179835,3.5L,Gas,No accidents reported,N/A,Unknown,Dealer,"Calgary, AB","Calgary, AB",,disabled_unverified_location,1736759414,calgary,unverified_url_evidence,https://www.kijiji.ca/v-cars-trucks/calgary/2019-ford-f-150-xtr-pkg-4x4-5-5box-3-5l-ecoboost-carplay-b-came/1736759414,,Kijiji
189,2019,Ford,F-150,Unknown,1,23995,No change noted,Unchanged for 9 weeks,9,23995,23995,0,0,207000,Unknown,Gas,Unknown,N/A,Unknown,Private,"Carstairs, AB","Carstairs, AB",,disabled_unverified_location,1737861474,summerside-pei,unverified_url_evidence,https://www.kijiji.ca/v-cars-trucks/summerside-pei/2019-ford-f-150/1737861474,,Kijiji
190,2019,Ford,F-150,xlt,2,24000,No change noted,Unchanged for 4 weeks,4,24000,24000,0,0,151000,Unknown,Gas,Unknown,N/A,Unknown,Private,"Camrose, AB","Camrose, AB",,disabled_unverified_location,1739346459,st-albert,unverified_url_evidence,https://www.kijiji.ca/v-cars-trucks/st-albert/2019-f150-ecoboost/1739346459,,Kijiji
191,2019,Ford,F-150,lariat,3,24000,No change noted,"Down $1,500 over 6 weeks",6,25500,24000,0,-1500,247000,Unknown,Gas,Unknown,N/A,Unknown,Private,"Calgary, AB","Calgary, AB",,disabled_unverified_location,1736619748,calgary,unverified_url_evidence,https://www.kijiji.ca/v-cars-trucks/calgary/ford-f-150-3-5-ecoboost/1736619748,,Kijiji
192,2019,Ford,F-150,xlt,2,24500,No change noted,First seen this week,0,24500,24500,0,0,136400,Unknown,Gas,Unknown,N/A,Unknown,Private,"Regina, SK","Regina, SK",,disabled_unverified_location,1740651830,winnipeg,unverified_url_evidence,https://www.kijiji.ca/v-cars-trucks/winnipeg/2019-ford-f-150-xlt-4wd-supercab-8-box/1740651830,,Kijiji
193,2019,Ford,F-150,xlt,2,24985,No change noted,"Down $5,000 over 6 weeks",6,29985,24985,0,-5000,224212,Unknown,Gas,Unknown,N/A,Unknown,Private,"Carstairs, AB","Carstairs, AB",,disabled_unverified_location,1738398693,city-of-toronto,unverified_url_evidence,https://www.kijiji.ca/v-cars-trucks/city-of-toronto/2019-ford-f-150-xlt/1738398693,,Kijiji
194,2019,Ford,F-150,sport,2,24995,No change noted,"Down $1,000 over 10 weeks",10,25995,24995,0,-1000,188000,Unknown,Gas,Unknown,N/A,Unknown,Unknown,"High River, AB","High River, AB",,disabled_unverified_location,1733338754,kitchener-waterloo,unverified_url_evidence,https://www.kijiji.ca/v-cars-trucks/kitchener-waterloo/2019-ford-f-150-sport/1733338754,,Kijiji
195,2019,Ford,F-150,xlt,2,24995,No change noted,"Down $3,000 over 10 weeks",10,27995,24995,0,-3000,192220,3.5L,Gas,No accidents reported,N/A,Unknown,Private,"Regina, SK","Regina, SK",,disabled_unverified_location,1729428117,winnipeg,unverified_url_evidence,https://www.kijiji.ca/v-cars-trucks/winnipeg/2019-ford-f-150-xlt-fx4-new-tires-3-5l-v6/1729428117,,Kijiji
196,2019,Ford,F-150,xlt,2,24995,No change noted,Unchanged for 10 weeks,10,24995,24995,0,0,224459,Unknown,Gas,Unknown,N/A,Unknown,Private,"Regina, SK","Regina, SK",,disabled_unverified_location,1736170332,winnipeg,unverified_url_evidence,https://www.kijiji.ca/v-cars-trucks/winnipeg/2019-ford-f-150-xlt-sport-crew-cab-5-5ft-short-box/1736170332,,Kijiji
197,2019,Ford,F-150,xlt,2,25988,No change noted,Unchanged for 1 weeks,1,25988,25988,0,0,154240,Unknown,Gas,Unknown,N/A,Unknown,Dealer,"Calgary, AB","Calgary, AB",,disabled_unverified_location,1740238077,calgary,unverified_url_evidence,https://www.kijiji.ca/v-cars-trucks/calgary/2019-ford-f-150-xlt-crew-cab-backup-camera-drive-modes-heated-mi/1740238077,,Kijiji
198,2019,Ford,F-150,xlt,2,26795,No change noted,Down $200 over 7 weeks,7,26995,26795,0,-200,177000,Unknown,Gas,No accidents reported,N/A,Unknown,Private,"Regina, SK","Regina, SK",,disabled_unverified_location,1738609950,winnipeg,unverified_url_evidence,https://www.kijiji.ca/v-cars-trucks/winnipeg/2019-ford-f-150-xlt-running-boards-tonneau-cover/1738609950,,Kijiji
199,2019,Ford,F-150,Unknown,1,26988,No change noted,Unchanged for 7 weeks,7,26988,26988,0,0,199413,Unknown,Gas,Unknown,N/A,Unknown,Dealer,"Camrose, AB","Camrose, AB",,disabled_unverified_location,1738608113,edmonton,unverified_url_evidence,https://www.kijiji.ca/v-cars-trucks/edmonton/2019-ford-f-150/1738608113,,Kijiji
200,2019,Ford,F-150,xlt,2,27005,No change noted,Unchanged for 10 weeks,10,27005,27005,0,0,204138,Unknown,Gas,Unknown,N/A,Unknown,Dealer,"Medicine Hat, AB","Medicine Hat, AB",,disabled_unverified_location,1737240224,lethbridge,unverified_url_evidence,https://www.kijiji.ca/v-cars-trucks/lethbridge/2019-ford-f-150-xlt/1737240224,,Kijiji
201,2019,Ford,F-150,xlt,2,27888,No change noted,Unchanged for 10 weeks,10,27888,27888,0,0,155179,Unknown,Gas,Unknown,N/A,Unknown,Dealer,"Calgary, AB","Calgary, AB",,disabled_unverified_location,1737401779,calgary,unverified_url_evidence,https://www.kijiji.ca/v-cars-trucks/calgary/2019-ford-f-150-xlt/1737401779,,Kijiji
202,2019,Ford,F-150,lariat,3,27900,No change noted,First seen this week,0,27900,27900,0,0,169796,Unknown,Gas,Unknown,N/A,Unknown,Private,"Regina, SK","Regina, SK",,disabled_unverified_location,1740703365,winnipeg,unverified_url_evidence,https://www.kijiji.ca/v-cars-trucks/winnipeg/2019-ford-f-150-lariat-supercrew-5-5-ft-4wd/1740703365,,Kijiji
203,2019,Ford,F-150,xlt,2,27995,No change noted,Unchanged for 10 weeks,10,27995,27995,0,0,167516,3.5L,Gas,No accidents reported,N/A,Unknown,Dealer,"Calgary, AB","Calgary, AB",,disabled_unverified_location,1733599997,calgary,unverified_url_evidence,https://www.kijiji.ca/v-cars-trucks/calgary/2019-ford-f-150-xlt-sport-4wd-3-5l-v6-backup-camera-20-inch-whe/1733599997,,Kijiji
204,2019,Ford,F-150,xlt,2,28650,No change noted,Unchanged for 4 weeks,4,28650,28650,0,0,184437,Unknown,Gas,Unknown,N/A,Unknown,Dealer,"Calgary, AB","Calgary, AB",,disabled_unverified_location,1739357782,calgary,unverified_url_evidence,https://www.kijiji.ca/v-cars-trucks/calgary/2019-ford-f-150-xlt-4x4-crew-cab-ecoboost-bluetooth-us/1739357782,,Kijiji
205,2019,Ford,F-150,xlt,2,28988,No change noted,Unchanged for 1 weeks,1,28988,28988,0,0,106070,Unknown,Gas,Unknown,N/A,Unknown,Unknown,"Edmonton, AB","Edmonton, AB",,disabled_unverified_location,1740471871,edmonton,unverified_url_evidence,https://www.kijiji.ca/v-cars-trucks/edmonton/2019-ford-f-150-xlt/1740471871,,Kijiji
206,2019,Ford,F-150,xlt,2,29088,No change noted,Down $300 over 6 weeks,6,29388,27788,1300,-300,129169,Unknown,Gas,Unknown,N/A,Unknown,Private,"Carstairs, AB","Carstairs, AB",,disabled_unverified_location,1739161157,hamilton,unverified_url_evidence,https://www.kijiji.ca/v-cars-trucks/hamilton/2019-ford-f-150-xlt-sold/1739161157,,Kijiji
207,2019,Ford,F-150,lariat,3,29499,No change noted,Down $500 over 2 weeks,2,29999,29999,-500,-500,197716,Unknown,Gas,Unknown,N/A,Unknown,Dealer,"Camrose, AB","Camrose, AB",,disabled_unverified_location,1740474044,strathcona-county,unverified_url_evidence,https://www.kijiji.ca/v-cars-trucks/strathcona-county/2019-ford-f-150/1740474044,,Kijiji
208,2019,Ford,F-150,xlt,2,29600,No change noted,"Down $1,300 over 7 weeks",7,30900,29600,0,-1300,136190,3.5L,Gas,Unknown,N/A,Unknown,Dealer,"Calgary, AB","Calgary, AB",,disabled_unverified_location,1738349735,calgary,unverified_url_evidence,https://www.kijiji.ca/v-cars-trucks/calgary/2019-ford-f-150-xlt-301a-sport-3-5l-eco-long-box-max/1738349735,,Kijiji
209,2019,Ford,F-150,xlt,2,29980,No change noted,Unchanged for 1 weeks,1,29980,29980,0,0,198031,5.0L,Gas,Unknown,N/A,Unknown,Dealer,"Camrose, AB","Camrose, AB",,disabled_unverified_location,1740287544,strathcona-county,unverified_url_evidence,https://www.kijiji.ca/v-cars-trucks/strathcona-county/2019-ford-f-150-xlt-5-0l-sport-302a-remote-start/1740287544,,Kijiji
210,2019,Ford,F-150,xl,1,29991,No change noted,"Down $1,957 over 2 weeks",2,31948,31948,-1957,-1957,174930,Unknown,Gas,Unknown,N/A,Unknown,Dealer,"Edmonton, AB","Edmonton, AB",,disabled_unverified_location,1740012396,edmonton,unverified_url_evidence,https://www.kijiji.ca/v-cars-trucks/edmonton/2019-ford-f-150-xl-4wd-supercrew-5-5-box/1740012396,,Kijiji
211,2019,Ford,F-150,xlt,2,29995,No change noted,"Down $3,000 over 10 weeks",10,32995,29995,0,-3000,126180,Unknown,Gas,Unknown,N/A,Unknown,Dealer,"Medicine Hat, AB","Medicine Hat, AB",,disabled_unverified_location,1735355884,lethbridge,unverified_url_evidence,https://www.kijiji.ca/v-cars-trucks/lethbridge/2019-ford-f-150-xlt/1735355884,,Kijiji
212,2019,Ford,F-150,Unknown,1,29995,No change noted,Unchanged for 6 weeks,6,29995,29995,0,0,204190,Unknown,Gas,Unknown,N/A,Unknown,Private,"Edmonton, AB","Edmonton, AB",,disabled_unverified_location,1739108490,edmonton,unverified_url_evidence,https://www.kijiji.ca/v-cars-trucks/edmonton/2019-ford-f-150/1739108490,,Kijiji
213,2019,Ford,F-150,xlt,2,29997,No change noted,Unchanged for 11 weeks,11,29997,29997,0,0,148396,Unknown,Gas,Unknown,N/A,Unknown,Private,"Saskatoon, SK","Saskatoon, SK",,disabled_unverified_location,1730638814,saskatoon,unverified_url_evidence,https://www.kijiji.ca/v-cars-trucks/saskatoon/2019-ford-f-150-xlt-summer-special/1730638814,,Kijiji
214,2019,Ford,F-150,xlt,2,30000,No change noted,Unchanged for 2 weeks,2,30000,30000,0,0,110000,3.5L,Gas,Unknown,N/A,Unknown,Private,"Carstairs, AB","Carstairs, AB",,disabled_unverified_location,1739945263,ottawa,unverified_url_evidence,https://www.kijiji.ca/v-cars-trucks/ottawa/2019-ford-f-150-xlt-4x4-3-5l-ecoboost/1739945263,,Kijiji
215,2019,Ford,F-150,Unknown,1,30900,No change noted,First seen this week,0,30900,30900,0,0,139000,Unknown,Gas,Unknown,N/A,Unknown,Private,"Calgary, AB","Calgary, AB",,disabled_unverified_location,1740771994,calgary,unverified_url_evidence,https://www.kijiji.ca/v-cars-trucks/calgary/range-rover-sport-2019/1740771994,,Kijiji
216,2019,Ford,F-150,xl,1,30986,No change noted,First seen this week,0,30986,30986,0,0,157000,Unknown,Gas,Unknown,N/A,Unknown,Dealer,"Edmonton, AB","Edmonton, AB",,disabled_unverified_location,1740421628,edmonton,unverified_url_evidence,https://www.kijiji.ca/v-cars-trucks/edmonton/2019-ford-f-150-xl-4wd-supercrew-5-5-box/1740421628,,Kijiji
217,2019,Ford,F-150,xlt,2,32000,No change noted,Unchanged for 11 weeks,11,32000,32000,0,0,167000,Unknown,Gas,Unknown,N/A,Unknown,Private,"Saskatoon, SK","Saskatoon, SK",,disabled_unverified_location,1738082896,saskatoon,unverified_url_evidence,https://www.kijiji.ca/v-cars-trucks/saskatoon/2019-f150/1738082896,,Kijiji
218,2019,Ford,F-150,fx4,3,32500,No change noted,Unchanged for 2 weeks,2,32500,32500,0,0,112637,Unknown,Gas,Unknown,N/A,Unknown,Dealer,"Edmonton, AB","Edmonton, AB",,disabled_unverified_location,1740106100,edmonton,unverified_url_evidence,https://www.kijiji.ca/v-cars-trucks/edmonton/2019-ford-f-150-xlt-supercrew-145-sport-pkg-fx4-pkg/1740106100,,Kijiji
219,2019,Ford,F-150,lariat,3,32900,No change noted,First seen this week,0,32900,32900,0,0,187202,5.0L,Gas,Unknown,N/A,Unknown,Dealer,"Calgary, AB","Calgary, AB",,disabled_unverified_location,1740648575,calgary,unverified_url_evidence,https://www.kijiji.ca/v-cars-trucks/calgary/2019-ford-f-150-lariat-502a-sport-5-0l-v8-tech-pkg-sunroof/1740648575,,Kijiji
220,2019,Ford,F-150,lariat,3,32988,No change noted,"Up $1,000 over 10 weeks",10,31988,32988,0,1000,133990,Unknown,Gas,Unknown,N/A,Unknown,Dealer,"Calgary, AB","Calgary, AB",,disabled_unverified_location,1733090102,calgary,unverified_url_evidence,https://www.kijiji.ca/v-cars-trucks/calgary/2019-ford-f-150-lariat-4wd-supercrew-backup-camera-navigation-pu/1733090102,,Kijiji
221,2019,Ford,F-150,xlt,2,32999,No change noted,Unchanged for 1 weeks,1,32999,32999,0,0,116915,Unknown,Gas,Unknown,N/A,Unknown,Dealer,"Saskatoon, SK","Saskatoon, SK",,disabled_unverified_location,1740474903,saskatoon,unverified_url_evidence,https://www.kijiji.ca/v-cars-trucks/saskatoon/2019-ford-f-150-xlt/1740474903,,Kijiji
222,2019,Ford,F-150,lariat,3,33698,No change noted,"Down $4,200 over 9 weeks",9,37898,33698,0,-4200,155267,Unknown,Gas,Unknown,N/A,Unknown,Dealer,"Olds, AB","Olds, AB",,disabled_unverified_location,1738299603,medicine-hat,unverified_url_evidence,https://www.kijiji.ca/v-cars-trucks/medicine-hat/2019-ford-f-150/1738299603,,Kijiji
223,2019,Ford,F-150,platinum,3,34990,No change noted,"Down $1,000 over 3 weeks",3,35990,34990,0,-1000,172798,Unknown,Gas,Unknown,N/A,Unknown,Dealer,"Calgary, AB","Calgary, AB",,disabled_unverified_location,1740012339,calgary,unverified_url_evidence,https://www.kijiji.ca/v-cars-trucks/calgary/2019-ford-f-150/1740012339,,Kijiji
224,2019,Ford,F-150,platinum,3,34999,No change noted,"Down $4,000 over 8 weeks",8,38999,34999,0,-4000,83080,3.5L,Gas,Salvage/rebuilt,N/A,Unknown,Dealer,"Edmonton, AB","Edmonton, AB",,disabled_unverified_location,1738234891,edmonton,unverified_url_evidence,https://www.kijiji.ca/v-cars-trucks/edmonton/2019-ford-f-150-platinum-3-5l-ecoboost-83-080-kilometers/1738234891,,Kijiji
225,2019,Ford,F-150,lariat,3,35000,No change noted,Unchanged for 1 weeks,1,35000,35000,0,0,115149,Unknown,Gas,Unknown,N/A,Unknown,Dealer,"Edmonton, AB","Edmonton, AB",,disabled_unverified_location,1740263830,edmonton,unverified_url_evidence,https://www.kijiji.ca/v-cars-trucks/edmonton/2019-ford-f-150-lariat-supercrew-145-moonroof/1740263830,,Kijiji
226,2019,Ford,F-150,xlt,2,35888,No change noted,Unchanged for 10 weeks,10,35888,35888,0,0,135695,Unknown,Gas,Unknown,N/A,Unknown,Dealer,"Calgary, AB","Calgary, AB",,disabled_unverified_location,1738037134,calgary,unverified_url_evidence,https://www.kijiji.ca/v-cars-trucks/calgary/2019-ford-f-150-xlt/1738037134,,Kijiji
227,2019,Ford,F-150,platinum,3,35990,No change noted,Unchanged for 2 weeks,2,35990,35990,0,0,169156,Unknown,Gas,Unknown,N/A,Unknown,Dealer,"Calgary, AB","Calgary, AB",,disabled_unverified_location,1740375504,calgary,unverified_url_evidence,https://www.kijiji.ca/v-cars-trucks/calgary/2019-ford-f-150/1740375504,,Kijiji
228,2019,Ford,F-150,lariat,3,35995,No change noted,"Down $2,000 over 10 weeks",10,37995,35995,0,-2000,132645,Unknown,Gas,Unknown,N/A,Unknown,Dealer,"Medicine Hat, AB","Medicine Hat, AB",,disabled_unverified_location,1735647614,lethbridge,unverified_url_evidence,https://www.kijiji.ca/v-cars-trucks/lethbridge/2019-ford-f-150-lariat/1735647614,,Kijiji
229,2019,Ford,F-150,fx4,3,36447,No change noted,First seen this week,0,36447,36447,0,0,71220,3.5L,Gas,Unknown,N/A,Unknown,Dealer,"Edmonton, AB","Edmonton, AB",,disabled_unverified_location,1740429623,edmonton,unverified_url_evidence,https://www.kijiji.ca/v-cars-trucks/edmonton/2019-ford-f-150-xlt-3-5l-v6-eco-max-tow-fx4-nav/1740429623,,Kijiji
230,2019,Ford,F-150,platinum,3,36980,No change noted,Unchanged for 4 weeks,4,36980,36980,0,0,150727,Unknown,Gas,Unknown,N/A,Unknown,Dealer,"Regina, SK","Regina, SK",,disabled_unverified_location,1739260112,winnipeg,unverified_url_evidence,https://www.kijiji.ca/v-cars-trucks/winnipeg/2019-ford-f-150-platinum-l-fx4-off-road-pkg-l-htd-ac-seats-l-b/1739260112,,Kijiji
231,2019,Ford,F-150,lariat,3,37998,No change noted,Unchanged for 7 weeks,7,37998,37998,0,0,147790,Unknown,Gas,Unknown,N/A,Unknown,Private,"Regina, SK","Regina, SK",,disabled_unverified_location,1738610445,winnipeg,unverified_url_evidence,https://www.kijiji.ca/v-cars-trucks/winnipeg/2019-ford-f-150-lariat-4wd-supercrew-5-5-box/1738610445,,Kijiji
232,2019,Ford,F-150,limited,3,38990,No change noted,First seen this week,0,38990,38990,0,0,165000,Unknown,Gas,Unknown,N/A,Unknown,Dealer,"Calgary, AB","Calgary, AB",,disabled_unverified_location,1740690965,calgary,unverified_url_evidence,https://www.kijiji.ca/v-cars-trucks/calgary/2019-ford-f-150-limited-massage-seats-fully-serviced/1740690965,,Kijiji
233,2019,Ford,F-150,platinum,3,38995,No change noted,Unchanged for 1 weeks,1,38995,38995,0,0,142287,3.5L,Gas,Unknown,N/A,Unknown,Private,"Saskatoon, SK","Saskatoon, SK",,disabled_unverified_location,1740650771,saskatoon,unverified_url_evidence,https://www.kijiji.ca/v-cars-trucks/saskatoon/2019-ford-f-150-platinum-crew-cab-3-5l-v6-command-start-heat/1740650771,,Kijiji
234,2019,Ford,F-150,xlt,2,39882,No change noted,Unchanged for 1 weeks,1,39882,39882,0,0,54812,5.0L,Gas,Unknown,N/A,Unknown,Dealer,"Edmonton, AB","Edmonton, AB",,disabled_unverified_location,1740240816,edmonton,unverified_url_evidence,https://www.kijiji.ca/v-cars-trucks/edmonton/2019-ford-f-150-xlt-sport-5-0l-v8-302a-hseats-low-km/1740240816,,Kijiji
235,2019,Ford,F-150,lariat,3,39995,No change noted,Unchanged for 2 weeks,2,39995,39995,0,0,124830,Unknown,Gas,Unknown,N/A,Unknown,Private,"Saskatoon, SK","Saskatoon, SK",,disabled_unverified_location,1740335583,saskatoon,unverified_url_evidence,https://www.kijiji.ca/v-cars-trucks/saskatoon/2019-ford-f-150-lariat-360-cam-pano-roof-fuel-wheel-lift/1740335583,,Kijiji
236,2019,Ford,F-150,lariat,3,39999,No change noted,"Down $2,682 over 10 weeks",10,42681,39999,0,-2682,135907,Unknown,Gas,Unknown,N/A,Unknown,Dealer,"Olds, AB","Olds, AB",,disabled_unverified_location,1724362856,medicine-hat,unverified_url_evidence,https://www.kijiji.ca/v-cars-trucks/medicine-hat/2019-ford-f-150-lariat/1724362856,,Kijiji
237,2019,Ford,F-150,lariat,3,40557,No change noted,First seen this week,0,40557,40557,0,0,56000,Unknown,Gas,Unknown,N/A,Unknown,Dealer,"Medicine Hat, AB","Medicine Hat, AB",,disabled_unverified_location,1740691809,lethbridge,unverified_url_evidence,https://www.kijiji.ca/v-cars-trucks/lethbridge/2019-ford-f-150-lariat/1740691809,,Kijiji
238,2019,Ford,F-150,xlt,2,40624,No change noted,"Down $8,250 over 1 weeks",1,48874,48874,-8250,-8250,60000,Unknown,Gas,Unknown,N/A,Unknown,Dealer,"Edmonton, AB","Edmonton, AB",,disabled_unverified_location,1740471039,edmonton,unverified_url_evidence,https://www.kijiji.ca/v-cars-trucks/edmonton/2019-ford-f-150-xlt-supercrew/1740471039,,Kijiji
239,2019,Ford,F-150,lariat,3,40995,No change noted,"Down $2,000 over 5 weeks",5,42995,40995,0,-2000,79009,Unknown,Gas,Unknown,N/A,Unknown,Dealer,"Camrose, AB","Camrose, AB",,disabled_unverified_location,1739261403,strathcona-county,unverified_url_evidence,https://www.kijiji.ca/v-cars-trucks/strathcona-county/2019-ford-f-150-lariat-4x4-remote-start-backup-camera-nav-c/1739261403,,Kijiji
240,2019,Ford,F-150,platinum,3,41995,No change noted,"Down $3,000 over 10 weeks",10,44995,41995,0,-3000,122000,Unknown,Gas,No accidents reported,N/A,Unknown,Private,"Regina, SK","Regina, SK",,disabled_unverified_location,1733061976,winnipeg,unverified_url_evidence,https://www.kijiji.ca/v-cars-trucks/winnipeg/2019-ford-f-150-platinum-cooled-seats-blind-spot-monitoring/1733061976,,Kijiji
241,2019,Ford,F-150,xlt,2,43995,No change noted,"Down $1,000 over 11 weeks",11,44995,43995,0,-1000,74687,Unknown,Gas,Accident reported,N/A,Unknown,Private,"Saskatoon, SK","Saskatoon, SK",,disabled_unverified_location,1737507563,saskatoon,unverified_url_evidence,https://www.kijiji.ca/v-cars-trucks/saskatoon/2019-ford-f-150-xlt-5-0-one-owner-low-km-fuel-rims/1737507563,,Kijiji
242,2019,Ford,F-150,Unknown,1,45299,No change noted,Unchanged for 1 weeks,1,45299,45299,0,0,63999,Unknown,Gas,Unknown,N/A,Unknown,Private,"Saskatoon, SK","Saskatoon, SK",,disabled_unverified_location,1740751840,saskatoon,unverified_url_evidence,https://www.kijiji.ca/v-cars-trucks/saskatoon/2019-ford-f-150/1740751840,,Kijiji
243,2019,Ford,F-150,limited,3,49995,No change noted,Unchanged for 10 weeks,10,49995,49995,0,0,67276,Unknown,Gas,Unknown,N/A,Unknown,Dealer,"Medicine Hat, AB","Medicine Hat, AB",,disabled_unverified_location,1731783486,lethbridge,unverified_url_evidence,https://www.kijiji.ca/v-cars-trucks/lethbridge/2019-ford-f-150-limited/1731783486,,Kijiji
244,2020,Ford,F-150,xl,1,12900,No change noted,Unchanged for 10 weeks,10,12900,12900,0,0,259961,Unknown,Gas,Unknown,N/A,Unknown,Dealer,"Carstairs, AB","Carstairs, AB",,disabled_unverified_location,1737954359,red-deer,unverified_url_evidence,https://www.kijiji.ca/v-cars-trucks/red-deer/2020-ford-f-150-xl/1737954359,,Kijiji
245,2020,Ford,F-150,xlt,2,14995,No change noted,"Down $1,000 over 2 weeks",2,15995,14995,0,-1000,292554,Unknown,Gas,Unknown,N/A,Unknown,Private,"Saskatoon, SK","Saskatoon, SK",,disabled_unverified_location,1740377382,saskatoon,unverified_url_evidence,https://www.kijiji.ca/v-cars-trucks/saskatoon/2020-ford-f-150-xlt-supercrew-6-5-ft-bed-4wd/1740377382,,Kijiji
246,2020,Ford,F-150,xl,1,14998,No change noted,Unchanged for 10 weeks,10,14998,14998,0,0,238807,Unknown,Gas,Unknown,N/A,Unknown,Dealer,"Calgary, AB","Calgary, AB",,disabled_unverified_location,1724407715,calgary,unverified_url_evidence,https://www.kijiji.ca/v-cars-trucks/calgary/2020-ford-f-150-xl-bed/1724407715,,Kijiji
247,2020,Ford,F-150,xlt,2,20000,No change noted,Unchanged for 8 weeks,8,20000,20000,0,0,240000,Unknown,Gas,Unknown,N/A,Unknown,Private,"Edmonton, AB","Edmonton, AB",,disabled_unverified_location,1738315933,edmonton,unverified_url_evidence,https://www.kijiji.ca/v-cars-trucks/edmonton/2020-ford-f150-xlt-midnight-edition/1738315933,,Kijiji
248,2020,Ford,F-150,Unknown,1,20900,No change noted,First seen this week,0,20900,20900,0,0,174000,Unknown,Gas,Unknown,N/A,Unknown,Private,"Carstairs, AB","Carstairs, AB",,disabled_unverified_location,1740650563,laval-rive-nord,unverified_url_evidence,https://www.kijiji.ca/v-cars-trucks/laval-rive-nord/ford-f-150-4wd-supercab-8-box-2020-financement-facile-rapide-3/1740650563,,Kijiji
249,2020,Ford,F-150,xlt,2,20900,No change noted,First seen this week,0,20900,20900,0,0,223000,Unknown,Gas,Unknown,N/A,Unknown,Private,"Calgary, AB","Calgary, AB",,disabled_unverified_location,1740577732,calgary,unverified_url_evidence,https://www.kijiji.ca/v-cars-trucks/calgary/2020-ford-f-150/1740577732,,Kijiji
250,2020,Ford,F-150,xlt,2,21000,No change noted,First seen this week,0,21000,21000,0,0,177804,Unknown,Gas,Unknown,N/A,Unknown,Dealer,"Calgary, AB","Calgary, AB",,disabled_unverified_location,1740744137,calgary,unverified_url_evidence,https://www.kijiji.ca/v-cars-trucks/calgary/2020-ford-f-150-xlt/1740744137,,Kijiji
251,2020,Ford,F-150,limited,3,22000,No change noted,Unchanged for 1 weeks,1,22000,22000,0,0,237777,Unknown,Gas,Unknown,N/A,Unknown,Private,"Edmonton, AB","Edmonton, AB",,disabled_unverified_location,1740261873,edmonton,unverified_url_evidence,https://www.kijiji.ca/v-cars-trucks/edmonton/2020-ford-f150-lariat/1740261873,,Kijiji
252,2020,Ford,F-150,xlt,2,22889,No change noted,"Down $1,859 over 7 weeks",7,24748,22889,0,-1859,224337,Unknown,Gas,Unknown,N/A,Unknown,Dealer,"Edmonton, AB","Edmonton, AB",,disabled_unverified_location,1738766200,edmonton,unverified_url_evidence,https://www.kijiji.ca/v-cars-trucks/edmonton/2020-ford-f-150-xlt/1738766200,,Kijiji
253,2020,Ford,F-150,xlt,2,22900,No change noted,"Down $2,000 over 2 weeks",2,24900,24900,-2000,-2000,200008,Unknown,Gas,Unknown,N/A,Unknown,Private,"Calgary, AB","Calgary, AB",,disabled_unverified_location,1739996630,calgary,unverified_url_evidence,https://www.kijiji.ca/v-cars-trucks/calgary/truck-ford-f-150-2020-supercrew-4x4/1739996630,,Kijiji
254,2020,Ford,F-150,Unknown,1,24900,No change noted,"Down $2,900 over 1 weeks",1,27800,27800,-2900,-2900,141000,Unknown,Gas,Unknown,N/A,Unknown,Private,"Brooks, AB","Brooks, AB",,disabled_unverified_location,1740414354,grande-prairie,unverified_url_evidence,https://www.kijiji.ca/v-cars-trucks/grande-prairie/2020-ford-f150-supercab/1740414354,,Kijiji
255,2020,Ford,F-150,lariat,3,24988,No change noted,First seen this week,0,24988,24988,0,0,223186,Unknown,Gas,Unknown,N/A,Unknown,Dealer,"Calgary, AB","Calgary, AB",,disabled_unverified_location,1740419248,calgary,unverified_url_evidence,https://www.kijiji.ca/v-cars-trucks/calgary/2020-ford-f-150-lariat-4wd-supercrew-5-5-box/1740419248,,Kijiji
256,2020,Ford,F-150,lariat,3,24999,No change noted,"Down $4,996 over 10 weeks",10,29995,24999,0,-4996,211123,Unknown,Gas,Unknown,N/A,Unknown,Dealer,"Edmonton, AB","Edmonton, AB",,disabled_unverified_location,1731574464,edmonton,unverified_url_evidence,https://www.kijiji.ca/v-cars-trucks/edmonton/2020-ford-f-150-lariat/1731574464,,Kijiji
257,2020,Ford,F-150,xlt,2,25850,No change noted,"Down $2,000 over 4 weeks",4,27850,25850,0,-2000,186097,Unknown,Gas,Unknown,N/A,Unknown,Dealer,"Calgary, AB","Calgary, AB",,disabled_unverified_location,1739429897,calgary,unverified_url_evidence,https://www.kijiji.ca/v-cars-trucks/calgary/2020-ford-f-150-xlt/1739429897,,Kijiji
258,2020,Ford,F-150,xl,1,25977,No change noted,"Down $2,000 over 3 weeks",3,27977,25977,0,-2000,177932,Unknown,Gas,Unknown,N/A,Unknown,Dealer,"Calgary, AB","Calgary, AB",,disabled_unverified_location,1739636464,calgary,unverified_url_evidence,https://www.kijiji.ca/v-cars-trucks/calgary/2020-ford-f-150-xl-5-0-v8-5-5-box-backup-camera/1739636464,,Kijiji
259,2020,Ford,F-150,xlt,2,26000,No change noted,First seen this week,0,26000,26000,0,0,164000,Unknown,Gas,No accidents reported,N/A,Unknown,Private,"Calgary, AB","Calgary, AB",,disabled_unverified_location,1740807056,calgary,unverified_url_evidence,https://www.kijiji.ca/v-cars-trucks/calgary/2020-fod-f-150-in-excellent-condition/1740807056,,Kijiji
260,2020,Ford,F-150,Unknown,1,26500,No change noted,Unchanged for 1 weeks,1,26500,26500,0,0,36800,Unknown,Gas,Unknown,N/A,Unknown,Private,"Carstairs, AB","Carstairs, AB",,disabled_unverified_location,1740459346,ottawa,unverified_url_evidence,https://www.kijiji.ca/v-cars-trucks/ottawa/ford-f-150/1740459346,,Kijiji
261,2020,Ford,F-150,xlt,2,26999,No change noted,First seen this week,0,26999,26999,0,0,119620,Unknown,Gas,Unknown,N/A,Unknown,Dealer,"Camrose, AB","Camrose, AB",,disabled_unverified_location,1740564107,strathcona-county,unverified_url_evidence,https://www.kijiji.ca/v-cars-trucks/strathcona-county/2020-ford-f-150-xlt-class-iv-trailer-hitch/1740564107,,Kijiji
262,2020,Ford,F-150,xlt,2,27711,No change noted,Up $714 over 11 weeks,11,26997,27825,-114,714,111038,Unknown,Gas,Unknown,N/A,Unknown,Dealer,"Edmonton, AB","Edmonton, AB",,disabled_unverified_location,1737876137,edmonton,unverified_url_evidence,https://www.kijiji.ca/v-cars-trucks/edmonton/2020-ford-f-150-xlt-4wd-supercab-6-5-box/1737876137,,Kijiji
263,2020,Ford,F-150,xlt,2,27888,No change noted,Unchanged for 5 weeks,5,27888,27888,0,0,194458,Unknown,Gas,Unknown,N/A,Unknown,Dealer,"Calgary, AB","Calgary, AB",,disabled_unverified_location,1739066495,calgary,unverified_url_evidence,https://www.kijiji.ca/v-cars-trucks/calgary/2020-ford-f-150-xlt/1739066495,,Kijiji
264,2020,Ford,F-150,xlt,2,27900,No change noted,Unchanged for 2 weeks,2,27900,27900,0,0,192888,Unknown,Gas,Unknown,N/A,Unknown,Private,"Regina, SK","Regina, SK",,disabled_unverified_location,1740058873,winnipeg,unverified_url_evidence,https://www.kijiji.ca/v-cars-trucks/winnipeg/2020-ford-f-150-xlt-4wd-supercrew-5-5-bo/1740058873,,Kijiji
265,2020,Ford,F-150,Unknown,1,27988,No change noted,Unchanged for 9 weeks,9,27988,27988,0,0,195508,3.5L,Gas,Unknown,N/A,Unknown,Dealer,"Calgary, AB","Calgary, AB",,disabled_unverified_location,1735858568,calgary,unverified_url_evidence,https://www.kijiji.ca/v-cars-trucks/calgary/2020-ford-f-150-3-5l-ecoboost-apple-carplay-fully-inspecte/1735858568,,Kijiji
266,2020,Ford,F-150,xlt,2,28000,No change noted,Unchanged for 10 weeks,10,28000,28000,0,0,194500,Unknown,Gas,Unknown,N/A,Unknown,Private,"Regina, SK","Regina, SK",,disabled_unverified_location,1728370467,winnipeg,unverified_url_evidence,https://www.kijiji.ca/v-cars-trucks/winnipeg/2020-f150-crew-sport-1yr-powertrain-warranty/1728370467,,Kijiji
267,2020,Ford,F-150,xl,1,28995,No change noted,Unchanged for 11 weeks,11,28995,28995,0,0,77926,Unknown,Gas,Unknown,N/A,Unknown,Private,"Saskatoon, SK","Saskatoon, SK",,disabled_unverified_location,1724461535,saskatoon,unverified_url_evidence,https://www.kijiji.ca/v-cars-trucks/saskatoon/2020-ford-f-150-xl-demo/1724461535,,Kijiji
268,2020,Ford,F-150,xlt,2,28995,No change noted,"Down $1,000 over 8 weeks",8,29995,28995,0,-1000,169576,Unknown,Gas,Unknown,N/A,Unknown,Dealer,"Edmonton, AB","Edmonton, AB",,disabled_unverified_location,1737347973,edmonton,unverified_url_evidence,https://www.kijiji.ca/v-cars-trucks/edmonton/ford-f-150-xlt-2020/1737347973,,Kijiji
269,2020,Ford,F-150,xlt,2,28995,No change noted,Unchanged for 2 weeks,2,28995,28995,0,0,170071,3.5L,Gas,Unknown,N/A,Unknown,Private,"Saskatoon, SK","Saskatoon, SK",,disabled_unverified_location,1740289955,saskatoon,unverified_url_evidence,https://www.kijiji.ca/v-cars-trucks/saskatoon/2020-ford-f-150-xlt-crew-cab-3-5l-v6-command-start-power-loc/1740289955,,Kijiji
270,2020,Ford,F-150,xlt,2,28997,No change noted,Unchanged for 1 weeks,1,28997,28997,0,0,118821,Unknown,Gas,Unknown,N/A,Unknown,Private,"Saskatoon, SK","Saskatoon, SK",,disabled_unverified_location,1740611261,saskatoon,unverified_url_evidence,https://www.kijiji.ca/v-cars-trucks/saskatoon/2020-ford-f-150-xlt/1740611261,,Kijiji
271,2020,Ford,F-150,lariat,3,29000,No change noted,"Down $4,000 over 1 weeks",1,33000,33000,-4000,-4000,140097,Unknown,Gas,Unknown,N/A,Unknown,Dealer,"Calgary, AB","Calgary, AB",,disabled_unverified_location,1740282673,calgary,unverified_url_evidence,https://www.kijiji.ca/v-cars-trucks/calgary/2020-ford-f-150-lariat/1740282673,,Kijiji
272,2020,Ford,F-150,xlt,2,29750,No change noted,Unchanged for 1 weeks,1,29750,29750,0,0,168929,5.0L,Gas,No accidents reported,N/A,Unknown,Dealer,"Edmonton, AB","Edmonton, AB",,disabled_unverified_location,1740301600,edmonton,unverified_url_evidence,https://www.kijiji.ca/v-cars-trucks/edmonton/2020-ford-f-150-xlt-5-0l-v8-supercrew-4x4-no-accidents/1740301600,,Kijiji
273,2020,Ford,F-150,lariat,3,29995,No change noted,Up $5 over 5 weeks,5,29990,29995,0,5,179894,Unknown,Gas,Unknown,N/A,Unknown,Private,"Carstairs, AB","Carstairs, AB",,disabled_unverified_location,1738398536,mississauga-peel-region,unverified_url_evidence,https://www.kijiji.ca/v-cars-trucks/mississauga-peel-region/2020-ford-f-150-lariat-fx4-4x4-supercrew-cab-5-5-ft-box-145-in/1738398536,,Kijiji
274,2020,Ford,F-150,xlt,2,29995,No change noted,Unchanged for 5 weeks,5,29995,29995,0,0,233731,5.0L,Gas,No accidents reported,N/A,Unknown,Private,"Regina, SK","Regina, SK",,disabled_unverified_location,1737875501,winnipeg,unverified_url_evidence,https://www.kijiji.ca/v-cars-trucks/winnipeg/2020-ford-f-150-xlt-crew-cab-5-5-box-w-cap-5-0l-v8-4x4/1737875501,,Kijiji
275,2020,Ford,F-150,lariat,3,29999,No change noted,Unchanged for 3 weeks,3,29999,29999,0,0,188438,Unknown,Gas,Unknown,N/A,Unknown,Dealer,"Saskatoon, SK","Saskatoon, SK",,disabled_unverified_location,1740014536,saskatoon,unverified_url_evidence,https://www.kijiji.ca/v-cars-trucks/saskatoon/2020-ford-f-150-lariat/1740014536,,Kijiji
276,2020,Ford,F-150,xlt,2,31000,No change noted,Unchanged for 2 weeks,2,31000,31000,0,0,104000,Unknown,Gas,Unknown,N/A,Unknown,Dealer,"Edmonton, AB","Edmonton, AB",,disabled_unverified_location,1739968001,edmonton,unverified_url_evidence,https://www.kijiji.ca/v-cars-trucks/edmonton/2020-ford-f-150-xlt-supercrew-145-reverse-cam-keyless-entry/1739968001,,Kijiji
277,2020,Ford,F-150,xl,1,31995,No change noted,First seen this week,0,31995,31995,0,0,50428,Unknown,Gas,Unknown,N/A,Unknown,Dealer,"Edmonton, AB","Edmonton, AB",,disabled_unverified_location,1740798726,edmonton,unverified_url_evidence,https://www.kijiji.ca/v-cars-trucks/edmonton/2020-ford-f-150-xl/1740798726,,Kijiji
278,2020,Ford,F-150,xlt,2,31995,No change noted,"Down $1,000 over 5 weeks",5,32995,31995,0,-1000,113879,Unknown,Gas,Unknown,N/A,Unknown,Private,"Carstairs, AB","Carstairs, AB",,disabled_unverified_location,1738913416,mississauga-peel-region,unverified_url_evidence,https://www.kijiji.ca/v-cars-trucks/mississauga-peel-region/2020-ford-f-150-xlt/1738913416,,Kijiji
279,2020,Ford,F-150,xlt,2,31999,No change noted,Unchanged for 1 weeks,1,31999,31999,0,0,94645,Unknown,Gas,Unknown,N/A,Unknown,Dealer,"Edmonton, AB","Edmonton, AB",,disabled_unverified_location,1740375883,edmonton,unverified_url_evidence,https://www.kijiji.ca/v-cars-trucks/edmonton/2020-ford-f-150-xlt/1740375883,,Kijiji
280,2020,Ford,F-150,lariat,3,31999,No change noted,Unchanged for 9 weeks,9,31999,31999,0,0,178499,Unknown,Gas,Unknown,N/A,Unknown,Dealer,"Camrose, AB","Camrose, AB",,disabled_unverified_location,1731983992,st-albert,unverified_url_evidence,https://www.kijiji.ca/v-cars-trucks/st-albert/2020-ford-f-150/1731983992,,Kijiji
281,2020,Ford,F-150,xlt,2,32000,No change noted,First seen this week,0,32000,32000,0,0,134000,Unknown,Gas,Unknown,N/A,Unknown,Private,"Regina, SK","Regina, SK",,disabled_unverified_location,1740537701,winnipeg,unverified_url_evidence,https://www.kijiji.ca/v-cars-trucks/winnipeg/2020-f150-xlt-fx4-with-sunroof/1740537701,,Kijiji
282,2020,Ford,F-150,xlt,2,32500,No change noted,"Down $7,495 over 7 weeks",7,39995,32995,-495,-7495,116168,Unknown,Gas,Unknown,N/A,Unknown,Dealer,"Calgary, AB","Calgary, AB",,disabled_unverified_location,1738659042,calgary,unverified_url_evidence,https://www.kijiji.ca/v-cars-trucks/calgary/2020-ford-f-150-xlt-302a-sport-6-5-ft-box-max-tow/1738659042,,Kijiji
283,2020,Ford,F-150,xlt,2,32995,No change noted,Unchanged for 2 weeks,2,32995,32995,0,0,120682,Unknown,Gas,Unknown,N/A,Unknown,Dealer,"Calgary, AB","Calgary, AB",,disabled_unverified_location,1739967002,calgary,unverified_url_evidence,https://www.kijiji.ca/v-cars-trucks/calgary/2020-ford-f-150-xlt-302a-sport/1739967002,,Kijiji
284,2020,Ford,F-150,lariat,3,33000,No change noted,Unchanged for 1 weeks,1,33000,33000,0,0,87000,Unknown,Gas,Unknown,N/A,Unknown,Private,"Saskatoon, SK","Saskatoon, SK",,disabled_unverified_location,1740835180,saskatoon,unverified_url_evidence,https://www.kijiji.ca/v-cars-trucks/saskatoon/2020-ford-f150-lariat/1740835180,,Kijiji
285,2020,Ford,F-150,xlt,2,33999,No change noted,Unchanged for 3 weeks,3,33999,33999,0,0,94110,Unknown,Gas,Unknown,N/A,Unknown,Private,"West Kelowna, BC","West Kelowna, BC",,disabled_unverified_location,1739453291,moncton,unverified_url_evidence,https://www.kijiji.ca/v-cars-trucks/moncton/2020-ford-f-150-xlt/1739453291,,Kijiji
286,2020,Ford,F-150,lariat,3,34000,No change noted,Unchanged for 6 weeks,6,34000,34000,0,0,188700,Unknown,Gas,Unknown,N/A,Unknown,Private,"Saskatoon, SK","Saskatoon, SK",,disabled_unverified_location,1739056962,saskatoon,unverified_url_evidence,https://www.kijiji.ca/v-cars-trucks/saskatoon/truck-forsale/1739056962,,Kijiji
287,2020,Ford,F-150,xlt,2,34447,No change noted,Unchanged for 1 weeks,1,34447,34447,0,0,115534,Unknown,Gas,Unknown,N/A,Unknown,Dealer,"Edmonton, AB","Edmonton, AB",,disabled_unverified_location,1740241682,edmonton,unverified_url_evidence,https://www.kijiji.ca/v-cars-trucks/edmonton/2020-ford-f-150-xlt/1740241682,,Kijiji
288,2020,Ford,F-150,xlt,2,34800,No change noted,First seen this week,0,34800,34800,0,0,175000,Unknown,Gas,Unknown,N/A,Unknown,Dealer,"Regina, SK","Regina, SK",,disabled_unverified_location,1740915933,winnipeg,unverified_url_evidence,https://www.kijiji.ca/v-cars-trucks/winnipeg/2020-ford-f-150-xlt-4wd-supercrew-sport-pano-roof-htd-seats/1740915933,,Kijiji
289,2020,Ford,F-150,Unknown,1,34980,No change noted,Unchanged for 4 weeks,4,34980,34980,0,0,95473,Unknown,Gas,Accident reported,N/A,Unknown,Dealer,"Calgary, AB","Calgary, AB",,disabled_unverified_location,1738094634,calgary,unverified_url_evidence,https://www.kijiji.ca/v-cars-trucks/calgary/2020-ford-f-150-xtr/1738094634,,Kijiji
290,2020,Ford,F-150,fx4,3,35000,No change noted,Unchanged for 6 weeks,6,35000,35000,0,0,119000,Unknown,Gas,Unknown,N/A,Unknown,Dealer,"Edmonton, AB","Edmonton, AB",,disabled_unverified_location,1739118860,edmonton,unverified_url_evidence,https://www.kijiji.ca/v-cars-trucks/edmonton/2020-ford-f-150-xlt-supercrew-145-sport-pkg-fx4-pkg-sync-3/1739118860,,Kijiji
291,2020,Ford,F-150,lariat,3,35800,No change noted,"Down $4,195 over 5 weeks",5,39995,34900,900,-4195,161623,Unknown,Gas,Unknown,N/A,Unknown,Dealer,"Calgary, AB","Calgary, AB",,disabled_unverified_location,1738606742,calgary,unverified_url_evidence,https://www.kijiji.ca/v-cars-trucks/calgary/2020-ford-f-150-lariat-502a-sport-tech-max-tow-sunroof/1738606742,,Kijiji
292,2020,Ford,F-150,xlt,2,35895,No change noted,First seen this week,0,35895,35895,0,0,90561,Unknown,Gas,Unknown,N/A,Unknown,Dealer,"Edmonton, AB","Edmonton, AB",,disabled_unverified_location,1740563123,edmonton,unverified_url_evidence,https://www.kijiji.ca/v-cars-trucks/edmonton/2020-ford-f-150-xlt-4x4-supercrew-5-5-box/1740563123,,Kijiji
293,2020,Ford,F-150,xlt,2,35899,No change noted,Down $100 over 3 weeks,3,35999,35999,-100,-100,91554,Unknown,Gas,Unknown,N/A,Unknown,Dealer,"Camrose, AB","Camrose, AB",,disabled_unverified_location,1739832660,strathcona-county,unverified_url_evidence,https://www.kijiji.ca/v-cars-trucks/strathcona-county/2020-ford-f-150-xlt-sport-pkg/1739832660,,Kijiji
294,2020,Ford,F-150,fx4,3,36900,No change noted,"Down $3,000 over 2 weeks",2,39900,36900,0,-3000,79251,5.0L,Gas,No accidents reported,N/A,Unknown,Dealer,"Calgary, AB","Calgary, AB",,disabled_unverified_location,1740103716,calgary,unverified_url_evidence,https://www.kijiji.ca/v-cars-trucks/calgary/2020-ford-f-150-xlt-302a-sport-5-0l-longbox-fx4-no/1740103716,,Kijiji
295,2020,Ford,F-150,xl,1,37498,No change noted,Unchanged for 4 weeks,4,37498,37498,0,0,39180,Unknown,Gas,Unknown,N/A,Unknown,Private,"Regina, SK","Regina, SK",,disabled_unverified_location,1739410407,winnipeg,unverified_url_evidence,https://www.kijiji.ca/v-cars-trucks/winnipeg/2020-ford-f-150-xl-4wd-supercrew-5-5-box/1739410407,,Kijiji
296,2020,Ford,F-150,lariat,3,37895,No change noted,Unchanged for 6 weeks,6,37895,37895,0,0,186380,Unknown,Gas,Unknown,N/A,Unknown,Dealer,"Edmonton, AB","Edmonton, AB",,disabled_unverified_location,1738989951,edmonton,unverified_url_evidence,https://www.kijiji.ca/v-cars-trucks/edmonton/2020-ford-f-150-lariat-4x4-supercrew-5-5-box/1738989951,,Kijiji
297,2020,Ford,F-150,lariat,3,38795,No change noted,First seen this week,0,38795,38795,0,0,132000,Unknown,Gas,Unknown,N/A,Unknown,Dealer,"Calgary, AB","Calgary, AB",,disabled_unverified_location,1740841550,calgary,unverified_url_evidence,https://www.kijiji.ca/v-cars-trucks/calgary/2020-ford-f-150-lariat-leather-seats-cooled-seats-296-b-w/1740841550,,Kijiji
298,2020,Ford,F-150,platinum,3,39643,No change noted,Unchanged for 1 weeks,1,39643,39643,0,0,158136,Unknown,Gas,Unknown,N/A,Unknown,Dealer,"Olds, AB","Olds, AB",,disabled_unverified_location,1740751757,medicine-hat,unverified_url_evidence,https://www.kijiji.ca/v-cars-trucks/medicine-hat/2020-ford-f-150-platinum/1740751757,,Kijiji
299,2020,Ford,F-150,xlt,2,39810,No change noted,"Down $2,091 over 2 weeks",2,41901,40995,-1185,-2091,68218,Unknown,Gas,Unknown,N/A,Unknown,Private,"Carstairs, AB","Carstairs, AB",,disabled_unverified_location,1739453190,comox-courtenay-cumberland,unverified_url_evidence,https://www.kijiji.ca/v-cars-trucks/comox-courtenay-cumberland/2020-ford-f-150-xlt/1739453190,,Kijiji
300,2020,Ford,F-150,xlt,2,39904,No change noted,First seen this week,0,39904,39904,0,0,79938,Unknown,Gas,No accidents reported,N/A,Unknown,Dealer,"Calgary, AB","Calgary, AB",,disabled_unverified_location,1740564393,calgary,unverified_url_evidence,https://www.kijiji.ca/v-cars-trucks/calgary/2020-ford-f-150-4x4-super-cab-xlt-longbox-bcam/1740564393,,Kijiji
301,2020,Ford,F-150,lariat,3,39995,No change noted,Unchanged for 8 weeks,8,39995,38800,1195,0,110632,Unknown,Gas,Unknown,N/A,Unknown,Dealer,"Calgary, AB","Calgary, AB",,disabled_unverified_location,1738250331,calgary,unverified_url_evidence,https://www.kijiji.ca/v-cars-trucks/calgary/2020-ford-f-150-lariat-502a-sport-moonroof-b-o-audio-nav/1738250331,,Kijiji
302,2020,Ford,F-150,lariat,3,39995,No change noted,"Down $1,554 over 10 weeks",10,41549,41549,-1554,-1554,135316,Unknown,Gas,Unknown,N/A,Unknown,Dealer,"Edmonton, AB","Edmonton, AB",,disabled_unverified_location,1726334351,edmonton,unverified_url_evidence,https://www.kijiji.ca/v-cars-trucks/edmonton/2020-ford-f-150-lariat/1726334351,,Kijiji
303,2020,Ford,F-150,lariat,3,39995,No change noted,Unchanged for 11 weeks,11,39995,39995,0,0,156930,Unknown,Gas,Unknown,N/A,Unknown,Private,"Saskatoon, SK","Saskatoon, SK",,disabled_unverified_location,1724531316,saskatoon,unverified_url_evidence,https://www.kijiji.ca/v-cars-trucks/saskatoon/2020-ford-f-150-lariat/1724531316,,Kijiji
304,2020,Ford,F-150,lariat,3,43000,No change noted,Down $913 over 6 weeks,6,43913,43745,-745,-913,91099,Unknown,Gas,No accidents reported,N/A,Unknown,Private,"Regina, SK","Regina, SK",,disabled_unverified_location,1738707435,winnipeg,unverified_url_evidence,https://www.kijiji.ca/v-cars-trucks/winnipeg/2020-ford-f-150-lariat-clean-carfax-moonroof-vented-seats/1738707435,,Kijiji
305,2020,Ford,F-150,king ranch,3,44000,No change noted,Unchanged for 8 weeks,8,44000,44000,0,0,135000,Unknown,Gas,Unknown,N/A,Unknown,Private,"Saskatoon, SK","Saskatoon, SK",,disabled_unverified_location,1738700347,saskatoon,unverified_url_evidence,https://www.kijiji.ca/v-cars-trucks/saskatoon/2020-f150-king-ranch/1738700347,,Kijiji
306,2020,Ford,F-150,lariat,3,44805,No change noted,Unchanged for 1 weeks,1,44805,44805,0,0,112326,Unknown,Gas,Unknown,N/A,Unknown,Dealer,"Edmonton, AB","Edmonton, AB",,disabled_unverified_location,1740375700,edmonton,unverified_url_evidence,https://www.kijiji.ca/v-cars-trucks/edmonton/2020-ford-f-150-lariat-leather-seats-cooled-seats/1740375700,,Kijiji
307,2020,Ford,F-150,lariat,3,45000,No change noted,Down $987 over 10 weeks,10,45987,45987,-987,-987,85424,Unknown,Gas,No accidents reported,N/A,Unknown,Private,"Regina, SK","Regina, SK",,disabled_unverified_location,1737502936,winnipeg,unverified_url_evidence,https://www.kijiji.ca/v-cars-trucks/winnipeg/2020-ford-f-150-lariat-clean-carfax-leather-vented-seats/1737502936,,Kijiji
308,2020,Ford,F-150,lariat,3,45895,No change noted,First seen this week,0,45895,45895,0,0,81836,Unknown,Gas,Unknown,N/A,Unknown,Dealer,"Edmonton, AB","Edmonton, AB",,disabled_unverified_location,1740650121,edmonton,unverified_url_evidence,https://www.kijiji.ca/v-cars-trucks/edmonton/2020-ford-f-150-lariat-4x4-supercrew-5-5-box/1740650121,,Kijiji
309,2020,Ford,F-150,lariat,3,45995,No change noted,Unchanged for 10 weeks,10,45995,45995,0,0,119500,Unknown,Gas,Unknown,N/A,Unknown,Private,"Regina, SK","Regina, SK",,disabled_unverified_location,1736922180,winnipeg,unverified_url_evidence,https://www.kijiji.ca/v-cars-trucks/winnipeg/2020-ford-f-150-lariat-running-boards-power-seats/1736922180,,Kijiji
310,2020,Ford,F-150,xl,1,47999,No change noted,First seen this week,0,47999,47999,0,0,181522,Unknown,Gas,Unknown,N/A,Unknown,Dealer,"Calgary, AB","Calgary, AB",,disabled_unverified_location,1740885742,calgary,unverified_url_evidence,https://www.kijiji.ca/v-cars-trucks/calgary/2020-ford-f-150-xl-4wd-supercrew-5-5-box/1740885742,,Kijiji
311,2020,Ford,F-150,lariat,3,48000,No change noted,Unchanged for 3 weeks,3,48000,48000,0,0,68617,Unknown,Gas,Unknown,N/A,Unknown,Dealer,"Camrose, AB","Camrose, AB",,disabled_unverified_location,1739832208,edmonton,unverified_url_evidence,https://www.kijiji.ca/v-cars-trucks/edmonton/2020-ford-f-150-lariat-supercrew-157-moonroof-heated/1739832208,,Kijiji
312,2020,Ford,F-150,raptor,3,49999,No change noted,Unchanged for 3 weeks,3,49999,49999,0,0,194000,Unknown,Gas,Unknown,N/A,Unknown,Dealer,"Edmonton, AB","Edmonton, AB",,disabled_unverified_location,1739664869,edmonton,unverified_url_evidence,https://www.kijiji.ca/v-cars-trucks/edmonton/2020-ford-f-150-raptor-w-leather-moonroof-nav-and-much-more/1739664869,,Kijiji
313,2020,Ford,F-150,raptor,3,53000,No change noted,Unchanged for 10 weeks,10,53000,53000,0,0,116000,Unknown,Gas,Unknown,N/A,Unknown,Private,"Swift Current, SK","Swift Current, SK",,disabled_unverified_location,1738020108,moose-jaw,unverified_url_evidence,https://www.kijiji.ca/v-cars-trucks/moose-jaw/2020-f150-raptor/1738020108,,Kijiji
314,2020,Ford,F-150,raptor,3,57500,No change noted,First seen this week,0,57500,57500,0,0,132247,Unknown,Gas,Unknown,N/A,Unknown,Dealer,"Edmonton, AB","Edmonton, AB",,disabled_unverified_location,1740649698,edmonton,unverified_url_evidence,https://www.kijiji.ca/v-cars-trucks/edmonton/2020-ford-f-150-raptor-801a-4x4-supercrew-145/1740649698,,Kijiji
315,2020,Ford,F-150,raptor,3,59888,No change noted,Unchanged for 3 weeks,3,59888,59888,0,0,143988,Unknown,Gas,Unknown,N/A,Unknown,Dealer,"Calgary, AB","Calgary, AB",,disabled_unverified_location,1739693450,calgary,unverified_url_evidence,https://www.kijiji.ca/v-cars-trucks/calgary/2020-ford-f-150-raptor/1739693450,,Kijiji
316,2021,Ford,F-150,lariat,3,19900,No change noted,"Down $2,000 over 1 weeks",1,21900,21900,-2000,-2000,253084,Unknown,Gas,Unknown,N/A,Unknown,Dealer,"Calgary, AB","Calgary, AB",,disabled_unverified_location,1740417170,calgary,unverified_url_evidence,https://www.kijiji.ca/v-cars-trucks/calgary/2021-ford-f-150-lariat/1740417170,,Kijiji
317,2021,Ford,F-150,xl,1,19998,No change noted,Unchanged for 1 weeks,1,19998,19998,0,0,276400,Unknown,Gas,Unknown,N/A,Unknown,Private,"Regina, SK","Regina, SK",,disabled_unverified_location,1740335672,winnipeg,unverified_url_evidence,https://www.kijiji.ca/v-cars-trucks/winnipeg/2021-ford-f-150/1740335672,,Kijiji
318,2021,Ford,F-150,xlt,2,20500,No change noted,Unchanged for 2 weeks,2,20500,20500,0,0,222000,Unknown,Gas,Unknown,N/A,Unknown,Private,"Edmonton, AB","Edmonton, AB",,disabled_unverified_location,1740072508,edmonton,unverified_url_evidence,https://www.kijiji.ca/v-cars-trucks/edmonton/f-150-for-sale/1740072508,,Kijiji
319,2021,Ford,F-150,Unknown,1,21500,No change noted,"Down $2,500 over 6 weeks",6,24000,21500,0,-2500,205000,Unknown,Gas,Unknown,N/A,Unknown,Private,"Regina, SK","Regina, SK",,disabled_unverified_location,1739188672,winnipeg,unverified_url_evidence,https://www.kijiji.ca/v-cars-trucks/winnipeg/2021-ford-f150/1739188672,,Kijiji
320,2021,Ford,F-150,xlt,2,23697,No change noted,"Down $3,299 over 10 weeks",10,26996,23948,-251,-3299,205285,Unknown,Gas,Unknown,N/A,Unknown,Unknown,"Edmonton, AB","Edmonton, AB",,disabled_unverified_location,1737191570,edmonton,unverified_url_evidence,https://www.kijiji.ca/v-cars-trucks/edmonton/2021-ford-f-150-xlt-4wd-supercab-6-5-box/1737191570,,Kijiji
321,2021,Ford,F-150,xl,1,24900,No change noted,Unchanged for 1 weeks,1,24900,24900,0,0,168275,Unknown,Gas,Unknown,N/A,Unknown,Dealer,"Medicine Hat, AB","Medicine Hat, AB",,disabled_unverified_location,1740321174,lethbridge,unverified_url_evidence,https://www.kijiji.ca/v-cars-trucks/lethbridge/2021-ford-f-150-xl/1740321174,,Kijiji
322,2021,Ford,F-150,xlt,2,24999,No change noted,First seen this week,0,24999,24999,0,0,172980,Unknown,Gas,No accidents reported,N/A,Unknown,Dealer,"Edmonton, AB","Edmonton, AB",,disabled_unverified_location,1740645905,edmonton,unverified_url_evidence,https://www.kijiji.ca/v-cars-trucks/edmonton/2021-ford-f-150-xlt-crew-cab-4wd-clean-carfax-financing-availabl/1740645905,,Kijiji
323,2021,Ford,F-150,xlt,2,24999,No change noted,Unchanged for 8 weeks,8,24999,24999,0,0,207528,Unknown,Gas,No accidents reported,N/A,Unknown,Dealer,"Edmonton, AB","Edmonton, AB",,disabled_unverified_location,1737209333,edmonton,unverified_url_evidence,https://www.kijiji.ca/v-cars-trucks/edmonton/2021-ford-f-150-xlt-4wd-supercrew-5-5-box/1737209333,,Kijiji
324,2021,Ford,F-150,xlt,2,24999,No change noted,First seen this week,0,24999,24999,0,0,232500,Unknown,Gas,No accidents reported,N/A,Unknown,Private,"Regina, SK","Regina, SK",,disabled_unverified_location,1740907114,winnipeg,unverified_url_evidence,https://www.kijiji.ca/v-cars-trucks/winnipeg/2021-ford-f150-xlt-xtr-crew-4x4-accident-free-safetied/1740907114,,Kijiji
325,2021,Ford,F-150,xlt,2,25999,No change noted,Unchanged for 2 weeks,2,25999,25999,0,0,199850,Unknown,Gas,Unknown,N/A,Unknown,Dealer,"Camrose, AB","Camrose, AB",,disabled_unverified_location,1740195711,edmonton,unverified_url_evidence,https://www.kijiji.ca/v-cars-trucks/edmonton/2021-ford-f-150-xlt/1740195711,,Kijiji
326,2021,Ford,F-150,xlt,2,25999,No change noted,"Up $2,000 over 10 weeks",10,23999,25999,0,2000,216258,2.7L,Gas,Unknown,N/A,Unknown,Dealer,"Edmonton, AB","Edmonton, AB",,disabled_unverified_location,1728170912,edmonton,unverified_url_evidence,https://www.kijiji.ca/v-cars-trucks/edmonton/2021-ford-f-150-xlt-supercrew-4wd-2-7l/1728170912,,Kijiji
327,2021,Ford,F-150,xlt,2,26490,No change noted,First seen this week,0,26490,26490,0,0,225646,Unknown,Gas,Unknown,N/A,Unknown,Private,"Carstairs, AB","Carstairs, AB",,disabled_unverified_location,1740884308,mississauga-peel-region,unverified_url_evidence,https://www.kijiji.ca/v-cars-trucks/mississauga-peel-region/2021-ford-f-150-xlt/1740884308,,Kijiji
328,2021,Ford,F-150,xlt,2,26995,No change noted,"Down $3,000 over 10 weeks",10,29995,26995,0,-3000,180131,Unknown,Gas,No accidents reported,N/A,Unknown,Private,"Regina, SK","Regina, SK",,disabled_unverified_location,1728584558,winnipeg,unverified_url_evidence,https://www.kijiji.ca/v-cars-trucks/winnipeg/2021-ford-f-150-xlt-supercrew-5-5ft-box-4x4/1728584558,,Kijiji
329,2021,Ford,F-150,xlt,2,26999,No change noted,Unchanged for 6 weeks,6,26999,26999,0,0,188741,3.5L,Gas,Unknown,N/A,Unknown,Dealer,"Edmonton, AB","Edmonton, AB",,disabled_unverified_location,1738909942,edmonton,unverified_url_evidence,https://www.kijiji.ca/v-cars-trucks/edmonton/2021-ford-f-150-xlt-fx4-crew-cab-4x4-std-bed-3-5l-clean-carfa/1738909942,,Kijiji
330,2021,Ford,F-150,xlt,2,27980,No change noted,Unchanged for 4 weeks,4,27980,27980,0,0,148316,Unknown,Gas,Unknown,N/A,Unknown,Dealer,"Regina, SK","Regina, SK",,disabled_unverified_location,1739260094,winnipeg,unverified_url_evidence,https://www.kijiji.ca/v-cars-trucks/winnipeg/2021-ford-f-150-xlt-4x4-supercrew-l-remote-start-l-xtr-chrome-tr/1739260094,,Kijiji
331,2021,Ford,F-150,xlt,2,27995,No change noted,"Down $4,000 over 9 weeks",9,31995,27995,0,-4000,226456,Unknown,Gas,No accidents reported,N/A,Unknown,Private,"Regina, SK","Regina, SK",,disabled_unverified_location,1735749586,winnipeg,unverified_url_evidence,https://www.kijiji.ca/v-cars-trucks/winnipeg/2021-ford-f-150-xlt-ext-cab-6-5ft-box-w-service-cap-4x4/1735749586,,Kijiji
332,2021,Ford,F-150,xlt,2,27997,No change noted,Unchanged for 7 weeks,7,27997,27997,0,0,183202,Unknown,Gas,Unknown,N/A,Unknown,Private,"Saskatoon, SK","Saskatoon, SK",,disabled_unverified_location,1739129581,saskatoon,unverified_url_evidence,https://www.kijiji.ca/v-cars-trucks/saskatoon/2021-ford-f-150-xlt/1739129581,,Kijiji
333,2021,Ford,F-150,fx4,3,27997,No change noted,Unchanged for 2 weeks,2,27997,27997,0,0,203873,Unknown,Gas,Unknown,N/A,Unknown,Private,"Saskatoon, SK","Saskatoon, SK",,disabled_unverified_location,1740237263,saskatoon,unverified_url_evidence,https://www.kijiji.ca/v-cars-trucks/saskatoon/2021-ford-f-150-xlt-fx4/1740237263,,Kijiji
334,2021,Ford,F-150,xlt,2,28500,No change noted,"Down $2,000 over 10 weeks",10,30500,29000,-500,-2000,149768,Unknown,Gas,Unknown,N/A,Unknown,Private,"Regina, SK","Regina, SK",,disabled_unverified_location,1734109284,winnipeg,unverified_url_evidence,https://www.kijiji.ca/v-cars-trucks/winnipeg/2021-ford-f-150-xlt-4wd-backup-cam-trailer-hitch-remote-star/1734109284,,Kijiji
335,2021,Ford,F-150,xlt,2,28555,No change noted,"Down $1,222 over 10 weeks",10,29777,28555,0,-1222,155626,Unknown,Gas,Unknown,N/A,Unknown,Dealer,"Edmonton, AB","Edmonton, AB",,disabled_unverified_location,1735001156,edmonton,unverified_url_evidence,https://www.kijiji.ca/v-cars-trucks/edmonton/2021-ford-f-150-xlt-w-xtr-pkg/1735001156,,Kijiji
336,2021,Ford,F-150,xlt,2,28990,No change noted,"Down $3,000 over 10 weeks",10,31990,28990,0,-3000,147618,Unknown,Gas,Unknown,N/A,Unknown,Dealer,"Calgary, AB","Calgary, AB",,disabled_unverified_location,1724494820,calgary,unverified_url_evidence,https://www.kijiji.ca/v-cars-trucks/calgary/2021-ford-f-150-xlt-no-fees/1724494820,,Kijiji
337,2021,Ford,F-150,xlt,2,28990,No change noted,"Down $1,000 over 10 weeks",10,29990,28990,0,-1000,153409,Unknown,Gas,Unknown,N/A,Unknown,Dealer,"Calgary, AB","Calgary, AB",,disabled_unverified_location,1724494795,calgary,unverified_url_evidence,https://www.kijiji.ca/v-cars-trucks/calgary/2021-ford-f-150-xlt-no-fees/1724494795,,Kijiji
338,2021,Ford,F-150,xlt,2,28995,No change noted,First seen this week,0,28995,28995,0,0,134000,Unknown,Gas,Unknown,N/A,Unknown,Private,"Moose Jaw, SK","Moose Jaw, SK",,disabled_unverified_location,1740883438,ottawa,unverified_url_evidence,https://www.kijiji.ca/v-cars-trucks/ottawa/2021-ford-f-150-xlt-crew-cab/1740883438,,Kijiji
339,2021,Ford,F-150,xlt,2,28995,No change noted,Unchanged for 1 weeks,1,28995,28995,0,0,187781,Unknown,Gas,Unknown,N/A,Unknown,Dealer,"Calgary, AB","Calgary, AB",,disabled_unverified_location,1740120526,calgary,unverified_url_evidence,https://www.kijiji.ca/v-cars-trucks/calgary/2021-ford-f-150-xlt-4wd-supercrew-5-5-box/1740120526,,Kijiji
340,2021,Ford,F-150,xlt,2,29900,No change noted,First seen this week,0,29900,29900,0,0,127161,Unknown,Gas,Unknown,N/A,Unknown,Dealer,"Medicine Hat, AB","Medicine Hat, AB",,disabled_unverified_location,1740857091,lethbridge,unverified_url_evidence,https://www.kijiji.ca/v-cars-trucks/lethbridge/2021-ford-f-150-xlt/1740857091,,Kijiji
341,2021,Ford,F-150,xlt,2,29990,No change noted,Unchanged for 9 weeks,9,29990,29990,0,0,178713,Unknown,Gas,Unknown,N/A,Unknown,Dealer,"Calgary, AB","Calgary, AB",,disabled_unverified_location,1736921335,calgary,unverified_url_evidence,https://www.kijiji.ca/v-cars-trucks/calgary/2021-ford-f-150-xlt-4wd-supercrew-6-5-box/1736921335,,Kijiji
342,2021,Ford,F-150,xlt,2,29995,No change noted,"Down $4,000 over 10 weeks",10,33995,29995,0,-4000,155996,Unknown,Gas,Unknown,N/A,Unknown,Private,"Medicine Hat, AB","Medicine Hat, AB",,disabled_unverified_location,1738014876,lethbridge,unverified_url_evidence,https://www.kijiji.ca/v-cars-trucks/lethbridge/2021-ford-f150-xlt-supercrew-4x4/1738014876,,Kijiji
343,2021,Ford,F-150,Unknown,1,29995,No change noted,Unchanged for 11 weeks,11,29995,29995,0,0,170427,5.0L,Gas,Unknown,N/A,Unknown,Private,"Saskatoon, SK","Saskatoon, SK",,disabled_unverified_location,1733994536,saskatoon,unverified_url_evidence,https://www.kijiji.ca/v-cars-trucks/saskatoon/2021-ford-f-150-xlt-supercrew-5-5-ft-bed-4wd/1733994536,,Kijiji
344,2021,Ford,F-150,xlt,2,29995,No change noted,Unchanged for 3 weeks,3,29995,29995,0,0,182874,Unknown,Gas,Unknown,N/A,Unknown,Dealer,"Calgary, AB","Calgary, AB",,disabled_unverified_location,1739823227,calgary,unverified_url_evidence,https://www.kijiji.ca/v-cars-trucks/calgary/2021-ford-f-150-xlt-sport-4wd-supercrew-5-5-box/1739823227,,Kijiji
345,2021,Ford,F-150,xlt,2,29995,No change noted,First seen this week,0,29995,29995,0,0,184658,Unknown,Gas,No accidents reported,N/A,Unknown,Dealer,"Calgary, AB","Calgary, AB",,disabled_unverified_location,1740647578,calgary,unverified_url_evidence,https://www.kijiji.ca/v-cars-trucks/calgary/2021-ford-f-150/1740647578,,Kijiji
346,2021,Ford,F-150,xlt,2,29999,No change noted,Unchanged for 8 weeks,8,29999,29999,0,0,178199,2.7L,Gas,Unknown,N/A,Unknown,Dealer,"Edmonton, AB","Edmonton, AB",,disabled_unverified_location,1738398472,edmonton,unverified_url_evidence,https://www.kijiji.ca/v-cars-trucks/edmonton/2021-ford-f-150-xlt-crew-cab-4wd-2-7l/1738398472,,Kijiji
347,2021,Ford,F-150,stx,1,30900,No change noted,Unchanged for 5 weeks,5,30900,30900,0,0,129917,Unknown,Gas,Unknown,N/A,Unknown,Dealer,"Calgary, AB","Calgary, AB",,disabled_unverified_location,1738752916,calgary,unverified_url_evidence,https://www.kijiji.ca/v-cars-trucks/calgary/2021-ford-f-150-stx/1738752916,,Kijiji
348,2021,Ford,F-150,xlt,2,30990,No change noted,Unchanged for 9 weeks,9,30990,30990,0,0,132008,Unknown,Gas,Unknown,N/A,Unknown,Dealer,"Calgary, AB","Calgary, AB",,disabled_unverified_location,1736282831,calgary,unverified_url_evidence,https://www.kijiji.ca/v-cars-trucks/calgary/2021-ford-f-150-xlt-4wd-supercrew-5-5-box/1736282831,,Kijiji
349,2021,Ford,F-150,xl,1,31499,No change noted,First seen this week,0,31499,31499,0,0,168000,Unknown,Gas,No accidents reported,N/A,Unknown,Private,"Regina, SK","Regina, SK",,disabled_unverified_location,1740534509,winnipeg,unverified_url_evidence,https://www.kijiji.ca/v-cars-trucks/winnipeg/2021-ford-f-150-xl-stx-360-camera-safetied-accident-free/1740534509,,Kijiji
350,2021,Ford,F-150,xlt,2,31500,No change noted,Unchanged for 10 weeks,10,31500,31500,0,0,135046,Unknown,Gas,Unknown,N/A,Unknown,Dealer,"Calgary, AB","Calgary, AB",,disabled_unverified_location,1734015134,calgary,unverified_url_evidence,https://www.kijiji.ca/v-cars-trucks/calgary/2021-ford-f-150-xlt/1734015134,,Kijiji
351,2021,Ford,F-150,xlt,2,31990,No change noted,Unchanged for 10 weeks,10,31990,31990,0,0,124113,Unknown,Gas,Unknown,N/A,Unknown,Dealer,"Calgary, AB","Calgary, AB",,disabled_unverified_location,1726035633,calgary,unverified_url_evidence,https://www.kijiji.ca/v-cars-trucks/calgary/2021-ford-f-150-xlt-no-fees/1726035633,,Kijiji
352,2021,Ford,F-150,xlt,2,31999,No change noted,"Down $5,996 over 7 weeks",7,37995,31999,0,-5996,124950,Unknown,Gas,Unknown,N/A,Unknown,Dealer,"Edmonton, AB","Edmonton, AB",,disabled_unverified_location,1738811071,edmonton,unverified_url_evidence,https://www.kijiji.ca/v-cars-trucks/edmonton/2021-ford-f-150-xlt/1738811071,,Kijiji
353,2021,Ford,F-150,xlt,2,32500,No change noted,"Down $1,000 over 8 weeks",8,33500,32500,0,-1000,141217,Unknown,Gas,Unknown,N/A,Unknown,Private,"Prince Albert, SK","Prince Albert, SK",,disabled_unverified_location,1722508394,owen-sound,unverified_url_evidence,https://www.kijiji.ca/v-cars-trucks/owen-sound/ford-truck-xlt-xtr-4x4-2021/1722508394,,Kijiji
354,2021,Ford,F-150,xl,1,32500,No change noted,Unchanged for 2 weeks,2,32500,32500,0,0,150000,Unknown,Gas,Unknown,N/A,Unknown,Private,"Moose Jaw, SK","Moose Jaw, SK",,disabled_unverified_location,1740078707,ottawa,unverified_url_evidence,https://www.kijiji.ca/v-cars-trucks/ottawa/2021-ford-f150-4wd-xlt-supercrew/1740078707,,Kijiji
355,2021,Ford,F-150,xlt,2,32996,No change noted,Unchanged for 1 weeks,1,32996,32996,0,0,119278,Unknown,Gas,Unknown,N/A,Unknown,Private,"Saskatoon, SK","Saskatoon, SK",,disabled_unverified_location,1740650606,saskatoon,unverified_url_evidence,https://www.kijiji.ca/v-cars-trucks/saskatoon/2021-ford-f-150-supercab-4x4-very-clean-copilot360-tech/1740650606,,Kijiji
356,2021,Ford,F-150,xlt,2,32999,No change noted,"Down $4,000 over 10 weeks",10,36999,32999,0,-4000,87917,2.7L,Gas,Unknown,N/A,Unknown,Private,"Calgary, AB","Calgary, AB",,disabled_unverified_location,1737462857,calgary,unverified_url_evidence,https://www.kijiji.ca/v-cars-trucks/calgary/2021-ford-f150-xtr-4x4-2-7l-eco-boost-xlt-87km-very-clean/1737462857,,Kijiji
357,2021,Ford,F-150,xlt,2,33999,No change noted,Unchanged for 11 weeks,11,33999,33999,0,0,147861,Unknown,Gas,Unknown,N/A,Unknown,Private,"Saskatoon, SK","Saskatoon, SK",,disabled_unverified_location,1731241083,saskatoon,unverified_url_evidence,https://www.kijiji.ca/v-cars-trucks/saskatoon/2021-ford-f-150-xlt-4x4-supercrew-styleside-6-5-ft-box-145-in/1731241083,,Kijiji
358,2021,Ford,F-150,xlt,2,34599,No change noted,Up $770 over 3 weeks,3,33829,33799,800,770,135657,Unknown,Gas,Unknown,N/A,Unknown,Private,"Carstairs, AB","Carstairs, AB",,disabled_unverified_location,1739736102,ottawa,unverified_url_evidence,https://www.kijiji.ca/v-cars-trucks/ottawa/2021-ford-f150-4x4-supercrew-xlt-157-wb/1739736102,,Kijiji
359,2021,Ford,F-150,xlt,2,34895,No change noted,Down $100 over 6 weeks,6,34995,34895,0,-100,155191,Unknown,Gas,Unknown,N/A,Unknown,Dealer,"Edmonton, AB","Edmonton, AB",,disabled_unverified_location,1739112834,edmonton,unverified_url_evidence,https://www.kijiji.ca/v-cars-trucks/edmonton/2021-ford-f-150-xlt/1739112834,,Kijiji
360,2021,Ford,F-150,xlt,2,34900,No change noted,Unchanged for 10 weeks,10,34900,34900,0,0,165841,5.0L,Gas,Unknown,N/A,Unknown,Dealer,"Edmonton, AB","Edmonton, AB",,disabled_unverified_location,1736015462,edmonton,unverified_url_evidence,https://www.kijiji.ca/v-cars-trucks/edmonton/2021-ford-f-150-xlt-5-0l-v8-gas-engine-4x4-capability-crew/1736015462,,Kijiji
361,2021,Ford,F-150,lariat,3,34998,No change noted,"Down $1,997 over 10 weeks",10,36995,35499,-501,-1997,161049,Unknown,Gas,Unknown,N/A,Unknown,Private,"Carstairs, AB","Carstairs, AB",,disabled_unverified_location,1736332770,ottawa,unverified_url_evidence,https://www.kijiji.ca/v-cars-trucks/ottawa/2021-ford-f-150/1736332770,,Kijiji
362,2021,Ford,F-150,xlt,2,34999,No change noted,Unchanged for 6 weeks,6,34999,34999,0,0,155191,Unknown,Gas,Unknown,N/A,Unknown,Dealer,"Edmonton, AB","Edmonton, AB",,disabled_unverified_location,1739016948,edmonton,unverified_url_evidence,https://www.kijiji.ca/v-cars-trucks/edmonton/2021-ford-f-150-xlt/1739016948,,Kijiji
363,2021,Ford,F-150,xlt,2,35000,No change noted,Unchanged for 3 weeks,3,35000,35000,0,0,89410,Unknown,Gas,Unknown,N/A,Unknown,Private,"Calgary, AB","Calgary, AB",,disabled_unverified_location,1739714529,calgary,unverified_url_evidence,https://www.kijiji.ca/v-cars-trucks/calgary/pick-up-truck/1739714529,,Kijiji
364,2021,Ford,F-150,xlt,2,35495,No change noted,First seen this week,0,35495,35495,0,0,152341,Unknown,Gas,Unknown,N/A,Unknown,Private,"Regina, SK","Regina, SK",,disabled_unverified_location,1740659359,winnipeg,unverified_url_evidence,https://www.kijiji.ca/v-cars-trucks/winnipeg/2021-ford-f-150-xlt/1740659359,,Kijiji
365,2021,Ford,F-150,lariat,3,35993,No change noted,Unchanged for 2 weeks,2,35993,35993,0,0,177205,Unknown,Gas,Unknown,N/A,Unknown,Dealer,"Calgary, AB","Calgary, AB",,disabled_unverified_location,1739922042,calgary,unverified_url_evidence,https://www.kijiji.ca/v-cars-trucks/calgary/2021-ford-f-150-lariat-heated-cooled-leather-seats-sport-pkg/1739922042,,Kijiji
366,2021,Ford,F-150,fx4,3,36557,No change noted,"Down $1,325 over 7 weeks",7,37882,36557,0,-1325,121581,Unknown,Gas,No accidents reported,N/A,Unknown,Dealer,"Calgary, AB","Calgary, AB",,disabled_unverified_location,1738608470,calgary,unverified_url_evidence,https://www.kijiji.ca/v-cars-trucks/calgary/2021-ford-f-150-4x4-super-crew-xlt-fx4-pseat-bcam/1738608470,,Kijiji
367,2021,Ford,F-150,xlt,2,36980,No change noted,Unchanged for 9 weeks,9,36980,36980,0,0,154031,Unknown,Gas,Unknown,N/A,Unknown,Dealer,"Calgary, AB","Calgary, AB",,disabled_unverified_location,1726278888,calgary,unverified_url_evidence,https://www.kijiji.ca/v-cars-trucks/calgary/2021-ford-f-150-xlt/1726278888,,Kijiji
368,2021,Ford,F-150,xlt,2,36990,No change noted,Unchanged for 10 weeks,10,36990,36990,0,0,119572,Unknown,Gas,Unknown,N/A,Unknown,Dealer,"Calgary, AB","Calgary, AB",,disabled_unverified_location,1737613081,calgary,unverified_url_evidence,https://www.kijiji.ca/v-cars-trucks/calgary/2021-ford-f-150-xlt-4wd-supercrew-6-5-box/1737613081,,Kijiji
369,2021,Ford,F-150,xl,1,37995,No change noted,Unchanged for 11 weeks,11,37995,37995,0,0,113400,Unknown,Gas,Unknown,N/A,Unknown,Private,"Saskatoon, SK","Saskatoon, SK",,disabled_unverified_location,1724398250,saskatoon,unverified_url_evidence,https://www.kijiji.ca/v-cars-trucks/saskatoon/2021-ford-f-150-xl/1724398250,,Kijiji
370,2021,Ford,F-150,xlt,2,38899,No change noted,Down $100 over 2 weeks,2,38999,38899,0,-100,93785,Unknown,Gas,Unknown,N/A,Unknown,Private,"Carstairs, AB","Carstairs, AB",,disabled_unverified_location,1740150418,windsor-area-on,unverified_url_evidence,https://www.kijiji.ca/v-cars-trucks/windsor-area-on/2021-ford-f-150-xlt/1740150418,,Kijiji
371,2021,Ford,F-150,xl,1,39790,No change noted,First seen this week,0,39790,39790,0,0,106243,Unknown,Gas,Unknown,N/A,Unknown,Private,"Moose Jaw, SK","Moose Jaw, SK",,disabled_unverified_location,1740346112,ottawa,unverified_url_evidence,https://www.kijiji.ca/v-cars-trucks/ottawa/2021-ford-f-150-xl-crew-cab-short-bed/1740346112,,Kijiji
372,2021,Ford,F-150,xl,1,39995,No change noted,First seen this week,0,39995,39995,0,0,79722,Unknown,Gas,Unknown,N/A,Unknown,Dealer,"Calgary, AB","Calgary, AB",,disabled_unverified_location,1740578696,calgary,unverified_url_evidence,https://www.kijiji.ca/v-cars-trucks/calgary/2021-ford-f-150-with-one-owner-low-km-navi-backup-camera/1740578696,,Kijiji
373,2021,Ford,F-150,xlt,2,39995,No change noted,Unchanged for 4 weeks,4,39995,39995,0,0,96865,Unknown,Gas,Unknown,N/A,Unknown,Private,"Saskatoon, SK","Saskatoon, SK",,disabled_unverified_location,1739828379,saskatoon,unverified_url_evidence,https://www.kijiji.ca/v-cars-trucks/saskatoon/2021-ford-f-150-xlt-4x4-supercab-styleside-6-5-ft-box-145-in-w/1739828379,,Kijiji
374,2021,Ford,F-150,lariat,3,39995,No change noted,Unchanged for 6 weeks,6,39995,39995,0,0,156627,Unknown,Gas,Unknown,N/A,Unknown,Dealer,"Edmonton, AB","Edmonton, AB",,disabled_unverified_location,1739163868,edmonton,unverified_url_evidence,https://www.kijiji.ca/v-cars-trucks/edmonton/2021-ford-f-150-lariat/1739163868,,Kijiji
375,2021,Ford,F-150,xlt,2,40298,No change noted,"Down $1,697 over 10 weeks",10,41995,40298,0,-1697,56014,Unknown,Gas,Unknown,N/A,Unknown,Private,"Moose Jaw, SK","Moose Jaw, SK",,disabled_unverified_location,1735456630,ottawa,unverified_url_evidence,https://www.kijiji.ca/v-cars-trucks/ottawa/2021-ford-f-150/1735456630,,Kijiji
376,2021,Ford,F-150,lariat,3,40651,No change noted,"Down $2,000 over 11 weeks",11,42651,40651,0,-2000,144195,Unknown,Gas,Unknown,N/A,Unknown,Private,"Saskatoon, SK","Saskatoon, SK",,disabled_unverified_location,1724450716,saskatoon,unverified_url_evidence,https://www.kijiji.ca/v-cars-trucks/saskatoon/2021-ford-f-150-lariat/1724450716,,Kijiji
377,2021,Ford,F-150,xl,1,40888,No change noted,Unchanged for 10 weeks,10,40888,40888,0,0,65957,Unknown,Gas,Unknown,N/A,Unknown,Dealer,"Calgary, AB","Calgary, AB",,disabled_unverified_location,1737299148,calgary,unverified_url_evidence,https://www.kijiji.ca/v-cars-trucks/calgary/2021-ford-f-150-xl/1737299148,,Kijiji
378,2021,Ford,F-150,xlt,2,41500,No change noted,Unchanged for 4 weeks,4,41500,41500,0,0,83000,Unknown,Gas,Unknown,N/A,Unknown,Private,"Regina, SK","Regina, SK",,disabled_unverified_location,1739390406,winnipeg,unverified_url_evidence,https://www.kijiji.ca/v-cars-trucks/winnipeg/2021-ford-f150-xlt-supercrew-4x4/1739390406,,Kijiji
379,2021,Ford,F-150,xlt,2,41888,No change noted,First seen this week,0,41888,41888,0,0,94779,Unknown,Gas,Unknown,N/A,Unknown,Dealer,"Calgary, AB","Calgary, AB",,disabled_unverified_location,1740885467,calgary,unverified_url_evidence,https://www.kijiji.ca/v-cars-trucks/calgary/2021-ford-f-150-xlt-4x4/1740885467,,Kijiji
380,2021,Ford,F-150,lariat,3,41995,No change noted,"Down $1,709 over 11 weeks",11,43704,41995,0,-1709,83215,Unknown,Gas,Unknown,N/A,Unknown,Dealer,"Olds, AB","Olds, AB",,disabled_unverified_location,1736862357,medicine-hat,unverified_url_evidence,https://www.kijiji.ca/v-cars-trucks/medicine-hat/2021-ford-f-150-lariat/1736862357,,Kijiji
381,2021,Ford,F-150,lariat,3,42000,No change noted,First seen this week,0,42000,42000,0,0,125077,Unknown,Gas,Unknown,N/A,Unknown,Dealer,"Edmonton, AB","Edmonton, AB",,disabled_unverified_location,1740748545,edmonton,unverified_url_evidence,https://www.kijiji.ca/v-cars-trucks/edmonton/2021-ford-f-150-lariat-502a-4x4-supercrew-145/1740748545,,Kijiji
382,2021,Ford,F-150,xlt,2,42888,No change noted,Unchanged for 10 weeks,10,42888,42888,0,0,152140,Unknown,Gas,Unknown,N/A,Unknown,Dealer,"Calgary, AB","Calgary, AB",,disabled_unverified_location,1735801851,calgary,unverified_url_evidence,https://www.kijiji.ca/v-cars-trucks/calgary/2021-ford-f-150-xlt/1735801851,,Kijiji
383,2021,Ford,F-150,lariat,3,42900,No change noted,Unchanged for 5 weeks,5,42900,42900,0,0,113500,Unknown,Gas,Unknown,N/A,Unknown,Dealer,"Calgary, AB","Calgary, AB",,disabled_unverified_location,1738966989,calgary,unverified_url_evidence,https://www.kijiji.ca/v-cars-trucks/calgary/2021-ford-f-150-lariat/1738966989,,Kijiji
384,2021,Ford,F-150,xlt,2,43900,No change noted,Down $95 over 8 weeks,8,43995,43900,0,-95,51000,Unknown,Gas,Unknown,N/A,Unknown,Dealer,"Regina, SK","Regina, SK",,disabled_unverified_location,1738302051,winnipeg,unverified_url_evidence,https://www.kijiji.ca/v-cars-trucks/winnipeg/2021-ford-f150-xlt/1738302051,,Kijiji
385,2021,Ford,F-150,xlt,2,43990,No change noted,Unchanged for 2 weeks,2,43990,43990,0,0,70001,3.5L,Gas,Unknown,N/A,Unknown,Dealer,"Calgary, AB","Calgary, AB",,disabled_unverified_location,1740103481,calgary,unverified_url_evidence,https://www.kijiji.ca/v-cars-trucks/calgary/2021-ford-f-150-xlt-300a-tow-pkg-3-5l-ecoboost-5-5-bed/1740103481,,Kijiji
386,2021,Ford,F-150,xlt,2,43995,No change noted,Unchanged for 7 weeks,7,43995,43995,0,0,65300,Unknown,Gas,Unknown,N/A,Unknown,Dealer,"Medicine Hat, AB","Medicine Hat, AB",,disabled_unverified_location,1738710658,lethbridge,unverified_url_evidence,https://www.kijiji.ca/v-cars-trucks/lethbridge/2021-ford-f-150-xlt/1738710658,,Kijiji
387,2021,Ford,F-150,lariat,3,44499,No change noted,First seen this week,0,44499,44499,0,0,102351,Unknown,Gas,Unknown,N/A,Unknown,Dealer,"Camrose, AB","Camrose, AB",,disabled_unverified_location,1740649356,strathcona-county,unverified_url_evidence,https://www.kijiji.ca/v-cars-trucks/strathcona-county/2021-ford-f-150/1740649356,,Kijiji
388,2021,Ford,F-150,lariat,3,44990,No change noted,Unchanged for 3 weeks,3,44990,44990,0,0,154004,Unknown,Gas,Unknown,N/A,Unknown,Dealer,"Calgary, AB","Calgary, AB",,disabled_unverified_location,1739686010,calgary,unverified_url_evidence,https://www.kijiji.ca/v-cars-trucks/calgary/2021-ford-f-150-lariat-4wd/1739686010,,Kijiji
389,2021,Ford,F-150,xl,1,45995,No change noted,Unchanged for 3 weeks,3,45995,45995,0,0,112403,Unknown,Gas,Unknown,N/A,Unknown,Dealer,"Medicine Hat, AB","Medicine Hat, AB",,disabled_unverified_location,1739735926,lethbridge,unverified_url_evidence,https://www.kijiji.ca/v-cars-trucks/lethbridge/2021-ford-f-150-xl/1739735926,,Kijiji
390,2021,Ford,F-150,lariat,3,46000,No change noted,Down $575 over 6 weeks,6,46575,46575,-575,-575,80528,Unknown,Gas,No accidents reported,N/A,Unknown,Private,"Regina, SK","Regina, SK",,disabled_unverified_location,1738707455,winnipeg,unverified_url_evidence,https://www.kijiji.ca/v-cars-trucks/winnipeg/2021-ford-f-150-lariat-clean-carfax-leather-360-cam/1738707455,,Kijiji
391,2021,Ford,F-150,lariat,3,46699,No change noted,Down $300 over 11 weeks,11,46999,46699,0,-300,94000,Unknown,Gas,Unknown,N/A,Unknown,Dealer,"Saskatoon, SK","Saskatoon, SK",,disabled_unverified_location,1736765520,saskatoon,unverified_url_evidence,https://www.kijiji.ca/v-cars-trucks/saskatoon/ford-f-150-lariat-2021/1736765520,,Kijiji
392,2021,Ford,F-150,platinum,3,48694,No change noted,Unchanged for 11 weeks,11,48694,48694,0,0,124124,Unknown,Gas,Unknown,N/A,Unknown,Private,"Saskatoon, SK","Saskatoon, SK",,disabled_unverified_location,1731383056,saskatoon,unverified_url_evidence,https://www.kijiji.ca/v-cars-trucks/saskatoon/2021-ford-f-150-platinum-leather-seats-cooled-seats/1731383056,,Kijiji
393,2021,Ford,F-150,lariat,3,48980,No change noted,Unchanged for 8 weeks,8,48980,48980,0,0,103592,Unknown,Gas,Unknown,N/A,Unknown,Dealer,"Edmonton, AB","Edmonton, AB",,disabled_unverified_location,1738353220,edmonton,unverified_url_evidence,https://www.kijiji.ca/v-cars-trucks/edmonton/2021-ford-f-150-lariat/1738353220,,Kijiji
394,2021,Ford,F-150,lariat,3,49000,No change noted,Unchanged for 5 weeks,5,49000,49000,0,0,100110,Unknown,Gas,Accident reported,N/A,Unknown,Private,"Calgary, AB","Calgary, AB",,disabled_unverified_location,1739340744,calgary,unverified_url_evidence,https://www.kijiji.ca/v-cars-trucks/calgary/ford-f150-lariat-2021-ecoboost/1739340744,,Kijiji
395,2021,Ford,F-150,lariat,3,49988,No change noted,Unchanged for 8 weeks,8,49988,49988,0,0,81075,Unknown,Gas,Unknown,N/A,Unknown,Dealer,"Regina, SK","Regina, SK",,disabled_unverified_location,1738502207,winnipeg,unverified_url_evidence,https://www.kijiji.ca/v-cars-trucks/winnipeg/2021-ford-f-150-lariat-502a-sport-package-factory-warranty/1738502207,,Kijiji
396,2021,Ford,F-150,platinum,3,49990,No change noted,Unchanged for 3 weeks,3,49990,49990,0,0,130653,Unknown,Gas,Unknown,N/A,Unknown,Dealer,"Calgary, AB","Calgary, AB",,disabled_unverified_location,1740195297,calgary,unverified_url_evidence,https://www.kijiji.ca/v-cars-trucks/calgary/2021-ford-f-150/1740195297,,Kijiji
397,2021,Ford,F-150,king ranch,3,51399,No change noted,Down $300 over 11 weeks,11,51699,51399,0,-300,123000,Unknown,Gas,Unknown,N/A,Unknown,Dealer,"Saskatoon, SK","Saskatoon, SK",,disabled_unverified_location,1735404932,saskatoon,unverified_url_evidence,https://www.kijiji.ca/v-cars-trucks/saskatoon/ford-f-150-king-ranch-2021/1735404932,,Kijiji
398,2021,Ford,F-150,lariat,3,53706,No change noted,Down $1 over 3 weeks,3,53707,53706,0,-1,65855,5.0L,Gas,Unknown,N/A,Unknown,Dealer,"Edmonton, AB","Edmonton, AB",,disabled_unverified_location,1740056395,edmonton,unverified_url_evidence,https://www.kijiji.ca/v-cars-trucks/edmonton/2021-ford-f-150-lariat-6-5-box-5-0l-fx4/1740056395,,Kijiji
399,2021,Ford,F-150,Unknown,1,58999,No change noted,Unchanged for 1 weeks,1,58999,58999,0,0,72473,Unknown,Gas,Unknown,N/A,Unknown,Private,"Regina, SK","Regina, SK",,disabled_unverified_location,1740802590,winnipeg,unverified_url_evidence,https://www.kijiji.ca/v-cars-trucks/winnipeg/2021-ford-f-150/1740802590,,Kijiji
400,2021,Ford,F-150,platinum,3,59995,No change noted,Unchanged for 10 weeks,10,59995,59995,0,0,66109,Unknown,Gas,Unknown,N/A,Unknown,Private,"Regina, SK","Regina, SK",,disabled_unverified_location,1731851248,winnipeg,unverified_url_evidence,https://www.kijiji.ca/v-cars-trucks/winnipeg/2021-ford-f-150-platinum-4wd-supercrew-5-5-box/1731851248,,Kijiji
401,2021,Ford,F-150,tremor,3,59995,No change noted,Unchanged for 1 weeks,1,59995,59995,0,0,67910,Unknown,Gas,Unknown,N/A,Unknown,Private,"Carstairs, AB","Carstairs, AB",,disabled_unverified_location,1739503882,delta-surrey-langley,unverified_url_evidence,https://www.kijiji.ca/v-cars-trucks/delta-surrey-langley/2021-ford-f-150/1739503882,,Kijiji
402,2022,Ford,F-150,xlt,2,24988,No change noted,Unchanged for 2 weeks,2,24988,24988,0,0,202998,Unknown,Gas,Accident reported,N/A,Unknown,Dealer,"Calgary, AB","Calgary, AB",,disabled_unverified_location,1739960178,calgary,unverified_url_evidence,https://www.kijiji.ca/v-cars-trucks/calgary/2022-ford-f-150-xlt-backup-camera-navigation-blind-spot-detectio/1739960178,,Kijiji
403,2022,Ford,F-150,xlt,2,25000,No change noted,"Down $1,500 over 10 weeks",10,26500,25000,0,-1500,219907,Unknown,Gas,Unknown,N/A,Unknown,Private,"Regina, SK","Regina, SK",,disabled_unverified_location,1734733335,winnipeg,unverified_url_evidence,https://www.kijiji.ca/v-cars-trucks/winnipeg/2022-ford-f-150-xlt-4wd-supercrew-trailer-tow-package-nav-x/1734733335,,Kijiji
404,2022,Ford,F-150,xlt,2,27990,No change noted,Unchanged for 10 weeks,10,27990,27990,0,0,193971,Unknown,Gas,Unknown,N/A,Unknown,Dealer,"Calgary, AB","Calgary, AB",,disabled_unverified_location,1737930169,calgary,unverified_url_evidence,https://www.kijiji.ca/v-cars-trucks/calgary/2022-ford-f-150-xlt-4wd-supercrew-6-5-box/1737930169,,Kijiji
405,2022,Ford,F-150,xlt,2,27995,No change noted,Unchanged for 3 weeks,3,27995,27995,0,0,160665,3.3L,Gas,Unknown,N/A,Unknown,Private,"Saskatoon, SK","Saskatoon, SK",,disabled_unverified_location,1740060577,saskatoon,unverified_url_evidence,https://www.kijiji.ca/v-cars-trucks/saskatoon/2022-ford-f-150-xlt-super-crew-3-3l-v6-reverse-camera-power/1740060577,,Kijiji
406,2022,Ford,F-150,xlt,2,27999,No change noted,First seen this week,0,27999,27999,0,0,190559,Unknown,Gas,No accidents reported,N/A,Unknown,Dealer,"Edmonton, AB","Edmonton, AB",,disabled_unverified_location,1740704026,edmonton,unverified_url_evidence,https://www.kijiji.ca/v-cars-trucks/edmonton/2022-ford-f-150-xlt-4wd-supercrew-5-5-box/1740704026,,Kijiji
407,2022,Ford,F-150,xlt,2,28799,No change noted,Unchanged for 11 weeks,11,28799,28799,0,0,196354,Unknown,Gas,Unknown,N/A,Unknown,Private,"Saskatoon, SK","Saskatoon, SK",,disabled_unverified_location,1737825434,saskatoon,unverified_url_evidence,https://www.kijiji.ca/v-cars-trucks/saskatoon/2022-ford-f-150-xlt/1737825434,,Kijiji
408,2022,Ford,F-150,xlt,2,28998,No change noted,"Down $1,000 over 9 weeks",9,29998,28998,0,-1000,168863,Unknown,Gas,Unknown,N/A,Unknown,Private,"Carstairs, AB","Carstairs, AB",,disabled_unverified_location,1732688837,ottawa,unverified_url_evidence,https://www.kijiji.ca/v-cars-trucks/ottawa/2022-ford-f-150/1732688837,,Kijiji
409,2022,Ford,F-150,Unknown,1,29750,No change noted,Unchanged for 8 weeks,8,29750,29750,0,0,92807,Unknown,Gas,Unknown,N/A,Unknown,Private,"Edmonton, AB","Edmonton, AB",,disabled_unverified_location,1738377206,edmonton,unverified_url_evidence,https://www.kijiji.ca/v-cars-trucks/edmonton/2022-ram-1500-hemi-low-mileage-low-price/1738377206,,Kijiji
410,2022,Ford,F-150,Unknown,1,30009,No change noted,"Down $4,996 over 11 weeks",11,35005,30009,0,-4996,230217,Unknown,Gas,Unknown,N/A,Unknown,Dealer,"Medicine Hat, AB","Medicine Hat, AB",,disabled_unverified_location,1734831821,lethbridge,unverified_url_evidence,https://www.kijiji.ca/v-cars-trucks/lethbridge/2022-ford-f-150-2022-ford-f150-lariat/1734831821,,Kijiji
411,2022,Ford,F-150,Unknown,1,30620,No change noted,"Down $9,379 over 10 weeks",10,39999,34999,-4379,-9379,196485,Unknown,Gas,Unknown,N/A,Unknown,Dealer,"Calgary, AB","Calgary, AB",,disabled_unverified_location,1736814536,calgary,unverified_url_evidence,https://www.kijiji.ca/v-cars-trucks/calgary/2022-ford-f-150-lari/1736814536,,Kijiji
412,2022,Ford,F-150,xlt,2,31499,No change noted,Down $500 over 4 weeks,4,31999,31999,-500,-500,182928,Unknown,Gas,Unknown,N/A,Unknown,Dealer,"Camrose, AB","Camrose, AB",,disabled_unverified_location,1739548064,strathcona-county,unverified_url_evidence,https://www.kijiji.ca/v-cars-trucks/strathcona-county/2022-ford-f-150-xlt-trailer-tow-pkg/1739548064,,Kijiji
413,2022,Ford,F-150,Unknown,1,31900,No change noted,"Down $1,000 over 7 weeks",7,32900,31900,0,-1000,150000,Unknown,Gas,Accident reported,N/A,Unknown,Private,"Regina, SK","Regina, SK",,disabled_unverified_location,1738633050,winnipeg,unverified_url_evidence,https://www.kijiji.ca/v-cars-trucks/winnipeg/2022-ford-f-150-xtr-crew-local-o-accident/1738633050,,Kijiji
414,2022,Ford,F-150,xlt,2,31990,No change noted,Unchanged for 10 weeks,10,31990,31990,0,0,131007,Unknown,Gas,Unknown,N/A,Unknown,Dealer,"Calgary, AB","Calgary, AB",,disabled_unverified_location,1725854730,calgary,unverified_url_evidence,https://www.kijiji.ca/v-cars-trucks/calgary/2022-ford-f-150-xlt-no-fees/1725854730,,Kijiji
415,2022,Ford,F-150,xlt,2,31990,No change noted,Unchanged for 10 weeks,10,31990,31990,0,0,144305,Unknown,Gas,Unknown,N/A,Unknown,Dealer,"Calgary, AB","Calgary, AB",,disabled_unverified_location,1737930172,calgary,unverified_url_evidence,https://www.kijiji.ca/v-cars-trucks/calgary/2022-ford-f-150-xlt-4wd-supercrew-5-5-box/1737930172,,Kijiji
416,2022,Ford,F-150,xlt,2,31990,No change noted,Unchanged for 9 weeks,9,31990,31990,0,0,151972,Unknown,Gas,Unknown,N/A,Unknown,Dealer,"Calgary, AB","Calgary, AB",,disabled_unverified_location,1725854742,calgary,unverified_url_evidence,https://www.kijiji.ca/v-cars-trucks/calgary/2022-ford-f-150-xlt-no-fees/1725854742,,Kijiji
417,2022,Ford,F-150,xlt,2,32189,No change noted,Up $311 over 9 weeks,9,31878,32189,0,311,172138,Unknown,Gas,Unknown,N/A,Unknown,Private,"Carstairs, AB","Carstairs, AB",,disabled_unverified_location,1738349259,ottawa,unverified_url_evidence,https://www.kijiji.ca/v-cars-trucks/ottawa/2022-ford-f-150/1738349259,,Kijiji
418,2022,Ford,F-150,xlt,2,32500,No change noted,Unchanged for 1 weeks,1,32500,32500,0,0,149760,Unknown,Gas,Unknown,N/A,Unknown,Dealer,"Edmonton, AB","Edmonton, AB",,disabled_unverified_location,1740473532,edmonton,unverified_url_evidence,https://www.kijiji.ca/v-cars-trucks/edmonton/2022-ford-f-150-xlt-supercrew-145-xtr-pkg-sync-4-keyless/1740473532,,Kijiji
419,2022,Ford,F-150,xlt,2,32608,No change noted,"Down $4,000 over 11 weeks",11,36608,32608,0,-4000,154904,Unknown,Gas,Unknown,N/A,Unknown,Dealer,"Olds, AB","Olds, AB",,disabled_unverified_location,1734303110,medicine-hat,unverified_url_evidence,https://www.kijiji.ca/v-cars-trucks/medicine-hat/2022-ford-f-150/1734303110,,Kijiji
420,2022,Ford,F-150,xlt,2,32795,No change noted,Unchanged for 1 weeks,1,32795,32795,0,0,145950,5.0L,Gas,No accidents reported,N/A,Unknown,Private,"Carstairs, AB","Carstairs, AB",,disabled_unverified_location,1740800452,oakville-halton-region,unverified_url_evidence,https://www.kijiji.ca/v-cars-trucks/oakville-halton-region/2022-ford-f-150/1740800452,,Kijiji
421,2022,Ford,F-150,xlt,2,32888,No change noted,"Up $1,000 over 1 weeks",1,31888,31888,1000,1000,173000,Unknown,Gas,Unknown,N/A,Unknown,Dealer,"Calgary, AB","Calgary, AB",,disabled_unverified_location,1740335086,calgary,unverified_url_evidence,https://www.kijiji.ca/v-cars-trucks/calgary/2022-ford-f-150-xlt/1740335086,,Kijiji
422,2022,Ford,F-150,xlt,2,32990,No change noted,Unchanged for 10 weeks,10,32990,32990,0,0,155069,Unknown,Gas,Unknown,N/A,Unknown,Dealer,"Calgary, AB","Calgary, AB",,disabled_unverified_location,1730600124,calgary,unverified_url_evidence,https://www.kijiji.ca/v-cars-trucks/calgary/2022-ford-f-150-xlt-no-fees/1730600124,,Kijiji
423,2022,Ford,F-150,xlt,2,32995,No change noted,Unchanged for 3 weeks,3,32995,32995,0,0,147824,Unknown,Gas,Unknown,N/A,Unknown,Dealer,"Edmonton, AB","Edmonton, AB",,disabled_unverified_location,1739830507,edmonton,unverified_url_evidence,https://www.kijiji.ca/v-cars-trucks/edmonton/2022-ford-f-150-xlt/1739830507,,Kijiji
424,2022,Ford,F-150,xlt,2,32998,No change noted,Unchanged for 10 weeks,10,32998,32998,0,0,95840,Unknown,Gas,Unknown,N/A,Unknown,Private,"Moose Jaw, SK","Moose Jaw, SK",,disabled_unverified_location,1725363930,ottawa,unverified_url_evidence,https://www.kijiji.ca/v-cars-trucks/ottawa/2022-ford-f-150/1725363930,,Kijiji
425,2022,Ford,F-150,xlt,2,32998,No change noted,First seen this week,0,32998,32998,0,0,132203,Unknown,Gas,Unknown,N/A,Unknown,Private,"Carstairs, AB","Carstairs, AB",,disabled_unverified_location,1740333308,ottawa,unverified_url_evidence,https://www.kijiji.ca/v-cars-trucks/ottawa/2022-ford-f-150/1740333308,,Kijiji
426,2022,Ford,F-150,xlt,2,33500,No change noted,"Down $2,500 over 8 weeks",8,36000,33500,0,-2500,130220,Unknown,Gas,Unknown,N/A,Unknown,Dealer,"Edmonton, AB","Edmonton, AB",,disabled_unverified_location,1738251465,edmonton,unverified_url_evidence,https://www.kijiji.ca/v-cars-trucks/edmonton/2022-ford-f-150-xlt-supercrew-145-sync-4-fog-lights/1738251465,,Kijiji
427,2022,Ford,F-150,Unknown,1,33850,No change noted,First seen this week,0,33850,33850,0,0,143066,Unknown,Gas,Unknown,N/A,Unknown,Dealer,"Calgary, AB","Calgary, AB",,disabled_unverified_location,1740735111,calgary,unverified_url_evidence,https://www.kijiji.ca/v-cars-trucks/calgary/this-pickup-powered-by-a-onl-on-cylinder-gasoline-engine-featuri/1740735111,,Kijiji
428,2022,Ford,F-150,xlt,2,33995,No change noted,"Down $1,000 over 3 weeks",3,34995,33995,0,-1000,132198,Unknown,Gas,Unknown,N/A,Unknown,Private,"Regina, SK","Regina, SK",,disabled_unverified_location,1739692545,winnipeg,unverified_url_evidence,https://www.kijiji.ca/v-cars-trucks/winnipeg/2022-ford-f-150-xlt/1739692545,,Kijiji
429,2022,Ford,F-150,xlt,2,33995,No change noted,"Down $2,000 over 8 weeks",8,35995,32995,1000,-2000,167427,Unknown,Gas,Unknown,N/A,Unknown,Dealer,"Calgary, AB","Calgary, AB",,disabled_unverified_location,1738197835,calgary,unverified_url_evidence,https://www.kijiji.ca/v-cars-trucks/calgary/2022-ford-f-150-xlt-302a-moonroof-max-tow-360-cam/1738197835,,Kijiji
430,2022,Ford,F-150,Unknown,1,34000,No change noted,Unchanged for 1 weeks,1,34000,34000,0,0,124612,Unknown,Gas,Unknown,N/A,Unknown,Private,"Regina, SK","Regina, SK",,disabled_unverified_location,1740703846,winnipeg,unverified_url_evidence,https://www.kijiji.ca/v-cars-trucks/winnipeg/2022-ford-f-150/1740703846,,Kijiji
431,2022,Ford,F-150,lariat,3,34694,No change noted,Unchanged for 11 weeks,11,34694,34694,0,0,184211,Unknown,Gas,Unknown,N/A,Unknown,Private,"Saskatoon, SK","Saskatoon, SK",,disabled_unverified_location,1725855508,saskatoon,unverified_url_evidence,https://www.kijiji.ca/v-cars-trucks/saskatoon/2022-ford-f-150-lariat-leather-seats-cooled-seats/1725855508,,Kijiji
432,2022,Ford,F-150,xlt,2,34995,No change noted,Unchanged for 1 weeks,1,34995,34995,0,0,114000,Unknown,Gas,No accidents reported,N/A,Unknown,Private,"Carstairs, AB","Carstairs, AB",,disabled_unverified_location,1740573125,cambridge,unverified_url_evidence,https://www.kijiji.ca/v-cars-trucks/cambridge/2022-ford-f-150-xlt-no-accidents-5-0-v8/1740573125,,Kijiji
433,2022,Ford,F-150,xl,1,34995,No change noted,First seen this week,0,34995,34995,0,0,150729,Unknown,Gas,Unknown,N/A,Unknown,Dealer,"Calgary, AB","Calgary, AB",,disabled_unverified_location,1740793476,calgary,unverified_url_evidence,https://www.kijiji.ca/v-cars-trucks/calgary/2022-ford-f-150-xl-4wd-supercrew-5-5-box-b-s-a-navi-cam-immacul/1740793476,,Kijiji
434,2022,Ford,F-150,Unknown,1,35000,No change noted,Unchanged for 4 weeks,4,35000,35000,0,0,161000,Unknown,Gas,Salvage/rebuilt,N/A,Unknown,Private,"Camrose, AB","Camrose, AB",,disabled_unverified_location,1739529699,st-albert,unverified_url_evidence,https://www.kijiji.ca/v-cars-trucks/st-albert/ford-f150/1739529699,,Kijiji
435,2022,Ford,F-150,fx4,3,35800,No change noted,First seen this week,0,35800,35800,0,0,166989,3.5L,Gas,Unknown,N/A,Unknown,Dealer,"Calgary, AB","Calgary, AB",,disabled_unverified_location,1740562574,calgary,unverified_url_evidence,https://www.kijiji.ca/v-cars-trucks/calgary/2022-ford-f-150-xlt-302a-sport-3-5l-eco-longbox-fx4/1740562574,,Kijiji
436,2022,Ford,F-150,xlt,2,35888,No change noted,"Down $1,000 over 5 weeks",5,36888,36888,-1000,-1000,154191,Unknown,Gas,Unknown,N/A,Unknown,Private,"Carstairs, AB","Carstairs, AB",,disabled_unverified_location,1738603964,cranbrook,unverified_url_evidence,https://www.kijiji.ca/v-cars-trucks/cranbrook/2022-ford-f-150-xlt-remote-start-apple-carplay-343-b-w/1738603964,,Kijiji
437,2022,Ford,F-150,xlt,2,35888,No change noted,First seen this week,0,35888,35888,0,0,185452,Unknown,Gas,Unknown,N/A,Unknown,Dealer,"Calgary, AB","Calgary, AB",,disabled_unverified_location,1740748800,calgary,unverified_url_evidence,https://www.kijiji.ca/v-cars-trucks/calgary/2022-ford-f-150-xlt/1740748800,,Kijiji
438,2022,Ford,F-150,xlt,2,35988,No change noted,Unchanged for 10 weeks,10,35988,35988,0,0,142100,3.5L,Gas,Unknown,N/A,Unknown,Dealer,"Regina, SK","Regina, SK",,disabled_unverified_location,1735792507,winnipeg,unverified_url_evidence,https://www.kijiji.ca/v-cars-trucks/winnipeg/2022-ford-f-150-xlt-4x4-3-5l-ecoboost-66-box/1735792507,,Kijiji
439,2022,Ford,F-150,xlt,2,35995,No change noted,"Up $6,000 over 8 weeks",8,29995,35995,0,6000,196449,3.5L,Gas,Unknown,N/A,Unknown,Private,"Saskatoon, SK","Saskatoon, SK",,disabled_unverified_location,1736922010,saskatoon,unverified_url_evidence,https://www.kijiji.ca/v-cars-trucks/saskatoon/2022-ford-f-150-xlt-crew-cab-3-5l-v6-command-start-heated-se/1736922010,,Kijiji
440,2022,Ford,F-150,xlt,2,36888,No change noted,First seen this week,0,36888,36888,0,0,168872,Unknown,Gas,Unknown,N/A,Unknown,Dealer,"Calgary, AB","Calgary, AB",,disabled_unverified_location,1740748802,calgary,unverified_url_evidence,https://www.kijiji.ca/v-cars-trucks/calgary/2022-ford-f-150-xlt/1740748802,,Kijiji
441,2022,Ford,F-150,xlt,2,36990,No change noted,Unchanged for 4 weeks,4,36990,36990,0,0,151250,Unknown,Gas,Unknown,N/A,Unknown,Dealer,"Calgary, AB","Calgary, AB",,disabled_unverified_location,1739359934,calgary,unverified_url_evidence,https://www.kijiji.ca/v-cars-trucks/calgary/2022-ford-f-150-xlt-4wd-supercrew-6-5-box/1739359934,,Kijiji
442,2022,Ford,F-150,xlt,2,36998,No change noted,Unchanged for 10 weeks,10,36998,36998,0,0,143203,Unknown,Gas,Unknown,N/A,Unknown,Private,"Regina, SK","Regina, SK",,disabled_unverified_location,1734596591,winnipeg,unverified_url_evidence,https://www.kijiji.ca/v-cars-trucks/winnipeg/2022-ford-f-150-xlt-4wd-supercrew-5-5-box/1734596591,,Kijiji
443,2022,Ford,F-150,lariat,3,37945,No change noted,Unchanged for 8 weeks,8,37945,37945,0,0,139811,3.5L,Gas,Unknown,N/A,Unknown,Dealer,"Edmonton, AB","Edmonton, AB",,disabled_unverified_location,1737657573,edmonton,unverified_url_evidence,https://www.kijiji.ca/v-cars-trucks/edmonton/2022-ford-f-150-lariat-3-5l-nav-sunroof-canopy/1737657573,,Kijiji
444,2022,Ford,F-150,xlt,2,37998,No change noted,Unchanged for 10 weeks,10,37998,37998,0,0,57085,Unknown,Gas,Unknown,N/A,Unknown,Private,"Carstairs, AB","Carstairs, AB",,disabled_unverified_location,1738090942,ottawa,unverified_url_evidence,https://www.kijiji.ca/v-cars-trucks/ottawa/2022-ford-f-150/1738090942,,Kijiji
445,2022,Ford,F-150,xlt,2,37998,No change noted,Unchanged for 1 weeks,1,37998,37998,0,0,118284,Unknown,Gas,Unknown,N/A,Unknown,Private,"Regina, SK","Regina, SK",,disabled_unverified_location,1740290708,winnipeg,unverified_url_evidence,https://www.kijiji.ca/v-cars-trucks/winnipeg/2022-ford-f-150-xlt/1740290708,,Kijiji
446,2022,Ford,F-150,xlt,2,37999,No change noted,"Down $2,000 over 3 weeks",3,39999,38250,-251,-2000,96727,Unknown,Gas,Unknown,N/A,Unknown,Dealer,"Olds, AB","Olds, AB",,disabled_unverified_location,1739924042,medicine-hat,unverified_url_evidence,https://www.kijiji.ca/v-cars-trucks/medicine-hat/2022-ford-f-150-xlt-300a/1739924042,,Kijiji
447,2022,Ford,F-150,xlt,2,37999,No change noted,Unchanged for 2 weeks,2,37999,37999,0,0,127053,Unknown,Gas,Unknown,N/A,Unknown,Dealer,"Saskatoon, SK","Saskatoon, SK",,disabled_unverified_location,1740242120,saskatoon,unverified_url_evidence,https://www.kijiji.ca/v-cars-trucks/saskatoon/2022-ford-f-150-xlt/1740242120,,Kijiji
448,2022,Ford,F-150,Unknown,1,38977,No change noted,"Down $1,018 over 10 weeks",10,39995,39995,-1018,-1018,98588,3.5L,Gas,Unknown,N/A,Unknown,Private,"Swift Current, SK","Swift Current, SK",,disabled_unverified_location,1734259989,moose-jaw,unverified_url_evidence,https://www.kijiji.ca/v-cars-trucks/moose-jaw/2022-ford-f-150-xtr-3-5l-ecoboost-remote-start-trailer-bra/1734259989,,Kijiji
449,2022,Ford,F-150,Unknown,1,38999,No change noted,Unchanged for 10 weeks,10,38999,38999,0,0,167317,Unknown,Gas,No accidents reported,N/A,Unknown,Private,"Regina, SK","Regina, SK",,disabled_unverified_location,1737579813,winnipeg,unverified_url_evidence,https://www.kijiji.ca/v-cars-trucks/winnipeg/2022-ford-f-150-4wd-supercrew-box-accident-free-1-owner/1737579813,,Kijiji
450,2022,Ford,F-150,xlt,2,39409,No change noted,Down $410 over 10 weeks,10,39819,39409,0,-410,69573,Unknown,Gas,Unknown,N/A,Unknown,Dealer,"Edmonton, AB","Edmonton, AB",,disabled_unverified_location,1724535305,edmonton,unverified_url_evidence,https://www.kijiji.ca/v-cars-trucks/edmonton/2022-ford-f-150/1724535305,,Kijiji
451,2022,Ford,F-150,tremor,3,39507,No change noted,"Down $6,000 over 9 weeks",9,45507,39507,0,-6000,141828,3.5L,Gas,Unknown,N/A,Unknown,Dealer,"Edmonton, AB","Edmonton, AB",,disabled_unverified_location,1737875421,edmonton,unverified_url_evidence,https://www.kijiji.ca/v-cars-trucks/edmonton/2022-ford-f-150-tremor-crew-cab-3-5l-ecoboost-carplay/1737875421,,Kijiji
452,2022,Ford,F-150,xlt,2,39682,No change noted,Up $738 over 6 weeks,6,38944,40794,-1112,738,98701,Unknown,Gas,Unknown,N/A,Unknown,Private,"Regina, SK","Regina, SK",,disabled_unverified_location,1733833702,winnipeg,unverified_url_evidence,https://www.kijiji.ca/v-cars-trucks/winnipeg/2022-ford-f-150-xlt-4wd-supercrew-5-5-box-302a-xl-4wd-supercrew/1733833702,,Kijiji
453,2022,Ford,F-150,lariat,3,39900,No change noted,Unchanged for 1 weeks,1,39900,39900,0,0,184000,Unknown,Gas,Unknown,N/A,Unknown,Private,"Regina, SK","Regina, SK",,disabled_unverified_location,1740314392,winnipeg,unverified_url_evidence,https://www.kijiji.ca/v-cars-trucks/winnipeg/f150-ford-black-loaded/1740314392,,Kijiji
454,2022,Ford,F-150,xlt,2,39909,No change noted,Down $139 over 10 weeks,10,40048,39909,0,-139,79143,Unknown,Gas,Unknown,N/A,Unknown,Dealer,"Edmonton, AB","Edmonton, AB",,disabled_unverified_location,1724535444,edmonton,unverified_url_evidence,https://www.kijiji.ca/v-cars-trucks/edmonton/2022-ford-f-150/1724535444,,Kijiji
455,2022,Ford,F-150,lariat,3,39990,No change noted,Unchanged for 10 weeks,10,39990,39990,0,0,156520,Unknown,Gas,Unknown,N/A,Unknown,Dealer,"Calgary, AB","Calgary, AB",,disabled_unverified_location,1725973605,calgary,unverified_url_evidence,https://www.kijiji.ca/v-cars-trucks/calgary/2022-ford-f-150-lariat-no-fees/1725973605,,Kijiji
456,2022,Ford,F-150,xlt,2,39993,No change noted,First seen this week,0,39993,39993,0,0,88001,Unknown,Gas,Unknown,N/A,Unknown,Dealer,"Ponoka, AB","Ponoka, AB",,disabled_unverified_location,1740698501,fort-mcmurray,unverified_url_evidence,https://www.kijiji.ca/v-cars-trucks/fort-mcmurray/2022-ford-f-150-xlt-remote-start-apple-carplay/1740698501,,Kijiji
457,2022,Ford,F-150,Unknown,1,39995,No change noted,Unchanged for 1 weeks,1,39995,39995,0,0,58265,Unknown,Gas,Unknown,N/A,Unknown,Dealer,"Prince Albert, SK","Prince Albert, SK",,disabled_unverified_location,1740470133,owen-sound,unverified_url_evidence,https://www.kijiji.ca/v-cars-trucks/owen-sound/2022-ford-f150-xlt-4x4/1740470133,,Kijiji
458,2022,Ford,F-150,xl,1,39995,No change noted,Unchanged for 4 weeks,4,39995,39995,0,0,65500,Unknown,Gas,Unknown,N/A,Unknown,Private,"Saskatoon, SK","Saskatoon, SK",,disabled_unverified_location,1739638820,saskatoon,unverified_url_evidence,https://www.kijiji.ca/v-cars-trucks/saskatoon/ford-f-150-xl-2022/1739638820,,Kijiji
459,2022,Ford,F-150,lariat,3,39995,No change noted,Unchanged for 2 weeks,2,39995,39995,0,0,162000,5.0L,Gas,No accidents reported,N/A,Unknown,Private,"Moose Jaw, SK","Moose Jaw, SK",,disabled_unverified_location,1740149183,ottawa,unverified_url_evidence,https://www.kijiji.ca/v-cars-trucks/ottawa/2022-ford-f-150-lariat-5-0l-v8-longbox-clean-carfax-pano-roof/1740149183,,Kijiji
460,2022,Ford,F-150,xl,1,39998,No change noted,"Down $2,000 over 10 weeks",10,41998,39998,0,-2000,69724,Unknown,Gas,Unknown,N/A,Unknown,Private,"Carstairs, AB","Carstairs, AB",,disabled_unverified_location,1736813975,ottawa,unverified_url_evidence,https://www.kijiji.ca/v-cars-trucks/ottawa/2022-ford-f-150/1736813975,,Kijiji
461,2022,Ford,F-150,xlt,2,39998,No change noted,Unchanged for 1 weeks,1,39998,39998,0,0,111568,Unknown,Gas,Unknown,N/A,Unknown,Private,"Regina, SK","Regina, SK",,disabled_unverified_location,1740290711,winnipeg,unverified_url_evidence,https://www.kijiji.ca/v-cars-trucks/winnipeg/2022-ford-f-150-xlt-new-arrival/1740290711,,Kijiji
462,2022,Ford,F-150,xlt,2,39999,No change noted,Unchanged for 3 weeks,3,39999,39999,0,0,98779,Unknown,Gas,Unknown,N/A,Unknown,Dealer,"Saskatoon, SK","Saskatoon, SK",,disabled_unverified_location,1740014168,saskatoon,unverified_url_evidence,https://www.kijiji.ca/v-cars-trucks/saskatoon/ford-f-150-xlt-2022/1740014168,,Kijiji
463,2022,Ford,F-150,xlt,2,40090,No change noted,"Down $1,300 over 6 weeks",6,41390,40490,-400,-1300,71642,Unknown,Gas,Unknown,N/A,Unknown,Private,"Moose Jaw, SK","Moose Jaw, SK",,disabled_unverified_location,1737733692,ottawa,unverified_url_evidence,https://www.kijiji.ca/v-cars-trucks/ottawa/2022-ford-f-150-xlt-301a-crew-cab-standard-bed/1737733692,,Kijiji
464,2022,Ford,F-150,xlt,2,40490,No change noted,Unchanged for 1 weeks,1,40490,40490,0,0,95169,Unknown,Gas,Unknown,N/A,Unknown,Private,"Moose Jaw, SK","Moose Jaw, SK",,disabled_unverified_location,1739889149,ottawa,unverified_url_evidence,https://www.kijiji.ca/v-cars-trucks/ottawa/2022-ford-f-150-xlt-302a-crew-cab-short-bed/1739889149,,Kijiji
465,2022,Ford,F-150,Unknown,1,40530,No change noted,First seen this week,0,40530,40530,0,0,96001,Unknown,Gas,Unknown,N/A,Unknown,Dealer,"Carstairs, AB","Carstairs, AB",,disabled_unverified_location,1740883881,la-ronge,unverified_url_evidence,https://www.kijiji.ca/v-cars-trucks/la-ronge/2022-ford-f-150-unknown/1740883881,,Kijiji
466,2022,Ford,F-150,xlt,2,40590,No change noted,Up $200 over 5 weeks,5,40390,40590,0,200,105700,Unknown,Gas,Unknown,N/A,Unknown,Private,"Moose Jaw, SK","Moose Jaw, SK",,disabled_unverified_location,1738926971,ottawa,unverified_url_evidence,https://www.kijiji.ca/v-cars-trucks/ottawa/2022-ford-f-150-xlt-302a-crew-cab-short-bed/1738926971,,Kijiji
467,2022,Ford,F-150,xlt,2,40704,No change noted,Unchanged for 8 weeks,8,40704,40704,0,0,26881,Unknown,Gas,Unknown,N/A,Unknown,Dealer,"Olds, AB","Olds, AB",,disabled_unverified_location,1738397264,medicine-hat,unverified_url_evidence,https://www.kijiji.ca/v-cars-trucks/medicine-hat/2022-ford-f-150-xlt/1738397264,,Kijiji
468,2022,Ford,F-150,xlt,2,40998,No change noted,Unchanged for 10 weeks,10,40998,40998,0,0,99325,Unknown,Gas,Unknown,N/A,Unknown,Private,"Moose Jaw, SK","Moose Jaw, SK",,disabled_unverified_location,1737501818,ottawa,unverified_url_evidence,https://www.kijiji.ca/v-cars-trucks/ottawa/2022-ford-f-150/1737501818,,Kijiji
469,2022,Ford,F-150,xlt,2,40999,No change noted,Unchanged for 1 weeks,1,40999,40999,0,0,92215,Unknown,Gas,Unknown,N/A,Unknown,Dealer,"Saskatoon, SK","Saskatoon, SK",,disabled_unverified_location,1740564794,saskatoon,unverified_url_evidence,https://www.kijiji.ca/v-cars-trucks/saskatoon/2022-ford-f-150-xlt/1740564794,,Kijiji
470,2022,Ford,F-150,xlt,2,41000,No change noted,Unchanged for 4 weeks,4,41000,41000,0,0,64225,Unknown,Gas,Unknown,N/A,Unknown,Private,"Carstairs, AB","Carstairs, AB",,disabled_unverified_location,1739457130,sudbury,unverified_url_evidence,https://www.kijiji.ca/v-cars-trucks/sudbury/2022-ford-f-150/1739457130,,Kijiji
471,2022,Ford,F-150,xlt,2,41562,No change noted,"Down $2,140 over 5 weeks",5,43702,41562,0,-2140,71805,3.5L,Gas,Unknown,N/A,Unknown,Private,"Carstairs, AB","Carstairs, AB",,disabled_unverified_location,1738558034,brandon,unverified_url_evidence,https://www.kijiji.ca/v-cars-trucks/brandon/2022-ford-f-150-xlt-4wd-trailer-pkg-backup-camera/1738558034,,Kijiji
472,2022,Ford,F-150,xlt,2,41890,No change noted,First seen this week,0,41890,41890,0,0,77800,Unknown,Gas,Unknown,N/A,Unknown,Private,"Moose Jaw, SK","Moose Jaw, SK",,disabled_unverified_location,1740528930,ottawa,unverified_url_evidence,https://www.kijiji.ca/v-cars-trucks/ottawa/2022-ford-f-150-xlt-302a-crew-cab-short-bed/1740528930,,Kijiji
473,2022,Ford,F-150,lariat,3,42500,No change noted,Unchanged for 1 weeks,1,42500,42500,0,0,140000,Unknown,Gas,Unknown,N/A,Unknown,Private,"Edmonton, AB","Edmonton, AB",,disabled_unverified_location,1740463969,edmonton,unverified_url_evidence,https://www.kijiji.ca/v-cars-trucks/edmonton/2022-ford-f150-lariat/1740463969,,Kijiji
474,2022,Ford,F-150,lariat,3,42898,No change noted,Unchanged for 1 weeks,1,42898,42898,0,0,99087,Unknown,Gas,Unknown,N/A,Unknown,Private,"Carstairs, AB","Carstairs, AB",,disabled_unverified_location,1740841383,oakville-halton-region,unverified_url_evidence,https://www.kijiji.ca/v-cars-trucks/oakville-halton-region/2022-ford-f-150/1740841383,,Kijiji
475,2022,Ford,F-150,tremor,3,42966,No change noted,"Down $1,870 over 8 weeks",8,44836,42899,67,-1870,122349,Unknown,Gas,Unknown,N/A,Unknown,Dealer,"Edmonton, AB","Edmonton, AB",,disabled_unverified_location,1738352691,edmonton,unverified_url_evidence,https://www.kijiji.ca/v-cars-trucks/edmonton/2022-ford-f-150-tremor-4wd-supercrew-5-5-box/1738352691,,Kijiji
476,2022,Ford,F-150,xlt,2,42980,No change noted,Unchanged for 10 weeks,10,42980,42980,0,0,70331,Unknown,Gas,Unknown,N/A,Unknown,Dealer,"Calgary, AB","Calgary, AB",,disabled_unverified_location,1731476722,calgary,unverified_url_evidence,https://www.kijiji.ca/v-cars-trucks/calgary/2022-ford-f-150-xlt/1731476722,,Kijiji
477,2022,Ford,F-150,lariat,3,42987,No change noted,First seen this week,0,42987,42987,0,0,122550,Unknown,Gas,Unknown,N/A,Unknown,Private,"West Kelowna, BC","West Kelowna, BC",,disabled_unverified_location,1740468241,city-of-toronto,unverified_url_evidence,https://www.kijiji.ca/v-cars-trucks/city-of-toronto/2022-ford-f-150-lariat-4wd-supercrew-ecoboost-fx4offroad-loaded/1740468241,,Kijiji
478,2022,Ford,F-150,xlt,2,42990,No change noted,Unchanged for 5 weeks,5,42990,42990,0,0,36449,3.3L,Gas,Unknown,N/A,Unknown,Dealer,"Edmonton, AB","Edmonton, AB",,disabled_unverified_location,1739068125,edmonton,unverified_url_evidence,https://www.kijiji.ca/v-cars-trucks/edmonton/xlt-supercrew-3-3l-4x4/1739068125,,Kijiji
479,2022,Ford,F-150,lariat,3,42990,No change noted,Unchanged for 5 weeks,5,42990,42990,0,0,134579,Unknown,Gas,Unknown,N/A,Unknown,Dealer,"Calgary, AB","Calgary, AB",,disabled_unverified_location,1739066783,calgary,unverified_url_evidence,https://www.kijiji.ca/v-cars-trucks/calgary/2022-ford-f-150-lariat-4wd-supercrew-5-5-box/1739066783,,Kijiji
480,2022,Ford,F-150,lariat,3,42990,No change noted,Unchanged for 10 weeks,10,42990,42990,0,0,154870,Unknown,Gas,Unknown,N/A,Unknown,Dealer,"Calgary, AB","Calgary, AB",,disabled_unverified_location,1724513610,calgary,unverified_url_evidence,https://www.kijiji.ca/v-cars-trucks/calgary/2022-ford-f-150-lariat-no-fees/1724513610,,Kijiji
481,2022,Ford,F-150,Unknown,1,42995,No change noted,Unchanged for 11 weeks,11,42995,42995,0,0,68866,Unknown,Gas,Unknown,N/A,Unknown,Private,"Saskatoon, SK","Saskatoon, SK",,disabled_unverified_location,1724360099,saskatoon,unverified_url_evidence,https://www.kijiji.ca/v-cars-trucks/saskatoon/2022-ford-f-150/1724360099,,Kijiji
482,2022,Ford,F-150,lariat,3,42997,No change noted,"Up $1,000 over 2 weeks",2,41997,42997,0,1000,138943,Unknown,Gas,Unknown,N/A,Unknown,Dealer,"Carstairs, AB","Carstairs, AB",,disabled_unverified_location,1739966406,grande-prairie,unverified_url_evidence,https://www.kijiji.ca/v-cars-trucks/grande-prairie/2022-ford-f-150-lariat/1739966406,,Kijiji
483,2022,Ford,F-150,fx4,3,43995,No change noted,Unchanged for 9 weeks,9,43995,43995,0,0,90800,3.5L,Gas,Unknown,N/A,Unknown,Private,"Moose Jaw, SK","Moose Jaw, SK",,disabled_unverified_location,1734112388,ottawa,unverified_url_evidence,https://www.kijiji.ca/v-cars-trucks/ottawa/2022-ford-f-150-xlt-fx4-crew-4x4-3-5l-ecoboost-302a-1-owne/1734112388,,Kijiji
484,2022,Ford,F-150,lariat,3,43995,No change noted,Unchanged for 1 weeks,1,43995,43995,0,0,129329,Unknown,Gas,Unknown,N/A,Unknown,Dealer,"Calgary, AB","Calgary, AB",,disabled_unverified_location,1739636498,calgary,unverified_url_evidence,https://www.kijiji.ca/v-cars-trucks/calgary/2022-ford-f-150/1739636498,,Kijiji
485,2022,Ford,F-150,Unknown,1,44500,No change noted,"Down $4,000 over 2 weeks",2,48500,44500,0,-4000,69500,Unknown,Gas,Unknown,N/A,Unknown,Private,"Saskatoon, SK","Saskatoon, SK",,disabled_unverified_location,1740413897,saskatoon,unverified_url_evidence,https://www.kijiji.ca/v-cars-trucks/saskatoon/2022-ford-f-150/1740413897,,Kijiji
486,2022,Ford,F-150,lariat,3,44500,No change noted,"Down $2,000 over 7 weeks",7,46500,44500,0,-2000,151300,Unknown,Gas,Unknown,N/A,Unknown,Dealer,"Edmonton, AB","Edmonton, AB",,disabled_unverified_location,1738456670,edmonton,unverified_url_evidence,https://www.kijiji.ca/v-cars-trucks/edmonton/2022-ford-f-150-lariat-supercrew-157-tow-pkg-co-pilot-360/1738456670,,Kijiji
487,2022,Ford,F-150,xlt,2,44595,No change noted,Unchanged for 3 weeks,3,44595,44595,0,0,123375,Unknown,Gas,Unknown,N/A,Unknown,Private,"Regina, SK","Regina, SK",,disabled_unverified_location,1739692603,winnipeg,unverified_url_evidence,https://www.kijiji.ca/v-cars-trucks/winnipeg/2022-ford-f-150-xlt-12-display-apple-carplay-blind-spot/1739692603,,Kijiji
488,2022,Ford,F-150,lariat,3,44900,No change noted,Unchanged for 10 weeks,10,44900,44900,0,0,123073,3.5L,Gas,No accidents reported,N/A,Unknown,Dealer,"Edmonton, AB","Edmonton, AB",,disabled_unverified_location,1734787172,edmonton,unverified_url_evidence,https://www.kijiji.ca/v-cars-trucks/edmonton/2022-ford-f-150-lariat-4wd-supercrew-5-5-box-3-5l-engine-no-a/1734787172,,Kijiji
489,2022,Ford,F-150,lariat,3,44995,No change noted,Unchanged for 6 weeks,6,44995,44995,0,0,71114,2.7L,Gas,Unknown,N/A,Unknown,Dealer,"Calgary, AB","Calgary, AB",,disabled_unverified_location,1739019320,calgary,unverified_url_evidence,https://www.kijiji.ca/v-cars-trucks/calgary/2022-ford-f-150-lariat-4x4-2-7l-navigation-b-cam-leather/1739019320,,Kijiji
490,2022,Ford,F-150,xlt,2,45000,No change noted,"Down $3,000 over 8 weeks",8,48000,45000,0,-3000,107000,Unknown,Gas,No accidents reported,N/A,Unknown,Private,"Edmonton, AB","Edmonton, AB",,disabled_unverified_location,1738235548,edmonton,unverified_url_evidence,https://www.kijiji.ca/v-cars-trucks/edmonton/2022-f150-xlt/1738235548,,Kijiji
491,2022,Ford,F-150,xlt,2,45000,No change noted,Unchanged for 8 weeks,8,45000,45000,0,0,108000,Unknown,Gas,Unknown,N/A,Unknown,Private,"Saskatoon, SK","Saskatoon, SK",,disabled_unverified_location,1738598669,saskatoon,unverified_url_evidence,https://www.kijiji.ca/v-cars-trucks/saskatoon/2022-ford-f150-xlt-3-5-overland-build/1738598669,,Kijiji
492,2022,Ford,F-150,xlt,2,45000,No change noted,Unchanged for 4 weeks,4,45000,45000,0,0,138700,Unknown,Gas,Unknown,N/A,Unknown,Private,"Saskatoon, SK","Saskatoon, SK",,disabled_unverified_location,1735893454,saskatoon,unverified_url_evidence,https://www.kijiji.ca/v-cars-trucks/saskatoon/2022-f150-xlt-sport/1735893454,,Kijiji
493,2022,Ford,F-150,lariat,3,45000,No change noted,Unchanged for 7 weeks,7,45000,45000,0,0,171000,Unknown,Gas,Unknown,N/A,Unknown,Private,"Medicine Hat, AB","Medicine Hat, AB",,disabled_unverified_location,1736747313,lethbridge,unverified_url_evidence,https://www.kijiji.ca/v-cars-trucks/lethbridge/2022-f150-lariat/1736747313,,Kijiji
494,2022,Ford,F-150,xlt,2,45190,No change noted,First seen this week,0,45190,45190,0,0,84000,Unknown,Gas,Unknown,N/A,Unknown,Private,"Moose Jaw, SK","Moose Jaw, SK",,disabled_unverified_location,1740484501,ottawa,unverified_url_evidence,https://www.kijiji.ca/v-cars-trucks/ottawa/2022-ford-f-150-xlt-crew-cab-standard-bed/1740484501,,Kijiji
495,2022,Ford,F-150,lariat,3,45495,No change noted,"Down $2,500 over 7 weeks",7,47995,45995,-500,-2500,126103,Unknown,Gas,Unknown,N/A,Unknown,Private,"Prince Albert, SK","Prince Albert, SK",,disabled_unverified_location,1737245628,mississauga-peel-region,unverified_url_evidence,https://www.kijiji.ca/v-cars-trucks/mississauga-peel-region/2022-ford-f-150-lariat-v8-loaded-nav-pano-roof/1737245628,,Kijiji
496,2022,Ford,F-150,lariat,3,45499,No change noted,"Down $2,500 over 10 weeks",10,47999,46499,-1000,-2500,75228,Unknown,Gas,Unknown,N/A,Unknown,Dealer,"Camrose, AB","Camrose, AB",,disabled_unverified_location,1737505861,strathcona-county,unverified_url_evidence,https://www.kijiji.ca/v-cars-trucks/strathcona-county/2022-ford-f-150-lariat-trailer-tow-pkg/1737505861,,Kijiji
497,2022,Ford,F-150,xlt,2,45890,No change noted,Down $100 over 6 weeks,6,45990,46290,-400,-100,45707,Unknown,Gas,Unknown,N/A,Unknown,Private,"Moose Jaw, SK","Moose Jaw, SK",,disabled_unverified_location,1738773336,ottawa,unverified_url_evidence,https://www.kijiji.ca/v-cars-trucks/ottawa/2022-ford-f-150-xlt-302a-crew-cab-short-bed/1738773336,,Kijiji
498,2022,Ford,F-150,xlt,2,45990,No change noted,Unchanged for 6 weeks,6,45990,45990,0,0,46501,5.0L,Gas,Unknown,N/A,Unknown,Dealer,"Calgary, AB","Calgary, AB",,disabled_unverified_location,1739112467,calgary,unverified_url_evidence,https://www.kijiji.ca/v-cars-trucks/calgary/2022-ford-f-150-xlt-300a-tow-pkg-5-0l/1739112467,,Kijiji
499,2022,Ford,F-150,xlt,2,45993,No change noted,Unchanged for 3 weeks,3,45993,45993,0,0,45313,Unknown,Gas,Unknown,N/A,Unknown,Dealer,"Ponoka, AB","Ponoka, AB",,disabled_unverified_location,1739778557,fort-mcmurray,unverified_url_evidence,https://www.kijiji.ca/v-cars-trucks/fort-mcmurray/2022-ford-f-150-xlt-remote-start-apple-carplay/1739778557,,Kijiji
500,2022,Ford,F-150,lariat,3,46490,No change noted,"Down $3,500 over 10 weeks",10,49990,46990,-500,-3500,62928,Unknown,Gas,Unknown,N/A,Unknown,Private,"Moose Jaw, SK","Moose Jaw, SK",,disabled_unverified_location,1736624327,ottawa,unverified_url_evidence,https://www.kijiji.ca/v-cars-trucks/ottawa/2022-ford-f-150-lariat-502a-crew-cab-short-bed/1736624327,,Kijiji
501,2022,Ford,F-150,platinum,3,46495,No change noted,Unchanged for 6 weeks,6,46495,46495,0,0,184000,Unknown,Gas,Accident reported,N/A,Unknown,Private,"Regina, SK","Regina, SK",,disabled_unverified_location,1739117437,winnipeg,unverified_url_evidence,https://www.kijiji.ca/v-cars-trucks/winnipeg/2022-ford-f-150-platinum-running-boards-power-liftgate/1739117437,,Kijiji
502,2022,Ford,F-150,xlt,2,46998,No change noted,Unchanged for 2 weeks,2,46998,46998,0,0,59949,Unknown,Gas,Unknown,N/A,Unknown,Private,"Regina, SK","Regina, SK",,disabled_unverified_location,1740154854,winnipeg,unverified_url_evidence,https://www.kijiji.ca/v-cars-trucks/winnipeg/2022-ford-f-150-xlt-new-arrival/1740154854,,Kijiji
503,2022,Ford,F-150,platinum,3,47988,No change noted,"Down $2,001 over 10 weeks",10,49989,48967,-979,-2001,111311,Unknown,Gas,Unknown,N/A,Unknown,Dealer,"Camrose, AB","Camrose, AB",,disabled_unverified_location,1737298860,edmonton,unverified_url_evidence,https://www.kijiji.ca/v-cars-trucks/edmonton/2022-ford-f-150-platinum/1737298860,,Kijiji
504,2022,Ford,F-150,tremor,3,48000,No change noted,Unchanged for 2 weeks,2,48000,48000,0,0,150250,Unknown,Gas,Unknown,N/A,Unknown,Dealer,"Edmonton, AB","Edmonton, AB",,disabled_unverified_location,1740059204,edmonton,unverified_url_evidence,https://www.kijiji.ca/v-cars-trucks/edmonton/2022-ford-f-150-tremor-402a-4x4-supercrew-145/1740059204,,Kijiji
505,2022,Ford,F-150,Unknown,1,48988,No change noted,"Down $1,000 over 5 weeks",5,49988,48988,0,-1000,65655,Unknown,Gas,Unknown,N/A,Unknown,Dealer,"Edmonton, AB","Edmonton, AB",,disabled_unverified_location,1739407873,edmonton,unverified_url_evidence,https://www.kijiji.ca/v-cars-trucks/edmonton/2022-ford-f-150/1739407873,,Kijiji
506,2022,Ford,F-150,xlt,2,49590,No change noted,First seen this week,0,49590,49590,0,0,15108,Unknown,Gas,Unknown,N/A,Unknown,Private,"Moose Jaw, SK","Moose Jaw, SK",,disabled_unverified_location,1740661808,ottawa,unverified_url_evidence,https://www.kijiji.ca/v-cars-trucks/ottawa/2022-ford-f-150-xlt-crew-cab-standard-bed/1740661808,,Kijiji
507,2022,Ford,F-150,lariat,3,49990,No change noted,Unchanged for 2 weeks,2,49990,49990,0,0,85845,Unknown,Gas,Unknown,N/A,Unknown,Dealer,"Calgary, AB","Calgary, AB",,disabled_unverified_location,1740150964,calgary,unverified_url_evidence,https://www.kijiji.ca/v-cars-trucks/calgary/2022-ford-f-150-lariat-4wd/1740150964,,Kijiji
508,2022,Ford,F-150,lariat,3,49993,No change noted,Unchanged for 1 weeks,1,49993,49993,0,0,60356,Unknown,Gas,Unknown,N/A,Unknown,Dealer,"Calgary, AB","Calgary, AB",,disabled_unverified_location,1740241634,calgary,unverified_url_evidence,https://www.kijiji.ca/v-cars-trucks/calgary/2022-ford-f-150-lariat-heated-cooled-leather-seats-sunroof-b/1740241634,,Kijiji
509,2022,Ford,F-150,tremor,3,49995,No change noted,"Down $2,000 over 10 weeks",10,51995,49995,0,-2000,87892,3.5L,Gas,Unknown,N/A,Unknown,Dealer,"Calgary, AB","Calgary, AB",,disabled_unverified_location,1736922594,calgary,unverified_url_evidence,https://www.kijiji.ca/v-cars-trucks/calgary/2022-ford-f-150-tremor-3-5l-ecoboost-401a-pano-roof/1736922594,,Kijiji
510,2022,Ford,F-150,lariat,3,49995,No change noted,Unchanged for 9 weeks,9,49995,49995,0,0,91503,Unknown,Gas,Unknown,N/A,Unknown,Private,"Saskatoon, SK","Saskatoon, SK",,disabled_unverified_location,1738457976,saskatoon,unverified_url_evidence,https://www.kijiji.ca/v-cars-trucks/saskatoon/ford-f-150-lariat-2022/1738457976,,Kijiji
511,2022,Ford,F-150,lariat,3,50190,No change noted,"Down $1,100 over 4 weeks",4,51290,50790,-600,-1100,68070,Unknown,Gas,Unknown,N/A,Unknown,Private,"Moose Jaw, SK","Moose Jaw, SK",,disabled_unverified_location,1739177304,ottawa,unverified_url_evidence,https://www.kijiji.ca/v-cars-trucks/ottawa/2022-ford-f-150-lariat-502a-crew-cab-short-bed/1739177304,,Kijiji
512,2022,Ford,F-150,platinum,3,50218,No change noted,Down $363 over 9 weeks,9,50581,50218,0,-363,115442,Unknown,Gas,Unknown,N/A,Unknown,Dealer,"Calgary, AB","Calgary, AB",,disabled_unverified_location,1737722273,calgary,unverified_url_evidence,https://www.kijiji.ca/v-cars-trucks/calgary/2022-ford-f-150-platinum-heat-cooling-seats-remote-start/1737722273,,Kijiji
513,2022,Ford,F-150,lariat,3,50888,No change noted,First seen this week,0,50888,50888,0,0,98214,Unknown,Gas,Unknown,N/A,Unknown,Dealer,"Camrose, AB","Camrose, AB",,disabled_unverified_location,1740243025,st-albert,unverified_url_evidence,https://www.kijiji.ca/v-cars-trucks/st-albert/2022-ford-f-150-lariat-moonroof-fx4-package-power-boards-5/1740243025,,Kijiji
514,2022,Ford,F-150,lariat,3,50978,No change noted,"Down $2,682 over 6 weeks",6,53660,50978,0,-2682,93025,Unknown,Gas,Unknown,N/A,Unknown,Private,"Carstairs, AB","Carstairs, AB",,disabled_unverified_location,1738086412,regina,unverified_url_evidence,https://www.kijiji.ca/v-cars-trucks/regina/2022-ford-f-150-lariat-supercrew/1738086412,,Kijiji
515,2022,Ford,F-150,lariat,3,51000,No change noted,Up $206 over 6 weeks,6,50794,50794,206,206,76478,Unknown,Gas,Unknown,N/A,Unknown,Private,"Regina, SK","Regina, SK",,disabled_unverified_location,1739015645,winnipeg,unverified_url_evidence,https://www.kijiji.ca/v-cars-trucks/winnipeg/2022-ford-f-150-lariat-leather-seats-360-cam-moonroof/1739015645,,Kijiji
516,2022,Ford,F-150,xl,1,51794,No change noted,First seen this week,0,51794,51794,0,0,97123,Unknown,Gas,Unknown,N/A,Unknown,Private,"Regina, SK","Regina, SK",,disabled_unverified_location,1740609229,winnipeg,unverified_url_evidence,https://www.kijiji.ca/v-cars-trucks/winnipeg/2022-ford-f-150-xl-xl-4wd-supercrew-5-5-box/1740609229,,Kijiji
517,2022,Ford,F-150,lariat,3,51899,No change noted,Down $300 over 11 weeks,11,52199,51899,0,-300,77389,Unknown,Gas,Unknown,N/A,Unknown,Dealer,"Saskatoon, SK","Saskatoon, SK",,disabled_unverified_location,1724524213,saskatoon,unverified_url_evidence,https://www.kijiji.ca/v-cars-trucks/saskatoon/ford-f-150-lariat-2022/1724524213,,Kijiji
518,2022,Ford,F-150,lariat,3,51990,No change noted,Unchanged for 1 weeks,1,51990,51990,0,0,61842,Unknown,Gas,Unknown,N/A,Unknown,Dealer,"Calgary, AB","Calgary, AB",,disabled_unverified_location,1740647429,calgary,unverified_url_evidence,https://www.kijiji.ca/v-cars-trucks/calgary/2022-ford-f-150/1740647429,,Kijiji
519,2022,Ford,F-150,Unknown,1,51990,No change noted,Unchanged for 7 weeks,7,51990,51990,0,0,69800,Unknown,Gas,Unknown,N/A,Unknown,Dealer,"Carstairs, AB","Carstairs, AB",,disabled_unverified_location,1737556735,banff-canmore,unverified_url_evidence,https://www.kijiji.ca/v-cars-trucks/banff-canmore/2022-ford-f-150/1737556735,,Kijiji
520,2022,Ford,F-150,lariat,3,51993,No change noted,"Down $2,000 over 8 weeks",8,53993,53993,-2000,-2000,86810,Unknown,Gas,Unknown,N/A,Unknown,Dealer,"Ponoka, AB","Ponoka, AB",,disabled_unverified_location,1738300590,fort-mcmurray,unverified_url_evidence,https://www.kijiji.ca/v-cars-trucks/fort-mcmurray/2022-ford-f-150-lariat-leather-seats-cooled-seats/1738300590,,Kijiji
521,2022,Ford,F-150,lariat,3,51995,No change noted,Unchanged for 1 weeks,1,51995,51995,0,0,68250,Unknown,Gas,No accidents reported,N/A,Unknown,Private,"Carstairs, AB","Carstairs, AB",,disabled_unverified_location,1740241511,oakville-halton-region,unverified_url_evidence,https://www.kijiji.ca/v-cars-trucks/oakville-halton-region/2022-ford-f-150/1740241511,,Kijiji
522,2022,Ford,F-150,lariat,3,52386,No change noted,Down $70 over 10 weeks,10,52456,52393,-7,-70,56541,Unknown,Gas,No accidents reported,N/A,Unknown,Private,"High River, AB","High River, AB",,disabled_unverified_location,1737559077,hamilton,unverified_url_evidence,https://www.kijiji.ca/v-cars-trucks/hamilton/2022-ford-f-150-lariat-sport-1-owner-no-accidents/1737559077,,Kijiji
523,2022,Ford,F-150,xlt,2,52800,No change noted,First seen this week,0,52800,52800,0,0,54000,Unknown,Gas,Unknown,N/A,Unknown,Private,"Regina, SK","Regina, SK",,disabled_unverified_location,1740915803,winnipeg,unverified_url_evidence,https://www.kijiji.ca/v-cars-trucks/winnipeg/2022-ford-f-150-xlt-4wd-5-5-box-low-kms-sport-pkg-sunroof/1740915803,,Kijiji
524,2022,Ford,F-150,tremor,3,52993,No change noted,"Down $3,000 over 4 weeks",4,55993,55993,-3000,-3000,54669,Unknown,Gas,Unknown,N/A,Unknown,Dealer,"Ponoka, AB","Ponoka, AB",,disabled_unverified_location,1739504728,fort-mcmurray,unverified_url_evidence,https://www.kijiji.ca/v-cars-trucks/fort-mcmurray/2022-ford-f-150-tremor-remote-start-apple-carplay/1739504728,,Kijiji
525,2022,Ford,F-150,lariat,3,53995,No change noted,First seen this week,0,53995,53995,0,0,45912,Unknown,Gas,Unknown,N/A,Unknown,Dealer,"Edmonton, AB","Edmonton, AB",,disabled_unverified_location,1740798339,edmonton,unverified_url_evidence,https://www.kijiji.ca/v-cars-trucks/edmonton/2022-ford-f-150-lariat/1740798339,,Kijiji
526,2022,Ford,F-150,xlt,2,54500,No change noted,Unchanged for 2 weeks,2,54500,54500,0,0,101000,Unknown,Gas,Unknown,N/A,Unknown,Private,"Swift Current, SK","Swift Current, SK",,disabled_unverified_location,1740037498,moose-jaw,unverified_url_evidence,https://www.kijiji.ca/v-cars-trucks/moose-jaw/2022-ford-f-150/1740037498,,Kijiji
527,2022,Ford,F-150,Unknown,1,54500,No change noted,Unchanged for 3 weeks,3,54500,54500,0,0,119000,Unknown,Gas,Unknown,N/A,Unknown,Private,"Calgary, AB","Calgary, AB",,disabled_unverified_location,1739839627,calgary,unverified_url_evidence,https://www.kijiji.ca/v-cars-trucks/calgary/2022-f150-lariat-f150-black-appearance-package/1739839627,,Kijiji
528,2022,Ford,F-150,platinum,3,54608,No change noted,"Down $1,000 over 11 weeks",11,55608,54608,0,-1000,95006,Unknown,Gas,Unknown,N/A,Unknown,Dealer,"Olds, AB","Olds, AB",,disabled_unverified_location,1737661024,medicine-hat,unverified_url_evidence,https://www.kijiji.ca/v-cars-trucks/medicine-hat/2022-ford-f-150/1737661024,,Kijiji
529,2022,Ford,F-150,tremor,3,54990,No change noted,Down $957 over 10 weeks,10,55947,54990,0,-957,60798,Unknown,Gas,Unknown,N/A,Unknown,Private,"Regina, SK","Regina, SK",,disabled_unverified_location,1733424703,winnipeg,unverified_url_evidence,https://www.kijiji.ca/v-cars-trucks/winnipeg/2022-ford-f-150-tremor-401a-12-inch-touchscreen-360-degree/1733424703,,Kijiji
530,2022,Ford,F-150,lariat,3,58800,No change noted,First seen this week,0,58800,58800,0,0,58400,Unknown,Gas,Unknown,N/A,Unknown,Private,"Regina, SK","Regina, SK",,disabled_unverified_location,1737767510,winnipeg,unverified_url_evidence,https://www.kijiji.ca/v-cars-trucks/winnipeg/2022-ford-f-150-lariat-4wd-sunroof-htd-vented-leather-seat/1737767510,,Kijiji
531,2022,Ford,F-150,lariat,3,59980,No change noted,First seen this week,0,59980,59980,0,0,72858,Unknown,Gas,Unknown,N/A,Unknown,Private,"Regina, SK","Regina, SK",,disabled_unverified_location,1734446979,winnipeg,unverified_url_evidence,https://www.kijiji.ca/v-cars-trucks/winnipeg/2022-ford-f150-lariat-6-lift-20-rims-35-tires-one-o/1734446979,,Kijiji
532,2022,Ford,F-150,lariat,3,59998,No change noted,Unchanged for 6 weeks,6,59998,59998,0,0,59185,Unknown,Gas,Unknown,N/A,Unknown,Private,"Regina, SK","Regina, SK",,disabled_unverified_location,1738406598,winnipeg,unverified_url_evidence,https://www.kijiji.ca/v-cars-trucks/winnipeg/2022-ford-f-150-lariat-501a-4wd-supercrew-5-5-box/1738406598,,Kijiji
533,2023,Ford,F-150,xlt,2,25099,No change noted,"Down $1,900 over 11 weeks",11,26999,25099,0,-1900,220854,Unknown,Gas,Unknown,N/A,Unknown,Dealer,"Olds, AB","Olds, AB",,disabled_unverified_location,1737714283,medicine-hat,unverified_url_evidence,https://www.kijiji.ca/v-cars-trucks/medicine-hat/2023-ford-f-150-xlt/1737714283,,Kijiji
534,2023,Ford,F-150,xlt,2,29995,No change noted,Unchanged for 1 weeks,1,29995,29995,0,0,177532,Unknown,Gas,Unknown,N/A,Unknown,Dealer,"Edmonton, AB","Edmonton, AB",,disabled_unverified_location,1740474338,edmonton,unverified_url_evidence,https://www.kijiji.ca/v-cars-trucks/edmonton/2023-ford-f-150-xlt/1740474338,,Kijiji
535,2023,Ford,F-150,xlt,2,31988,No change noted,Unchanged for 2 weeks,2,31988,31988,0,0,160998,Unknown,Gas,Accident reported,N/A,Unknown,Dealer,"Calgary, AB","Calgary, AB",,disabled_unverified_location,1739962825,calgary,unverified_url_evidence,https://www.kijiji.ca/v-cars-trucks/calgary/2023-ford-f-150-xlt-crew-cab-navigation-bluetooth-heated-mirrors/1739962825,,Kijiji
536,2023,Ford,F-150,xlt,2,31997,No change noted,Unchanged for 1 weeks,1,31997,31997,0,0,157819,Unknown,Gas,Unknown,N/A,Unknown,Private,"Saskatoon, SK","Saskatoon, SK",,disabled_unverified_location,1740611260,saskatoon,unverified_url_evidence,https://www.kijiji.ca/v-cars-trucks/saskatoon/2023-ford-f-150-xlt/1740611260,,Kijiji
537,2023,Ford,F-150,xlt,2,32750,No change noted,Down $240 over 9 weeks,9,32990,32990,-240,-240,168500,Unknown,Gas,Unknown,N/A,Unknown,Private,"Calgary, AB","Calgary, AB",,disabled_unverified_location,1737893469,calgary,unverified_url_evidence,https://www.kijiji.ca/v-cars-trucks/calgary/2023-ford-f150-xlt-supercrew/1737893469,,Kijiji
538,2023,Ford,F-150,fx4,3,33000,No change noted,"Down $2,000 over 10 weeks",10,35000,33000,0,-2000,128021,Unknown,Gas,Unknown,N/A,Unknown,Dealer,"Edmonton, AB","Edmonton, AB",,disabled_unverified_location,1736766909,edmonton,unverified_url_evidence,https://www.kijiji.ca/v-cars-trucks/edmonton/2023-ford-f-150-xlt-supercab-145-tow-pkg-fx4-pkg-sync-4/1736766909,,Kijiji
539,2023,Ford,F-150,xlt,2,33795,No change noted,"Down $2,200 over 10 weeks",10,35995,33795,0,-2200,140530,3.5L,Gas,No accidents reported,N/A,Unknown,Private,"Carstairs, AB","Carstairs, AB",,disabled_unverified_location,1734740178,oakville-halton-region,unverified_url_evidence,https://www.kijiji.ca/v-cars-trucks/oakville-halton-region/2023-ford-f-150/1734740178,,Kijiji
540,2023,Ford,F-150,xlt,2,33990,No change noted,Unchanged for 1 weeks,1,33990,33990,0,0,183636,Unknown,Gas,Unknown,N/A,Unknown,Dealer,"Calgary, AB","Calgary, AB",,disabled_unverified_location,1740289256,calgary,unverified_url_evidence,https://www.kijiji.ca/v-cars-trucks/calgary/2023-ford-f-150-xlt-4wd-supercrew-5-5-box/1740289256,,Kijiji
541,2023,Ford,F-150,xlt,2,34888,No change noted,First seen this week,0,34888,34888,0,0,177000,Unknown,Gas,Unknown,N/A,Unknown,Dealer,"Calgary, AB","Calgary, AB",,disabled_unverified_location,1740702174,calgary,unverified_url_evidence,https://www.kijiji.ca/v-cars-trucks/calgary/2023-ford-f-150-xlt/1740702174,,Kijiji
542,2023,Ford,F-150,xl,1,34977,No change noted,Unchanged for 3 weeks,3,34977,34977,0,0,50399,Unknown,Gas,Unknown,N/A,Unknown,Dealer,"Calgary, AB","Calgary, AB",,disabled_unverified_location,1739636467,calgary,unverified_url_evidence,https://www.kijiji.ca/v-cars-trucks/calgary/2023-ford-f-150-xl-v6-5-5-box-navi-backup-camera/1739636467,,Kijiji
543,2023,Ford,F-150,xlt,2,34990,No change noted,"Down $2,000 over 10 weeks",10,36990,34990,0,-2000,148853,Unknown,Gas,Unknown,N/A,Unknown,Dealer,"Calgary, AB","Calgary, AB",,disabled_unverified_location,1732461339,calgary,unverified_url_evidence,https://www.kijiji.ca/v-cars-trucks/calgary/2023-ford-f-150-xlt-no-fees/1732461339,,Kijiji
544,2023,Ford,F-150,fx4,3,36000,No change noted,"Down $2,000 over 8 weeks",8,38000,36000,0,-2000,103086,Unknown,Gas,Unknown,N/A,Unknown,Dealer,"Edmonton, AB","Edmonton, AB",,disabled_unverified_location,1738351698,edmonton,unverified_url_evidence,https://www.kijiji.ca/v-cars-trucks/edmonton/2023-ford-f-150-xlt-supercab-145-fx4-pkg-tow-pkg-sync-4/1738351698,,Kijiji
545,2023,Ford,F-150,fx4,3,36000,No change noted,"Down $2,000 over 10 weeks",10,38000,36000,0,-2000,116297,Unknown,Gas,Unknown,N/A,Unknown,Dealer,"Edmonton, AB","Edmonton, AB",,disabled_unverified_location,1738036219,edmonton,unverified_url_evidence,https://www.kijiji.ca/v-cars-trucks/edmonton/2023-ford-f-150-xlt-supercab-145-fx4-pkg-sync-4-tow-pkg/1738036219,,Kijiji
546,2023,Ford,F-150,lariat,3,36995,No change noted,Unchanged for 8 weeks,8,36995,36995,0,0,253860,Unknown,Gas,Unknown,N/A,Unknown,Dealer,"Calgary, AB","Calgary, AB",,disabled_unverified_location,1737209330,calgary,unverified_url_evidence,https://www.kijiji.ca/v-cars-trucks/calgary/2023-ford-f-150-lariat/1737209330,,Kijiji
547,2023,Ford,F-150,xlt,2,37000,No change noted,Unchanged for 3 weeks,3,37000,37000,0,0,111049,Unknown,Gas,Unknown,N/A,Unknown,Dealer,"Edmonton, AB","Edmonton, AB",,disabled_unverified_location,1739877872,edmonton,unverified_url_evidence,https://www.kijiji.ca/v-cars-trucks/edmonton/2023-ford-f-150-xlt-supercrew-145-tow-pkg-sync-4-rem/1739877872,,Kijiji
548,2023,Ford,F-150,xlt,2,37900,No change noted,"Down $1,900 over 10 weeks",10,39800,37900,0,-1900,129343,Unknown,Gas,No accidents reported,N/A,Unknown,Dealer,"Calgary, AB","Calgary, AB",,disabled_unverified_location,1736769081,calgary,unverified_url_evidence,https://www.kijiji.ca/v-cars-trucks/calgary/2023-ford-f-150-xlt-sport-302a-2-7l-eco-no-accidents/1736769081,,Kijiji
549,2023,Ford,F-150,xlt,2,38800,No change noted,"Down $2,300 over 9 weeks",9,41100,38900,-100,-2300,75500,3.5L,Gas,Unknown,N/A,Unknown,Private,"Carstairs, AB","Carstairs, AB",,disabled_unverified_location,1730226098,guelph,unverified_url_evidence,https://www.kijiji.ca/v-cars-trucks/guelph/2023-ford-f-150-xlt-crew-4x4-3-5l-ecoboost-trailer-brake/1730226098,,Kijiji
550,2023,Ford,F-150,xlt,2,38990,No change noted,"Down $1,000 over 10 weeks",10,39990,38990,0,-1000,149486,Unknown,Gas,Unknown,N/A,Unknown,Dealer,"Calgary, AB","Calgary, AB",,disabled_unverified_location,1725973608,calgary,unverified_url_evidence,https://www.kijiji.ca/v-cars-trucks/calgary/2023-ford-f-150-xlt-no-fees/1725973608,,Kijiji
551,2023,Ford,F-150,xlt,2,39214,No change noted,Unchanged for 6 weeks,6,39214,39214,0,0,162789,Unknown,Gas,No accidents reported,N/A,Unknown,Private,"Regina, SK","Regina, SK",,disabled_unverified_location,1738707464,winnipeg,unverified_url_evidence,https://www.kijiji.ca/v-cars-trucks/winnipeg/2023-ford-f-150-xlt-supercrew-360-cam-clean-carfax/1738707464,,Kijiji
552,2023,Ford,F-150,xlt,2,39862,No change noted,First seen this week,0,39862,39862,0,0,113421,5.0L,Gas,Unknown,N/A,Unknown,Dealer,"Edmonton, AB","Edmonton, AB",,disabled_unverified_location,1740650307,edmonton,unverified_url_evidence,https://www.kijiji.ca/v-cars-trucks/edmonton/2023-ford-f-150-xlt-5-0l-v8-6-5ft-box-rstart-tow-pkg/1740650307,,Kijiji
553,2023,Ford,F-150,xlt,2,39888,No change noted,Unchanged for 5 weeks,5,39888,39888,0,0,168833,Unknown,Gas,Unknown,N/A,Unknown,Dealer,"Olds, AB","Olds, AB",,disabled_unverified_location,1739507744,medicine-hat,unverified_url_evidence,https://www.kijiji.ca/v-cars-trucks/medicine-hat/2023-ford-f-150-xlt/1739507744,,Kijiji
554,2023,Ford,F-150,xlt,2,39980,No change noted,Unchanged for 7 weeks,7,39980,39980,0,0,92010,Unknown,Gas,Unknown,N/A,Unknown,Dealer,"Edmonton, AB","Edmonton, AB",,disabled_unverified_location,1738608775,edmonton,unverified_url_evidence,https://www.kijiji.ca/v-cars-trucks/edmonton/2023-ford-f-150-xlt/1738608775,,Kijiji
555,2023,Ford,F-150,xlt,2,39990,No change noted,Unchanged for 9 weeks,9,39990,39990,0,0,116382,Unknown,Gas,Unknown,N/A,Unknown,Dealer,"Calgary, AB","Calgary, AB",,disabled_unverified_location,1736551022,calgary,unverified_url_evidence,https://www.kijiji.ca/v-cars-trucks/calgary/2023-ford-f-150-xlt-4wd-supercrew-6-5-box/1736551022,,Kijiji
556,2023,Ford,F-150,xlt,2,39995,No change noted,Unchanged for 7 weeks,7,39995,39995,0,0,85906,Unknown,Gas,Unknown,N/A,Unknown,Private,"Medicine Hat, AB","Medicine Hat, AB",,disabled_unverified_location,1738240850,lethbridge,unverified_url_evidence,https://www.kijiji.ca/v-cars-trucks/lethbridge/2023-ford-f150-xlt-4x4-supercrew/1738240850,,Kijiji
557,2023,Ford,F-150,lariat,3,39999,No change noted,"Down $1,001 over 1 weeks",1,41000,41000,-1001,-1001,168655,Unknown,Gas,Unknown,N/A,Unknown,Private,"Edmonton, AB","Edmonton, AB",,disabled_unverified_location,1740342727,edmonton,unverified_url_evidence,https://www.kijiji.ca/v-cars-trucks/edmonton/2023-f150-lariat-fx4-price-reduced/1740342727,,Kijiji
558,2023,Ford,F-150,xlt,2,40043,No change noted,"Down $2,009 over 9 weeks",9,42052,40143,-100,-2009,92341,Unknown,Gas,Unknown,N/A,Unknown,Dealer,"Carstairs, AB","Carstairs, AB",,disabled_unverified_location,1724646265,grande-prairie,unverified_url_evidence,https://www.kijiji.ca/v-cars-trucks/grande-prairie/2023-ford-f-150-xlt/1724646265,,Kijiji
559,2023,Ford,F-150,xlt,2,40321,No change noted,Up $323 over 4 weeks,4,39998,40321,0,323,77888,Unknown,Gas,No accidents reported,N/A,Unknown,Dealer,"Camrose, AB","Camrose, AB",,disabled_unverified_location,1739778108,edmonton,unverified_url_evidence,https://www.kijiji.ca/v-cars-trucks/edmonton/2023-ford-f-150-xlt-accident-free-carfax/1739778108,,Kijiji
560,2023,Ford,F-150,xlt,2,40995,No change noted,"Down $1,000 over 8 weeks",8,41995,41495,-500,-1000,65926,Unknown,Gas,No accidents reported,N/A,Unknown,Private,"Wetaskiwin, AB","Wetaskiwin, AB",,disabled_unverified_location,1734692452,hamilton,unverified_url_evidence,https://www.kijiji.ca/v-cars-trucks/hamilton/2023-ford-f-150-xlt/1734692452,,Kijiji
561,2023,Ford,F-150,xlt,2,41495,No change noted,Unchanged for 8 weeks,8,41495,41495,0,0,86000,Unknown,Gas,Unknown,N/A,Unknown,Private,"Carstairs, AB","Carstairs, AB",,disabled_unverified_location,1731287966,saint-john,unverified_url_evidence,https://www.kijiji.ca/v-cars-trucks/saint-john/2023-ford-f-150-xlt-we-finance-as-low-as-59-a-week/1731287966,,Kijiji
562,2023,Ford,F-150,xlt,2,41500,No change noted,Unchanged for 1 weeks,1,41500,41500,0,0,43081,Unknown,Gas,Unknown,N/A,Unknown,Dealer,"Edmonton, AB","Edmonton, AB",,disabled_unverified_location,1740473524,edmonton,unverified_url_evidence,https://www.kijiji.ca/v-cars-trucks/edmonton/2023-ford-f-150-xlt-supercrew-145-xtr-pkg-keyless-entry/1740473524,,Kijiji
563,2023,Ford,F-150,xlt,2,41995,No change noted,Unchanged for 3 weeks,3,41995,41995,0,0,98743,Unknown,Gas,Unknown,N/A,Unknown,Dealer,"Edmonton, AB","Edmonton, AB",,disabled_unverified_location,1739778658,edmonton,unverified_url_evidence,https://www.kijiji.ca/v-cars-trucks/edmonton/2023-ford-f-150-xlt/1739778658,,Kijiji
564,2023,Ford,F-150,Unknown,1,41999,No change noted,"Down $2,000 over 10 weeks",10,43999,41999,0,-2000,71473,Unknown,Gas,Unknown,N/A,Unknown,Dealer,"Medicine Hat, AB","Medicine Hat, AB",,disabled_unverified_location,1737041869,lethbridge,unverified_url_evidence,https://www.kijiji.ca/v-cars-trucks/lethbridge/2023-ford-f-150-stx-2500-off-built-ford-tough-and-you-get-to/1737041869,,Kijiji
565,2023,Ford,F-150,lariat,3,42000,No change noted,First seen this week,0,42000,42000,0,0,120180,Unknown,Gas,Unknown,N/A,Unknown,Dealer,"Calgary, AB","Calgary, AB",,disabled_unverified_location,1740744050,calgary,unverified_url_evidence,https://www.kijiji.ca/v-cars-trucks/calgary/2023-ford-f-150-lariat/1740744050,,Kijiji
566,2023,Ford,F-150,xlt,2,42800,No change noted,First seen this week,0,42800,42800,0,0,133000,3.5L,Gas,Unknown,N/A,Unknown,Private,"Regina, SK","Regina, SK",,disabled_unverified_location,1740915985,winnipeg,unverified_url_evidence,https://www.kijiji.ca/v-cars-trucks/winnipeg/2023-ford-f-150-xlt-prem-3-5l-eco-boost-4x4-loaded-buckets-cle/1740915985,,Kijiji
567,2023,Ford,F-150,lariat,3,42990,No change noted,Unchanged for 10 weeks,10,42990,42990,0,0,157169,Unknown,Gas,Unknown,N/A,Unknown,Dealer,"Calgary, AB","Calgary, AB",,disabled_unverified_location,1725732619,calgary,unverified_url_evidence,https://www.kijiji.ca/v-cars-trucks/calgary/2023-ford-f-150-lariat-no-fees/1725732619,,Kijiji
568,2023,Ford,F-150,xlt,2,43362,No change noted,"Up $2,368 over 10 weeks",10,40994,43362,0,2368,80260,Unknown,Gas,No accidents reported,N/A,Unknown,Private,"Moose Jaw, SK","Moose Jaw, SK",,disabled_unverified_location,1732321222,ottawa,unverified_url_evidence,https://www.kijiji.ca/v-cars-trucks/ottawa/2023-ford-f-150-xlt-apple-car-play-shift-on-the-fly-4x4/1732321222,,Kijiji
569,2023,Ford,F-150,xl,1,43449,No change noted,First seen this week,0,43449,43449,0,0,1066645,Unknown,Gas,Unknown,N/A,Unknown,Private,"Moose Jaw, SK","Moose Jaw, SK",,disabled_unverified_location,1740606525,ottawa,unverified_url_evidence,https://www.kijiji.ca/v-cars-trucks/ottawa/2023-ford-f-150-xl/1740606525,,Kijiji
570,2023,Ford,F-150,xlt,2,43699,No change noted,Up $700 over 6 weeks,6,42999,43699,0,700,113609,5.0L,Gas,No accidents reported,N/A,Unknown,Private,"Brooks, AB","Brooks, AB",,disabled_unverified_location,1739013669,windsor-area-on,unverified_url_evidence,https://www.kijiji.ca/v-cars-trucks/windsor-area-on/2023-ford-f-150-xlt-5-0l-v8-remote-start-navigation/1739013669,,Kijiji
571,2023,Ford,F-150,xlt,2,43777,No change noted,"Down $2,212 over 8 weeks",8,45989,44989,-1212,-2212,105588,Unknown,Gas,Unknown,N/A,Unknown,Dealer,"Camrose, AB","Camrose, AB",,disabled_unverified_location,1737135991,st-albert,unverified_url_evidence,https://www.kijiji.ca/v-cars-trucks/st-albert/2023-ford-f-150-xlt-4wd-supercrew-5-5-box-for-sale/1737135991,,Kijiji
572,2023,Ford,F-150,xlt,2,43966,No change noted,"Down $1,033 over 10 weeks",10,44999,44377,-411,-1033,86546,3.5L,Gas,Unknown,N/A,Unknown,Dealer,"Calgary, AB","Calgary, AB",,disabled_unverified_location,1737984591,calgary,unverified_url_evidence,https://www.kijiji.ca/v-cars-trucks/calgary/2023-ford-f-150-xlt-3-5l-ecoboost-remote-start/1737984591,,Kijiji
573,2023,Ford,F-150,xlt,2,43980,No change noted,Unchanged for 7 weeks,7,43980,43980,0,0,87741,Unknown,Gas,Unknown,N/A,Unknown,Dealer,"Calgary, AB","Calgary, AB",,disabled_unverified_location,1738352534,calgary,unverified_url_evidence,https://www.kijiji.ca/v-cars-trucks/calgary/2023-ford-f-150-xlt/1738352534,,Kijiji
574,2023,Ford,F-150,xlt,2,43998,No change noted,Unchanged for 3 weeks,3,43998,43998,0,0,88227,3.5L,Gas,Unknown,N/A,Unknown,Dealer,"Calgary, AB","Calgary, AB",,disabled_unverified_location,1739688154,st-albert,unverified_url_evidence,https://www.kijiji.ca/v-cars-trucks/st-albert/2023-ford-f-150-xlt-crew-4x4-3-5l-ecoboost-nav-capable/1739688154,,Kijiji
575,2023,Ford,F-150,xlt,2,43998,No change noted,Unchanged for 2 weeks,2,43998,43998,0,0,126601,Unknown,Gas,Unknown,N/A,Unknown,Private,"Regina, SK","Regina, SK",,disabled_unverified_location,1740154853,winnipeg,unverified_url_evidence,https://www.kijiji.ca/v-cars-trucks/winnipeg/2023-ford-f-150-xlt-302a-4wd-supercrew-5-5-box/1740154853,,Kijiji
576,2023,Ford,F-150,xlt,2,43999,No change noted,Unchanged for 2 weeks,2,43999,43999,0,0,88680,Unknown,Gas,Unknown,N/A,Unknown,Dealer,"Camrose, AB","Camrose, AB",,disabled_unverified_location,1740013672,strathcona-county,unverified_url_evidence,https://www.kijiji.ca/v-cars-trucks/strathcona-county/2023-ford-f-150-xlt-trailer-tow-pkg/1740013672,,Kijiji
577,2023,Ford,F-150,xlt,2,43999,No change noted,Unchanged for 1 weeks,1,43999,43999,0,0,122883,Unknown,Gas,Unknown,N/A,Unknown,Dealer,"Saskatoon, SK","Saskatoon, SK",,disabled_unverified_location,1740154074,saskatoon,unverified_url_evidence,https://www.kijiji.ca/v-cars-trucks/saskatoon/ford-f-150-xlt-2023/1740154074,,Kijiji
578,2023,Ford,F-150,xlt,2,44000,No change noted,Unchanged for 1 weeks,1,44000,44000,0,0,50503,Unknown,Gas,Unknown,N/A,Unknown,Private,"Regina, SK","Regina, SK",,disabled_unverified_location,1740379122,winnipeg,unverified_url_evidence,https://www.kijiji.ca/v-cars-trucks/winnipeg/2023-ford-f-150-xlt/1740379122,,Kijiji
579,2023,Ford,F-150,Unknown,1,44695,No change noted,Unchanged for 1 weeks,1,44695,44695,0,0,99413,Unknown,Gas,Unknown,N/A,Unknown,Private,"Regina, SK","Regina, SK",,disabled_unverified_location,1740802666,winnipeg,unverified_url_evidence,https://www.kijiji.ca/v-cars-trucks/winnipeg/2023-ford-f-150/1740802666,,Kijiji
580,2023,Ford,F-150,xl,1,44871,No change noted,"Down $1,847 over 9 weeks",9,46718,45355,-484,-1847,53563,Unknown,Gas,Unknown,N/A,Unknown,Dealer,"Edmonton, AB","Edmonton, AB",,disabled_unverified_location,1734116966,edmonton,unverified_url_evidence,https://www.kijiji.ca/v-cars-trucks/edmonton/2023-ford-f-150-xl-one-owner-apple-carplay-low-kms/1734116966,,Kijiji
581,2023,Ford,F-150,xlt,2,44895,No change noted,Unchanged for 6 weeks,6,44895,44895,0,0,128833,Unknown,Gas,Unknown,N/A,Unknown,Dealer,"Edmonton, AB","Edmonton, AB",,disabled_unverified_location,1738989921,edmonton,unverified_url_evidence,https://www.kijiji.ca/v-cars-trucks/edmonton/2023-ford-f-150-xlt-4x4-supercrew-5-5-box/1738989921,,Kijiji
582,2023,Ford,F-150,lariat,3,44990,No change noted,Unchanged for 10 weeks,10,44990,44990,0,0,145952,Unknown,Gas,Unknown,N/A,Unknown,Dealer,"Calgary, AB","Calgary, AB",,disabled_unverified_location,1725854727,calgary,unverified_url_evidence,https://www.kijiji.ca/v-cars-trucks/calgary/2023-ford-f-150-lariat-no-fees/1725854727,,Kijiji
583,2023,Ford,F-150,lariat,3,44990,No change noted,Unchanged for 1 weeks,1,44990,44990,0,0,151663,Unknown,Gas,Unknown,N/A,Unknown,Dealer,"Calgary, AB","Calgary, AB",,disabled_unverified_location,1740289257,calgary,unverified_url_evidence,https://www.kijiji.ca/v-cars-trucks/calgary/2023-ford-f-150-lariat-4wd-supercrew-5-5-box/1740289257,,Kijiji
584,2023,Ford,F-150,xlt,2,45794,No change noted,Unchanged for 1 weeks,1,45794,45794,0,0,74822,Unknown,Gas,Unknown,N/A,Unknown,Private,"Regina, SK","Regina, SK",,disabled_unverified_location,1740336630,winnipeg,unverified_url_evidence,https://www.kijiji.ca/v-cars-trucks/winnipeg/2023-ford-f-150-xlt-xlt-4wd-supercrew-5-5-box-301a/1740336630,,Kijiji
585,2023,Ford,F-150,xlt,2,45909,No change noted,"Down $1,390 over 10 weeks",10,47299,45909,0,-1390,90328,Unknown,Gas,Unknown,N/A,Unknown,Dealer,"Medicine Hat, AB","Medicine Hat, AB",,disabled_unverified_location,1736014665,lethbridge,unverified_url_evidence,https://www.kijiji.ca/v-cars-trucks/lethbridge/2023-ford-f-150/1736014665,,Kijiji
586,2023,Ford,F-150,xl,1,45990,No change noted,"Down $1,000 over 6 weeks",6,46990,45990,0,-1000,118723,Unknown,Gas,Unknown,N/A,Unknown,Dealer,"Calgary, AB","Calgary, AB",,disabled_unverified_location,1738810765,calgary,unverified_url_evidence,https://www.kijiji.ca/v-cars-trucks/calgary/2023-ford-f-150-xl/1738810765,,Kijiji
587,2023,Ford,F-150,xlt,2,45995,No change noted,Unchanged for 9 weeks,9,45995,45995,0,0,89224,Unknown,Gas,Unknown,N/A,Unknown,Private,"Regina, SK","Regina, SK",,disabled_unverified_location,1736714480,winnipeg,unverified_url_evidence,https://www.kijiji.ca/v-cars-trucks/winnipeg/2023-ford-f-150-xlt-navigation-blind-spot-monitoring/1736714480,,Kijiji
588,2023,Ford,F-150,xlt,2,45995,No change noted,"Up $1,100 over 6 weeks",6,44895,45995,0,1100,99840,Unknown,Gas,Unknown,N/A,Unknown,Dealer,"Edmonton, AB","Edmonton, AB",,disabled_unverified_location,1739114523,edmonton,unverified_url_evidence,https://www.kijiji.ca/v-cars-trucks/edmonton/2023-ford-f-150-xlt-4x4-supercrew-5-5-box/1739114523,,Kijiji
589,2023,Ford,F-150,xl,1,45998,No change noted,Unchanged for 2 weeks,2,45998,45998,0,0,104251,Unknown,Gas,Unknown,N/A,Unknown,Private,"Regina, SK","Regina, SK",,disabled_unverified_location,1739970655,winnipeg,unverified_url_evidence,https://www.kijiji.ca/v-cars-trucks/winnipeg/2023-ford-f-150-xl-4wd-supercrew-5-5-box/1739970655,,Kijiji
590,2023,Ford,F-150,xlt,2,46490,No change noted,"Down $4,000 over 10 weeks",10,50490,46990,-500,-4000,66300,Unknown,Gas,Unknown,N/A,Unknown,Private,"Moose Jaw, SK","Moose Jaw, SK",,disabled_unverified_location,1737413613,ottawa,unverified_url_evidence,https://www.kijiji.ca/v-cars-trucks/ottawa/2023-ford-f-150-xlt-302a-crew-cab-short-bed/1737413613,,Kijiji
591,2023,Ford,F-150,xlt,2,46690,No change noted,"Down $1,300 over 10 weeks",10,47990,47190,-500,-1300,62391,Unknown,Gas,Unknown,N/A,Unknown,Private,"Moose Jaw, SK","Moose Jaw, SK",,disabled_unverified_location,1737784110,ottawa,unverified_url_evidence,https://www.kijiji.ca/v-cars-trucks/ottawa/2023-ford-f-150-xlt-302a-crew-cab-short-bed/1737784110,,Kijiji
592,2023,Ford,F-150,xlt,2,46737,No change noted,Unchanged for 4 weeks,4,46737,46737,0,0,81564,Unknown,Gas,Unknown,N/A,Unknown,Private,"Carstairs, AB","Carstairs, AB",,disabled_unverified_location,1739306089,moncton,unverified_url_evidence,https://www.kijiji.ca/v-cars-trucks/moncton/2023-ford-f-150-xlt/1739306089,,Kijiji
593,2023,Ford,F-150,xlt,2,46799,No change noted,Unchanged for 6 weeks,6,46799,46799,0,0,55840,5.0L,Gas,Unknown,N/A,Unknown,Private,"Moose Jaw, SK","Moose Jaw, SK",,disabled_unverified_location,1738702665,ottawa,unverified_url_evidence,https://www.kijiji.ca/v-cars-trucks/ottawa/2023-ford-f-150-xlt-4x4-8-foot-box-5-0l-v8-xlt-superc/1738702665,,Kijiji
594,2023,Ford,F-150,xlt,2,46993,No change noted,"Down $7,000 over 8 weeks",8,53993,49993,-3000,-7000,79135,Unknown,Gas,Unknown,N/A,Unknown,Dealer,"Ponoka, AB","Ponoka, AB",,disabled_unverified_location,1738300587,fort-mcmurray,unverified_url_evidence,https://www.kijiji.ca/v-cars-trucks/fort-mcmurray/2023-ford-f-150-xlt-aluminum-wheels-sync/1738300587,,Kijiji
595,2023,Ford,F-150,lariat,3,46999,No change noted,Down $600 over 10 weeks,10,47599,47199,-200,-600,155948,Unknown,Gas,Unknown,N/A,Unknown,Unknown,"Regina, SK","Regina, SK",,disabled_unverified_location,1730905673,winnipeg,unverified_url_evidence,https://www.kijiji.ca/v-cars-trucks/winnipeg/2023-ford-f-150-lariat/1730905673,,Kijiji
596,2023,Ford,F-150,xlt,2,47249,No change noted,Down $250 over 1 weeks,1,47499,47499,-250,-250,47255,2.7L,Gas,No accidents reported,N/A,Unknown,Private,"Carstairs, AB","Carstairs, AB",,disabled_unverified_location,1739684929,windsor-area-on,unverified_url_evidence,https://www.kijiji.ca/v-cars-trucks/windsor-area-on/2023-ford-f-150-xlt-2-7l-ecoboost-remote-start/1739684929,,Kijiji
597,2023,Ford,F-150,xlt,2,47890,No change noted,"Up $2,000 over 5 weeks",5,45890,47890,0,2000,81953,Unknown,Gas,Unknown,N/A,Unknown,Dealer,"Medicine Hat, AB","Medicine Hat, AB",,disabled_unverified_location,1739260661,lethbridge,unverified_url_evidence,https://www.kijiji.ca/v-cars-trucks/lethbridge/2023-ford-f-150/1739260661,,Kijiji
598,2023,Ford,F-150,xlt,2,47895,No change noted,Unchanged for 2 weeks,2,47895,47895,0,0,90645,Unknown,Gas,Unknown,N/A,Unknown,Dealer,"Edmonton, AB","Edmonton, AB",,disabled_unverified_location,1740152119,edmonton,unverified_url_evidence,https://www.kijiji.ca/v-cars-trucks/edmonton/2023-ford-f-150-xlt-4x4-supercrew-5-5-box/1740152119,,Kijiji
599,2023,Ford,F-150,xlt,2,47954,No change noted,First seen this week,0,47954,47954,0,0,30863,Unknown,Gas,Unknown,N/A,Unknown,Private,"Regina, SK","Regina, SK",,disabled_unverified_location,1740651427,winnipeg,unverified_url_evidence,https://www.kijiji.ca/v-cars-trucks/winnipeg/2023-ford-f-150-xlt-low-km-one-owner-lease-return-5-09-finance/1740651427,,Kijiji
600,2023,Ford,F-150,xlt,2,47990,No change noted,Unchanged for 2 weeks,2,47990,47990,0,0,47010,Unknown,Gas,Unknown,N/A,Unknown,Dealer,"Edmonton, AB","Edmonton, AB",,disabled_unverified_location,1739737131,edmonton,unverified_url_evidence,https://www.kijiji.ca/v-cars-trucks/edmonton/xlt-301a-equipement-group-66-box/1739737131,,Kijiji
601,2023,Ford,F-150,xlt,2,48954,No change noted,First seen this week,0,48954,48954,0,0,51010,Unknown,Gas,Unknown,N/A,Unknown,Private,"Regina, SK","Regina, SK",,disabled_unverified_location,1740802591,winnipeg,unverified_url_evidence,https://www.kijiji.ca/v-cars-trucks/winnipeg/2023-ford-f-150-xlt-4wd-crew-xtr-w-tow-package-local-one-owner/1740802591,,Kijiji
602,2023,Ford,F-150,xlt,2,48990,No change noted,Unchanged for 1 weeks,1,48990,48990,0,0,83001,3.5L,Gas,Unknown,N/A,Unknown,Dealer,"Calgary, AB","Calgary, AB",,disabled_unverified_location,1740375751,calgary,unverified_url_evidence,https://www.kijiji.ca/v-cars-trucks/calgary/2023-ford-f-150-xlt-300a-3-5l-ecoboost/1740375751,,Kijiji
603,2023,Ford,F-150,xl,1,48993,No change noted,Unchanged for 3 weeks,3,48993,48993,0,0,34303,Unknown,Gas,Unknown,N/A,Unknown,Dealer,"Calgary, AB","Calgary, AB",,disabled_unverified_location,1739832809,calgary,unverified_url_evidence,https://www.kijiji.ca/v-cars-trucks/calgary/2023-ford-f-150-xl-heavy-duty-payload-pkg-max-trailer-tow-pkg/1739832809,,Kijiji
604,2023,Ford,F-150,xlt,2,48999,No change noted,Unchanged for 11 weeks,11,48999,48999,0,0,73000,Unknown,Gas,Unknown,N/A,Unknown,Private,"Saskatoon, SK","Saskatoon, SK",,disabled_unverified_location,1724482946,saskatoon,unverified_url_evidence,https://www.kijiji.ca/v-cars-trucks/saskatoon/2023-ford-f-150-xlt/1724482946,,Kijiji
605,2023,Ford,F-150,xlt,2,49000,No change noted,Unchanged for 3 weeks,3,49000,49000,0,0,51200,Unknown,Gas,Unknown,N/A,Unknown,Dealer,"Edmonton, AB","Edmonton, AB",,disabled_unverified_location,1739593354,edmonton,unverified_url_evidence,https://www.kijiji.ca/v-cars-trucks/edmonton/2023-ford-f-150-xlt/1739593354,,Kijiji
606,2023,Ford,F-150,tremor,3,49000,No change noted,Unchanged for 2 weeks,2,49000,49000,0,0,160000,Unknown,Gas,Accident reported,N/A,Unknown,Dealer,"Calgary, AB","Calgary, AB",,disabled_unverified_location,1740186508,calgary,unverified_url_evidence,https://www.kijiji.ca/v-cars-trucks/calgary/2023-ford-f150-tremor-pick-up-truck/1740186508,,Kijiji
607,2023,Ford,F-150,xlt,2,49900,No change noted,Unchanged for 1 weeks,1,49900,49900,0,0,45000,2.7L,Gas,Unknown,N/A,Unknown,Private,"Edmonton, AB","Edmonton, AB",,disabled_unverified_location,1740514106,edmonton,unverified_url_evidence,https://www.kijiji.ca/v-cars-trucks/edmonton/2023-ford-f-150-xlt-supercrew-4x4-2-7l-ecoboost-45-000-km/1740514106,,Kijiji
608,2023,Ford,F-150,xlt,2,49993,No change noted,Unchanged for 7 weeks,7,49993,49993,0,0,54984,Unknown,Gas,Unknown,N/A,Unknown,Dealer,"Calgary, AB","Calgary, AB",,disabled_unverified_location,1738864243,calgary,unverified_url_evidence,https://www.kijiji.ca/v-cars-trucks/calgary/2023-ford-f-150-xlt-heated-cloth-seats-360-camera-xtr-pkg/1738864243,,Kijiji
609,2023,Ford,F-150,xlt,2,49995,No change noted,Unchanged for 2 weeks,2,49995,49995,0,0,57081,Unknown,Gas,No accidents reported,N/A,Unknown,Dealer,"Calgary, AB","Calgary, AB",,disabled_unverified_location,1740471102,calgary,unverified_url_evidence,https://www.kijiji.ca/v-cars-trucks/calgary/2023-ford-f-150/1740471102,,Kijiji
610,2023,Ford,F-150,lariat,3,49995,No change noted,Unchanged for 2 weeks,2,49995,49995,0,0,126156,Unknown,Gas,Unknown,N/A,Unknown,Dealer,"Calgary, AB","Calgary, AB",,disabled_unverified_location,1740104893,calgary,unverified_url_evidence,https://www.kijiji.ca/v-cars-trucks/calgary/2023-ford-f-150-lariat/1740104893,,Kijiji
611,2023,Ford,F-150,xlt,2,50708,No change noted,Unchanged for 1 weeks,1,50708,50708,0,0,66276,5.0L,Gas,Unknown,N/A,Unknown,Dealer,"Edmonton, AB","Edmonton, AB",,disabled_unverified_location,1740103437,edmonton,unverified_url_evidence,https://www.kijiji.ca/v-cars-trucks/edmonton/2023-ford-f-150-xlt-5-0l-v8-tow-pkg-20-rims/1740103437,,Kijiji
612,2023,Ford,F-150,lariat,3,50850,No change noted,Down $662 over 9 weeks,9,51512,50850,0,-662,111366,Unknown,Gas,Unknown,N/A,Unknown,Private,"Carstairs, AB","Carstairs, AB",,disabled_unverified_location,1736662641,oshawa-durham-region,unverified_url_evidence,https://www.kijiji.ca/v-cars-trucks/oshawa-durham-region/2023-ford-f-150-lariat/1736662641,,Kijiji
613,2023,Ford,F-150,xlt,2,51437,No change noted,Down $100 over 3 weeks,3,51537,51537,-100,-100,54421,Unknown,Gas,Unknown,N/A,Unknown,Private,"Carstairs, AB","Carstairs, AB",,disabled_unverified_location,1739306092,moncton,unverified_url_evidence,https://www.kijiji.ca/v-cars-trucks/moncton/2023-ford-f-150-xlt/1739306092,,Kijiji
614,2023,Ford,F-150,xlt,2,51444,No change noted,Unchanged for 1 weeks,1,51444,51444,0,0,46018,Unknown,Gas,Unknown,N/A,Unknown,Dealer,"Edmonton, AB","Edmonton, AB",,disabled_unverified_location,1740475838,edmonton,unverified_url_evidence,https://www.kijiji.ca/v-cars-trucks/edmonton/2023-ford-f-150-xlt/1740475838,,Kijiji
615,2023,Ford,F-150,xlt,2,51590,No change noted,"Down $2,600 over 7 weeks",7,54190,52190,-600,-2600,36488,Unknown,Gas,Unknown,N/A,Unknown,Private,"Moose Jaw, SK","Moose Jaw, SK",,disabled_unverified_location,1737151749,ottawa,unverified_url_evidence,https://www.kijiji.ca/v-cars-trucks/ottawa/2023-ford-f-150-xlt-302a-crew-cab-short-bed/1737151749,,Kijiji
616,2023,Ford,F-150,xlt,2,51637,No change noted,Down $900 over 5 weeks,5,52537,51999,-362,-900,57866,Unknown,Gas,Unknown,N/A,Unknown,Private,"Carstairs, AB","Carstairs, AB",,disabled_unverified_location,1738962218,moncton,unverified_url_evidence,https://www.kijiji.ca/v-cars-trucks/moncton/2023-ford-f-150-xlt/1738962218,,Kijiji
617,2023,Ford,F-150,xl,1,51794,No change noted,"Down $1,000 over 4 weeks",4,52794,52794,-1000,-1000,101339,Unknown,Gas,Unknown,N/A,Unknown,Private,"Regina, SK","Regina, SK",,disabled_unverified_location,1739457397,winnipeg,unverified_url_evidence,https://www.kijiji.ca/v-cars-trucks/winnipeg/2023-ford-f-150-xl-4wd-supercrew-5-5-box/1739457397,,Kijiji
618,2023,Ford,F-150,lariat,3,51990,No change noted,"Down $4,900 over 7 weeks",7,56890,52190,-200,-4900,43240,Unknown,Gas,Unknown,N/A,Unknown,Private,"Moose Jaw, SK","Moose Jaw, SK",,disabled_unverified_location,1732889453,ottawa,unverified_url_evidence,https://www.kijiji.ca/v-cars-trucks/ottawa/2023-ford-f-150-lariat-502a-crew-cab-short-bed-w-heated-front-s/1732889453,,Kijiji
619,2023,Ford,F-150,xlt,2,51990,No change noted,"Down $1,000 over 7 weeks",7,52990,52490,-500,-1000,56810,Unknown,Gas,Unknown,N/A,Unknown,Private,"Moose Jaw, SK","Moose Jaw, SK",,disabled_unverified_location,1738366327,ottawa,unverified_url_evidence,https://www.kijiji.ca/v-cars-trucks/ottawa/2023-ford-f-150-xlt-302a-crew-cab-standard-bed/1738366327,,Kijiji
620,2023,Ford,F-150,lariat,3,52280,No change noted,Unchanged for 1 weeks,1,52280,52280,0,0,153623,3.5L,Gas,Unknown,N/A,Unknown,Dealer,"Camrose, AB","Camrose, AB",,disabled_unverified_location,1740240962,strathcona-county,unverified_url_evidence,https://www.kijiji.ca/v-cars-trucks/strathcona-county/2023-ford-f-150-lariat-3-5l-heated-cooled-seats/1740240962,,Kijiji
621,2023,Ford,F-150,xlt,2,52389,No change noted,Down $5 over 9 weeks,9,52394,52390,-1,-5,34050,Unknown,Gas,Unknown,N/A,Unknown,Private,"Saskatoon, SK","Saskatoon, SK",,disabled_unverified_location,1736016670,prince-albert,unverified_url_evidence,https://www.kijiji.ca/v-cars-trucks/prince-albert/2023-ford-f-150-xlt-air-conditioning-cruise-control/1736016670,,Kijiji
622,2023,Ford,F-150,xlt,2,52779,No change noted,"Down $2,100 over 7 weeks",7,54879,52779,0,-2100,78500,5.0L,Gas,Unknown,N/A,Unknown,Private,"Okotoks, AB","Okotoks, AB",,disabled_unverified_location,1738556046,nelson,unverified_url_evidence,https://www.kijiji.ca/v-cars-trucks/nelson/2023-ford-f-150-xlt-4wd-supercrew-5-5-box-5-0l-v8-engine-301a/1738556046,,Kijiji
623,2023,Ford,F-150,xlt,2,52890,No change noted,Down $600 over 6 weeks,6,53490,53090,-200,-600,29299,Unknown,Gas,Unknown,N/A,Unknown,Private,"Moose Jaw, SK","Moose Jaw, SK",,disabled_unverified_location,1739029583,ottawa,unverified_url_evidence,https://www.kijiji.ca/v-cars-trucks/ottawa/2023-ford-f-150-xlt-302a-crew-cab-short-bed/1739029583,,Kijiji
624,2023,Ford,F-150,lariat,3,52995,No change noted,Unchanged for 6 weeks,6,52995,52995,0,0,109386,Unknown,Gas,Unknown,N/A,Unknown,Dealer,"Edmonton, AB","Edmonton, AB",,disabled_unverified_location,1738989911,edmonton,unverified_url_evidence,https://www.kijiji.ca/v-cars-trucks/edmonton/2023-ford-f-150-lariat-4x4-supercrew-5-5-box/1738989911,,Kijiji
625,2023,Ford,F-150,xlt,2,53390,No change noted,"Down $1,600 over 8 weeks",8,54990,53990,-600,-1600,44789,Unknown,Gas,Unknown,N/A,Unknown,Private,"Moose Jaw, SK","Moose Jaw, SK",,disabled_unverified_location,1736994640,ottawa,unverified_url_evidence,https://www.kijiji.ca/v-cars-trucks/ottawa/2023-ford-f-150-xlt-302a-crew-cab-short-bed/1736994640,,Kijiji
626,2023,Ford,F-150,xl,1,53451,No change noted,"Up $1,456 over 8 weeks",8,51995,53451,0,1456,21888,Unknown,Gas,Unknown,N/A,Unknown,Private,"Carstairs, AB","Carstairs, AB",,disabled_unverified_location,1738242716,terrace,unverified_url_evidence,https://www.kijiji.ca/v-cars-trucks/terrace/2023-ford-f-150/1738242716,,Kijiji
627,2023,Ford,F-150,lariat,3,53500,No change noted,Unchanged for 7 weeks,7,53500,53500,0,0,105580,Unknown,Gas,Unknown,N/A,Unknown,Dealer,"Edmonton, AB","Edmonton, AB",,disabled_unverified_location,1738555659,edmonton,unverified_url_evidence,https://www.kijiji.ca/v-cars-trucks/edmonton/2023-ford-f-150-lariat-502a-4x4-supercrew-145/1738555659,,Kijiji
628,2023,Ford,F-150,lariat,3,53695,No change noted,Down $900 over 7 weeks,7,54595,53995,-300,-900,86895,Unknown,Gas,No accidents reported,N/A,Unknown,Private,"Prince Albert, SK","Prince Albert, SK",,disabled_unverified_location,1736013482,hamilton,unverified_url_evidence,https://www.kijiji.ca/v-cars-trucks/hamilton/2023-ford-f-150-lariat-supercrew-6-5-box-4wd-ventilated/1736013482,,Kijiji
629,2023,Ford,F-150,lariat,3,53800,No change noted,"Down $2,197 over 10 weeks",10,55997,53800,0,-2197,63940,Unknown,Gas,No accidents reported,N/A,Unknown,Private,"Regina, SK","Regina, SK",,disabled_unverified_location,1733651208,winnipeg,unverified_url_evidence,https://www.kijiji.ca/v-cars-trucks/winnipeg/2023-ford-f-150-lariat-502a-clean-carfax-one-owner/1733651208,,Kijiji
630,2023,Ford,F-150,tremor,3,53967,No change noted,"Down $2,532 over 9 weeks",9,56499,53996,-29,-2532,125803,Unknown,Gas,Unknown,N/A,Unknown,Dealer,"Edmonton, AB","Edmonton, AB",,disabled_unverified_location,1734835469,edmonton,unverified_url_evidence,https://www.kijiji.ca/v-cars-trucks/edmonton/2023-ford-f-150-tremor-4wd-supercrew-5-5-box/1734835469,,Kijiji
631,2023,Ford,F-150,lariat,3,54000,No change noted,"Down $1,897 over 9 weeks",9,55897,54000,0,-1897,66773,Unknown,Gas,No accidents reported,N/A,Unknown,Private,"Regina, SK","Regina, SK",,disabled_unverified_location,1734070779,winnipeg,unverified_url_evidence,https://www.kijiji.ca/v-cars-trucks/winnipeg/2023-ford-f-150-lariat-502a-supercrew-clean-carfax-leather/1734070779,,Kijiji
632,2023,Ford,F-150,lariat,3,54599,No change noted,Down $700 over 11 weeks,11,55299,54599,0,-700,103000,Unknown,Gas,Unknown,N/A,Unknown,Dealer,"Saskatoon, SK","Saskatoon, SK",,disabled_unverified_location,1724392044,saskatoon,unverified_url_evidence,https://www.kijiji.ca/v-cars-trucks/saskatoon/ford-f-150-lariat-2023/1724392044,,Kijiji
633,2023,Ford,F-150,tremor,3,55000,No change noted,Unchanged for 2 weeks,2,55000,55000,0,0,83489,Unknown,Gas,Unknown,N/A,Unknown,Dealer,"Edmonton, AB","Edmonton, AB",,disabled_unverified_location,1740013520,edmonton,unverified_url_evidence,https://www.kijiji.ca/v-cars-trucks/edmonton/2023-ford-f-150-tremor-401a-4x4-supercrew-145/1740013520,,Kijiji
634,2023,Ford,F-150,lariat,3,55326,No change noted,First seen this week,0,55326,55326,0,0,82320,2.7L,Gas,Unknown,N/A,Unknown,Dealer,"Calgary, AB","Calgary, AB",,disabled_unverified_location,1740704340,calgary,unverified_url_evidence,https://www.kijiji.ca/v-cars-trucks/calgary/2023-ford-f-150-lariat-certified-pre-owned-2-7l-heated-wheel/1740704340,,Kijiji
635,2023,Ford,F-150,lariat,3,55393,No change noted,Down $67 over 5 weeks,5,55460,55496,-103,-67,68945,Unknown,Gas,Unknown,N/A,Unknown,Private,"Carstairs, AB","Carstairs, AB",,disabled_unverified_location,1738966060,hamilton,unverified_url_evidence,https://www.kijiji.ca/v-cars-trucks/hamilton/2023-ford-f-150-lariat/1738966060,,Kijiji
636,2023,Ford,F-150,lariat,3,55495,No change noted,Down $500 over 8 weeks,8,55995,55495,0,-500,81211,Unknown,Gas,Unknown,N/A,Unknown,Dealer,"Calgary, AB","Calgary, AB",,disabled_unverified_location,1738654283,calgary,unverified_url_evidence,https://www.kijiji.ca/v-cars-trucks/calgary/2023-ford-f-150/1738654283,,Kijiji
637,2023,Ford,F-150,lariat,3,55721,No change noted,"Down $1,073 over 3 weeks",3,56794,56794,-1073,-1073,60097,Unknown,Gas,Unknown,N/A,Unknown,Private,"Regina, SK","Regina, SK",,disabled_unverified_location,1739640217,winnipeg,unverified_url_evidence,https://www.kijiji.ca/v-cars-trucks/winnipeg/2023-ford-f-150-lariat-lariat-4wd-supercrew-5-5-box/1739640217,,Kijiji
638,2023,Ford,F-150,lariat,3,55782,No change noted,"Down $2,213 over 7 weeks",7,57995,55782,0,-2213,100127,Unknown,Gas,Unknown,N/A,Unknown,Dealer,"Calgary, AB","Calgary, AB",,disabled_unverified_location,1739163000,calgary,unverified_url_evidence,https://www.kijiji.ca/v-cars-trucks/calgary/2023-ford-f-150/1739163000,,Kijiji
639,2023,Ford,F-150,lariat,3,55794,No change noted,"Down $1,000 over 6 weeks",6,56794,55794,0,-1000,102004,Unknown,Gas,Unknown,N/A,Unknown,Private,"Regina, SK","Regina, SK",,disabled_unverified_location,1739117884,winnipeg,unverified_url_evidence,https://www.kijiji.ca/v-cars-trucks/winnipeg/2023-ford-f-150-lariat-4wd-supercrew-5-5-box-502a-leather-roof/1739117884,,Kijiji
640,2023,Ford,F-150,lariat,3,55966,No change noted,"Down $2,700 over 11 weeks",11,58666,55966,0,-2700,91159,Unknown,Gas,Unknown,N/A,Unknown,Private,"Saskatoon, SK","Saskatoon, SK",,disabled_unverified_location,1730847115,saskatoon,unverified_url_evidence,https://www.kijiji.ca/v-cars-trucks/saskatoon/2023-ford-f-150-lariat/1730847115,,Kijiji
641,2023,Ford,F-150,tremor,3,55990,No change noted,"Down $1,000 over 11 weeks",11,56990,55990,0,-1000,110980,Unknown,Gas,Unknown,N/A,Unknown,Dealer,"Calgary, AB","Calgary, AB",,disabled_unverified_location,1737978421,calgary,unverified_url_evidence,https://www.kijiji.ca/v-cars-trucks/calgary/2023-ford-f-150/1737978421,,Kijiji
642,2023,Ford,F-150,xlt,2,55997,No change noted,Unchanged for 7 weeks,7,55997,55997,0,0,65399,Unknown,Gas,Unknown,N/A,Unknown,Dealer,"Edmonton, AB","Edmonton, AB",,disabled_unverified_location,1738610570,edmonton,unverified_url_evidence,https://www.kijiji.ca/v-cars-trucks/edmonton/2023-ford-f-150-xlt-black-appearance-pkg-l-crew-l-4x4-l-leather/1738610570,,Kijiji
643,2023,Ford,F-150,tremor,3,55999,No change noted,"Down $1,955 over 10 weeks",10,57954,55999,0,-1955,122123,3.5L,Gas,Unknown,N/A,Unknown,Private,"Regina, SK","Regina, SK",,disabled_unverified_location,1736819146,winnipeg,unverified_url_evidence,https://www.kijiji.ca/v-cars-trucks/winnipeg/2023-ford-f-150-tremor-4wd-crew-402a-3-5-leather-moonroof/1736819146,,Kijiji
644,2023,Ford,F-150,xlt,2,56000,No change noted,"Up $2,500 over 1 weeks",1,53500,53500,2500,2500,52100,Unknown,Gas,Unknown,N/A,Unknown,Dealer,"Edmonton, AB","Edmonton, AB",,disabled_unverified_location,1740427764,edmonton,unverified_url_evidence,https://www.kijiji.ca/v-cars-trucks/edmonton/2023-ford-f-150-xlt-302a-4x4-supercrew-145/1740427764,,Kijiji
645,2023,Ford,F-150,tremor,3,56634,No change noted,Unchanged for 1 weeks,1,56634,56634,0,0,93684,Unknown,Gas,Unknown,N/A,Unknown,Dealer,"Olds, AB","Olds, AB",,disabled_unverified_location,1740703050,medicine-hat,unverified_url_evidence,https://www.kijiji.ca/v-cars-trucks/medicine-hat/2023-ford-f-150-tremor/1740703050,,Kijiji
646,2023,Ford,F-150,lariat,3,56962,No change noted,First seen this week,0,56962,56962,0,0,62263,Unknown,Gas,Unknown,N/A,Unknown,Dealer,"Calgary, AB","Calgary, AB",,disabled_unverified_location,1737138460,calgary,unverified_url_evidence,https://www.kijiji.ca/v-cars-trucks/calgary/2023-ford-f-150-lariat-leather-seats-cooled-seats/1737138460,,Kijiji
647,2023,Ford,F-150,platinum,3,56995,No change noted,Unchanged for 3 weeks,3,56995,56995,0,0,116649,Unknown,Gas,No accidents reported,N/A,Unknown,Private,"Carstairs, AB","Carstairs, AB",,disabled_unverified_location,1739358544,hamilton,unverified_url_evidence,https://www.kijiji.ca/v-cars-trucks/hamilton/2023-ford-f-150-platinum-supercrew-6-5-box-4wd-no-accidents/1739358544,,Kijiji
648,2023,Ford,F-150,lariat,3,56999,No change noted,Unchanged for 6 weeks,6,56999,56999,0,0,85905,Unknown,Gas,Unknown,N/A,Unknown,Dealer,"Camrose, AB","Camrose, AB",,disabled_unverified_location,1739065933,st-albert,unverified_url_evidence,https://www.kijiji.ca/v-cars-trucks/st-albert/2023-ford-f-150/1739065933,,Kijiji
649,2023,Ford,F-150,xl,1,57291,No change noted,Down $417 over 1 weeks,1,57708,57708,-417,-417,82450,Unknown,Gas,Unknown,N/A,Unknown,Dealer,"Carstairs, AB","Carstairs, AB",,disabled_unverified_location,1740105675,grande-prairie,unverified_url_evidence,https://www.kijiji.ca/v-cars-trucks/grande-prairie/2023-ford-f-150-xl/1740105675,,Kijiji
650,2023,Ford,F-150,lariat,3,57551,No change noted,Unchanged for 4 weeks,4,57551,57551,0,0,61153,Unknown,Gas,Unknown,N/A,Unknown,Private,"Saskatoon, SK","Saskatoon, SK",,disabled_unverified_location,1724333984,saskatoon,unverified_url_evidence,https://www.kijiji.ca/v-cars-trucks/saskatoon/2023-ford-f-150-lariat/1724333984,,Kijiji
651,2023,Ford,F-150,tremor,3,57600,No change noted,"Down $2,395 over 7 weeks",7,59995,55995,1605,-2395,96328,Unknown,Gas,Unknown,N/A,Unknown,Dealer,"Calgary, AB","Calgary, AB",,disabled_unverified_location,1736712116,calgary,unverified_url_evidence,https://www.kijiji.ca/v-cars-trucks/calgary/2023-ford-f-150-tremor-402a-sunroof-htd-cld-leather-b-o-sn/1736712116,,Kijiji
652,2023,Ford,F-150,lariat,3,57794,No change noted,Unchanged for 2 weeks,2,57794,57794,0,0,59700,Unknown,Gas,Unknown,N/A,Unknown,Private,"Regina, SK","Regina, SK",,disabled_unverified_location,1740061664,winnipeg,unverified_url_evidence,https://www.kijiji.ca/v-cars-trucks/winnipeg/2023-ford-f-150-lariat-lariat/1740061664,,Kijiji
653,2023,Ford,F-150,lariat,3,57841,No change noted,"Up $1,015 over 4 weeks",4,56826,57847,-6,1015,77438,Unknown,Gas,Unknown,N/A,Unknown,Dealer,"Calgary, AB","Calgary, AB",,disabled_unverified_location,1739311832,calgary,unverified_url_evidence,https://www.kijiji.ca/v-cars-trucks/calgary/2023-ford-f-150-lariat-certified-preowned-remote-start-le/1739311832,,Kijiji
654,2023,Ford,F-150,Unknown,1,57888,No change noted,Unchanged for 1 weeks,1,57888,57888,0,0,80680,Unknown,Gas,Unknown,N/A,Unknown,Dealer,"Camrose, AB","Camrose, AB",,disabled_unverified_location,1740378864,st-albert,unverified_url_evidence,https://www.kijiji.ca/v-cars-trucks/st-albert/2023-ford-f-150/1740378864,,Kijiji
655,2023,Ford,F-150,lariat,3,57896,No change noted,"Down $1,904 over 10 weeks",10,59800,57896,0,-1904,68796,Unknown,Gas,Unknown,N/A,Unknown,Private,"Okotoks, AB","Okotoks, AB",,disabled_unverified_location,1734080817,nelson,unverified_url_evidence,https://www.kijiji.ca/v-cars-trucks/nelson/2023-ford-f-150-lariat-4wd-supercrew-5-5-box-502a-pkg-max-tr/1734080817,,Kijiji
656,2023,Ford,F-150,tremor,3,57960,No change noted,Down $376 over 10 weeks,10,58336,57960,0,-376,105122,Unknown,Gas,Unknown,N/A,Unknown,Private,"Regina, SK","Regina, SK",,disabled_unverified_location,1734882460,winnipeg,unverified_url_evidence,https://www.kijiji.ca/v-cars-trucks/winnipeg/2023-ford-f-150-tremor-4wd-supercrew-5-5-box-402a/1734882460,,Kijiji
657,2023,Ford,F-150,tremor,3,57990,No change noted,Unchanged for 4 weeks,4,57990,57990,0,0,95247,Unknown,Gas,Unknown,N/A,Unknown,Dealer,"Calgary, AB","Calgary, AB",,disabled_unverified_location,1739453258,calgary,unverified_url_evidence,https://www.kijiji.ca/v-cars-trucks/calgary/2023-ford-f-150/1739453258,,Kijiji
658,2023,Ford,F-150,tremor,3,58000,No change noted,Unchanged for 5 weeks,5,58000,58000,0,0,95000,Unknown,Gas,Unknown,N/A,Unknown,Private,"Saskatoon, SK","Saskatoon, SK",,disabled_unverified_location,1739482723,saskatoon,unverified_url_evidence,https://www.kijiji.ca/v-cars-trucks/saskatoon/2022-ford-f150-tremor/1739482723,,Kijiji
659,2023,Ford,F-150,lariat,3,58099,No change noted,Down $855 over 8 weeks,8,58954,58099,0,-855,70354,Unknown,Gas,Unknown,N/A,Unknown,Private,"Regina, SK","Regina, SK",,disabled_unverified_location,1738354981,winnipeg,unverified_url_evidence,https://www.kijiji.ca/v-cars-trucks/winnipeg/2023-ford-f-150-lariat-502a-high-black-appear-pkg-sport-pkg/1738354981,,Kijiji
660,2023,Ford,F-150,lariat,3,58288,No change noted,Unchanged for 1 weeks,1,58288,58288,0,0,71300,Unknown,Gas,Unknown,N/A,Unknown,Private,"Regina, SK","Regina, SK",,disabled_unverified_location,1736121616,winnipeg,unverified_url_evidence,https://www.kijiji.ca/v-cars-trucks/winnipeg/2023-ford-f-150-lariat-502a-black-edition-400hp-twin-turbo/1736121616,,Kijiji
661,2023,Ford,F-150,xl,1,58320,No change noted,Down $780 over 7 weeks,7,59100,58320,0,-780,83221,Unknown,Gas,Unknown,N/A,Unknown,Private,"Saskatoon, SK","Saskatoon, SK",,disabled_unverified_location,1739019715,saskatoon,unverified_url_evidence,https://www.kijiji.ca/v-cars-trucks/saskatoon/2023-ford-f-150-xl-keyless-entry-apple-carplay/1739019715,,Kijiji
662,2023,Ford,F-150,lariat,3,58597,No change noted,"Down $1,400 over 3 weeks",3,59997,58597,0,-1400,72617,Unknown,Gas,Unknown,N/A,Unknown,Dealer,"Edmonton, AB","Edmonton, AB",,disabled_unverified_location,1732411596,grande-prairie,unverified_url_evidence,https://www.kijiji.ca/v-cars-trucks/grande-prairie/2023-ford-f-150-lariat-roush-supercharged-75th-anniversary/1732411596,,Kijiji
663,2023,Ford,F-150,lariat,3,58699,No change noted,Down $300 over 11 weeks,11,58999,58699,0,-300,70698,Unknown,Gas,Unknown,N/A,Unknown,Dealer,"Saskatoon, SK","Saskatoon, SK",,disabled_unverified_location,1736551549,saskatoon,unverified_url_evidence,https://www.kijiji.ca/v-cars-trucks/saskatoon/ford-f-150-lariat-2023/1736551549,,Kijiji
664,2023,Ford,F-150,tremor,3,58888,No change noted,"Down $1,000 over 10 weeks",10,59888,58888,0,-1000,70800,Unknown,Gas,Unknown,N/A,Unknown,Private,"Regina, SK","Regina, SK",,disabled_unverified_location,1733470662,winnipeg,unverified_url_evidence,https://www.kijiji.ca/v-cars-trucks/winnipeg/2023-ford-f-150-tremor-4wd-supercrew-5-5-box/1733470662,,Kijiji
665,2023,Ford,F-150,platinum,3,58988,No change noted,First seen this week,0,58988,58988,0,0,97284,Unknown,Gas,Unknown,N/A,Unknown,Private,"Carstairs, AB","Carstairs, AB",,disabled_unverified_location,1739452141,fredericton,unverified_url_evidence,https://www.kijiji.ca/v-cars-trucks/fredericton/2023-ford-f-150-platinum/1739452141,,Kijiji
666,2023,Ford,F-150,lariat,3,58999,No change noted,Unchanged for 4 weeks,4,58999,58999,0,0,47168,Unknown,Gas,Unknown,N/A,Unknown,Dealer,"Edmonton, AB","Edmonton, AB",,disabled_unverified_location,1739457857,edmonton,unverified_url_evidence,https://www.kijiji.ca/v-cars-trucks/edmonton/2023-ford-f-150-lariat/1739457857,,Kijiji
667,2023,Ford,F-150,platinum,3,59000,No change noted,Unchanged for 6 weeks,6,59000,59000,0,0,90138,Unknown,Gas,Unknown,N/A,Unknown,Dealer,"Edmonton, AB","Edmonton, AB",,disabled_unverified_location,1739213797,edmonton,unverified_url_evidence,https://www.kijiji.ca/v-cars-trucks/edmonton/2023-ford-f-150-platinum-supercrew-145-fx4-pkg-sync-4/1739213797,,Kijiji
668,2023,Ford,F-150,lariat,3,59888,No change noted,First seen this week,0,59888,59888,0,0,47743,Unknown,Gas,Unknown,N/A,Unknown,Private,"Regina, SK","Regina, SK",,disabled_unverified_location,1735857863,winnipeg,unverified_url_evidence,https://www.kijiji.ca/v-cars-trucks/winnipeg/2023-ford-f-150-lariat-sport-pkg-502a-high-pkg-certified-5-09/1735857863,,Kijiji
669,2023,Ford,F-150,lariat,3,59888,No change noted,Unchanged for 1 weeks,1,59888,59888,0,0,50138,2.7L,Gas,Unknown,N/A,Unknown,Private,"Regina, SK","Regina, SK",,disabled_unverified_location,1735857860,winnipeg,unverified_url_evidence,https://www.kijiji.ca/v-cars-trucks/winnipeg/2023-ford-f-150-lariat-4wd-502a-sport-crew-2-7l-certified-5-09/1735857860,,Kijiji
670,2023,Ford,F-150,lariat,3,59954,No change noted,Unchanged for 6 weeks,6,59954,59954,0,0,62400,2.7L,Gas,Unknown,N/A,Unknown,Private,"Regina, SK","Regina, SK",,disabled_unverified_location,1739215157,winnipeg,unverified_url_evidence,https://www.kijiji.ca/v-cars-trucks/winnipeg/2023-ford-f-150-lariat-4wd-502a-sport-crew-2-7l-hard-tonneau/1739215157,,Kijiji
671,2023,Ford,F-150,tremor,3,59999,No change noted,Unchanged for 2 weeks,2,59999,59999,0,0,92206,Unknown,Gas,Unknown,N/A,Unknown,Dealer,"Olds, AB","Olds, AB",,disabled_unverified_location,1740290926,medicine-hat,unverified_url_evidence,https://www.kijiji.ca/v-cars-trucks/medicine-hat/2023-ford-f-150-tremor-401a/1740290926,,Kijiji
672,2024,Ford,F-150,xlt,2,34676,No change noted,"Down $1,101 over 10 weeks",10,35777,35676,-1000,-1101,151588,3.5L,Gas,Unknown,N/A,Unknown,Dealer,"Edmonton, AB","Edmonton, AB",,disabled_unverified_location,1737725279,edmonton,unverified_url_evidence,https://www.kijiji.ca/v-cars-trucks/edmonton/2024-ford-f-150-xlt-301a-package-3-5l-v6-ecoboost-engine-nav/1737725279,,Kijiji
673,2024,Ford,F-150,xl,1,35900,No change noted,Unchanged for 6 weeks,6,35900,35900,0,0,97000,Unknown,Gas,Accident reported,N/A,Unknown,Private,"Regina, SK","Regina, SK",,disabled_unverified_location,1739035787,winnipeg,unverified_url_evidence,https://www.kijiji.ca/v-cars-trucks/winnipeg/2024-ford-f-150-xl-4x4-reg-cab-8ft-box/1739035787,,Kijiji
674,2024,Ford,F-150,fx4,3,36881,No change noted,Unchanged for 2 weeks,2,36881,36881,0,0,145014,Unknown,Gas,Unknown,N/A,Unknown,Dealer,"Calgary, AB","Calgary, AB",,disabled_unverified_location,1739969117,calgary,unverified_url_evidence,https://www.kijiji.ca/v-cars-trucks/calgary/2024-ford-f-150-4x4-super-cab-xlt-fx4-nav-bcam-pseat/1739969117,,Kijiji
675,2024,Ford,F-150,xl,1,36900,No change noted,Unchanged for 6 weeks,6,36900,36900,0,0,88000,Unknown,Gas,No accidents reported,N/A,Unknown,Private,"Regina, SK","Regina, SK",,disabled_unverified_location,1739037212,winnipeg,unverified_url_evidence,https://www.kijiji.ca/v-cars-trucks/winnipeg/2024-ford-f-150-xl-low-kms-local-0-accident/1739037212,,Kijiji
676,2024,Ford,F-150,stx,1,38715,No change noted,"Down $1,166 over 11 weeks",11,39881,38715,0,-1166,90891,Unknown,Gas,No accidents reported,N/A,Unknown,Private,"Saskatoon, SK","Saskatoon, SK",,disabled_unverified_location,1734307817,saskatoon,unverified_url_evidence,https://www.kijiji.ca/v-cars-trucks/saskatoon/2024-ford-f-150-stx-supercrew-4x4-accident-free-sk-truck/1734307817,,Kijiji
677,2024,Ford,F-150,stx,1,39887,No change noted,First seen this week,0,39887,39887,0,0,129136,Unknown,Gas,Unknown,N/A,Unknown,Dealer,"Camrose, AB","Camrose, AB",,disabled_unverified_location,1740747151,st-albert,unverified_url_evidence,https://www.kijiji.ca/v-cars-trucks/st-albert/2024-ford-f-150-stx-4wd-supercrew-5-5-box-for-sale/1740747151,,Kijiji
678,2024,Ford,F-150,xl,1,40998,No change noted,First seen this week,0,40998,40998,0,0,63610,Unknown,Gas,Unknown,N/A,Unknown,Private,"Carstairs, AB","Carstairs, AB",,disabled_unverified_location,1740285424,ottawa,unverified_url_evidence,https://www.kijiji.ca/v-cars-trucks/ottawa/2024-ford-f-150/1740285424,,Kijiji
679,2024,Ford,F-150,stx,1,41250,No change noted,Down $745 over 6 weeks,6,41995,41250,0,-745,102088,Unknown,Gas,Unknown,N/A,Unknown,Dealer,"Edmonton, AB","Edmonton, AB",,disabled_unverified_location,1738989861,edmonton,unverified_url_evidence,https://www.kijiji.ca/v-cars-trucks/edmonton/2024-ford-f-150-stx-4x4-supercrew-5-5-box/1738989861,,Kijiji
680,2024,Ford,F-150,stx,1,41698,No change noted,Down $300 over 2 weeks,2,41998,41698,0,-300,85154,Unknown,Gas,Unknown,N/A,Unknown,Private,"Moose Jaw, SK","Moose Jaw, SK",,disabled_unverified_location,1739777846,ottawa,unverified_url_evidence,https://www.kijiji.ca/v-cars-trucks/ottawa/2024-ford-f-150/1739777846,,Kijiji
681,2024,Ford,F-150,stx,1,42156,No change noted,Down $824 over 2 weeks,2,42980,42980,-824,-824,104916,2.7L,Gas,Unknown,N/A,Unknown,Dealer,"Camrose, AB","Camrose, AB",,disabled_unverified_location,1739734652,strathcona-county,unverified_url_evidence,https://www.kijiji.ca/v-cars-trucks/strathcona-county/2024-ford-f-150-stx-2-7l-trailering-package/1739734652,,Kijiji
682,2024,Ford,F-150,Unknown,1,42500,No change noted,Unchanged for 8 weeks,8,42500,42500,0,0,36000,Unknown,Gas,Unknown,N/A,Unknown,Private,"Edmonton, AB","Edmonton, AB",,disabled_unverified_location,1738311168,edmonton,unverified_url_evidence,https://www.kijiji.ca/v-cars-trucks/edmonton/2024-f-150/1738311168,,Kijiji
683,2024,Ford,F-150,xl,1,42995,No change noted,"Down $1,000 over 10 weeks",10,43995,42995,0,-1000,80804,Unknown,Gas,Unknown,N/A,Unknown,Private,"Regina, SK","Regina, SK",,disabled_unverified_location,1738096074,winnipeg,unverified_url_evidence,https://www.kijiji.ca/v-cars-trucks/winnipeg/2024-ford-f-150-xl/1738096074,,Kijiji
684,2024,Ford,F-150,xlt,2,43986,No change noted,First seen this week,0,43986,43986,0,0,115606,3.5L,Gas,Unknown,N/A,Unknown,Dealer,"Edmonton, AB","Edmonton, AB",,disabled_unverified_location,1740563397,edmonton,unverified_url_evidence,https://www.kijiji.ca/v-cars-trucks/edmonton/2024-ford-f-150-xlt-6-5ft-box-3-5l-ecoboost-360-cam-f/1740563397,,Kijiji
685,2024,Ford,F-150,fx4,3,44447,No change noted,Down $445 over 2 weeks,2,44892,44892,-445,-445,114969,3.5L,Gas,Unknown,N/A,Unknown,Dealer,"Edmonton, AB","Edmonton, AB",,disabled_unverified_location,1739833880,edmonton,unverified_url_evidence,https://www.kijiji.ca/v-cars-trucks/edmonton/2024-ford-f-150-xlt-3-5l-eco-tow-pkg-fx4-off-road/1739833880,,Kijiji
686,2024,Ford,F-150,xlt,2,44998,No change noted,Unchanged for 1 weeks,1,44998,44998,0,0,96753,Unknown,Gas,Unknown,N/A,Unknown,Private,"Moose Jaw, SK","Moose Jaw, SK",,disabled_unverified_location,1740422195,ottawa,unverified_url_evidence,https://www.kijiji.ca/v-cars-trucks/ottawa/2024-ford-f-150/1740422195,,Kijiji
687,2024,Ford,F-150,xlt,2,45990,No change noted,Unchanged for 4 weeks,4,45990,45990,0,0,87718,Unknown,Gas,Unknown,N/A,Unknown,Dealer,"Calgary, AB","Calgary, AB",,disabled_unverified_location,1739404088,calgary,unverified_url_evidence,https://www.kijiji.ca/v-cars-trucks/calgary/2024-ford-f-150/1739404088,,Kijiji
688,2024,Ford,F-150,xlt,2,45995,No change noted,"Down $1,000 over 3 weeks",3,46995,45995,0,-1000,136990,Unknown,Gas,Unknown,N/A,Unknown,Dealer,"Calgary, AB","Calgary, AB",,disabled_unverified_location,1739826741,calgary,unverified_url_evidence,https://www.kijiji.ca/v-cars-trucks/calgary/2024-ford-f-150/1739826741,,Kijiji
689,2024,Ford,F-150,stx,1,45998,No change noted,"Down $5,000 over 11 weeks",11,50998,45998,0,-5000,30502,Unknown,Gas,Unknown,N/A,Unknown,Private,"Regina, SK","Regina, SK",,disabled_unverified_location,1736336469,winnipeg,unverified_url_evidence,https://www.kijiji.ca/v-cars-trucks/winnipeg/2024-ford-f-150-stx-4wd-supercrew-5-5-box/1736336469,,Kijiji
690,2024,Ford,F-150,xlt,2,45998,No change noted,Unchanged for 10 weeks,10,45998,45998,0,0,72485,Unknown,Gas,Unknown,N/A,Unknown,Private,"Moose Jaw, SK","Moose Jaw, SK",,disabled_unverified_location,1733012383,ottawa,unverified_url_evidence,https://www.kijiji.ca/v-cars-trucks/ottawa/2024-ford-f-150/1733012383,,Kijiji
691,2024,Ford,F-150,stx,1,46464,No change noted,"Down $2,531 over 4 weeks",4,48995,46464,0,-2531,78253,Unknown,Gas,Unknown,N/A,Unknown,Dealer,"Calgary, AB","Calgary, AB",,disabled_unverified_location,1739826743,calgary,unverified_url_evidence,https://www.kijiji.ca/v-cars-trucks/calgary/2024-ford-f-150/1739826743,,Kijiji
692,2024,Ford,F-150,stx,1,46488,No change noted,Unchanged for 1 weeks,1,46488,46488,0,0,42482,Unknown,Gas,Unknown,N/A,Unknown,Dealer,"Camrose, AB","Camrose, AB",,disabled_unverified_location,1740015475,st-albert,unverified_url_evidence,https://www.kijiji.ca/v-cars-trucks/st-albert/2024-ford-f-150-stx-fordpass-apple-carplay-android-auto-box/1740015475,,Kijiji
693,2024,Ford,F-150,xlt,2,46499,No change noted,"Down $2,500 over 8 weeks",8,48999,46499,0,-2500,81370,Unknown,Gas,Unknown,N/A,Unknown,Dealer,"Edmonton, AB","Edmonton, AB",,disabled_unverified_location,1738505195,edmonton,unverified_url_evidence,https://www.kijiji.ca/v-cars-trucks/edmonton/2024-ford-f-150-xlt/1738505195,,Kijiji
694,2024,Ford,F-150,xlt,2,46887,No change noted,"Down $3,887 over 7 weeks",7,50774,49889,-3002,-3887,74552,Unknown,Gas,Unknown,N/A,Unknown,Dealer,"Edmonton, AB","Edmonton, AB",,disabled_unverified_location,1738765559,edmonton,unverified_url_evidence,https://www.kijiji.ca/v-cars-trucks/edmonton/2024-ford-f-150-xlt/1738765559,,Kijiji
695,2024,Ford,F-150,stx,1,46999,No change noted,"Down $1,909 over 8 weeks",8,48908,47499,-500,-1909,53962,Unknown,Gas,No accidents reported,N/A,Unknown,Dealer,"Camrose, AB","Camrose, AB",,disabled_unverified_location,1738404547,strathcona-county,unverified_url_evidence,https://www.kijiji.ca/v-cars-trucks/strathcona-county/2024-ford-f-150-stx-clean-carfax-one-owner/1738404547,,Kijiji
696,2024,Ford,F-150,stx,1,46999,No change noted,Down $990 over 4 weeks,4,47989,47788,-789,-990,62266,Unknown,Gas,Unknown,N/A,Unknown,Dealer,"Camrose, AB","Camrose, AB",,disabled_unverified_location,1739357325,st-albert,unverified_url_evidence,https://www.kijiji.ca/v-cars-trucks/st-albert/2024-ford-f-150-stx-4wd-supercrew-5-5-box-for-sale/1739357325,,Kijiji
697,2024,Ford,F-150,xlt,2,47589,No change noted,Down $10 over 4 weeks,4,47599,47589,0,-10,97991,Unknown,Gas,Unknown,N/A,Unknown,Private,"Saskatoon, SK","Saskatoon, SK",,disabled_unverified_location,1739693455,saskatoon,unverified_url_evidence,https://www.kijiji.ca/v-cars-trucks/saskatoon/2024-ford-f-150-xlt-4x4-360-cam-lane-keep-assist-hitch/1739693455,,Kijiji
698,2024,Ford,F-150,stx,1,47954,No change noted,Unchanged for 3 weeks,3,47954,47954,0,0,86852,Unknown,Gas,Unknown,N/A,Unknown,Private,"Regina, SK","Regina, SK",,disabled_unverified_location,1739879433,winnipeg,unverified_url_evidence,https://www.kijiji.ca/v-cars-trucks/winnipeg/2024-ford-f-150-stx-4wd-201a-crew-5-5-box-local-trade/1739879433,,Kijiji
699,2024,Ford,F-150,stx,1,47990,No change noted,Unchanged for 4 weeks,4,47990,47990,0,0,40100,Unknown,Gas,Unknown,N/A,Unknown,Dealer,"Calgary, AB","Calgary, AB",,disabled_unverified_location,1739684483,calgary,unverified_url_evidence,https://www.kijiji.ca/v-cars-trucks/calgary/2024-ford-f-150/1739684483,,Kijiji
700,2024,Ford,F-150,xlt,2,47995,No change noted,First seen this week,0,47995,47995,0,0,84355,Unknown,Gas,Unknown,N/A,Unknown,Dealer,"Edmonton, AB","Edmonton, AB",,disabled_unverified_location,1740798724,edmonton,unverified_url_evidence,https://www.kijiji.ca/v-cars-trucks/edmonton/2024-ford-f-150-xlt/1740798724,,Kijiji
701,2024,Ford,F-150,xlt,2,47999,No change noted,Up $91 over 8 weeks,8,47908,48999,-1000,91,84270,Unknown,Gas,Unknown,N/A,Unknown,Dealer,"Camrose, AB","Camrose, AB",,disabled_unverified_location,1738404556,strathcona-county,unverified_url_evidence,https://www.kijiji.ca/v-cars-trucks/strathcona-county/2024-ford-f-150-xlt-black-appearance-pkg/1738404556,,Kijiji
702,2024,Ford,F-150,xlt,2,48498,No change noted,First seen this week,0,48498,48498,0,0,28462,Unknown,Gas,Unknown,N/A,Unknown,Private,"Carstairs, AB","Carstairs, AB",,disabled_unverified_location,1740239959,ottawa,unverified_url_evidence,https://www.kijiji.ca/v-cars-trucks/ottawa/2024-ford-f-150/1740239959,,Kijiji
703,2024,Ford,F-150,xlt,2,48795,No change noted,"Down $4,413 over 10 weeks",10,53208,48795,0,-4413,35985,5.0L,Gas,Unknown,N/A,Unknown,Private,"Red Deer, AB","Red Deer, AB",,disabled_unverified_location,1733059963,prince-george,unverified_url_evidence,https://www.kijiji.ca/v-cars-trucks/prince-george/2024-ford-f-150-xlt-4wd-5-0l-v8-nav-apple-carplay/1733059963,,Kijiji
704,2024,Ford,F-150,xlt,2,48888,No change noted,Down $700 over 1 weeks,1,49588,49588,-700,-700,49727,Unknown,Gas,Unknown,N/A,Unknown,Private,"Moose Jaw, SK","Moose Jaw, SK",,disabled_unverified_location,1739709821,ottawa,unverified_url_evidence,https://www.kijiji.ca/v-cars-trucks/ottawa/2024-ford-f-150-xlt/1739709821,,Kijiji
705,2024,Ford,F-150,xlt,2,48900,No change noted,First seen this week,0,48900,48900,0,0,84192,Unknown,Gas,Unknown,N/A,Unknown,Dealer,"Carstairs, AB","Carstairs, AB",,disabled_unverified_location,1740752095,grande-prairie,unverified_url_evidence,https://www.kijiji.ca/v-cars-trucks/grande-prairie/2024-ford-f-150-xlt/1740752095,,Kijiji
706,2024,Ford,F-150,xlt,2,48990,No change noted,Unchanged for 10 weeks,10,48990,44990,4000,0,73995,5.0L,Gas,Unknown,N/A,Unknown,Dealer,"Calgary, AB","Calgary, AB",,disabled_unverified_location,1734740788,calgary,unverified_url_evidence,https://www.kijiji.ca/v-cars-trucks/calgary/2024-ford-f-150-xlt-5-0-l-v8-4x4/1734740788,,Kijiji
707,2024,Ford,F-150,Unknown,1,48990,No change noted,Unchanged for 5 weeks,5,48990,48990,0,0,92222,Unknown,Gas,Unknown,N/A,Unknown,Dealer,"Calgary, AB","Calgary, AB",,disabled_unverified_location,1739310750,calgary,unverified_url_evidence,https://www.kijiji.ca/v-cars-trucks/calgary/2024-ford-f-150-touchscreen-back-up-camera-4x4/1739310750,,Kijiji
708,2024,Ford,F-150,stx,1,48999,No change noted,Down $955 over 10 weeks,10,49954,48999,0,-955,70913,Unknown,Gas,Unknown,N/A,Unknown,Private,"Regina, SK","Regina, SK",,disabled_unverified_location,1737984677,winnipeg,unverified_url_evidence,https://www.kijiji.ca/v-cars-trucks/winnipeg/2024-ford-f-150-stx-4wd-black-appearance-200a-incl-hard-tonneau/1737984677,,Kijiji
709,2024,Ford,F-150,stx,1,49499,No change noted,"Down $4,498 over 8 weeks",8,53997,50496,-997,-4498,51923,Unknown,Gas,Unknown,N/A,Unknown,Dealer,"Edmonton, AB","Edmonton, AB",,disabled_unverified_location,1738199387,edmonton,unverified_url_evidence,https://www.kijiji.ca/v-cars-trucks/edmonton/2024-ford-f-150-stx-4wd-supercrew-5-5-box/1738199387,,Kijiji
710,2024,Ford,F-150,stx,1,49987,No change noted,"Down $1,921 over 2 weeks",2,51908,50950,-963,-1921,38135,Unknown,Gas,Accident reported,N/A,Unknown,Dealer,"Edmonton, AB","Edmonton, AB",,disabled_unverified_location,1740063376,edmonton,unverified_url_evidence,https://www.kijiji.ca/v-cars-trucks/edmonton/2024-ford-f-150-stx/1740063376,,Kijiji
711,2024,Ford,F-150,xlt,2,49990,No change noted,Unchanged for 4 weeks,4,49990,49990,0,0,67011,3.5L,Gas,Unknown,N/A,Unknown,Dealer,"Calgary, AB","Calgary, AB",,disabled_unverified_location,1739112464,calgary,unverified_url_evidence,https://www.kijiji.ca/v-cars-trucks/calgary/2024-ford-f-150-xlt-301a-tow-package-3-5l-ecoboost/1739112464,,Kijiji
712,2024,Ford,F-150,xlt,2,49990,No change noted,Unchanged for 3 weeks,3,49990,49990,0,0,67011,3.5L,Gas,Unknown,N/A,Unknown,Dealer,"Calgary, AB","Calgary, AB",,disabled_unverified_location,1739503538,calgary,unverified_url_evidence,https://www.kijiji.ca/v-cars-trucks/calgary/2024-ford-f-150-xlt-301a-tow-package-3-5l-ecoboost/1739503538,,Kijiji
713,2024,Ford,F-150,xlt,2,49995,No change noted,"Down $1,000 over 8 weeks",8,50995,49995,0,-1000,41565,Unknown,Gas,Unknown,N/A,Unknown,Dealer,"Medicine Hat, AB","Medicine Hat, AB",,disabled_unverified_location,1733239322,lethbridge,unverified_url_evidence,https://www.kijiji.ca/v-cars-trucks/lethbridge/2024-ford-f-150-xlt/1733239322,,Kijiji
714,2024,Ford,F-150,xlt,2,49995,No change noted,"Down $1,000 over 1 weeks",1,50995,50995,-1000,-1000,89700,Unknown,Gas,Unknown,N/A,Unknown,Dealer,"Camrose, AB","Camrose, AB",,disabled_unverified_location,1740283943,edmonton,unverified_url_evidence,https://www.kijiji.ca/v-cars-trucks/edmonton/ford-f-150-xlt-2024/1740283943,,Kijiji
715,2024,Ford,F-150,stx,1,49997,No change noted,"Down $2,000 over 3 weeks",3,51997,50950,-953,-2000,32765,Unknown,Gas,Accident reported,N/A,Unknown,Dealer,"Edmonton, AB","Edmonton, AB",,disabled_unverified_location,1739837037,edmonton,unverified_url_evidence,https://www.kijiji.ca/v-cars-trucks/edmonton/2024-ford-f-150-stx/1739837037,,Kijiji
716,2024,Ford,F-150,xlt,2,49999,No change noted,First seen this week,0,49999,49999,0,0,81881,Unknown,Gas,Unknown,N/A,Unknown,Dealer,"Edmonton, AB","Edmonton, AB",,disabled_unverified_location,1740883006,edmonton,unverified_url_evidence,https://www.kijiji.ca/v-cars-trucks/edmonton/2024-ford-f-150/1740883006,,Kijiji
717,2024,Ford,F-150,xlt,2,50598,No change noted,"Up $1,829 over 11 weeks",11,48769,50598,0,1829,84555,Unknown,Gas,Unknown,N/A,Unknown,Dealer,"Olds, AB","Olds, AB",,disabled_unverified_location,1732961476,medicine-hat,unverified_url_evidence,https://www.kijiji.ca/v-cars-trucks/medicine-hat/2024-ford-f-150-xlt-built-ford-tough-powerful-tech-ready-xlt/1732961476,,Kijiji
718,2024,Ford,F-150,xlt,2,50988,No change noted,"Down $1,000 over 7 weeks",7,51988,51988,-1000,-1000,66537,Unknown,Gas,Unknown,N/A,Unknown,Private,"Carstairs, AB","Carstairs, AB",,disabled_unverified_location,1737921822,fredericton,unverified_url_evidence,https://www.kijiji.ca/v-cars-trucks/fredericton/2024-ford-f-150-xlt/1737921822,,Kijiji
719,2024,Ford,F-150,fx4,3,50990,No change noted,Unchanged for 3 weeks,3,50990,50990,0,0,100,Unknown,Gas,Unknown,N/A,Unknown,Dealer,"Calgary, AB","Calgary, AB",,disabled_unverified_location,1739636693,calgary,unverified_url_evidence,https://www.kijiji.ca/v-cars-trucks/calgary/2024-ford-f-150-xlt-302a-fx4-offroad-package/1739636693,,Kijiji
720,2024,Ford,F-150,xlt,2,50990,No change noted,Unchanged for 3 weeks,3,50990,50990,0,0,100,3.5L,Gas,Unknown,N/A,Unknown,Dealer,"Calgary, AB","Calgary, AB",,disabled_unverified_location,1739636694,calgary,unverified_url_evidence,https://www.kijiji.ca/v-cars-trucks/calgary/2024-ford-f-150-xlt-302a-3-5l-ecoboost/1739636694,,Kijiji
721,2024,Ford,F-150,xlt,2,50990,No change noted,Unchanged for 1 weeks,1,50990,50990,0,0,61250,5.0L,Gas,Unknown,N/A,Unknown,Dealer,"Camrose, AB","Camrose, AB",,disabled_unverified_location,1740101848,st-albert,unverified_url_evidence,https://www.kijiji.ca/v-cars-trucks/st-albert/2024-ford-f-150-xlt-4wd-supercrew-6-5-box-5-0l-v8-gas-fx4-off/1740101848,,Kijiji
722,2024,Ford,F-150,stx,1,50999,No change noted,Unchanged for 2 weeks,2,50999,50999,0,0,45078,Unknown,Gas,Unknown,N/A,Unknown,Private,"Carstairs, AB","Carstairs, AB",,disabled_unverified_location,1740375572,windsor-area-on,unverified_url_evidence,https://www.kijiji.ca/v-cars-trucks/windsor-area-on/2024-ford-f-150-stx/1740375572,,Kijiji
723,2024,Ford,F-150,xlt,2,50999,No change noted,Down $538 over 2 weeks,2,51537,50999,0,-538,46390,Unknown,Gas,No accidents reported,N/A,Unknown,Private,"Carstairs, AB","Carstairs, AB",,disabled_unverified_location,1739920449,windsor-area-on,unverified_url_evidence,https://www.kijiji.ca/v-cars-trucks/windsor-area-on/2024-ford-f-150-xlt-black-appearance-package-360-degree/1739920449,,Kijiji
724,2024,Ford,F-150,xlt,2,51190,No change noted,"Down $2,500 over 10 weeks",10,53690,51590,-400,-2500,22532,Unknown,Gas,Unknown,N/A,Unknown,Private,"Moose Jaw, SK","Moose Jaw, SK",,disabled_unverified_location,1735969016,ottawa,unverified_url_evidence,https://www.kijiji.ca/v-cars-trucks/ottawa/2024-ford-f-150-xlt-302a-crew-cab-short-bed/1735969016,,Kijiji
725,2024,Ford,F-150,xlt,2,51900,No change noted,"Down $2,000 over 10 weeks",10,53900,51900,0,-2000,70858,Unknown,Gas,Unknown,N/A,Unknown,Dealer,"Edmonton, AB","Edmonton, AB",,disabled_unverified_location,1737191345,edmonton,unverified_url_evidence,https://www.kijiji.ca/v-cars-trucks/edmonton/2024-ford-f-150-xlt-302a-4x4-supercrew-145/1737191345,,Kijiji
726,2024,Ford,F-150,xlt,2,51900,No change noted,"Down $3,000 over 10 weeks",10,54900,51900,0,-3000,76458,Unknown,Gas,Unknown,N/A,Unknown,Dealer,"Edmonton, AB","Edmonton, AB",,disabled_unverified_location,1737191385,edmonton,unverified_url_evidence,https://www.kijiji.ca/v-cars-trucks/edmonton/2024-ford-f-150-xlt-302a-4x4-supercrew-145/1737191385,,Kijiji
727,2024,Ford,F-150,Unknown,1,51926,No change noted,Down $932 over 1 weeks,1,52858,52858,-932,-932,49728,Unknown,Gas,Unknown,N/A,Unknown,Dealer,"Calgary, AB","Calgary, AB",,disabled_unverified_location,1739689466,calgary,unverified_url_evidence,https://www.kijiji.ca/v-cars-trucks/calgary/2024-ford-f-150-nav-heated-seats/1739689466,,Kijiji
728,2024,Ford,F-150,stx,1,51955,No change noted,"Down $1,042 over 3 weeks",3,52997,51955,0,-1042,23592,Unknown,Gas,Unknown,N/A,Unknown,Dealer,"Edmonton, AB","Edmonton, AB",,disabled_unverified_location,1739783159,edmonton,unverified_url_evidence,https://www.kijiji.ca/v-cars-trucks/edmonton/2024-ford-f-150-stx/1739783159,,Kijiji
729,2024,Ford,F-150,xlt,2,51988,No change noted,First seen this week,0,51988,51988,0,0,60944,Unknown,Gas,Unknown,N/A,Unknown,Dealer,"Camrose, AB","Camrose, AB",,disabled_unverified_location,1740752382,strathcona-county,unverified_url_evidence,https://www.kijiji.ca/v-cars-trucks/strathcona-county/2024-ford-f-150-xlt/1740752382,,Kijiji
730,2024,Ford,F-150,xlt,2,51990,No change noted,"Down $3,000 over 5 weeks",5,54990,51990,0,-3000,56182,3.5L,Gas,Unknown,N/A,Unknown,Dealer,"Camrose, AB","Camrose, AB",,disabled_unverified_location,1736332202,st-albert,unverified_url_evidence,https://www.kijiji.ca/v-cars-trucks/st-albert/2024-ford-f-150-xlt-4wd-supercrew-6-5-box-3-5l-v6-gas-remote/1736332202,,Kijiji
731,2024,Ford,F-150,xlt,2,51990,No change noted,Unchanged for 5 weeks,5,51990,51990,0,0,87342,Unknown,Gas,Unknown,N/A,Unknown,Dealer,"Calgary, AB","Calgary, AB",,disabled_unverified_location,1739453252,calgary,unverified_url_evidence,https://www.kijiji.ca/v-cars-trucks/calgary/2024-ford-f-150/1739453252,,Kijiji
732,2024,Ford,F-150,xlt,2,51995,No change noted,Down $900 over 5 weeks,5,52895,51995,0,-900,53977,Unknown,Gas,Unknown,N/A,Unknown,Private,"Regina, SK","Regina, SK",,disabled_unverified_location,1739361180,winnipeg,unverified_url_evidence,https://www.kijiji.ca/v-cars-trucks/winnipeg/2024-ford-f-150/1739361180,,Kijiji
733,2024,Ford,F-150,xlt,2,51997,No change noted,"Down $3,000 over 8 weeks",8,54997,52997,-1000,-3000,46734,Unknown,Gas,Unknown,N/A,Unknown,Dealer,"Edmonton, AB","Edmonton, AB",,disabled_unverified_location,1737401700,edmonton,unverified_url_evidence,https://www.kijiji.ca/v-cars-trucks/edmonton/2024-ford-f-150-xlt-crew-cab-4wd-v6-ecoboost-low-kms-nav/1737401700,,Kijiji
734,2024,Ford,F-150,xlt,2,51998,No change noted,Unchanged for 3 weeks,3,51998,51998,0,0,61345,Unknown,Gas,Unknown,N/A,Unknown,Private,"Moose Jaw, SK","Moose Jaw, SK",,disabled_unverified_location,1739777850,ottawa,unverified_url_evidence,https://www.kijiji.ca/v-cars-trucks/ottawa/2024-ford-f-150/1739777850,,Kijiji
735,2024,Ford,F-150,xlt,2,51998,No change noted,"Down $1,000 over 10 weeks",10,52998,51998,0,-1000,63810,Unknown,Gas,Unknown,N/A,Unknown,Private,"Regina, SK","Regina, SK",,disabled_unverified_location,1736283762,winnipeg,unverified_url_evidence,https://www.kijiji.ca/v-cars-trucks/winnipeg/2024-ford-f-150-xlt-climate-control-navigation/1736283762,,Kijiji
736,2024,Ford,F-150,xlt,2,52207,No change noted,Down $296 over 8 weeks,8,52503,52208,-1,-296,37729,Unknown,Gas,Unknown,N/A,Unknown,Dealer,"Carstairs, AB","Carstairs, AB",,disabled_unverified_location,1735354816,grande-prairie,unverified_url_evidence,https://www.kijiji.ca/v-cars-trucks/grande-prairie/2024-ford-f-150-xlt-bench-seat-back-up-camera-nav/1735354816,,Kijiji
737,2024,Ford,F-150,xlt,2,52500,No change noted,Unchanged for 2 weeks,2,52500,52500,0,0,36950,Unknown,Gas,Unknown,N/A,Unknown,Private,"Calgary, AB","Calgary, AB",,disabled_unverified_location,1740129868,calgary,unverified_url_evidence,https://www.kijiji.ca/v-cars-trucks/calgary/2024-ford-f-150-xlt-supercrew-fx4/1740129868,,Kijiji
738,2024,Ford,F-150,stx,1,52649,No change noted,Unchanged for 3 weeks,3,52649,52649,0,0,20285,Unknown,Gas,Unknown,N/A,Unknown,Dealer,"Olds, AB","Olds, AB",,disabled_unverified_location,1739969381,medicine-hat,unverified_url_evidence,https://www.kijiji.ca/v-cars-trucks/medicine-hat/2024-ford-f-150-stx/1739969381,,Kijiji
739,2024,Ford,F-150,lariat,3,52895,No change noted,Unchanged for 6 weeks,6,52895,52895,0,0,139590,Unknown,Gas,Unknown,N/A,Unknown,Dealer,"Edmonton, AB","Edmonton, AB",,disabled_unverified_location,1738989832,edmonton,unverified_url_evidence,https://www.kijiji.ca/v-cars-trucks/edmonton/2024-ford-f-150-lariat-4x4-supercrew-5-5-box/1738989832,,Kijiji
740,2024,Ford,F-150,xlt,2,52900,No change noted,"Down $1,600 over 10 weeks",10,54500,52900,0,-1600,66456,Unknown,Gas,Unknown,N/A,Unknown,Dealer,"Edmonton, AB","Edmonton, AB",,disabled_unverified_location,1737982425,edmonton,unverified_url_evidence,https://www.kijiji.ca/v-cars-trucks/edmonton/2024-ford-f-150-xlt-302a-4x4-supercrew-145/1737982425,,Kijiji
741,2024,Ford,F-150,xlt,2,52990,No change noted,Unchanged for 3 weeks,3,52990,52990,0,0,53950,Unknown,Gas,Unknown,N/A,Unknown,Dealer,"Calgary, AB","Calgary, AB",,disabled_unverified_location,1739636687,calgary,unverified_url_evidence,https://www.kijiji.ca/v-cars-trucks/calgary/2024-ford-f-150-xlt/1739636687,,Kijiji
742,2024,Ford,F-150,fx4,3,52990,No change noted,First seen this week,0,52990,52990,0,0,80500,3.5L,Gas,Unknown,N/A,Unknown,Dealer,"Calgary, AB","Calgary, AB",,disabled_unverified_location,1740696603,calgary,unverified_url_evidence,https://www.kijiji.ca/v-cars-trucks/calgary/2024-ford-f-150-xlt-302a-3-5l-ecoboost-fx4-offroad-package/1740696603,,Kijiji
743,2024,Ford,F-150,xlt,2,52995,No change noted,First seen this week,0,52995,52995,0,0,49390,Unknown,Gas,Unknown,N/A,Unknown,Private,"Carstairs, AB","Carstairs, AB",,disabled_unverified_location,1740841518,delta-surrey-langley,unverified_url_evidence,https://www.kijiji.ca/v-cars-trucks/delta-surrey-langley/2024-ford-f-150/1740841518,,Kijiji
744,2024,Ford,F-150,stx,1,52999,No change noted,"Down $1,000 over 4 weeks",4,53999,52999,0,-1000,25200,Unknown,Gas,Accident reported,N/A,Unknown,Dealer,"Camrose, AB","Camrose, AB",,disabled_unverified_location,1739408188,strathcona-county,unverified_url_evidence,https://www.kijiji.ca/v-cars-trucks/strathcona-county/2024-ford-f-150-stx-tow-haul-pkg/1739408188,,Kijiji
745,2024,Ford,F-150,xlt,2,52999,No change noted,Unchanged for 10 weeks,10,52999,52999,0,0,72593,Unknown,Gas,Unknown,N/A,Unknown,Dealer,"Edmonton, AB","Edmonton, AB",,disabled_unverified_location,1737612716,edmonton,unverified_url_evidence,https://www.kijiji.ca/v-cars-trucks/edmonton/2024-ford-f-150-xlt/1737612716,,Kijiji
746,2024,Ford,F-150,xlt,2,53261,No change noted,Down $533 over 10 weeks,10,53794,53261,0,-533,54659,Unknown,Gas,Unknown,N/A,Unknown,Private,"Regina, SK","Regina, SK",,disabled_unverified_location,1736391681,winnipeg,unverified_url_evidence,https://www.kijiji.ca/v-cars-trucks/winnipeg/2024-ford-f-150-xlt-climate-control-navigation/1736391681,,Kijiji
747,2024,Ford,F-150,xlt,2,53489,No change noted,"Down $2,101 over 10 weeks",10,55590,55590,-2101,-2101,88351,Unknown,Gas,Unknown,N/A,Unknown,Dealer,"Camrose, AB","Camrose, AB",,disabled_unverified_location,1735698726,edmonton,unverified_url_evidence,https://www.kijiji.ca/v-cars-trucks/edmonton/2024-ford-f-150-xlt/1735698726,,Kijiji
748,2024,Ford,F-150,xlt,2,53490,No change noted,"Down $1,625 over 11 weeks",11,55115,53490,0,-1625,34876,Unknown,Gas,No accidents reported,N/A,Unknown,Unknown,"High River, AB","High River, AB",,disabled_unverified_location,1736762819,kitchener-waterloo,unverified_url_evidence,https://www.kijiji.ca/v-cars-trucks/kitchener-waterloo/2024-ford-f-150-xlt-accident-free-carplay-backup-cam/1736762819,,Kijiji
749,2024,Ford,F-150,xlt,2,53500,No change noted,Down $750 over 10 weeks,10,54250,53500,0,-750,32379,Unknown,Gas,Unknown,N/A,Unknown,Private,"Regina, SK","Regina, SK",,disabled_unverified_location,1737453575,winnipeg,unverified_url_evidence,https://www.kijiji.ca/v-cars-trucks/winnipeg/2024-ford-f-150-xlt-remote-start-360-camera/1737453575,,Kijiji
750,2024,Ford,F-150,xlt,2,53667,No change noted,First seen this week,0,53667,53667,0,0,73963,Unknown,Gas,Unknown,N/A,Unknown,Dealer,"Edmonton, AB","Edmonton, AB",,disabled_unverified_location,1740703471,edmonton,unverified_url_evidence,https://www.kijiji.ca/v-cars-trucks/edmonton/2024-ford-f-150-xlt/1740703471,,Kijiji
751,2024,Ford,F-150,xlt,2,53750,No change noted,Unchanged for 3 weeks,3,53750,53750,0,0,42699,3.5L,Gas,Unknown,N/A,Unknown,Dealer,"Calgary, AB","Calgary, AB",,disabled_unverified_location,1739693121,calgary,unverified_url_evidence,https://www.kijiji.ca/v-cars-trucks/calgary/2024-ford-f-150-xlt-3-5l-ecoboost-301a-3-55-e-locker/1739693121,,Kijiji
752,2024,Ford,F-150,fx4,3,53800,No change noted,First seen this week,0,53800,53800,0,0,30718,Unknown,Gas,Unknown,N/A,Unknown,Private,"Carstairs, AB","Carstairs, AB",,disabled_unverified_location,1740151858,oakville-halton-region,unverified_url_evidence,https://www.kijiji.ca/v-cars-trucks/oakville-halton-region/2024-ford-f-150-crew-cab-4x4-6-5ft-box-fx4-package/1740151858,,Kijiji
753,2024,Ford,F-150,fx4,3,53800,No change noted,Unchanged for 1 weeks,1,53800,53800,0,0,30718,Unknown,Gas,Unknown,N/A,Unknown,Private,"Carstairs, AB","Carstairs, AB",,disabled_unverified_location,1740151862,oakville-halton-region,unverified_url_evidence,https://www.kijiji.ca/v-cars-trucks/oakville-halton-region/2024-ford-f-150-crew-cab-4x4-6-5ft-box-fx4-package/1740151862,,Kijiji
754,2024,Ford,F-150,xlt,2,53800,No change noted,Unchanged for 1 weeks,1,53800,53800,0,0,54325,Unknown,Gas,Unknown,N/A,Unknown,Private,"Carstairs, AB","Carstairs, AB",,disabled_unverified_location,1739504408,oakville-halton-region,unverified_url_evidence,https://www.kijiji.ca/v-cars-trucks/oakville-halton-region/2024-ford-f-150-crew-cab-4x4-xlt-5-5ft-box/1739504408,,Kijiji
755,2024,Ford,F-150,xlt,2,53900,No change noted,"Down $2,000 over 10 weeks",10,55900,53900,0,-2000,64140,Unknown,Gas,Unknown,N/A,Unknown,Dealer,"Edmonton, AB","Edmonton, AB",,disabled_unverified_location,1737191383,edmonton,unverified_url_evidence,https://www.kijiji.ca/v-cars-trucks/edmonton/2024-ford-f-150-xlt-302a-4x4-supercrew-145/1737191383,,Kijiji
756,2024,Ford,F-150,xlt,2,53989,No change noted,"Down $1,138 over 1 weeks",1,55127,55127,-1138,-1138,64177,Unknown,Gas,Unknown,N/A,Unknown,Dealer,"Camrose, AB","Camrose, AB",,disabled_unverified_location,1740376053,st-albert,unverified_url_evidence,https://www.kijiji.ca/v-cars-trucks/st-albert/2024-ford-f-150-xlt-4wd-supercrew-5-5-box-for-sale/1740376053,,Kijiji
757,2024,Ford,F-150,xlt,2,53990,No change noted,"Down $3,000 over 9 weeks",9,56990,53990,0,-3000,38997,3.5L,Gas,Unknown,N/A,Unknown,Dealer,"Camrose, AB","Camrose, AB",,disabled_unverified_location,1737292911,st-albert,unverified_url_evidence,https://www.kijiji.ca/v-cars-trucks/st-albert/2024-ford-f-150-xlt-4wd-supercrew-5-5-box-3-5l-v6-gas-heated/1737292911,,Kijiji
758,2024,Ford,F-150,xlt,2,53990,No change noted,"Down $4,000 over 7 weeks",7,57990,53990,0,-4000,50376,3.5L,Gas,Unknown,N/A,Unknown,Dealer,"Camrose, AB","Camrose, AB",,disabled_unverified_location,1736437259,st-albert,unverified_url_evidence,https://www.kijiji.ca/v-cars-trucks/st-albert/2024-ford-f-150-xlt-4wd-supercrew-5-5-box-3-5l-v6-gas-console/1736437259,,Kijiji
759,2024,Ford,F-150,fx4,3,53990,No change noted,First seen this week,0,53990,53990,0,0,54000,3.5L,Gas,Unknown,N/A,Unknown,Dealer,"Calgary, AB","Calgary, AB",,disabled_unverified_location,1740647844,calgary,unverified_url_evidence,https://www.kijiji.ca/v-cars-trucks/calgary/2024-ford-f-150-xlt-302a-3-5l-ecoboost-fx4-offroad/1740647844,,Kijiji
760,2024,Ford,F-150,fx4,3,53990,No change noted,"Down $3,000 over 7 weeks",7,56990,53990,0,-3000,60973,Unknown,Gas,Unknown,N/A,Unknown,Dealer,"Calgary, AB","Calgary, AB",,disabled_unverified_location,1738349545,calgary,unverified_url_evidence,https://www.kijiji.ca/v-cars-trucks/calgary/2024-ford-f-150-xlt-tow-pkg-302a-short-box-fx4-off-road/1738349545,,Kijiji
761,2024,Ford,F-150,fx4,3,53990,No change noted,First seen this week,0,53990,53990,0,0,65000,3.5L,Gas,Unknown,N/A,Unknown,Dealer,"Calgary, AB","Calgary, AB",,disabled_unverified_location,1740696605,calgary,unverified_url_evidence,https://www.kijiji.ca/v-cars-trucks/calgary/2024-ford-f-150-xlt-302a-fx4-offroad-3-5l-ecoboost/1740696605,,Kijiji
762,2024,Ford,F-150,fx4,3,53990,No change noted,"Down $3,005 over 8 weeks",8,56995,53990,0,-3005,71605,Unknown,Gas,Unknown,N/A,Unknown,Dealer,"Calgary, AB","Calgary, AB",,disabled_unverified_location,1738299048,calgary,unverified_url_evidence,https://www.kijiji.ca/v-cars-trucks/calgary/2024-ford-f-150-xlt-fx4-off-road-short-box/1738299048,,Kijiji
763,2024,Ford,F-150,fx4,3,53990,No change noted,Unchanged for 3 weeks,3,53990,53990,0,0,86001,Unknown,Gas,Unknown,N/A,Unknown,Dealer,"Calgary, AB","Calgary, AB",,disabled_unverified_location,1739636688,calgary,unverified_url_evidence,https://www.kijiji.ca/v-cars-trucks/calgary/2024-ford-f-150-xlt-302a-fx4-offroad-package/1739636688,,Kijiji
764,2024,Ford,F-150,xlt,2,53999,No change noted,Unchanged for 8 weeks,8,53999,53999,0,0,38846,Unknown,Gas,Unknown,N/A,Unknown,Dealer,"Edmonton, AB","Edmonton, AB",,disabled_unverified_location,1738712304,edmonton,unverified_url_evidence,https://www.kijiji.ca/v-cars-trucks/edmonton/2024-ford-f-150-xlt/1738712304,,Kijiji
765,2024,Ford,F-150,xlt,2,53999,No change noted,Unchanged for 4 weeks,4,53999,53999,0,0,51584,Unknown,Gas,Unknown,N/A,Unknown,Dealer,"Edmonton, AB","Edmonton, AB",,disabled_unverified_location,1739457860,edmonton,unverified_url_evidence,https://www.kijiji.ca/v-cars-trucks/edmonton/2024-ford-f-150-xlt/1739457860,,Kijiji
766,2024,Ford,F-150,xlt,2,53999,No change noted,First seen this week,0,53999,53999,0,0,60000,Unknown,Gas,Unknown,N/A,Unknown,Dealer,"Edmonton, AB","Edmonton, AB",,disabled_unverified_location,1740872491,edmonton,unverified_url_evidence,https://www.kijiji.ca/v-cars-trucks/edmonton/2024-ford-f-150-xlt/1740872491,,Kijiji
767,2024,Ford,F-150,xlt,2,53999,No change noted,Unchanged for 4 weeks,4,53999,53999,0,0,64976,Unknown,Gas,Unknown,N/A,Unknown,Dealer,"Edmonton, AB","Edmonton, AB",,disabled_unverified_location,1739457858,edmonton,unverified_url_evidence,https://www.kijiji.ca/v-cars-trucks/edmonton/2024-ford-f-150-xlt/1739457858,,Kijiji
768,2024,Ford,F-150,xlt,2,53999,No change noted,Unchanged for 10 weeks,10,53999,53999,0,0,70945,Unknown,Gas,Unknown,N/A,Unknown,Private,"Regina, SK","Regina, SK",,disabled_unverified_location,1736664727,winnipeg,unverified_url_evidence,https://www.kijiji.ca/v-cars-trucks/winnipeg/2024-ford-f-150-xlt-302a-black-edition-powerboost-7-2kw/1736664727,,Kijiji
769,2024,Ford,F-150,xlt,2,54294,No change noted,Unchanged for 2 weeks,2,54294,54294,0,0,60905,Unknown,Gas,Unknown,N/A,Unknown,Private,"Regina, SK","Regina, SK",,disabled_unverified_location,1740108532,winnipeg,unverified_url_evidence,https://www.kijiji.ca/v-cars-trucks/winnipeg/2024-ford-f-150-xlt-climate-control-navigation/1740108532,,Kijiji
770,2024,Ford,F-150,xlt,2,54454,No change noted,"Down $2,819 over 8 weeks",8,57273,54454,0,-2819,43202,Unknown,Gas,Unknown,N/A,Unknown,Dealer,"Calgary, AB","Calgary, AB",,disabled_unverified_location,1736871627,calgary,unverified_url_evidence,https://www.kijiji.ca/v-cars-trucks/calgary/2024-ford-f-150-xlt-lease-return-303a-leather-b-o-sound/1736871627,,Kijiji
771,2024,Ford,F-150,xlt,2,54680,No change noted,Unchanged for 2 weeks,2,54680,54680,0,0,45781,3.5L,Gas,No accidents reported,N/A,Unknown,Dealer,"Edmonton, AB","Edmonton, AB",,disabled_unverified_location,1740151613,edmonton,unverified_url_evidence,https://www.kijiji.ca/v-cars-trucks/edmonton/2024-ford-f-150-xlt-301a-3-5l-ecoboost-lane-keep/1740151613,,Kijiji
772,2024,Ford,F-150,xlt,2,54739,No change noted,"Down $2,055 over 6 weeks",6,56794,55794,-1055,-2055,76794,Unknown,Gas,Unknown,N/A,Unknown,Private,"Regina, SK","Regina, SK",,disabled_unverified_location,1739215203,winnipeg,unverified_url_evidence,https://www.kijiji.ca/v-cars-trucks/winnipeg/2024-ford-f-150-xlt-xlt-4wd-supercrew-5-5-box/1739215203,,Kijiji
773,2024,Ford,F-150,xlt,2,54916,No change noted,"Down $3,494 over 8 weeks",8,58410,55421,-505,-3494,40670,Unknown,Gas,Unknown,N/A,Unknown,Dealer,"Calgary, AB","Calgary, AB",,disabled_unverified_location,1738200974,calgary,unverified_url_evidence,https://www.kijiji.ca/v-cars-trucks/calgary/2024-ford-f-150-xlt-lease-return-fx4-leather-moonroof/1738200974,,Kijiji
774,2024,Ford,F-150,xlt,2,54990,No change noted,"Down $2,000 over 5 weeks",5,56990,54990,0,-2000,26646,3.5L,Gas,Unknown,N/A,Unknown,Dealer,"Camrose, AB","Camrose, AB",,disabled_unverified_location,1738399388,st-albert,unverified_url_evidence,https://www.kijiji.ca/v-cars-trucks/st-albert/2024-ford-f-150-xlt-4wd-supercrew-6-5-box-3-5l-v6-gas-tow-hau/1738399388,,Kijiji
775,2024,Ford,F-150,Unknown,1,54990,No change noted,Unchanged for 1 weeks,1,54990,54990,0,0,26954,Unknown,Gas,Unknown,N/A,Unknown,Private,"Moose Jaw, SK","Moose Jaw, SK",,disabled_unverified_location,1740484528,ottawa,unverified_url_evidence,https://www.kijiji.ca/v-cars-trucks/ottawa/2024-ford-f-150-lightning-pro-crew-cab/1740484528,,Kijiji
776,2024,Ford,F-150,fx4,3,54990,No change noted,"Down $3,000 over 10 weeks",10,57990,54990,0,-3000,76502,Unknown,Gas,No accidents reported,N/A,Unknown,Dealer,"Calgary, AB","Calgary, AB",,disabled_unverified_location,1737662940,calgary,unverified_url_evidence,https://www.kijiji.ca/v-cars-trucks/calgary/2024-ford-f-150-xlt-302a-5-5-bed-fx4-pkg-bedliner-clean/1737662940,,Kijiji
777,2024,Ford,F-150,xlt,2,54995,No change noted,Unchanged for 3 weeks,3,54995,54995,0,0,47148,2.7L,Gas,No accidents reported,N/A,Unknown,Dealer,"Edmonton, AB","Edmonton, AB",,disabled_unverified_location,1738355718,edmonton,unverified_url_evidence,https://www.kijiji.ca/v-cars-trucks/edmonton/xlt-4wd-supercrew-5-5-box-2-7l-black-pkg/1738355718,,Kijiji
778,2024,Ford,F-150,xlt,2,54995,No change noted,Unchanged for 4 weeks,4,54995,54995,0,0,53330,Unknown,Gas,Unknown,N/A,Unknown,Dealer,"Calgary, AB","Calgary, AB",,disabled_unverified_location,1739404403,calgary,unverified_url_evidence,https://www.kijiji.ca/v-cars-trucks/calgary/2024-ford-f-150/1739404403,,Kijiji
779,2024,Ford,F-150,xlt,2,54995,No change noted,"Down $2,000 over 7 weeks",7,56995,54995,0,-2000,53509,3.5L,Gas,No accidents reported,N/A,Unknown,Dealer,"Edmonton, AB","Edmonton, AB",,disabled_unverified_location,1738406989,edmonton,unverified_url_evidence,https://www.kijiji.ca/v-cars-trucks/edmonton/xlt-302a-black-appearance-fx4-3-5l-5-5-box/1738406989,,Kijiji
780,2024,Ford,F-150,xlt,2,54999,No change noted,Unchanged for 8 weeks,8,54999,54999,0,0,36060,Unknown,Gas,Unknown,N/A,Unknown,Dealer,"Edmonton, AB","Edmonton, AB",,disabled_unverified_location,1738355848,edmonton,unverified_url_evidence,https://www.kijiji.ca/v-cars-trucks/edmonton/2024-ford-f-150-xlt/1738355848,,Kijiji
781,2024,Ford,F-150,xlt,2,55498,No change noted,"Down $2,500 over 5 weeks",5,57998,55498,0,-2500,47456,Unknown,Gas,Unknown,N/A,Unknown,Private,"Regina, SK","Regina, SK",,disabled_unverified_location,1739261977,winnipeg,unverified_url_evidence,https://www.kijiji.ca/v-cars-trucks/winnipeg/2024-ford-f-150-xlt-4wd-supercrew-5-5-box/1739261977,,Kijiji
782,2024,Ford,F-150,xlt,2,55888,No change noted,First seen this week,0,55888,55888,0,0,46770,Unknown,Gas,Unknown,N/A,Unknown,Dealer,"Calgary, AB","Calgary, AB",,disabled_unverified_location,1740401190,calgary,unverified_url_evidence,https://www.kijiji.ca/v-cars-trucks/calgary/2024-ford-f-150-xlt/1740401190,,Kijiji
783,2024,Ford,F-150,xlt,2,55900,No change noted,"Down $4,000 over 4 weeks",4,59900,55900,0,-4000,29810,2.7L,Gas,Unknown,N/A,Unknown,Dealer,"Calgary, AB","Calgary, AB",,disabled_unverified_location,1739307342,calgary,unverified_url_evidence,https://www.kijiji.ca/v-cars-trucks/calgary/2024-ford-f-150-xlt-303a-leather-black-appearnce-pkg-plus/1739307342,,Kijiji
784,2024,Ford,F-150,xlt,2,55948,No change noted,Unchanged for 4 weeks,4,55948,55948,0,0,52274,5.0L,Gas,Unknown,N/A,Unknown,Private,"Saskatoon, SK","Saskatoon, SK",,disabled_unverified_location,1739693440,saskatoon,unverified_url_evidence,https://www.kijiji.ca/v-cars-trucks/saskatoon/2024-ford-f-150-xlt-5-0l-v8-360-cam-hitch-keyless/1739693440,,Kijiji
785,2024,Ford,F-150,xlt,2,55990,No change noted,Unchanged for 6 weeks,6,55990,55990,0,0,51287,3.5L,Gas,Unknown,N/A,Unknown,Dealer,"Camrose, AB","Camrose, AB",,disabled_unverified_location,1736165231,st-albert,unverified_url_evidence,https://www.kijiji.ca/v-cars-trucks/st-albert/2024-ford-f-150-xlt-4wd-supercrew-5-5-box-3-5l-v6-gas-tow-hau/1736165231,,Kijiji
786,2024,Ford,F-150,xlt,2,55990,No change noted,"Down $1,000 over 4 weeks",4,56990,55990,0,-1000,64001,Unknown,Gas,Unknown,N/A,Unknown,Dealer,"Calgary, AB","Calgary, AB",,disabled_unverified_location,1739405056,calgary,unverified_url_evidence,https://www.kijiji.ca/v-cars-trucks/calgary/2024-ford-f-150-xlt-302a-tow-package/1739405056,,Kijiji
787,2024,Ford,F-150,xlt,2,55990,No change noted,"Down $2,000 over 7 weeks",7,57990,55990,0,-2000,74502,Unknown,Gas,Unknown,N/A,Unknown,Dealer,"Calgary, AB","Calgary, AB",,disabled_unverified_location,1738454629,calgary,unverified_url_evidence,https://www.kijiji.ca/v-cars-trucks/calgary/2024-ford-f-150-xlt-skid-plates-blk-appearance-short-box/1738454629,,Kijiji
788,2024,Ford,F-150,xlt,2,55998,No change noted,Unchanged for 1 weeks,1,55998,55998,0,0,35538,Unknown,Gas,Unknown,N/A,Unknown,Private,"Regina, SK","Regina, SK",,disabled_unverified_location,1738458630,winnipeg,unverified_url_evidence,https://www.kijiji.ca/v-cars-trucks/winnipeg/2024-ford-f-150-xlt-4wd-supercrew-5-5-box/1738458630,,Kijiji
789,2024,Ford,F-150,xlt,2,55999,No change noted,"Down $1,699 over 7 weeks",7,57698,55999,0,-1699,47401,Unknown,Gas,Unknown,N/A,Unknown,Private,"Regina, SK","Regina, SK",,disabled_unverified_location,1737193196,winnipeg,unverified_url_evidence,https://www.kijiji.ca/v-cars-trucks/winnipeg/2024-ford-f-150-xlt/1737193196,,Kijiji
790,2024,Ford,F-150,xlt,2,56500,No change noted,Unchanged for 2 weeks,2,56500,56500,0,0,24658,Unknown,Gas,Unknown,N/A,Unknown,Dealer,"Edmonton, AB","Edmonton, AB",,disabled_unverified_location,1740106178,edmonton,unverified_url_evidence,https://www.kijiji.ca/v-cars-trucks/edmonton/2024-ford-f-150-xlt-301a-4x4-supercrew-145/1740106178,,Kijiji
791,2024,Ford,F-150,xlt,2,56895,No change noted,Unchanged for 2 weeks,2,56895,56895,0,0,37789,Unknown,Gas,Unknown,N/A,Unknown,Dealer,"Edmonton, AB","Edmonton, AB",,disabled_unverified_location,1740152120,edmonton,unverified_url_evidence,https://www.kijiji.ca/v-cars-trucks/edmonton/2024-ford-f-150-xlt-4x4-supercrew-5-5-box/1740152120,,Kijiji
792,2024,Ford,F-150,xlt,2,56900,No change noted,Unchanged for 2 weeks,2,56900,56900,0,0,57936,Unknown,Gas,Unknown,N/A,Unknown,Private,"Regina, SK","Regina, SK",,disabled_unverified_location,1740058851,winnipeg,unverified_url_evidence,https://www.kijiji.ca/v-cars-trucks/winnipeg/2024-ford-f-150-xlt/1740058851,,Kijiji
793,2024,Ford,F-150,xlt,2,56990,No change noted,Unchanged for 2 weeks,2,56990,56990,0,0,38801,Unknown,Gas,Unknown,N/A,Unknown,Dealer,"Edmonton, AB","Edmonton, AB",,disabled_unverified_location,1739781613,edmonton,unverified_url_evidence,https://www.kijiji.ca/v-cars-trucks/edmonton/xlt-black-appearance-package-302a/1739781613,,Kijiji
794,2024,Ford,F-150,xlt,2,56990,No change noted,Unchanged for 9 weeks,9,56990,56990,0,0,43760,Unknown,Gas,Unknown,N/A,Unknown,Dealer,"Calgary, AB","Calgary, AB",,disabled_unverified_location,1738247951,calgary,unverified_url_evidence,https://www.kijiji.ca/v-cars-trucks/calgary/2024-ford-f-150/1738247951,,Kijiji
795,2024,Ford,F-150,xlt,2,56993,No change noted,"Down $2,005 over 10 weeks",10,58998,57966,-973,-2005,33155,Unknown,Gas,Unknown,N/A,Unknown,Private,"Regina, SK","Regina, SK",,disabled_unverified_location,1736766817,winnipeg,unverified_url_evidence,https://www.kijiji.ca/v-cars-trucks/winnipeg/2024-ford-f-150-xlt-xlt-4wd-supercrew-5-5-box-302a/1736766817,,Kijiji
796,2024,Ford,F-150,xlt,2,56993,No change noted,Down $902 over 5 weeks,5,57895,56993,0,-902,45073,Unknown,Gas,Unknown,N/A,Unknown,Dealer,"Calgary, AB","Calgary, AB",,disabled_unverified_location,1739310178,calgary,unverified_url_evidence,https://www.kijiji.ca/v-cars-trucks/calgary/2024-ford-f-150-xlt-heated-cloth-seats-black-appearance-pkg/1739310178,,Kijiji
797,2024,Ford,F-150,xlt,2,56993,No change noted,Unchanged for 2 weeks,2,56993,56993,0,0,50782,Unknown,Gas,Unknown,N/A,Unknown,Dealer,"Calgary, AB","Calgary, AB",,disabled_unverified_location,1740059935,calgary,unverified_url_evidence,https://www.kijiji.ca/v-cars-trucks/calgary/2024-ford-f-150-xlt/1740059935,,Kijiji
798,2024,Ford,F-150,xlt,2,56999,No change noted,Unchanged for 4 weeks,4,56999,56999,0,0,51344,Unknown,Gas,Unknown,N/A,Unknown,Dealer,"Edmonton, AB","Edmonton, AB",,disabled_unverified_location,1739457865,edmonton,unverified_url_evidence,https://www.kijiji.ca/v-cars-trucks/edmonton/2024-ford-f-150-xlt/1739457865,,Kijiji
799,2024,Ford,F-150,xlt,2,57598,No change noted,Down $400 over 6 weeks,6,57998,57598,0,-400,23886,Unknown,Gas,Unknown,N/A,Unknown,Private,"Carstairs, AB","Carstairs, AB",,disabled_unverified_location,1739167382,winnipeg,unverified_url_evidence,https://www.kijiji.ca/v-cars-trucks/winnipeg/2024-ford-f-150-xlt/1739167382,,Kijiji
800,2024,Ford,F-150,xlt,2,57616,No change noted,Unchanged for 1 weeks,1,57616,57616,0,0,22332,3.5L,Gas,Unknown,N/A,Unknown,Private,"Carstairs, AB","Carstairs, AB",,disabled_unverified_location,1739068311,brandon,unverified_url_evidence,https://www.kijiji.ca/v-cars-trucks/brandon/2024-ford-f-150-xlt-4wd-heated-seats-360-cam/1739068311,,Kijiji
801,2024,Ford,F-150,lariat,3,57889,No change noted,"Down $1,045 over 11 weeks",11,58934,58518,-629,-1045,90263,Unknown,Gas,Unknown,N/A,Unknown,Dealer,"Edmonton, AB","Edmonton, AB",,disabled_unverified_location,1734740205,edmonton,unverified_url_evidence,https://www.kijiji.ca/v-cars-trucks/edmonton/2024-ford-f-150-lariat/1734740205,,Kijiji
802,2024,Ford,F-150,xlt,2,57993,No change noted,Unchanged for 3 weeks,3,57993,57993,0,0,54978,Unknown,Gas,Unknown,N/A,Unknown,Dealer,"Calgary, AB","Calgary, AB",,disabled_unverified_location,1739690443,calgary,unverified_url_evidence,https://www.kijiji.ca/v-cars-trucks/calgary/2024-ford-f-150-xlt-heated-leather-seats-sunroof-black-appea/1739690443,,Kijiji
803,2024,Ford,F-150,xlt,2,57998,No change noted,First seen this week,0,57998,57998,0,0,30607,Unknown,Gas,Unknown,N/A,Unknown,Private,"Regina, SK","Regina, SK",,disabled_unverified_location,1740651608,winnipeg,unverified_url_evidence,https://www.kijiji.ca/v-cars-trucks/winnipeg/2024-ford-f-150-xlt-new-arrival/1740651608,,Kijiji
804,2024,Ford,F-150,xlt,2,57998,No change noted,Unchanged for 3 weeks,3,57998,57998,0,0,38959,Unknown,Gas,Unknown,N/A,Unknown,Private,"Regina, SK","Regina, SK",,disabled_unverified_location,1739781305,winnipeg,unverified_url_evidence,https://www.kijiji.ca/v-cars-trucks/winnipeg/2024-ford-f-150-xlt/1739781305,,Kijiji
805,2024,Ford,F-150,xlt,2,57999,No change noted,Unchanged for 9 weeks,9,57999,57999,0,0,60264,Unknown,Gas,Unknown,N/A,Unknown,Private,"Regina, SK","Regina, SK",,disabled_unverified_location,1736121610,winnipeg,unverified_url_evidence,https://www.kijiji.ca/v-cars-trucks/winnipeg/2024-ford-f-150-xlt-302-black-appearance-pkg-400-hp-3-5-twin-tur/1736121610,,Kijiji
806,2024,Ford,F-150,xlt,2,58000,No change noted,"Down $1,000 over 2 weeks",2,59000,59000,-1000,-1000,28000,Unknown,Gas,Unknown,N/A,Unknown,Private,"Ponoka, AB","Ponoka, AB",,disabled_unverified_location,1732562300,fort-mcmurray,unverified_url_evidence,https://www.kijiji.ca/v-cars-trucks/fort-mcmurray/2024-f150-xlt-6-5-box/1732562300,,Kijiji
807,2024,Ford,F-150,xlt,2,58788,No change noted,Unchanged for 1 weeks,1,58788,58788,0,0,38681,Unknown,Gas,Unknown,N/A,Unknown,Private,"Regina, SK","Regina, SK",,disabled_unverified_location,1737722305,winnipeg,unverified_url_evidence,https://www.kijiji.ca/v-cars-trucks/winnipeg/2024-ford-f-150-xlt-black-app-twin-roof-303a-5-09-certified/1737722305,,Kijiji
808,2024,Ford,F-150,xlt,2,58998,No change noted,First seen this week,0,58998,58998,0,0,36917,Unknown,Gas,Unknown,N/A,Unknown,Private,"Regina, SK","Regina, SK",,disabled_unverified_location,1740609079,winnipeg,unverified_url_evidence,https://www.kijiji.ca/v-cars-trucks/winnipeg/2024-ford-f-150-xlt-new-arrival/1740609079,,Kijiji
809,2024,Ford,F-150,xlt,2,59954,No change noted,First seen this week,0,59954,59954,0,0,44503,Unknown,Gas,Unknown,N/A,Unknown,Private,"Regina, SK","Regina, SK",,disabled_unverified_location,1740843784,winnipeg,unverified_url_evidence,https://www.kijiji.ca/v-cars-trucks/winnipeg/2024-ford-f-150-xlt-4wd-302a-sport-w-black-app-tow-haul-package/1740843784,,Kijiji
810,2024,Ford,F-150,xlt,2,59993,No change noted,Unchanged for 7 weeks,7,59993,59993,0,0,33007,Unknown,Gas,Unknown,N/A,Unknown,Dealer,"Calgary, AB","Calgary, AB",,disabled_unverified_location,1738657950,calgary,unverified_url_evidence,https://www.kijiji.ca/v-cars-trucks/calgary/2024-ford-f-150-xlt-heated-leather-seats-sunroof-black-appea/1738657950,,Kijiji
811,2024,Ford,F-150,xlt,2,59995,No change noted,Unchanged for 2 weeks,2,59995,59995,0,0,12928,Unknown,Gas,Unknown,N/A,Unknown,Dealer,"Calgary, AB","Calgary, AB",,disabled_unverified_location,1740104878,calgary,unverified_url_evidence,https://www.kijiji.ca/v-cars-trucks/calgary/2024-ford-f-150-xlt-dual-motor-pro-power-9-6kw-max-tow/1740104878,,Kijiji
812,2024,Ford,F-150,xlt,2,59999,No change noted,First seen this week,0,59999,59999,0,0,46991,Unknown,Gas,Unknown,N/A,Unknown,Private,"Regina, SK","Regina, SK",,disabled_unverified_location,1723996661,winnipeg,unverified_url_evidence,https://www.kijiji.ca/v-cars-trucks/winnipeg/2024-ford-f-150-xlt-4wd-crew-303a-pkg-black-edition-3-5-ecoboost/1723996661,,Kijiji
813,2024,Ford,F-150,xlt,2,60000,No change noted,First seen this week,0,60000,60000,0,0,34000,Unknown,Gas,Unknown,N/A,Unknown,Private,"Lethbridge, AB","Lethbridge, AB",,disabled_unverified_location,1740584276,vernon,unverified_url_evidence,https://www.kijiji.ca/v-cars-trucks/vernon/2024-ford-f150-xlt/1740584276,,Kijiji
814,2024,Ford,F-150,lariat,3,60000,No change noted,First seen this week,0,60000,60000,0,0,93492,Unknown,Gas,Unknown,N/A,Unknown,Dealer,"Carstairs, AB","Carstairs, AB",,disabled_unverified_location,1739453975,grande-prairie,unverified_url_evidence,https://www.kijiji.ca/v-cars-trucks/grande-prairie/2024-ford-f-150-lariat/1739453975,,Kijiji
815,2025,Ford,F-150,xlt,2,45990,No change noted,Unchanged for 1 weeks,1,45990,45990,0,0,118288,Unknown,Gas,Unknown,N/A,Unknown,Dealer,"Calgary, AB","Calgary, AB",,disabled_unverified_location,1740289222,calgary,unverified_url_evidence,https://www.kijiji.ca/v-cars-trucks/calgary/2025-ford-f-150-xlt-4wd-supercrew-5-5-box/1740289222,,Kijiji
816,2025,Ford,F-150,xlt,2,49250,No change noted,"Down $1,248 over 4 weeks",4,50498,49339,-89,-1248,65280,Unknown,Gas,Unknown,N/A,Unknown,Dealer,"Edmonton, AB","Edmonton, AB",,disabled_unverified_location,1739407572,edmonton,unverified_url_evidence,https://www.kijiji.ca/v-cars-trucks/edmonton/2025-ford-f-150-xlt-one-owner-12-inch-touchscreen/1739407572,,Kijiji
817,2025,Ford,F-150,xlt,2,49998,No change noted,Unchanged for 1 weeks,1,49998,49998,0,0,97568,Unknown,Gas,Unknown,N/A,Unknown,Private,"Regina, SK","Regina, SK",,disabled_unverified_location,1739923580,winnipeg,unverified_url_evidence,https://www.kijiji.ca/v-cars-trucks/winnipeg/2025-ford-f-150-xlt-4wd-supercrew-5-5-box/1739923580,,Kijiji
818,2025,Ford,F-150,xlt,2,50000,No change noted,First seen this week,0,50000,50000,0,0,24099,Unknown,Gas,Unknown,N/A,Unknown,Dealer,"Calgary, AB","Calgary, AB",,disabled_unverified_location,1740744081,calgary,unverified_url_evidence,https://www.kijiji.ca/v-cars-trucks/calgary/2025-ford-f-150-xlt/1740744081,,Kijiji
819,2025,Ford,F-150,xlt,2,51990,No change noted,Unchanged for 5 weeks,5,51990,51990,0,0,43604,Unknown,Gas,Unknown,N/A,Unknown,Dealer,"Calgary, AB","Calgary, AB",,disabled_unverified_location,1739260538,calgary,unverified_url_evidence,https://www.kijiji.ca/v-cars-trucks/calgary/2025-ford-f-150-xlt-4wd-supercrew-5-5-box/1739260538,,Kijiji
820,2025,Ford,F-150,xlt,2,51999,No change noted,"Down $1,200 over 7 weeks",7,53199,51999,0,-1200,23494,3.5L,Gas,Unknown,N/A,Unknown,Private,"Brooks, AB","Brooks, AB",,disabled_unverified_location,1731472540,dartmouth,unverified_url_evidence,https://www.kijiji.ca/v-cars-trucks/dartmouth/2025-ford-f-150-xlt-3-5l-ecoboost-power-strong-towing/1731472540,,Kijiji
821,2025,Ford,F-150,xlt,2,52388,No change noted,"Down $4,512 over 9 weeks",9,56900,52846,-458,-4512,32015,Unknown,Gas,Unknown,N/A,Unknown,Private,"Carstairs, AB","Carstairs, AB",,disabled_unverified_location,1737659836,guelph,unverified_url_evidence,https://www.kijiji.ca/v-cars-trucks/guelph/2025-ford-f-150-xlts/1737659836,,Kijiji
822,2025,Ford,F-150,xlt,2,52581,No change noted,Down $924 over 3 weeks,3,53505,52581,0,-924,57924,Unknown,Gas,No accidents reported,N/A,Unknown,Private,"Regina, SK","Regina, SK",,disabled_unverified_location,1739633483,winnipeg,unverified_url_evidence,https://www.kijiji.ca/v-cars-trucks/winnipeg/2025-ford-f-150-xlt-clean-carfax-4x4-htd-sts-steering-carpla/1739633483,,Kijiji
823,2025,Ford,F-150,xlt,2,52990,No change noted,Unchanged for 2 weeks,2,52990,52990,0,0,48980,Unknown,Gas,Unknown,N/A,Unknown,Dealer,"Calgary, AB","Calgary, AB",,disabled_unverified_location,1739453245,calgary,unverified_url_evidence,https://www.kijiji.ca/v-cars-trucks/calgary/2025-ford-f-150/1739453245,,Kijiji
824,2025,Ford,F-150,xlt,2,52995,No change noted,Unchanged for 3 weeks,3,52995,52995,0,0,19176,Unknown,Gas,Unknown,N/A,Unknown,Private,"Moose Jaw, SK","Moose Jaw, SK",,disabled_unverified_location,1739733082,ottawa,unverified_url_evidence,https://www.kijiji.ca/v-cars-trucks/ottawa/2025-ford-f-150/1739733082,,Kijiji
825,2025,Ford,F-150,xlt,2,53490,No change noted,Unchanged for 4 weeks,4,53490,53490,0,0,43669,Unknown,Gas,Unknown,N/A,Unknown,Dealer,"Calgary, AB","Calgary, AB",,disabled_unverified_location,1739453256,calgary,unverified_url_evidence,https://www.kijiji.ca/v-cars-trucks/calgary/2025-ford-f-150/1739453256,,Kijiji
826,2025,Ford,F-150,xlt,2,53490,No change noted,Unchanged for 3 weeks,3,53490,53490,0,0,46173,Unknown,Gas,Unknown,N/A,Unknown,Dealer,"Calgary, AB","Calgary, AB",,disabled_unverified_location,1739453250,calgary,unverified_url_evidence,https://www.kijiji.ca/v-cars-trucks/calgary/2025-ford-f-150/1739453250,,Kijiji
827,2025,Ford,F-150,fx4,3,53559,No change noted,"Down $2,939 over 11 weeks",11,56498,53559,0,-2939,46566,Unknown,Gas,Unknown,N/A,Unknown,Private,"Regina, SK","Regina, SK",,disabled_unverified_location,1734694752,winnipeg,unverified_url_evidence,https://www.kijiji.ca/v-cars-trucks/winnipeg/2025-ford-f-150-xlt-302a-heated-seats-360-camera-fx4/1734694752,,Kijiji
828,2025,Ford,F-150,xlt,2,53888,No change noted,"Down $5,000 over 9 weeks",9,58888,53888,0,-5000,41100,Unknown,Gas,Unknown,N/A,Unknown,Private,"Regina, SK","Regina, SK",,disabled_unverified_location,1732786765,winnipeg,unverified_url_evidence,https://www.kijiji.ca/v-cars-trucks/winnipeg/2025-ford-f-150-xlt-4wd-crew-302a-6-5-ft-3-5tt-certified-5-09/1732786765,,Kijiji
829,2025,Ford,F-150,xlt,2,53981,No change noted,"Down $1,000 over 4 weeks",4,54981,53981,0,-1000,24842,3.5L,Gas,Unknown,N/A,Unknown,Dealer,"Calgary, AB","Calgary, AB",,disabled_unverified_location,1738968066,calgary,unverified_url_evidence,https://www.kijiji.ca/v-cars-trucks/calgary/2025-ford-f-150-xlt-3-5l-v6-301a/1738968066,,Kijiji
830,2025,Ford,F-150,stx,1,53999,No change noted,Down $471 over 4 weeks,4,54470,54470,-471,-471,14,Unknown,Gas,Unknown,N/A,Unknown,Private,"Carstairs, AB","Carstairs, AB",,disabled_unverified_location,1730125217,windsor-area-on,unverified_url_evidence,https://www.kijiji.ca/v-cars-trucks/windsor-area-on/2025-ford-f-150-stx/1730125217,,Kijiji
831,2025,Ford,F-150,xlt,2,54490,No change noted,Unchanged for 4 weeks,4,54490,54490,0,0,52520,Unknown,Gas,Unknown,N/A,Unknown,Dealer,"Calgary, AB","Calgary, AB",,disabled_unverified_location,1739404090,calgary,unverified_url_evidence,https://www.kijiji.ca/v-cars-trucks/calgary/2025-ford-f-150/1739404090,,Kijiji
832,2025,Ford,F-150,xlt,2,54787,No change noted,"Down $3,091 over 7 weeks",7,57878,56676,-1889,-3091,55067,Unknown,Gas,Unknown,N/A,Unknown,Dealer,"Edmonton, AB","Edmonton, AB",,disabled_unverified_location,1738204062,edmonton,unverified_url_evidence,https://www.kijiji.ca/v-cars-trucks/edmonton/2025-ford-f-150-xlt-301a-pckg-2-inch-levelling-kit-new-black/1738204062,,Kijiji
833,2025,Ford,F-150,xlt,2,54888,No change noted,"Down $1,111 over 5 weeks",5,55999,55999,-1111,-1111,49122,Unknown,Gas,Unknown,N/A,Unknown,Dealer,"Calgary, AB","Calgary, AB",,disabled_unverified_location,1739261770,calgary,unverified_url_evidence,https://www.kijiji.ca/v-cars-trucks/calgary/2025-ford-f-150-xlt-3-5-ecoboost-trailer-tow-pkg/1739261770,,Kijiji
834,2025,Ford,F-150,xlt,2,54990,No change noted,Unchanged for 2 weeks,2,54990,54990,0,0,7176,5.0L,Gas,Unknown,N/A,Unknown,Dealer,"Edmonton, AB","Edmonton, AB",,disabled_unverified_location,1739737129,edmonton,unverified_url_evidence,https://www.kijiji.ca/v-cars-trucks/edmonton/xlt-301a-supercab-5-0l-v8/1739737129,,Kijiji
835,2025,Ford,F-150,stx,1,54990,No change noted,Unchanged for 2 weeks,2,54990,54990,0,0,25917,Unknown,Gas,Unknown,N/A,Unknown,Dealer,"Calgary, AB","Calgary, AB",,disabled_unverified_location,1740195295,calgary,unverified_url_evidence,https://www.kijiji.ca/v-cars-trucks/calgary/2025-ford-f-150/1740195295,,Kijiji
836,2025,Ford,F-150,xlt,2,54995,No change noted,Unchanged for 6 weeks,6,54995,54995,0,0,16418,Unknown,Gas,Unknown,N/A,Unknown,Private,"Moose Jaw, SK","Moose Jaw, SK",,disabled_unverified_location,1739110021,ottawa,unverified_url_evidence,https://www.kijiji.ca/v-cars-trucks/ottawa/2025-ford-f-150/1739110021,,Kijiji
837,2025,Ford,F-150,xlt,2,54995,No change noted,Up $95 over 7 weeks,7,54900,52995,2000,95,26145,3.5L,Gas,Unknown,N/A,Unknown,Dealer,"Calgary, AB","Calgary, AB",,disabled_unverified_location,1738708135,calgary,unverified_url_evidence,https://www.kijiji.ca/v-cars-trucks/calgary/2025-ford-f-150-xlt-301a-3-5l-ecoboost-bedliner/1738708135,,Kijiji
838,2025,Ford,F-150,xlt,2,54995,No change noted,Up $95 over 7 weeks,7,54900,52995,2000,95,50247,3.5L,Gas,Unknown,N/A,Unknown,Dealer,"Calgary, AB","Calgary, AB",,disabled_unverified_location,1738708133,calgary,unverified_url_evidence,https://www.kijiji.ca/v-cars-trucks/calgary/2025-ford-f-150-xlt-301a-3-5l-ecoboost-bedliner/1738708133,,Kijiji
839,2025,Ford,F-150,xl,1,54998,No change noted,"Up $1,392 over 5 weeks",5,53606,54998,0,1392,100,Unknown,Gas,Unknown,N/A,Unknown,Private,"Carstairs, AB","Carstairs, AB",,disabled_unverified_location,1727443521,revelstoke,unverified_url_evidence,https://www.kijiji.ca/v-cars-trucks/revelstoke/2025-ford-f-150/1727443521,,Kijiji
840,2025,Ford,F-150,xlt,2,55490,No change noted,Unchanged for 4 weeks,4,55490,55490,0,0,43485,Unknown,Gas,Unknown,N/A,Unknown,Dealer,"Calgary, AB","Calgary, AB",,disabled_unverified_location,1739453247,calgary,unverified_url_evidence,https://www.kijiji.ca/v-cars-trucks/calgary/2025-ford-f-150/1739453247,,Kijiji
841,2025,Ford,F-150,xlt,2,55694,No change noted,Unchanged for 1 weeks,1,55694,55694,0,0,59500,Unknown,Gas,Unknown,N/A,Unknown,Private,"Saskatoon, SK","Saskatoon, SK",,disabled_unverified_location,1740607381,saskatoon,unverified_url_evidence,https://www.kijiji.ca/v-cars-trucks/saskatoon/2025-ford-f-150-xlt-climate-control-sync-4/1740607381,,Kijiji
842,2025,Ford,F-150,xlt,2,55840,No change noted,"Down $1,136 over 5 weeks",5,56976,55840,0,-1136,37082,Unknown,Gas,Unknown,N/A,Unknown,Dealer,"Carstairs, AB","Carstairs, AB",,disabled_unverified_location,1739405979,grande-prairie,unverified_url_evidence,https://www.kijiji.ca/v-cars-trucks/grande-prairie/2025-ford-f-150/1739405979,,Kijiji
843,2025,Ford,F-150,xlt,2,55922,No change noted,"Down $1,452 over 9 weeks",9,57374,55922,0,-1452,50828,3.5L,Gas,Unknown,N/A,Unknown,Private,"Saskatoon, SK","Saskatoon, SK",,disabled_unverified_location,1738406669,saskatoon,unverified_url_evidence,https://www.kijiji.ca/v-cars-trucks/saskatoon/2025-ford-f-150-xlt-4x4-3-5l-lane-keep-assist-back-up/1738406669,,Kijiji
844,2025,Ford,F-150,xlt,2,55990,No change noted,Unchanged for 4 weeks,4,55990,55990,0,0,38557,Unknown,Gas,Unknown,N/A,Unknown,Dealer,"Calgary, AB","Calgary, AB",,disabled_unverified_location,1739453251,calgary,unverified_url_evidence,https://www.kijiji.ca/v-cars-trucks/calgary/2025-ford-f-150/1739453251,,Kijiji
845,2025,Ford,F-150,xlt,2,55990,No change noted,First seen this week,0,55990,55990,0,0,41555,3.5L,Gas,Unknown,N/A,Unknown,Dealer,"Camrose, AB","Camrose, AB",,disabled_unverified_location,1740284251,st-albert,unverified_url_evidence,https://www.kijiji.ca/v-cars-trucks/st-albert/2025-ford-f-150-xlt-4wd-supercrew-6-5-box-3-5l-v6-gas-fx4-off/1740284251,,Kijiji
846,2025,Ford,F-150,xlt,2,55995,No change noted,Unchanged for 1 weeks,1,55995,55995,0,0,25010,Unknown,Gas,Unknown,N/A,Unknown,Private,"Carstairs, AB","Carstairs, AB",,disabled_unverified_location,1740697591,delta-surrey-langley,unverified_url_evidence,https://www.kijiji.ca/v-cars-trucks/delta-surrey-langley/2025-ford-f-150/1740697591,,Kijiji
847,2025,Ford,F-150,xlt,2,55995,No change noted,"Down $3,000 over 7 weeks",7,58995,58995,-3000,-3000,36858,Unknown,Gas,Unknown,N/A,Unknown,Dealer,"Edmonton, AB","Edmonton, AB",,disabled_unverified_location,1738088984,edmonton,unverified_url_evidence,https://www.kijiji.ca/v-cars-trucks/edmonton/ford-f-150-xlt-2025/1738088984,,Kijiji
848,2025,Ford,F-150,xlt,2,55995,No change noted,Unchanged for 6 weeks,6,55995,55995,0,0,38371,Unknown,Gas,Unknown,N/A,Unknown,Dealer,"Edmonton, AB","Edmonton, AB",,disabled_unverified_location,1738989960,edmonton,unverified_url_evidence,https://www.kijiji.ca/v-cars-trucks/edmonton/2025-ford-f-150-xlt-4x4-supercrew-5-5-box/1738989960,,Kijiji
849,2025,Ford,F-150,xlt,2,56250,No change noted,Down $741 over 6 weeks,6,56991,56250,0,-741,30966,Unknown,Gas,Unknown,N/A,Unknown,Dealer,"Edmonton, AB","Edmonton, AB",,disabled_unverified_location,1738989866,edmonton,unverified_url_evidence,https://www.kijiji.ca/v-cars-trucks/edmonton/2025-ford-f-150-xlt-4x4-supercrew-5-5-box/1738989866,,Kijiji
850,2025,Ford,F-150,xlt,2,56608,No change noted,Unchanged for 8 weeks,8,56608,56608,0,0,43624,Unknown,Gas,Unknown,N/A,Unknown,Dealer,"Medicine Hat, AB","Medicine Hat, AB",,disabled_unverified_location,1738349552,lethbridge,unverified_url_evidence,https://www.kijiji.ca/v-cars-trucks/lethbridge/2025-ford-f-150/1738349552,,Kijiji
851,2025,Ford,F-150,fx4,3,56750,No change noted,"Down $1,225 over 10 weeks",10,57975,56750,0,-1225,44464,Unknown,Gas,Accident reported,N/A,Unknown,Private,"Regina, SK","Regina, SK",,disabled_unverified_location,1734259942,winnipeg,unverified_url_evidence,https://www.kijiji.ca/v-cars-trucks/winnipeg/2025-ford-f-150-xlt-302a-heated-seats-360-camera-fx4/1734259942,,Kijiji
852,2025,Ford,F-150,xlt,2,56888,No change noted,Unchanged for 2 weeks,2,56888,56888,0,0,47002,Unknown,Gas,Unknown,N/A,Unknown,Dealer,"Calgary, AB","Calgary, AB",,disabled_unverified_location,1740012563,calgary,unverified_url_evidence,https://www.kijiji.ca/v-cars-trucks/calgary/2025-ford-f-150-xlt-4wd/1740012563,,Kijiji
853,2025,Ford,F-150,xlt,2,56990,No change noted,Unchanged for 3 weeks,3,56990,56990,0,0,100,3.5L,Gas,Unknown,N/A,Unknown,Dealer,"Calgary, AB","Calgary, AB",,disabled_unverified_location,1739636685,calgary,unverified_url_evidence,https://www.kijiji.ca/v-cars-trucks/calgary/2025-ford-f-150-xlt-301a-3-5l-ecoboost/1739636685,,Kijiji
854,2025,Ford,F-150,fx4,3,56990,No change noted,Unchanged for 2 weeks,2,56990,56990,0,0,34002,3.5L,Gas,Unknown,N/A,Unknown,Dealer,"Calgary, AB","Calgary, AB",,disabled_unverified_location,1740012564,calgary,unverified_url_evidence,https://www.kijiji.ca/v-cars-trucks/calgary/2025-ford-f-150-xlt-302a-fx4-package-3-5l-ecoboost/1740012564,,Kijiji
855,2025,Ford,F-150,fx4,3,56990,No change noted,"Down $3,000 over 6 weeks",6,59990,56990,0,-3000,40001,Unknown,Gas,Unknown,N/A,Unknown,Dealer,"Calgary, AB","Calgary, AB",,disabled_unverified_location,1738963028,calgary,unverified_url_evidence,https://www.kijiji.ca/v-cars-trucks/calgary/2025-ford-f-150-xlt-302a-fx4-off-road-3-5-ecoboost/1738963028,,Kijiji
856,2025,Ford,F-150,xlt,2,56998,No change noted,Unchanged for 6 weeks,6,56998,56998,0,0,25821,Unknown,Gas,Unknown,N/A,Unknown,Private,"Moose Jaw, SK","Moose Jaw, SK",,disabled_unverified_location,1739014073,ottawa,unverified_url_evidence,https://www.kijiji.ca/v-cars-trucks/ottawa/2025-ford-f-150/1739014073,,Kijiji
857,2025,Ford,F-150,xlt,2,56998,No change noted,Unchanged for 6 weeks,6,56998,56998,0,0,35385,Unknown,Gas,Unknown,N/A,Unknown,Private,"Carstairs, AB","Carstairs, AB",,disabled_unverified_location,1738970375,ottawa,unverified_url_evidence,https://www.kijiji.ca/v-cars-trucks/ottawa/2025-ford-f-150/1738970375,,Kijiji
858,2025,Ford,F-150,xlt,2,56999,No change noted,First seen this week,0,56999,56999,0,0,46270,Unknown,Gas,Unknown,N/A,Unknown,Dealer,"Edmonton, AB","Edmonton, AB",,disabled_unverified_location,1740883007,edmonton,unverified_url_evidence,https://www.kijiji.ca/v-cars-trucks/edmonton/2025-ford-f-150/1740883007,,Kijiji
859,2025,Ford,F-150,xlt,2,57000,No change noted,Unchanged for 1 weeks,1,57000,57000,0,0,15363,Unknown,Gas,Unknown,N/A,Unknown,Dealer,"Edmonton, AB","Edmonton, AB",,disabled_unverified_location,1740334793,edmonton,unverified_url_evidence,https://www.kijiji.ca/v-cars-trucks/edmonton/2025-ford-f-150-xlt-301a-4x4-supercrew-145/1740334793,,Kijiji
860,2025,Ford,F-150,fx4,3,57000,No change noted,"Down $1,250 over 10 weeks",10,58250,57000,0,-1250,47262,Unknown,Gas,Accident reported,N/A,Unknown,Private,"Regina, SK","Regina, SK",,disabled_unverified_location,1734505874,winnipeg,unverified_url_evidence,https://www.kijiji.ca/v-cars-trucks/winnipeg/2025-ford-f-150-xlt-302a-heated-seats-360-camera-fx4/1734505874,,Kijiji
861,2025,Ford,F-150,xlt,2,57066,No change noted,"Down $1,647 over 8 weeks",8,58713,57924,-858,-1647,26938,Unknown,Gas,Unknown,N/A,Unknown,Dealer,"Carstairs, AB","Carstairs, AB",,disabled_unverified_location,1737927225,grande-prairie,unverified_url_evidence,https://www.kijiji.ca/v-cars-trucks/grande-prairie/2025-ford-f-150/1737927225,,Kijiji
862,2025,Ford,F-150,xlt,2,57490,No change noted,Unchanged for 3 weeks,3,57490,57490,0,0,22945,Unknown,Gas,Unknown,N/A,Unknown,Dealer,"Calgary, AB","Calgary, AB",,disabled_unverified_location,1739453244,calgary,unverified_url_evidence,https://www.kijiji.ca/v-cars-trucks/calgary/2025-ford-f-150/1739453244,,Kijiji
863,2025,Ford,F-150,xlt,2,57496,No change noted,"Down $1,298 over 8 weeks",8,58794,57776,-280,-1298,40172,Unknown,Gas,Unknown,N/A,Unknown,Private,"Regina, SK","Regina, SK",,disabled_unverified_location,1738507284,winnipeg,unverified_url_evidence,https://www.kijiji.ca/v-cars-trucks/winnipeg/2025-ford-f-150-xlt-4wd-supercrew-5-5-box-302a/1738507284,,Kijiji
864,2025,Ford,F-150,xlt,2,57900,No change noted,"Down $1,600 over 8 weeks",8,59500,57900,0,-1600,17044,Unknown,Gas,Unknown,N/A,Unknown,Dealer,"Edmonton, AB","Edmonton, AB",,disabled_unverified_location,1738251967,edmonton,unverified_url_evidence,https://www.kijiji.ca/v-cars-trucks/edmonton/2025-ford-f-150-xlt-301a-4x4-supercrew-145/1738251967,,Kijiji
865,2025,Ford,F-150,xlt,2,57990,No change noted,First seen this week,0,57990,57990,0,0,35164,3.5L,Gas,Unknown,N/A,Unknown,Dealer,"Camrose, AB","Camrose, AB",,disabled_unverified_location,1740745368,st-albert,unverified_url_evidence,https://www.kijiji.ca/v-cars-trucks/st-albert/2025-ford-f-150-xlt-4wd-supercrew-6-5-box-3-5l-v6-gas-fx4-off/1740745368,,Kijiji
866,2025,Ford,F-150,fx4,3,57990,No change noted,"Down $1,000 over 5 weeks",5,58990,57990,0,-1000,39561,Unknown,Gas,Unknown,N/A,Unknown,Dealer,"Calgary, AB","Calgary, AB",,disabled_unverified_location,1739306999,calgary,unverified_url_evidence,https://www.kijiji.ca/v-cars-trucks/calgary/2025-ford-f-150-xlt-302a-fx4-offroad-package/1739306999,,Kijiji
867,2025,Ford,F-150,xlt,2,57990,No change noted,Unchanged for 4 weeks,4,57990,57990,0,0,40995,3.5L,Gas,Unknown,N/A,Unknown,Dealer,"Camrose, AB","Camrose, AB",,disabled_unverified_location,1738196394,st-albert,unverified_url_evidence,https://www.kijiji.ca/v-cars-trucks/st-albert/2025-ford-f-150-xlt-4wd-supercrew-6-5-box-3-5l-v6-gas-fx4-off/1738196394,,Kijiji
868,2025,Ford,F-150,fx4,3,57990,No change noted,First seen this week,0,57990,57990,0,0,54500,3.5L,Gas,Unknown,N/A,Unknown,Dealer,"Calgary, AB","Calgary, AB",,disabled_unverified_location,1740796966,calgary,unverified_url_evidence,https://www.kijiji.ca/v-cars-trucks/calgary/2025-ford-f-150-xlt-302a-fx4-offroad-3-5l-ecoboost/1740796966,,Kijiji
869,2025,Ford,F-150,xlt,2,57995,No change noted,Unchanged for 8 weeks,8,57995,57995,0,0,41047,Unknown,Gas,Unknown,N/A,Unknown,Private,"Saskatoon, SK","Saskatoon, SK",,disabled_unverified_location,1738761644,saskatoon,unverified_url_evidence,https://www.kijiji.ca/v-cars-trucks/saskatoon/2025-ford-f-150-xlt-3-5-3-bed-storage-drawers-headache-rac/1738761644,,Kijiji
870,2025,Ford,F-150,xlt,2,57995,No change noted,Unchanged for 2 weeks,2,57995,57995,0,0,47185,Unknown,Gas,Unknown,N/A,Unknown,Dealer,"Calgary, AB","Calgary, AB",,disabled_unverified_location,1739921195,calgary,unverified_url_evidence,https://www.kijiji.ca/v-cars-trucks/calgary/2025-ford-f-150-xlt-301a-6-5-ft-box-tow-haul-mobile-office/1739921195,,Kijiji
871,2025,Ford,F-150,stx,1,58300,No change noted,"Down $1,384 over 7 weeks",7,59684,58300,0,-1384,8409,Unknown,Gas,Unknown,N/A,Unknown,Private,"Saskatoon, SK","Saskatoon, SK",,disabled_unverified_location,1739117853,saskatoon,unverified_url_evidence,https://www.kijiji.ca/v-cars-trucks/saskatoon/2025-ford-f-150-stx-5-0-v8-big-display-cloth-centre/1739117853,,Kijiji
872,2025,Ford,F-150,xlt,2,58499,No change noted,"Down $1,500 over 6 weeks",6,59999,59999,-1500,-1500,11523,Unknown,Gas,Unknown,N/A,Unknown,Dealer,"Olds, AB","Olds, AB",,disabled_unverified_location,1739019942,medicine-hat,unverified_url_evidence,https://www.kijiji.ca/v-cars-trucks/medicine-hat/2025-ford-f-150-xlt-302a/1739019942,,Kijiji
873,2025,Ford,F-150,xlt,2,58675,No change noted,Down $324 over 2 weeks,2,58999,58999,-324,-324,18997,Unknown,Gas,No accidents reported,N/A,Unknown,Dealer,"Calgary, AB","Calgary, AB",,disabled_unverified_location,1739967387,calgary,unverified_url_evidence,https://www.kijiji.ca/v-cars-trucks/calgary/2025-ford-f-150-xlt-4wd-no-accidents-tonneau-cover-side/1739967387,,Kijiji
874,2025,Ford,F-150,xlt,2,58954,No change noted,Down $20 over 8 weeks,8,58974,58954,0,-20,38837,Unknown,Gas,Unknown,N/A,Unknown,Private,"Saskatoon, SK","Saskatoon, SK",,disabled_unverified_location,1738610558,saskatoon,unverified_url_evidence,https://www.kijiji.ca/v-cars-trucks/saskatoon/2025-ford-f-150-xlt-4x4-lane-keep-system-hitch-eco/1738610558,,Kijiji
875,2025,Ford,F-150,xlt,2,58990,No change noted,Unchanged for 1 weeks,1,58990,58990,0,0,17791,3.5L,Gas,Unknown,N/A,Unknown,Dealer,"Camrose, AB","Camrose, AB",,disabled_unverified_location,1739591981,st-albert,unverified_url_evidence,https://www.kijiji.ca/v-cars-trucks/st-albert/2025-ford-f-150-xlt-4wd-supercrew-6-5-box-3-5l-v6-gas-fx4-off/1739591981,,Kijiji
876,2025,Ford,F-150,fx4,3,58990,No change noted,Unchanged for 1 weeks,1,58990,58990,0,0,30001,Unknown,Gas,Unknown,N/A,Unknown,Dealer,"Calgary, AB","Calgary, AB",,disabled_unverified_location,1738454628,calgary,unverified_url_evidence,https://www.kijiji.ca/v-cars-trucks/calgary/2025-ford-f-150-xlt-fx4-off-road-3-5-eco-short-box/1738454628,,Kijiji
877,2025,Ford,F-150,lariat,3,59400,No change noted,Unchanged for 3 weeks,3,59400,59400,0,0,97000,Unknown,Gas,Unknown,N/A,Unknown,Dealer,"Edmonton, AB","Edmonton, AB",,disabled_unverified_location,1738456148,edmonton,unverified_url_evidence,https://www.kijiji.ca/v-cars-trucks/edmonton/2025-ford-f-150-lariat/1738456148,,Kijiji
878,2025,Ford,F-150,xlt,2,59882,No change noted,First seen this week,0,59882,59882,0,0,343,Unknown,Gas,Unknown,N/A,Unknown,Private,"Stettler, AB","Stettler, AB",,disabled_unverified_location,1740431082,brandon,unverified_url_evidence,https://www.kijiji.ca/v-cars-trucks/brandon/2025-ford-f-150-xlt-4wd-long-box-tow-pkg-backup-cam/1740431082,,Kijiji
879,2025,Ford,F-150,fx4,3,59990,No change noted,Unchanged for 3 weeks,3,59990,59990,0,0,34501,3.5L,Gas,Unknown,N/A,Unknown,Dealer,"Calgary, AB","Calgary, AB",,disabled_unverified_location,1739686046,calgary,unverified_url_evidence,https://www.kijiji.ca/v-cars-trucks/calgary/2025-ford-f-150-xlt-302a-fx4-offroad-shortbox-3-5l/1739686046,,Kijiji
880,2025,Ford,F-150,xlt,2,59990,No change noted,Unchanged for 1 weeks,1,59990,59990,0,0,40501,5.0L,Gas,Unknown,N/A,Unknown,Dealer,"Calgary, AB","Calgary, AB",,disabled_unverified_location,1740285663,calgary,unverified_url_evidence,https://www.kijiji.ca/v-cars-trucks/calgary/2025-ford-f-150-xlt-301a-5-0l/1740285663,,Kijiji
881,2025,Ford,F-150,fx4,3,59995,No change noted,First seen this week,0,59995,59995,0,0,9018,Unknown,Gas,Unknown,N/A,Unknown,Dealer,"Calgary, AB","Calgary, AB",,disabled_unverified_location,1740151985,calgary,unverified_url_evidence,https://www.kijiji.ca/v-cars-trucks/calgary/2025-ford-f-150-xlt-black-appearance-fx4-off-road/1740151985,,Kijiji
