ranking_status,review_status,collection_status,data_quality_status,quality_warnings,source_run_status,source_completed_at_utc,location_status,distance_status,unverified_location_value,unverified_distance_value,year,make,model,trim,trim_tier,price,price_history,trend,weeks_tracked,price_first_seen,price_last_week,price_change_week,price_change_total,mileage,engine,fuel,accident_flag,days_on_market,dealer,seller_type,dealer_address,location,distance_km,distance_method,listing_id,url,source
DISABLED_MANUAL_REVIEW_REQUIRED,manual_review_required,success,clean,,success,2026-07-21T18:19:39+00:00,source_reported_not_independently_verified,legacy_method_not_yet_disambiguated,,,2016,Ford,F 150,XLT SuperCrew 2.7L 4WD | 6in Lift on 35in Tires w/,2,34980,No change noted,Unchanged for 1 weeks,1,34980,34980,0,0,168984,2.7L,Gasoline,Unknown,N/A,Kelowna Chevrolet,Dealer,"2350 Hwy 97N, KELOWNA, BC, V1X4H8","KELOWNA, BC",750,city_center,d3e7a2c0-1b5d-4002-8387-47713e5952bd,https://www.autotrader.ca/offers/ford-f-150-xlt-supercrew-2-7l-4wd-6in-lift-on-35in-tires-w-gasoline-grey-cat_ma29gr16518-d3e7a2c0-1b5d-4002-8387-47713e5952bd,AutoTrader
DISABLED_MANUAL_REVIEW_REQUIRED,manual_review_required,success,clean,,success,2026-07-21T18:19:39+00:00,source_reported_not_independently_verified,legacy_method_not_yet_disambiguated,,,2016,Ford,F 150,XLT,2,20888,No change noted,"Down $1,000 over 4 weeks",4,21888,20888,0,-1000,270654,5.0L,Gasoline,Unknown,N/A,Medicine Hat House of Cars Inc.,Dealer,"621 - 15 Street SW, Medicine Hat, AB, T1A 4W4","Medicine Hat, AB",406,address,db2ccf1f-5520-4e13-b4e2-0be5b4c00206,https://www.autotrader.ca/offers/ford-f-150-xlt-gasoline-red-cat_ma29gr16518tr11274-db2ccf1f-5520-4e13-b4e2-0be5b4c00206,AutoTrader
DISABLED_MANUAL_REVIEW_REQUIRED,manual_review_required,success,clean,,success,2026-07-21T18:19:39+00:00,source_reported_not_independently_verified,legacy_method_not_yet_disambiguated,,,2017,Ford,F 150,XLT Low mileage 3.5L Ecoboost,2,30999,No change noted,Unchanged for 1 weeks,1,30999,30999,0,0,98247,Unknown,Gasoline,Unknown,N/A,Kelowna BMW,Dealer,"2530 Enterprise Way, KELOWNA, BC, V1X7X5","KELOWNA, BC",747,address,3780b7ae-a561-4082-81da-d6c09a7304fc,https://www.autotrader.ca/offers/ford-f-150-xlt-low-mileage-3-5l-ecoboost-gasoline-gold-cat_ma29gr16518-3780b7ae-a561-4082-81da-d6c09a7304fc,AutoTrader
DISABLED_MANUAL_REVIEW_REQUIRED,manual_review_required,success,clean,,success,2026-07-21T18:19:39+00:00,source_reported_not_independently_verified,legacy_method_not_yet_disambiguated,,,2017,Ford,F 150,XLT| REMOTE START| 2.7 ECOBOOST,2,39995,No change noted,Unchanged for 1 weeks,1,39995,39995,0,0,78809,3.5L,Gasoline,Unknown,N/A,Champion Ford,Dealer,"1 Champion Road, Carstairs, AB, T0M 0N0","Carstairs, AB",91,address,635f9b37-7647-4701-b9e2-37d5497bf658,https://www.autotrader.ca/offers/ford-f-150-xlt-remote-start-2-7-ecoboost-gasoline-grey-cat_ma29gr16518-635f9b37-7647-4701-b9e2-37d5497bf658,AutoTrader
DISABLED_MANUAL_REVIEW_REQUIRED,manual_review_required,success,clean,,success,2026-07-21T18:19:39+00:00,source_reported_not_independently_verified,legacy_method_not_yet_disambiguated,,,2017,Ford,F 150,XLT  ONE OWNER | RUNNING BOARDS,2,20995,No change noted,Unchanged for 5 weeks,5,20995,20995,0,0,183314,2.7L,Gasoline,Unknown,N/A,Kelowna Toyota,Dealer,"1624 Cary Rd, Kelowna, BC, V1X 2B9","Kelowna, BC",747,address,8ba494da-2628-4af2-b2be-60a0c58891af,https://www.autotrader.ca/offers/ford-f-150-xlt-one-owner-running-boards-gasoline-grey-cat_ma29gr16518-8ba494da-2628-4af2-b2be-60a0c58891af,AutoTrader
DISABLED_MANUAL_REVIEW_REQUIRED,manual_review_required,success,clean,,success,2026-07-21T18:19:39+00:00,source_reported_not_independently_verified,legacy_method_not_yet_disambiguated,,,2017,Ford,F 150,Raptor,3,57888,No change noted,Unchanged for 8 weeks,8,57888,57888,0,0,109943,3.5L,Gasoline,Accident reported,N/A,Medicine Hat House of Cars Inc.,Dealer,"621 - 15 Street SW, Medicine Hat, AB, T1A 4W4","Medicine Hat, AB",406,address,d13b50cc-b651-46f9-9bbf-673083db4c4b,https://www.autotrader.ca/offers/ford-f-150-raptor-gasoline-white-cat_ma29gr16518tr11282-d13b50cc-b651-46f9-9bbf-673083db4c4b,AutoTrader
DISABLED_MANUAL_REVIEW_REQUIRED,manual_review_required,success,clean,,success,2026-07-21T18:19:39+00:00,source_reported_not_independently_verified,legacy_method_not_yet_disambiguated,,,2018,Ford,F 150,XLT NO ACCIDENTS | 4x4,2,28995,No change noted,First seen this week,0,28995,28995,0,0,124171,2.7L,Gasoline,No accidents reported,N/A,Kelowna Toyota,Dealer,"1624 Cary Rd, Kelowna, BC, V1X 2B9","Kelowna, BC",747,address,12064a99-4657-4801-9f56-cb851482443c,https://www.autotrader.ca/offers/ford-f-150-xlt-no-accidents-4x4-gasoline-red-cat_ma29gr16518-12064a99-4657-4801-9f56-cb851482443c,AutoTrader
DISABLED_MANUAL_REVIEW_REQUIRED,manual_review_required,success,clean,,success,2026-07-21T18:19:39+00:00,source_reported_not_independently_verified,legacy_method_not_yet_disambiguated,,,2018,Ford,F 150,Lariat,3,36799,No change noted,Unchanged for 1 weeks,1,36799,36799,0,0,84208,Unknown,Gasoline,Unknown,N/A,RIPLEY FORD,Dealer,"1560 Saskatchewan Drive South, MELFORT, SK, S0E1A0","MELFORT, SK",713,city_center,45433e94-0582-4999-a6e0-9d954ec83057,https://www.autotrader.ca/offers/ford-f-150-lariat-gasoline-silver-cat_ma29gr16518tr11275-45433e94-0582-4999-a6e0-9d954ec83057,AutoTrader
DISABLED_MANUAL_REVIEW_REQUIRED,manual_review_required,success,clean,,success,2026-07-21T18:19:39+00:00,source_reported_not_independently_verified,legacy_method_not_yet_disambiguated,,,2018,Ford,F 150,XLT,2,22888,No change noted,Unchanged for 8 weeks,8,22888,22888,0,0,211290,3.5L,Gasoline,Unknown,N/A,Medicine Hat House of Cars Inc.,Dealer,"621 - 15 Street SW, Medicine Hat, AB, T1A 4W4","Medicine Hat, AB",406,address,7c0d8b3b-b13d-43ee-8b76-ec3b7321c2c5,https://www.autotrader.ca/offers/ford-f-150-xlt-gasoline-black-cat_ma29gr16518tr11290-7c0d8b3b-b13d-43ee-8b76-ec3b7321c2c5,AutoTrader
DISABLED_MANUAL_REVIEW_REQUIRED,manual_review_required,success,clean,,success,2026-07-21T18:19:39+00:00,source_reported_not_independently_verified,legacy_method_not_yet_disambiguated,,,2018,Ford,F 150,Lariat,3,21500,No change noted,Unchanged for 3 weeks,3,21500,21500,0,0,218000,3.5L,Gasoline,No accidents reported,N/A,Unknown,Dealer,,"Taber, AB",292,city_center,b079cd1d-66da-4d02-806b-597130701599,https://www.autotrader.ca/offers/ford-f-150-lariat-gasoline-white-cat_ma29gr16518-b079cd1d-66da-4d02-806b-597130701599,AutoTrader
DISABLED_MANUAL_REVIEW_REQUIRED,manual_review_required,success,clean,,success,2026-07-21T18:19:39+00:00,source_reported_not_independently_verified,legacy_method_not_yet_disambiguated,,,2018,Ford,F 150,XLT Sport 4x4 | EcoBoost | Trailer Pkg,2,28995,No change noted,Unchanged for 1 weeks,1,28995,28995,0,0,162922,3.5L,Gasoline,Unknown,N/A,Country Hills Chrysler Dodge Jeep Ram,Dealer,"200 Stonehill Gate NE, CALGARY, AB, T3N 2J7","CALGARY, AB",134,address,bbfbee8d-f458-4ed8-9e1e-53e82872fe2f,https://www.autotrader.ca/offers/ford-f-150-xlt-sport-4x4-ecoboost-trailer-pkg-gasoline-white-cat_ma29gr16518-bbfbee8d-f458-4ed8-9e1e-53e82872fe2f,AutoTrader
DISABLED_MANUAL_REVIEW_REQUIRED,manual_review_required,success,clean,,success,2026-07-21T18:19:39+00:00,source_reported_not_independently_verified,legacy_method_not_yet_disambiguated,,,2018,Ford,F 150,"502A, MAX TOW PKG, LEATHER, 4X4",1,35899,No change noted,Unchanged for 1 weeks,1,35899,35899,0,0,93065,3.5L,Gasoline,Unknown,N/A,Merlin Ford,Dealer,"3750 Idylwyld Drive North, SASKATOON, SK, S7K6G3","SASKATOON, SK",543,address,d5e420a9-8968-4ed3-a5b9-f0475fbae82d,https://www.autotrader.ca/offers/ford-f-150-502a-max-tow-pkg-leather-4x4-gasoline-red-cat_ma29gr16518-d5e420a9-8968-4ed3-a5b9-f0475fbae82d,AutoTrader
DISABLED_MANUAL_REVIEW_REQUIRED,manual_review_required,success,clean,,success,2026-07-21T18:19:39+00:00,source_reported_not_independently_verified,legacy_method_not_yet_disambiguated,,,2018,Ford,F 150,"LARIAT 4WD SuperCrew 5.5' Box |  325 Horsepower, 4",3,33777,No change noted,Unchanged for 1 weeks,1,33777,33777,0,0,133352,3.5L,Gasoline,Unknown,N/A,Kelowna Mazda,Dealer,"2560 Enterprise Way, Kelowna, BC, V1X 7X5","Kelowna, BC",747,address,e0ef2155-c542-4ec1-80f7-d07ef574f81b,https://www.autotrader.ca/offers/ford-f-150-lariat-4wd-supercrew-5-5-box-325-horsepower-4-gasoline-gold-cat_ma29gr16518-e0ef2155-c542-4ec1-80f7-d07ef574f81b,AutoTrader
DISABLED_MANUAL_REVIEW_REQUIRED,manual_review_required,success,clean,,success,2026-07-21T18:19:39+00:00,source_reported_not_independently_verified,legacy_method_not_yet_disambiguated,,,2019,Ford,F 150,Platinum,3,39888,No change noted,Down $507 over 1 weeks,1,40395,40395,-507,-507,125142,3.5L,Gasoline,Unknown,N/A,MGM Ford Lincoln Sales,Dealer,"3010 - 50th Avenue, RED DEER, AB, T4R 1M5","RED DEER, AB",1,city_center,00b6a728-e30c-4e99-819b-799812a720b0,https://www.autotrader.ca/offers/ford-f-150-platinum-gasoline-blue-cat_ma29gr16518-00b6a728-e30c-4e99-819b-799812a720b0,AutoTrader
DISABLED_MANUAL_REVIEW_REQUIRED,manual_review_required,success,clean,,success,2026-07-21T18:19:39+00:00,source_reported_not_independently_verified,legacy_method_not_yet_disambiguated,,,2019,Ford,F 150,King Ranch | 3.5 Ecoboost | Massage Seats!!!,3,31999,No change noted,Unchanged for 1 weeks,1,31999,31999,0,0,225483,3.5L,Gasoline,Accident reported,N/A,Paradise Motors,Dealer,"1451 North Service Rd West, Swift Current, SK, S9H 5H1","Swift Current, SK",626,address,02f19253-9d9f-41e2-95fb-5817496227b6,https://www.autotrader.ca/offers/ford-f-150-king-ranch-3-5-ecoboost-massage-seats-gasoline-red-cat_ma29gr16518tr11274-02f19253-9d9f-41e2-95fb-5817496227b6,AutoTrader
DISABLED_MANUAL_REVIEW_REQUIRED,manual_review_required,success,clean,,success,2026-07-21T18:19:39+00:00,source_reported_not_independently_verified,legacy_method_not_yet_disambiguated,,,2019,Ford,F 150,XLT 4x4 SuperCab Styleside 6 ft. box 163 in. WB Au,2,18990,"Reduced from $ 19,900,-",Down $910 over 6 weeks,6,19900,18990,0,-910,171172,2.7L,Gasoline,Unknown,N/A,CAMROSE CAR CORNER,Dealer,"5609 48 Avenue, Camrose, AB, T4V 0J9","Camrose, AB",141,address,179caf2f-ed56-4e10-bbcc-3585b9ab3da6,https://www.autotrader.ca/offers/ford-f-150-xlt-4x4-supercab-styleside-6-ft-box-163-in-wb-au-gasoline-bronze-cat_ma29gr16518tr11290-179caf2f-ed56-4e10-bbcc-3585b9ab3da6,AutoTrader
DISABLED_MANUAL_REVIEW_REQUIRED,manual_review_required,success,clean,,success,2026-07-21T18:19:39+00:00,source_reported_not_independently_verified,legacy_method_not_yet_disambiguated,,,2019,Ford,F 150,LARIAT 4WD SUPERCREW BACKUP CAMERA NAVIGATION PUSH,3,32988,No change noted,"Up $1,000 over 8 weeks",8,31988,32988,0,1000,133990,3.5L,Gasoline,Unknown,N/A,Auto House,Dealer,"2404 23rd Ave NE, CALGARY, AB, T2E8J4","CALGARY, AB",149,city_center,3f068692-f456-4dfb-8b26-82619990cc68,https://www.autotrader.ca/offers/ford-f-150-lariat-4wd-supercrew-backup-camera-navigation-push-gasoline-white-cat_ma29gr16518tr11275-3f068692-f456-4dfb-8b26-82619990cc68,AutoTrader
DISABLED_MANUAL_REVIEW_REQUIRED,manual_review_required,success,clean,,success,2026-07-21T18:19:39+00:00,source_reported_not_independently_verified,legacy_method_not_yet_disambiguated,,,2019,Ford,F 150,XLT  Tri Fold Hard cover,2,30990,No change noted,"Down $1,541 over 2 weeks",2,32531,32531,-1541,-1541,108229,Unknown,Gasoline,Unknown,N/A,High River Ford,Dealer,"1103 11th Ave S.E., HIGH RIVER, AB, T1V 1M3","HIGH RIVER, AB",209,city_center,410ad77c-3168-49f5-a6dd-66ba546c722f,https://www.autotrader.ca/offers/ford-f-150-xlt-tri-fold-hard-cover-gasoline-silver-cat_ma29gr16518-410ad77c-3168-49f5-a6dd-66ba546c722f,AutoTrader
DISABLED_MANUAL_REVIEW_REQUIRED,manual_review_required,success,clean,,success,2026-07-21T18:19:39+00:00,source_reported_not_independently_verified,legacy_method_not_yet_disambiguated,,,2019,Ford,F 150,XL,1,39900,No change noted,Unchanged for 3 weeks,3,39900,39900,0,0,135000,3.5L,Gasoline,Unknown,N/A,Unknown,Dealer,,"TABER, AB",292,city_center,48312039-e613-4876-98e2-13c62eb44788,https://www.autotrader.ca/offers/ford-f-150-xl-gasoline-grey-cat_ma29gr16518-48312039-e613-4876-98e2-13c62eb44788,AutoTrader
DISABLED_MANUAL_REVIEW_REQUIRED,manual_review_required,success,clean,,success,2026-07-21T18:19:39+00:00,source_reported_not_independently_verified,legacy_method_not_yet_disambiguated,,,2019,Ford,F 150,XLT,2,28988,No change noted,Unchanged for 1 weeks,1,28988,28988,0,0,106070,Unknown,Gasoline,Unknown,N/A,Capital Chrysler Jeep Dodge,Dealer,"1311 101 St. SW, EDMONTON, AB, T6X 1A1","EDMONTON, AB",140,address,4a802bab-091f-4f15-bac5-d27f1266420d,https://www.autotrader.ca/offers/ford-f-150-xlt-gasoline-black-cat_ma29gr16518-4a802bab-091f-4f15-bac5-d27f1266420d,AutoTrader
DISABLED_MANUAL_REVIEW_REQUIRED,manual_review_required,success,clean,,success,2026-07-21T18:19:39+00:00,source_reported_not_independently_verified,legacy_method_not_yet_disambiguated,,,2019,Ford,F 150,Lariat,3,38799,No change noted,Unchanged for 1 weeks,1,38799,38799,0,0,118825,Unknown,Gasoline,Unknown,N/A,RIPLEY FORD,Dealer,"1560 Saskatchewan Drive South, MELFORT, SK, S0E1A0","MELFORT, SK",713,city_center,6af60449-0b7a-4f7a-8eec-addc155b880e,https://www.autotrader.ca/offers/ford-f-150-lariat-gasoline-blue-cat_ma29gr16518tr11275-6af60449-0b7a-4f7a-8eec-addc155b880e,AutoTrader
DISABLED_MANUAL_REVIEW_REQUIRED,manual_review_required,success,clean,,success,2026-07-21T18:19:39+00:00,source_reported_not_independently_verified,legacy_method_not_yet_disambiguated,,,2019,Ford,F 150,LARIAT 502A SPORT 4X4 | FX4 PKG | MAX TOW,3,39995,No change noted,"Up $1,495 over 3 weeks",3,38500,39995,0,1495,118705,3.5L,Gasoline,Accident reported,N/A,Boundary Ford Sales,Dealer,"2502-50th Avenue, Lloydminster, SK, T9V2S3","Lloydminster, SK",368,city_center,8a77099e-350f-4634-9f47-b25cd76afab8,https://www.autotrader.ca/offers/ford-f-150-lariat-502a-sport-4x4-fx4-pkg-max-tow-gasoline-white-cat_ma29gr16518-8a77099e-350f-4634-9f47-b25cd76afab8,AutoTrader
DISABLED_MANUAL_REVIEW_REQUIRED,manual_review_required,success,clean,,success,2026-07-21T18:19:39+00:00,source_reported_not_independently_verified,legacy_method_not_yet_disambiguated,,,2019,Ford,F 150,Lariat,3,35900,No change noted,Unchanged for 3 weeks,3,35900,35900,0,0,148000,3.5L,Gasoline,Unknown,N/A,Unknown,Dealer,,"Medicine Hat, AB",406,city_center,92a2a5a3-e234-41c9-bcf5-31f3250208fb,https://www.autotrader.ca/offers/ford-f-150-lariat-gasoline-black-cat_ma29gr16518-92a2a5a3-e234-41c9-bcf5-31f3250208fb,AutoTrader
DISABLED_MANUAL_REVIEW_REQUIRED,manual_review_required,success,clean,,success,2026-07-21T18:19:39+00:00,source_reported_not_independently_verified,legacy_method_not_yet_disambiguated,,,2019,Ford,F 150,SUPERCREW,1,29998,No change noted,Unchanged for 3 weeks,3,29998,29998,0,0,131033,5.0L,Gasoline,No accidents reported,N/A,Cypress Motors MC,Dealer,"214 Jasper Street, MAPLE CREEK, SK, S0N 1N0","MAPLE CREEK, SK",509,address,97602a67-b2e1-4de3-9e88-e636bd3ea418,https://www.autotrader.ca/offers/ford-f-150-supercrew-gasoline-black-cat_ma29gr16518-97602a67-b2e1-4de3-9e88-e636bd3ea418,AutoTrader
DISABLED_MANUAL_REVIEW_REQUIRED,manual_review_required,success,clean,,success,2026-07-21T18:19:39+00:00,source_reported_not_independently_verified,legacy_method_not_yet_disambiguated,,,2019,Ford,F 150,Platinum,3,34990,No change noted,Unchanged for 1 weeks,1,34990,34990,0,0,172798,Unknown,Gasoline,Accident reported,N/A,Woodridge Ford Lincoln,Dealer,"11580 24 Street SE, CALGARY, AB, T2Z3K1","CALGARY, AB",161,address,bf3e98ed-7b63-4f99-b4dd-b34c10be50d8,https://www.autotrader.ca/offers/ford-f-150-platinum-gasoline-white-cat_ma29gr16518-bf3e98ed-7b63-4f99-b4dd-b34c10be50d8,AutoTrader
DISABLED_MANUAL_REVIEW_REQUIRED,manual_review_required,success,clean,,success,2026-07-21T18:19:39+00:00,source_reported_not_independently_verified,legacy_method_not_yet_disambiguated,,,2019,Ford,F 150,,1,30998,No change noted,Unchanged for 3 weeks,3,30998,30998,0,0,119227,2.7L,Gasoline,Unknown,N/A,Cypress Motors MC,Dealer,"214 Jasper Street, MAPLE CREEK, SK, S0N 1N0","MAPLE CREEK, SK",509,address,ca9ae56c-5173-42f4-96e9-571952fe4a73,https://www.autotrader.ca/offers/ford-f-150-gasoline-blue-cat_ma29gr16518-ca9ae56c-5173-42f4-96e9-571952fe4a73,AutoTrader
DISABLED_MANUAL_REVIEW_REQUIRED,manual_review_required,success,clean,,success,2026-07-21T18:19:39+00:00,source_reported_not_independently_verified,legacy_method_not_yet_disambiguated,,,2019,Ford,F 150,Lariat - 360 Cam | Pano Roof | Fuel Wheel | Lifted,3,39995,No change noted,First seen this week,0,39995,39995,0,0,124830,2.7L,Gasoline,No accidents reported,N/A,Carget Automotive,Dealer,"518 51st Street, Saskatoon, SK, S7K7L1","Saskatoon, SK",541,address,d3b11e7b-e919-4669-824f-788af3bbc9eb,https://www.autotrader.ca/offers/ford-f-150-lariat-360-cam-pano-roof-fuel-wheel-lifted-gasoline-grey-cat_ma29gr16518tr11275-d3b11e7b-e919-4669-824f-788af3bbc9eb,AutoTrader
DISABLED_MANUAL_REVIEW_REQUIRED,manual_review_required,success,clean,,success,2026-07-21T18:19:39+00:00,source_reported_not_independently_verified,legacy_method_not_yet_disambiguated,,,2019,Ford,F 150,,1,26998,No change noted,Unchanged for 3 weeks,3,26998,26998,0,0,188938,2.7L,Gasoline,No accidents reported,N/A,Cypress Motors MC,Dealer,"214 Jasper Street, MAPLE CREEK, SK, S0N 1N0","MAPLE CREEK, SK",509,address,ebf5d1db-43a6-489f-8136-973e824aee3b,https://www.autotrader.ca/offers/ford-f-150-gasoline-cat_ma29gr16518tr11290-ebf5d1db-43a6-489f-8136-973e824aee3b,AutoTrader
DISABLED_MANUAL_REVIEW_REQUIRED,manual_review_required,success,clean,,success,2026-07-21T18:19:39+00:00,source_reported_not_independently_verified,legacy_method_not_yet_disambiguated,,,2020,Ford,F 150,Lariat 2.7L SuperCrew 4WD | Remote Release Tailgat,3,36800,No change noted,Unchanged for 1 weeks,1,36800,36800,0,0,141804,2.7L,Gasoline,Unknown,N/A,Kelowna Chevrolet,Dealer,"2350 Hwy 97N, KELOWNA, BC, V1X4H8","KELOWNA, BC",750,city_center,20cd106d-e2b0-439a-8ae3-2a1ad936033a,https://www.autotrader.ca/offers/ford-f-150-lariat-2-7l-supercrew-4wd-remote-release-tailgat-gasoline-black-cat_ma29gr16518-20cd106d-e2b0-439a-8ae3-2a1ad936033a,AutoTrader
DISABLED_MANUAL_REVIEW_REQUIRED,manual_review_required,success,clean,,success,2026-07-21T18:19:39+00:00,source_reported_not_independently_verified,legacy_method_not_yet_disambiguated,,,2020,Ford,F 150,XLT SuperCrew 145 | Reverse Cam | Keyless Entry,2,31000,No change noted,First seen this week,0,31000,31000,0,0,104000,3.3L,Gasoline,Unknown,N/A,Waterloo Ford,Dealer,"11420 - 107 Ave, Edmonton, AB, T5H 0Y5","Edmonton, AB",156,address,4aa5a895-9e77-4872-b197-df0f8ceaef2d,https://www.autotrader.ca/offers/ford-f-150-xlt-supercrew-145-reverse-cam-keyless-entry-gasoline-silver-cat_ma29gr16518-4aa5a895-9e77-4872-b197-df0f8ceaef2d,AutoTrader
DISABLED_MANUAL_REVIEW_REQUIRED,manual_review_required,success,clean,,success,2026-07-21T18:19:39+00:00,source_reported_not_independently_verified,legacy_method_not_yet_disambiguated,,,2020,Ford,F 150,Raptor Metal Front Bumper | LED Bumper Lights | Re,3,57507,"Reduced from $ 59,276,-","Down $1,769 over 4 weeks",4,59276,57507,0,-1769,150467,Unknown,Gasoline,Unknown,N/A,Davis Dodge Lethbridge,Dealer,"3216 - 1st Ave. South, LETHBRIDGE, AB, T1J4H2","LETHBRIDGE, AB",354,city_center,59c2dc42-ce97-4fc4-a025-aabc07806f47,https://www.autotrader.ca/offers/ford-f-150-raptor-metal-front-bumper-led-bumper-lights-re-gasoline-white-cat_ma29gr16518tr11282-59c2dc42-ce97-4fc4-a025-aabc07806f47,AutoTrader
DISABLED_MANUAL_REVIEW_REQUIRED,manual_review_required,success,clean,,success,2026-07-21T18:19:39+00:00,source_reported_not_independently_verified,legacy_method_not_yet_disambiguated,,,2020,Ford,F 150,KING RANCH|LEATHER STEERING WHEEL|TECH PKG|MAX TRA,3,38888,No change noted,Unchanged for 4 weeks,4,38888,38888,0,0,153095,3.5L,Gasoline,Unknown,N/A,Champion Ford,Dealer,"1 Champion Road, Carstairs, AB, T0M 0N0","Carstairs, AB",91,address,5b6a3d1b-f321-4197-b76f-83a2db98f8d4,https://www.autotrader.ca/offers/ford-f-150-king-ranch-leather-steering-wheel-tech-pkg-max-tra-gasoline-white-cat_ma29gr16518tr11274-5b6a3d1b-f321-4197-b76f-83a2db98f8d4,AutoTrader
DISABLED_MANUAL_REVIEW_REQUIRED,manual_review_required,success,clean,,success,2026-07-21T18:19:39+00:00,source_reported_not_independently_verified,legacy_method_not_yet_disambiguated,,,2020,Ford,F 150,"Lariat Twin Panel Moonroof, Adaptive cruise contro",3,39999,No change noted,Unchanged for 1 weeks,1,39999,39999,0,0,148535,5.0L,Gasoline,Unknown,N/A,Cam Clark Ford Red Deer,Dealer,"417 Lantern Street, RED DEER, AB, T4E 0A5","RED DEER, AB",8,address,e7d441b5-ec6d-4b59-86d2-a62428dfdcf4,https://www.autotrader.ca/offers/ford-f-150-lariat-twin-panel-moonroof-adaptive-cruise-contro-gasoline-black-cat_ma29gr16518-e7d441b5-ec6d-4b59-86d2-a62428dfdcf4,AutoTrader
DISABLED_MANUAL_REVIEW_REQUIRED,manual_review_required,success,clean,,success,2026-07-21T18:19:39+00:00,source_reported_not_independently_verified,legacy_method_not_yet_disambiguated,,,2020,Ford,F 150,ONE OWNER | LOCAL TRADE | BC VEHICLE | 4X4 | 2.7L,1,29495,No change noted,Unchanged for 1 weeks,1,29495,29495,0,0,149863,Unknown,Gasoline,Unknown,N/A,Dearborn Ford,Dealer,"2555 East Trans Canada Hwy, KAMLOOPS, BC, V2C4B1","KAMLOOPS, BC",752,address,e853c88b-790b-406b-a1b9-d6cf5736e405,https://www.autotrader.ca/offers/ford-f-150-one-owner-local-trade-bc-vehicle-4x4-2-7l-gasoline-black-cat_ma29gr16518tr11290-e853c88b-790b-406b-a1b9-d6cf5736e405,AutoTrader
DISABLED_MANUAL_REVIEW_REQUIRED,manual_review_required,success,clean,,success,2026-07-21T18:19:39+00:00,source_reported_not_independently_verified,legacy_method_not_yet_disambiguated,,,2021,Ford,F 150,Lariat,3,42995,No change noted,First seen this week,0,42995,42995,0,0,95939,Unknown,Gasoline,Unknown,N/A,Kelowna Chrysler Dodge Jeep,Dealer,"2440 Enterprise Way, KELOWNA, BC, V1X 6X6","KELOWNA, BC",748,address,088f5051-2f15-47ed-9fee-8b2a710b63c6,https://www.autotrader.ca/offers/ford-f-150-lariat-gasoline-black-cat_ma29gr16518-088f5051-2f15-47ed-9fee-8b2a710b63c6,AutoTrader
DISABLED_MANUAL_REVIEW_REQUIRED,manual_review_required,success,clean,,success,2026-07-21T18:19:39+00:00,source_reported_not_independently_verified,legacy_method_not_yet_disambiguated,,,2021,Ford,F 150,Limited 3.5LPowerboost/Nav/FUEL Rims/BLUECRUISE,3,49945,No change noted,Unchanged for 5 weeks,5,49945,49945,0,0,139684,3.5L,Gas/Electric Hybrid,Accident reported,N/A,D&D Vehicle Sales Inc,Dealer,"3760 48th Ave, CAMROSE, AB, T4V 3Z8","CAMROSE, AB",142,city_center,183ff399-a3a7-40bc-9e6c-73044328dc55,https://www.autotrader.ca/offers/ford-f-150-limited-3-5lpowerboost-nav-fuel-rims-bluecruise-gas-electric-hybrid-white-cat_ma29gr16518tr11279-183ff399-a3a7-40bc-9e6c-73044328dc55,AutoTrader
DISABLED_MANUAL_REVIEW_REQUIRED,manual_review_required,success,clean,,success,2026-07-21T18:19:39+00:00,source_reported_not_independently_verified,legacy_method_not_yet_disambiguated,,,2021,Ford,F 150,Lariat,3,37888,No change noted,"Down $1,507 over 2 weeks",2,39395,38388,-500,-1507,172886,3.5L,Gasoline,Unknown,N/A,MGM Ford Lincoln Sales,Dealer,"3010 - 50th Avenue, RED DEER, AB, T4R 1M5","RED DEER, AB",1,city_center,304f03d1-09b5-468c-bacc-9b5f56013a6f,https://www.autotrader.ca/offers/ford-f-150-lariat-gasoline-black-cat_ma29gr16518tr11275-304f03d1-09b5-468c-bacc-9b5f56013a6f,AutoTrader
DISABLED_MANUAL_REVIEW_REQUIRED,manual_review_required,success,clean,,success,2026-07-21T18:19:39+00:00,source_reported_not_independently_verified,legacy_method_not_yet_disambiguated,,,2021,Ford,F 150,Lariat  Accident Free | 5.0L V8 | FX4 | Twin Panel,3,34949,No change noted,Down $36 over 3 weeks,3,34985,34949,0,-36,173950,Unknown,Gasoline,No accidents reported,N/A,High River Ford,Dealer,"1103 11th Ave S.E., HIGH RIVER, AB, T1V 1M3","HIGH RIVER, AB",209,city_center,4f1663fc-d38c-4bd7-a38a-2af59aaa4d6f,https://www.autotrader.ca/offers/ford-f-150-lariat-accident-free-5-0l-v8-fx4-twin-panel-gasoline-white-cat_ma29gr16518-4f1663fc-d38c-4bd7-a38a-2af59aaa4d6f,AutoTrader
DISABLED_MANUAL_REVIEW_REQUIRED,manual_review_required,success,clean,,success,2026-07-21T18:19:39+00:00,source_reported_not_independently_verified,legacy_method_not_yet_disambiguated,,,2021,Ford,F 150,Platinum,3,50999,No change noted,Unchanged for 4 weeks,4,50999,50999,0,0,116000,3.5L,Gasoline,Unknown,N/A,Cypress Motors SC,Dealer,"2234 South Service Road West, SWIFT CURRENT, SK, S9H5J7","SWIFT CURRENT, SK",625,address,56cb43ca-3d0f-4571-8cd3-5a0ecf1bbedc,https://www.autotrader.ca/offers/ford-f-150-platinum-gasoline-black-cat_ma29gr16518-56cb43ca-3d0f-4571-8cd3-5a0ecf1bbedc,AutoTrader
DISABLED_MANUAL_REVIEW_REQUIRED,manual_review_required,success,clean,,success,2026-07-21T18:19:39+00:00,source_reported_not_independently_verified,legacy_method_not_yet_disambiguated,,,2021,Ford,F 150,XLT SuperCab - 4x4 - VERY CLEAN - COPILOT360 TECH,2,32996,No change noted,First seen this week,0,32996,32996,0,0,119278,Unknown,Gasoline,Accident reported,N/A,Saskatoon Auto Connection,Dealer,"139A 105th Street East, SASKATOON, SK, S7N1Z2","SASKATOON, SK",546,address,787cdcd1-1a30-429f-841c-985e08fbdd34,https://www.autotrader.ca/offers/ford-f-150-xlt-supercab-4x4-very-clean-copilot360-tech-gasoline-red-cat_ma29gr16518-787cdcd1-1a30-429f-841c-985e08fbdd34,AutoTrader
DISABLED_MANUAL_REVIEW_REQUIRED,manual_review_required,success,clean,,success,2026-07-21T18:19:39+00:00,source_reported_not_independently_verified,legacy_method_not_yet_disambiguated,,,2021,Ford,F 150,XL,1,37880,No change noted,Unchanged for 11 weeks,11,37880,37880,0,0,61364,2.7L,Gasoline,Unknown,N/A,RIPLEY FORD,Dealer,"1560 Saskatchewan Drive South, MELFORT, SK, S0E1A0","MELFORT, SK",713,city_center,7e17fe6f-2221-40c2-9f34-3db5fd2e7644,https://www.autotrader.ca/offers/ford-f-150-xl-gasoline-blue-cat_ma29gr16518tr11288-7e17fe6f-2221-40c2-9f34-3db5fd2e7644,AutoTrader
DISABLED_MANUAL_REVIEW_REQUIRED,manual_review_required,success,clean,,success,2026-07-21T18:19:39+00:00,source_reported_not_independently_verified,legacy_method_not_yet_disambiguated,,,2021,Ford,F 150,Lariat,3,40625,No change noted,Unchanged for 9 weeks,9,40625,40625,0,0,163768,5.0L,Gasoline,Unknown,N/A,RIPLEY FORD,Dealer,"1560 Saskatchewan Drive South, MELFORT, SK, S0E1A0","MELFORT, SK",713,city_center,953fe389-442b-43ee-a8ed-c898678849db,https://www.autotrader.ca/offers/ford-f-150-lariat-gasoline-blue-cat_ma29gr16518tr11275-953fe389-442b-43ee-a8ed-c898678849db,AutoTrader
DISABLED_MANUAL_REVIEW_REQUIRED,manual_review_required,success,clean,,success,2026-07-21T18:19:39+00:00,source_reported_not_independently_verified,legacy_method_not_yet_disambiguated,,,2021,Ford,F 150,| LIMITED | 4X4 | HEATED/VENTILATED SEATS | HEATED,3,57740,No change noted,Down $200 over 3 weeks,3,57940,57740,0,-200,52708,Unknown,Gasoline,Unknown,N/A,Kamloops Ford Lincoln,Dealer,"940 Halston Avenue, Kamloops, BC, V2B 2B8","Kamloops, BC",762,address,98f4552a-4e82-4b71-82aa-2de8112c5793,https://www.autotrader.ca/offers/ford-f-150-limited-4x4-heated-ventilated-seats-heated-gasoline-blue-cat_ma29gr16518tr11279-98f4552a-4e82-4b71-82aa-2de8112c5793,AutoTrader
DISABLED_MANUAL_REVIEW_REQUIRED,manual_review_required,success,clean,,success,2026-07-21T18:19:39+00:00,source_reported_not_independently_verified,legacy_method_not_yet_disambiguated,,,2021,Ford,F 150,Lariat  6.5' BOX | 5.0L | FX4,3,52997,No change noted,Down $1 over 1 weeks,1,52998,52998,-1,-1,65855,5.0L,Gasoline,Accident reported,N/A,Legacy Ford Ponoka,Dealer,"6305 - 42 Avenue, PONOKA, AB, T4J 1J8","PONOKA, AB",54,address,b37fde58-2b6a-4971-b4fb-6b7a81ac08fc,https://www.autotrader.ca/offers/ford-f-150-lariat-6-5-box-5-0l-fx4-gasoline-black-cat_ma29gr16518-b37fde58-2b6a-4971-b4fb-6b7a81ac08fc,AutoTrader
DISABLED_MANUAL_REVIEW_REQUIRED,manual_review_required,success,clean,,success,2026-07-21T18:19:39+00:00,source_reported_not_independently_verified,legacy_method_not_yet_disambiguated,,,2021,Ford,F 150,"XLT *NO DAMAGE HISTORY, WELL EQUIPPED, TOUCHSCREEN",2,27985,No change noted,Down $5 over 2 weeks,2,27990,27990,-5,-5,159920,3.3L,Gasoline,Accident reported,N/A,GO AUTO OUTLET SOUTH,Dealer,"2262 Sparrow Dr, Nisku, AB, T9E 8A2","Nisku, AB",130,address,b9704e78-26e8-40d2-a0e4-97c85094216c,https://www.autotrader.ca/offers/ford-f-150-xlt-no-damage-history-well-equipped-touchscreen-gasoline-silver-cat_ma29gr16518tr11290-b9704e78-26e8-40d2-a0e4-97c85094216c,AutoTrader
DISABLED_MANUAL_REVIEW_REQUIRED,manual_review_required,success,clean,,success,2026-07-21T18:19:39+00:00,source_reported_not_independently_verified,legacy_method_not_yet_disambiguated,,,2021,Ford,F 150,XLT  w/XTR Pkg!,2,28555,No change noted,"Down $1,222 over 9 weeks",9,29777,28555,0,-1222,155626,2.7L,Gasoline,Accident reported,N/A,DK Ford,Dealer,"6559 Sparrow Drive, LEDUC, AB, T9E7L1","LEDUC, AB",123,address,bb037e16-333a-40bc-a622-e355ae3d34a2,https://www.autotrader.ca/offers/ford-f-150-xlt-w-xtr-pkg-gasoline-white-cat_ma29gr16518tr11290-bb037e16-333a-40bc-a622-e355ae3d34a2,AutoTrader
DISABLED_MANUAL_REVIEW_REQUIRED,manual_review_required,success,clean,,success,2026-07-21T18:19:39+00:00,source_reported_not_independently_verified,legacy_method_not_yet_disambiguated,,,2021,Ford,F 150,XL,1,37803,No change noted,Unchanged for 2 weeks,2,37803,37803,0,0,164552,3.5L,Gasoline,Unknown,N/A,Mountain View Dodge,Dealer,"43 - 32580 RR 11 (HWY 2 & 27), OLDS, AB, T4H 1P6","OLDS, AB",63,city_center,be99ce26-4179-4f7d-9241-73b0c8a1a4ab,https://www.autotrader.ca/offers/ford-f-150-xl-gasoline-white-cat_ma29gr16518-be99ce26-4179-4f7d-9241-73b0c8a1a4ab,AutoTrader
DISABLED_MANUAL_REVIEW_REQUIRED,manual_review_required,success,clean,,success,2026-07-21T18:19:39+00:00,source_reported_not_independently_verified,legacy_method_not_yet_disambiguated,,,2021,Ford,F 150,4x4 Super Crew XLT FX4 PSeat BCam,3,36557,No change noted,"Down $1,325 over 6 weeks",6,37882,36557,0,-1325,121581,3.5L,Gasoline,No accidents reported,N/A,Red Deer Motors,Dealer,"6720 Johnstone Dr., RED DEER, AB, T4P 3Y2","RED DEER, AB",5,address,cd5116fd-2a2e-4bb6-9ab1-dc597f53bd7b,https://www.autotrader.ca/offers/ford-f-150-4x4-super-crew-xlt-fx4-pseat-bcam-gasoline-grey-cat_ma29gr16518-cd5116fd-2a2e-4bb6-9ab1-dc597f53bd7b,AutoTrader
DISABLED_MANUAL_REVIEW_REQUIRED,manual_review_required,success,clean,,success,2026-07-21T18:19:39+00:00,source_reported_not_independently_verified,legacy_method_not_yet_disambiguated,,,2021,Ford,F 150,Tremor,3,39999,No change noted,"Down $3,000 over 9 weeks",9,42999,39999,0,-3000,154088,3.5L,Gasoline,Unknown,N/A,RIPLEY FORD,Dealer,"1560 Saskatchewan Drive South, MELFORT, SK, S0E1A0","MELFORT, SK",713,city_center,d87e81ac-0f1b-4852-95be-debbd7e1bef3,https://www.autotrader.ca/offers/ford-f-150-tremor-gasoline-grey-cat_ma29gr16518tr11287-d87e81ac-0f1b-4852-95be-debbd7e1bef3,AutoTrader
DISABLED_MANUAL_REVIEW_REQUIRED,manual_review_required,success,clean,,success,2026-07-21T18:19:39+00:00,source_reported_not_independently_verified,legacy_method_not_yet_disambiguated,,,2021,Ford,F 150,XLT Supercrew 4x4,2,29995,"Reduced from $ 31,995,-",Unchanged for 1 weeks,1,29995,29995,0,0,155996,2.7L,Gasoline,Unknown,N/A,V.I.P. Auto Sales,Dealer,"11778 20th Ave, BLAIRMORE, AB, T0K 0E0","BLAIRMORE, AB",363,city_center,ebf4ffb6-1db7-45e0-9db0-7afdf54b9a4c,https://www.autotrader.ca/offers/ford-f-150-xlt-supercrew-4x4-gasoline-blue-cat_ma29gr16518tr11290-ebf4ffb6-1db7-45e0-9db0-7afdf54b9a4c,AutoTrader
DISABLED_MANUAL_REVIEW_REQUIRED,manual_review_required,success,clean,,success,2026-07-21T18:19:39+00:00,source_reported_not_independently_verified,legacy_method_not_yet_disambiguated,,,2021,Ford,F 150,XLT 4WD SuperCab 8' Box,2,38788,No change noted,Down $924 over 11 weeks,11,39712,38788,0,-924,80635,3.5L,Gasoline,Unknown,N/A,Velocity Ford,Dealer,"661 Thatcher Dr E, Moose Jaw, SK, S6J 1L8","Moose Jaw, SK",799,city_center,ed6e3048-be57-4ec9-bbcd-86bb0db67eb0,https://www.autotrader.ca/offers/ford-f-150-xlt-4wd-supercab-8-box-gasoline-grey-cat_ma29gr16518tr11290-ed6e3048-be57-4ec9-bbcd-86bb0db67eb0,AutoTrader
DISABLED_MANUAL_REVIEW_REQUIRED,manual_review_required,success,clean,,success,2026-07-21T18:19:39+00:00,source_reported_not_independently_verified,legacy_method_not_yet_disambiguated,,,2021,Ford,F 150,XLT 4WD SuperCrew 5.5' Box,2,31757,No change noted,"Down $1,229 over 9 weeks",9,32986,31757,0,-1229,158569,3.5L,Gasoline,Unknown,N/A,Velocity Ford,Dealer,"661 Thatcher Dr E, Moose Jaw, SK, S6J 1L8","Moose Jaw, SK",799,city_center,f700ba18-905a-46a3-a49a-eebdcbf3a7d3,https://www.autotrader.ca/offers/ford-f-150-xlt-4wd-supercrew-5-5-box-gasoline-red-cat_ma29gr16518tr11290-f700ba18-905a-46a3-a49a-eebdcbf3a7d3,AutoTrader
DISABLED_MANUAL_REVIEW_REQUIRED,manual_review_required,success,clean,,success,2026-07-21T18:19:39+00:00,source_reported_not_independently_verified,legacy_method_not_yet_disambiguated,,,2022,Ford,F 150,XLT 3.3L Duratec V-6 Crew Cab 4X4 Short Box,2,39985,No change noted,Unchanged for 5 weeks,5,39985,39985,0,0,67870,3.3L,Gasoline,No accidents reported,N/A,Jim Pattison Lease,Dealer,"1235-73rd Ave S.E., CALGARY, AB, T2H2X1","CALGARY, AB",149,city_center,01aee15b-4709-4067-bf0d-09ae0f6b5b1d,https://www.autotrader.ca/offers/ford-f-150-xlt-3-3l-duratec-v-6-crew-cab-4x4-short-box-gasoline-white-cat_ma29gr16518-01aee15b-4709-4067-bf0d-09ae0f6b5b1d,AutoTrader
DISABLED_MANUAL_REVIEW_REQUIRED,manual_review_required,success,clean,,success,2026-07-21T18:19:39+00:00,source_reported_not_independently_verified,legacy_method_not_yet_disambiguated,,,2022,Ford,F 150,Platinum,3,47767,No change noted,"Down $1,954 over 8 weeks",8,49721,47767,0,-1954,136060,3.5L,Gas/Electric Hybrid,Unknown,N/A,RIPLEY FORD,Dealer,"1560 Saskatchewan Drive South, MELFORT, SK, S0E1A0","MELFORT, SK",713,city_center,03f49282-bd28-4f1f-b39e-798d16264553,https://www.autotrader.ca/offers/ford-f-150-platinum-gas-electric-hybrid-grey-cat_ma29gr16518tr11280-03f49282-bd28-4f1f-b39e-798d16264553,AutoTrader
DISABLED_MANUAL_REVIEW_REQUIRED,manual_review_required,success,clean,,success,2026-07-21T18:19:39+00:00,source_reported_not_independently_verified,legacy_method_not_yet_disambiguated,,,2022,Ford,F 150,Limited  No Accidents | PowerBoost Hybrid | Massag,3,46980,No change noted,Unchanged for 1 weeks,1,46980,46980,0,0,144895,Unknown,Gas/Electric Hybrid,No accidents reported,N/A,High River Ford,Dealer,"1103 11th Ave S.E., HIGH RIVER, AB, T1V 1M3","HIGH RIVER, AB",209,city_center,0fc2d8f0-c7d2-4f86-adbe-c67b6bb4d196,https://www.autotrader.ca/offers/ford-f-150-limited-no-accidents-powerboost-hybrid-massag-gas-electric-hybrid-white-cat_ma29gr16518-0fc2d8f0-c7d2-4f86-adbe-c67b6bb4d196,AutoTrader
DISABLED_MANUAL_REVIEW_REQUIRED,manual_review_required,success,clean,,success,2026-07-21T18:19:39+00:00,source_reported_not_independently_verified,legacy_method_not_yet_disambiguated,,,2022,Ford,F 150,LARIAT SuperCrew,3,50978,No change noted,"Down $2,682 over 9 weeks",9,53660,50978,0,-2682,93025,5.0L,Gasoline,Unknown,N/A,Capital Ford Lincoln SK,Dealer,"1201 Pasqua Street North, REGINA, SK, S4X 4P7","REGINA, SK",784,address,1c44e7b2-9b5e-459f-9f0b-08ecd78281e5,https://www.autotrader.ca/offers/ford-f-150-lariat-supercrew-gasoline-black-cat_ma29gr16518tr11275-1c44e7b2-9b5e-459f-9f0b-08ecd78281e5,AutoTrader
DISABLED_MANUAL_REVIEW_REQUIRED,manual_review_required,success,clean,,success,2026-07-21T18:19:39+00:00,source_reported_not_independently_verified,legacy_method_not_yet_disambiguated,,,2022,Ford,F 150,XLT 4WD SuperCrew 5.5' Box,2,47771,No change noted,Down $220 over 11 weeks,11,47991,47771,0,-220,38816,2.7L,Gasoline,No accidents reported,N/A,Velocity Ford,Dealer,"661 Thatcher Dr E, Moose Jaw, SK, S6J 1L8","Moose Jaw, SK",799,city_center,309faa00-078e-4e5f-89a7-1b56eec532b1,https://www.autotrader.ca/offers/ford-f-150-xlt-4wd-supercrew-5-5-box-gasoline-black-cat_ma29gr16518tr11290-309faa00-078e-4e5f-89a7-1b56eec532b1,AutoTrader
DISABLED_MANUAL_REVIEW_REQUIRED,manual_review_required,success,clean,,success,2026-07-21T18:19:39+00:00,source_reported_not_independently_verified,legacy_method_not_yet_disambiguated,,,2022,Ford,F 150,Platinum HEAT + COOLING SEATS | REMOTE START | HEA,3,50218,No change noted,Down $363 over 7 weeks,7,50581,50218,0,-363,115442,3.5L,Gasoline,Unknown,N/A,Cam Clark Ford Calgary/Airdrie,Dealer,"1001 Highland Park Blvd NE, AIRDRIE, AB, T4A 0R2","AIRDRIE, AB",118,address,37605c04-6b0e-44a2-b61c-009865a92559,https://www.autotrader.ca/offers/ford-f-150-platinum-heat-+-cooling-seats-remote-start-hea-gasoline-blue-cat_ma29gr16518tr11280-37605c04-6b0e-44a2-b61c-009865a92559,AutoTrader
DISABLED_MANUAL_REVIEW_REQUIRED,manual_review_required,success,clean,,success,2026-07-21T18:19:39+00:00,source_reported_not_independently_verified,legacy_method_not_yet_disambiguated,,,2022,Ford,F 150,XLT 4WD SuperCrew 6.5' Box,2,34929,No change noted,Unchanged for 1 weeks,1,34929,34929,0,0,99806,3.5L,Gasoline,Unknown,N/A,Velocity Ford,Dealer,"661 Thatcher Dr E, Moose Jaw, SK, S6J 1L8","Moose Jaw, SK",799,city_center,3c78e794-e762-407a-8000-8fd78c5ae650,https://www.autotrader.ca/offers/ford-f-150-xlt-4wd-supercrew-6-5-box-gasoline-grey-cat_ma29gr16518-3c78e794-e762-407a-8000-8fd78c5ae650,AutoTrader
DISABLED_MANUAL_REVIEW_REQUIRED,manual_review_required,success,clean,,success,2026-07-21T18:19:39+00:00,source_reported_not_independently_verified,legacy_method_not_yet_disambiguated,,,2022,Ford,F 150,XL 4WD SuperCrew 5.5' Box  B.S.A/NAVI/CAM|Immacula,1,34995,No change noted,Unchanged for 3 weeks,3,34995,34995,0,0,150729,3.5L,Gasoline,Unknown,N/A,Southview Motors Inc.,Dealer,"3419 17th Avenue SE, CALGARY, AB, T2A0R3","CALGARY, AB",149,city_center,423c0d9f-03d5-48f8-b45a-805bccfdc262,https://www.autotrader.ca/offers/ford-f-150-xl-4wd-supercrew-5-5-box-b-s-a-navi-cam-immacula-gasoline-white-cat_ma29gr16518tr11290-423c0d9f-03d5-48f8-b45a-805bccfdc262,AutoTrader
DISABLED_MANUAL_REVIEW_REQUIRED,manual_review_required,success,clean,,success,2026-07-21T18:19:39+00:00,source_reported_not_independently_verified,legacy_method_not_yet_disambiguated,,,2022,Ford,F 150,LARIAT SuperCrew,3,54999,No change noted,First seen this week,0,54999,54999,0,0,55751,5.0L,Gasoline,Unknown,N/A,Capital Ford Lincoln SK,Dealer,"1201 Pasqua Street North, REGINA, SK, S4X 4P7","REGINA, SK",784,address,43de11a1-4692-4a7f-819b-22776917f0d8,https://www.autotrader.ca/offers/ford-f-150-lariat-supercrew-gasoline-black-cat_ma29gr16518-43de11a1-4692-4a7f-819b-22776917f0d8,AutoTrader
DISABLED_MANUAL_REVIEW_REQUIRED,manual_review_required,success,clean,,success,2026-07-21T18:19:39+00:00,source_reported_not_independently_verified,legacy_method_not_yet_disambiguated,,,2022,Ford,F 150,Lariat,3,36995,No change noted,Unchanged for 3 weeks,3,36995,36995,0,0,189100,3.5L,Gasoline,Unknown,N/A,Unknown,Dealer,,"LETHBRIDGE, AB",354,city_center,4af10ffa-e618-459e-ac2e-81fb694f6294,https://www.autotrader.ca/offers/ford-f-150-lariat-gasoline-white-cat_ma29gr16518-4af10ffa-e618-459e-ac2e-81fb694f6294,AutoTrader
DISABLED_MANUAL_REVIEW_REQUIRED,manual_review_required,success,clean,,success,2026-07-21T18:19:39+00:00,source_reported_not_independently_verified,legacy_method_not_yet_disambiguated,,,2022,Ford,F 150,"XTR Loaded 302A Pkg, Heated Buckets Nav & More!",1,41995,No change noted,Unchanged for 9 weeks,9,41995,41995,0,0,122782,3.5L,Gasoline,Unknown,N/A,Gauvin Motors Ltd,Dealer,"720 Chaplin Street West, SWIFT CURRENT, SK, S9H 0G4","SWIFT CURRENT, SK",627,address,566db1f0-fd28-493d-bad7-cba6b74fa34a,https://www.autotrader.ca/offers/ford-f-150-xtr-loaded-302a-pkg-heated-buckets-nav-more-gasoline-grey-cat_ma29gr16518tr11290-566db1f0-fd28-493d-bad7-cba6b74fa34a,AutoTrader
DISABLED_MANUAL_REVIEW_REQUIRED,manual_review_required,success,clean,,success,2026-07-21T18:19:39+00:00,source_reported_not_independently_verified,legacy_method_not_yet_disambiguated,,,2022,Ford,F 150,Lariat  HEATED/COOLED LEATHER SEATS - SUNROOF - BL,3,49993,No change noted,Unchanged for 1 weeks,1,49993,49993,0,0,60356,2.7L,Gasoline,Unknown,N/A,Northstar Ford Calgary,Dealer,"9 Crowfoot Circle NW, CALGARY, AB, T3G3J8","CALGARY, AB",148,address,5cd3956f-3993-425e-8736-df5e180d2e9e,https://www.autotrader.ca/offers/ford-f-150-lariat-heated-cooled-leather-seats-sunroof-bl-gasoline-grey-cat_ma29gr16518tr11275-5cd3956f-3993-425e-8736-df5e180d2e9e,AutoTrader
DISABLED_MANUAL_REVIEW_REQUIRED,data_quality_review_required,success,warnings_present,url_year_conflicts_with_parsed_year,success,2026-07-21T18:19:39+00:00,source_reported_not_independently_verified,legacy_method_not_yet_disambiguated,,,2022,Ford,F 150,LARIAT 3.5L/Nav/Sunroof/Canopy,3,37945,No change noted,Unchanged for 7 weeks,7,37945,37945,0,0,139811,3.5L,Gasoline,Accident reported,N/A,D&D Vehicle Sales Inc,Dealer,"3760 48th Ave, CAMROSE, AB, T4V 3Z8","CAMROSE, AB",142,city_center,603323dc-1996-4cb4-bae5-1d52f73224d0,https://www.autotrader.ca/offers/ford-f-150-lariat-3-5l-nav-sunroof-canopy-gasoline-blue-cat_ma29gr16518tr11275-603323dc-1996-4cb4-bae5-1d52f73224d0,AutoTrader
DISABLED_MANUAL_REVIEW_REQUIRED,manual_review_required,success,clean,,success,2026-07-21T18:19:39+00:00,source_reported_not_independently_verified,legacy_method_not_yet_disambiguated,,,2022,Ford,F 150,XLT SuperCrew 145 | SYNC 4 | Fog Lights | Keyless,2,33500,No change noted,"Down $2,500 over 8 weeks",8,36000,33500,0,-2500,130220,3.3L,Gasoline,Unknown,N/A,Waterloo Ford,Dealer,"11420 - 107 Ave, Edmonton, AB, T5H 0Y5","Edmonton, AB",156,address,6514dcfe-f6e3-4cef-9691-737d35d1cec5,https://www.autotrader.ca/offers/ford-f-150-xlt-supercrew-145-sync-4-fog-lights-keyless-gasoline-red-cat_ma29gr16518tr11290-6514dcfe-f6e3-4cef-9691-737d35d1cec5,AutoTrader
DISABLED_MANUAL_REVIEW_REQUIRED,manual_review_required,success,clean,,success,2026-07-21T18:19:39+00:00,source_reported_not_independently_verified,legacy_method_not_yet_disambiguated,,,2022,Ford,F 150,XLT SuperCrew :),2,35735,No change noted,Down $652 over 7 weeks,7,36387,35735,0,-652,100562,2.7L,Gasoline,Unknown,N/A,Velocity Ford,Dealer,"661 Thatcher Dr E, Moose Jaw, SK, S6J 1L8","Moose Jaw, SK",799,city_center,6fc61874-5d86-45dc-ba63-c72afeff4e72,https://www.autotrader.ca/offers/ford-f-150-xlt-supercrew-gasoline-white-cat_ma29gr16518tr11290-6fc61874-5d86-45dc-ba63-c72afeff4e72,AutoTrader
DISABLED_MANUAL_REVIEW_REQUIRED,manual_review_required,success,clean,,success,2026-07-21T18:19:39+00:00,source_reported_not_independently_verified,legacy_method_not_yet_disambiguated,,,2022,Ford,F 150,XLT 4WD SuperCrew 5.5' Box,2,39309,No change noted,First seen this week,0,39309,39309,0,0,69573,5.0L,Gasoline,Unknown,N/A,Canada Auto Remarketing Superstore,Dealer,"17860 102 Avenue Northwest, Edmonton, AB, T5S 1M9","Edmonton, AB",163,address,70dd0d93-e5d0-4345-923d-4c6e3890119f,https://www.autotrader.ca/offers/ford-f-150-xlt-4wd-supercrew-5-5-box-gasoline-white-cat_ma29gr16518tr11290-70dd0d93-e5d0-4345-923d-4c6e3890119f,AutoTrader
DISABLED_MANUAL_REVIEW_REQUIRED,manual_review_required,success,clean,,success,2026-07-21T18:19:39+00:00,source_reported_not_independently_verified,legacy_method_not_yet_disambiguated,,,2022,Ford,F 150,XLT,2,29000,No change noted,First seen this week,0,29000,29000,0,0,210000,3.5L,Gasoline,Unknown,N/A,Unknown,Dealer,,"Hussar, AB",218,city_center,71551115-7860-4218-8242-f8b3f3a4436d,https://www.autotrader.ca/offers/ford-f-150-xlt-gasoline-white-cat_ma29gr16518-71551115-7860-4218-8242-f8b3f3a4436d,AutoTrader
DISABLED_MANUAL_REVIEW_REQUIRED,manual_review_required,success,clean,,success,2026-07-21T18:19:39+00:00,source_reported_not_independently_verified,legacy_method_not_yet_disambiguated,,,2022,Ford,F 150,LARIAT/CREW/LEATHER/SUNROOF,3,43988,No change noted,Down $11 over 7 weeks,7,43999,43988,0,-11,95493,2.7L,Gasoline,Unknown,N/A,West Edmonton Hyundai,Dealer,"10120-178 St, Edmonton, AB, T5S1P5","Edmonton, AB",163,address,87156572-1c8f-4e6c-b38d-3c6d808d3cc5,https://www.autotrader.ca/offers/ford-f-150-lariat-crew-leather-sunroof-gasoline-black-cat_ma29gr16518tr11275-87156572-1c8f-4e6c-b38d-3c6d808d3cc5,AutoTrader
DISABLED_MANUAL_REVIEW_REQUIRED,manual_review_required,success,clean,,success,2026-07-21T18:19:39+00:00,source_reported_not_independently_verified,legacy_method_not_yet_disambiguated,,,2022,Ford,F 150,,1,32989,No change noted,Unchanged for 1 weeks,1,32989,32989,0,0,170000,Unknown,Gasoline,Unknown,N/A,Salmon Arm GM,Dealer,"3901 11th Ave NE, SALMON ARM, BC, V1E 2S2","SALMON ARM, BC",648,city_center,94fc5aa1-a077-46cb-abba-8948be834c6d,https://www.autotrader.ca/offers/ford-f-150-gasoline-cat_ma29gr16518-94fc5aa1-a077-46cb-abba-8948be834c6d,AutoTrader
DISABLED_MANUAL_REVIEW_REQUIRED,manual_review_required,success,clean,,success,2026-07-21T18:19:39+00:00,source_reported_not_independently_verified,legacy_method_not_yet_disambiguated,,,2022,Ford,F 150,XL,1,28642,No change noted,Down $357 over 7 weeks,7,28999,28642,0,-357,189971,2.7L,Gasoline,Unknown,N/A,Subaru of Saskatoon,Dealer,"321 Circle Dr W, Saskatoon, SK, S7L 5S8","Saskatoon, SK",539,address,aeed9c74-b063-4d79-962d-8ee582d9dab5,https://www.autotrader.ca/offers/ford-f-150-xl-gasoline-red-cat_ma29gr16518tr11288-aeed9c74-b063-4d79-962d-8ee582d9dab5,AutoTrader
DISABLED_MANUAL_REVIEW_REQUIRED,manual_review_required,success,clean,,success,2026-07-21T18:19:39+00:00,source_reported_not_independently_verified,legacy_method_not_yet_disambiguated,,,2022,Ford,F 150,XLT 3.3L V-6 LOW KM Crew Cab 4X4 w/5.5Ft. Box & Bo,2,41985,No change noted,Unchanged for 8 weeks,8,41985,41985,0,0,29019,3.3L,Gasoline,No accidents reported,N/A,Jim Pattison Lease,Dealer,"1235-73rd Ave S.E., CALGARY, AB, T2H2X1","CALGARY, AB",149,city_center,b08d5e68-aed6-4a1d-9e20-fd1aa6af3574,https://www.autotrader.ca/offers/ford-f-150-xlt-3-3l-v-6-low-km-crew-cab-4x4-w-5-5ft-box-bo-gasoline-white-cat_ma29gr16518tr11290-b08d5e68-aed6-4a1d-9e20-fd1aa6af3574,AutoTrader
DISABLED_MANUAL_REVIEW_REQUIRED,manual_review_required,success,clean,,success,2026-07-21T18:19:39+00:00,source_reported_not_independently_verified,legacy_method_not_yet_disambiguated,,,2022,Ford,F 150,LARI,1,50499,No change noted,First seen this week,0,50499,50499,0,0,121570,3.5L,Gas/Electric Hybrid,Unknown,N/A,Strathmore Ford,Dealer,"1040 - Westridge Road, Strathmore, AB, T1P 1H8","Strathmore, AB",186,address,b59b110e-5be9-4862-870d-9790eade85d2,https://www.autotrader.ca/offers/ford-f-150-lari-gas-electric-hybrid-silver-cat_ma29gr16518-b59b110e-5be9-4862-870d-9790eade85d2,AutoTrader
DISABLED_MANUAL_REVIEW_REQUIRED,data_quality_review_required,success,warnings_present,suspiciously_low_mileage,success,2026-07-21T18:19:39+00:00,source_reported_not_independently_verified,legacy_method_not_yet_disambiguated,,,2022,Ford,F 150,XLT  6.5' BOX,2,47888,No change noted,"Down $4,100 over 3 weeks",3,51988,47888,0,-4100,0,3.5L,Gasoline,Unknown,N/A,Honda Magic,Dealer,"1240 2 Street W, Brooks, AB, T1R0V5","Brooks, AB",299,address,c0acbd7d-0bc7-447f-8446-2f028676ccfa,https://www.autotrader.ca/offers/ford-f-150-xlt-6-5-box-gasoline-cat_ma29gr16518tr11290-c0acbd7d-0bc7-447f-8446-2f028676ccfa,AutoTrader
DISABLED_MANUAL_REVIEW_REQUIRED,manual_review_required,success,clean,,success,2026-07-21T18:19:39+00:00,source_reported_not_independently_verified,legacy_method_not_yet_disambiguated,,,2022,Ford,F 150,XLT,2,38263,"Reduced from $ 39,263,-","Down $1,790 over 11 weeks",11,40053,38263,0,-1790,65973,3.5L,Gasoline,Unknown,N/A,Strathmore Motors,Dealer,"900 Westridge Rd, STRATHMORE, AB, T1P 1H8","STRATHMORE, AB",186,address,c8b2096c-f121-4aa1-9f41-0f48f17461bd,https://www.autotrader.ca/offers/ford-f-150-xlt-gasoline-silver-cat_ma29gr16518tr11290-c8b2096c-f121-4aa1-9f41-0f48f17461bd,AutoTrader
DISABLED_MANUAL_REVIEW_REQUIRED,manual_review_required,success,clean,,success,2026-07-21T18:19:39+00:00,source_reported_not_independently_verified,legacy_method_not_yet_disambiguated,,,2022,Ford,F 150,LARIAT 4WD SuperCrew 5.5' Box,3,46959,No change noted,Unchanged for 5 weeks,5,46959,46959,0,0,95670,3.5L,Gasoline,Accident reported,N/A,Davis Dodge Fort Macleod,Dealer,"807 18th St, Fort MacLeod, AB, T0L 0Z0","Fort MacLeod, AB",315,city_center,d3e96246-c649-49aa-b3d6-6e0967c442aa,https://www.autotrader.ca/offers/ford-f-150-lariat-4wd-supercrew-5-5-box-gasoline-grey-cat_ma29gr16518-d3e96246-c649-49aa-b3d6-6e0967c442aa,AutoTrader
DISABLED_MANUAL_REVIEW_REQUIRED,manual_review_required,success,clean,,success,2026-07-21T18:19:39+00:00,source_reported_not_independently_verified,legacy_method_not_yet_disambiguated,,,2022,Ford,F 150,XLT 4X4 SUPERCREW | BLACK PLATFORM RUNNING BOARDS,2,45740,No change noted,"Down $1,200 over 6 weeks",6,46940,45940,-200,-1200,38887,2.7L,Gasoline,No accidents reported,N/A,Kamloops Ford Lincoln,Dealer,"940 Halston Avenue, Kamloops, BC, V2B 2B8","Kamloops, BC",762,address,df58dc10-2d59-4e81-8b36-e427b4d541db,https://www.autotrader.ca/offers/ford-f-150-xlt-4x4-supercrew-black-platform-running-boards-gasoline-silver-cat_ma29gr16518tr11290-df58dc10-2d59-4e81-8b36-e427b4d541db,AutoTrader
DISABLED_MANUAL_REVIEW_REQUIRED,manual_review_required,success,clean,,success,2026-07-21T18:19:39+00:00,source_reported_not_independently_verified,legacy_method_not_yet_disambiguated,,,2022,Ford,F 150,Platinum HEATED STEERING | MOONROOF | HEAT + COOLI,3,47753,No change noted,Up $475 over 7 weeks,7,47278,47753,0,475,141492,3.5L,Gas/Electric Hybrid,Unknown,N/A,Cam Clark Ford Calgary/Airdrie,Dealer,"1001 Highland Park Blvd NE, AIRDRIE, AB, T4A 0R2","AIRDRIE, AB",118,address,e9134041-9765-4b26-bfef-6315f36f9e8a,https://www.autotrader.ca/offers/ford-f-150-platinum-heated-steering-moonroof-heat-+-cooli-gas-electric-hybrid-silver-cat_ma29gr16518tr11280-e9134041-9765-4b26-bfef-6315f36f9e8a,AutoTrader
DISABLED_MANUAL_REVIEW_REQUIRED,manual_review_required,success,clean,,success,2026-07-21T18:19:39+00:00,source_reported_not_independently_verified,legacy_method_not_yet_disambiguated,,,2023,Ford,F 150,Lariat  No Accidents | PowerBoost Hybrid | 7.2kW P,3,57750,No change noted,Unchanged for 1 weeks,1,57750,57750,0,0,75022,3.5L,Gas/Electric Hybrid,No accidents reported,N/A,High River Ford,Dealer,"1103 11th Ave S.E., HIGH RIVER, AB, T1V 1M3","HIGH RIVER, AB",209,city_center,034ef3d0-9334-40f2-938a-19ed8e9562fd,https://www.autotrader.ca/offers/ford-f-150-lariat-no-accidents-powerboost-hybrid-7-2kw-p-gas-electric-hybrid-grey-cat_ma29gr16518-034ef3d0-9334-40f2-938a-19ed8e9562fd,AutoTrader
DISABLED_MANUAL_REVIEW_REQUIRED,manual_review_required,success,clean,,success,2026-07-21T18:19:39+00:00,source_reported_not_independently_verified,legacy_method_not_yet_disambiguated,,,2023,Ford,F 150,XLT SuperCrew 145 | Tow Pkg | SYNC 4 | Rem Keyless,2,37000,No change noted,Unchanged for 2 weeks,2,37000,37000,0,0,111049,2.7L,Gasoline,Unknown,N/A,Waterloo Ford,Dealer,"11420 - 107 Ave, Edmonton, AB, T5H 0Y5","Edmonton, AB",156,address,055dfa1e-0e9b-480c-a2dd-2ff6264894c3,https://www.autotrader.ca/offers/ford-f-150-xlt-supercrew-145-tow-pkg-sync-4-rem-keyless-gasoline-white-cat_ma29gr16518-055dfa1e-0e9b-480c-a2dd-2ff6264894c3,AutoTrader
DISABLED_MANUAL_REVIEW_REQUIRED,manual_review_required,success,clean,,success,2026-07-21T18:19:39+00:00,source_reported_not_independently_verified,legacy_method_not_yet_disambiguated,,,2023,Ford,F 150,Lariat 502A | Lift Kit | 33 Tires | Trailer Tow Pa,3,49997,No change noted,"Up $1,664 over 2 weeks",2,48333,49997,0,1664,93291,2.7L,Gasoline,Unknown,N/A,Kentwood Ford,Dealer,"13344 - 97 St., EDMONTON, AB, T5E 4C9","EDMONTON, AB",158,address,081d2a01-54c4-40eb-9921-4fe108c9b651,https://www.autotrader.ca/offers/ford-f-150-lariat-502a-lift-kit-33-tires-trailer-tow-pa-gasoline-silver-cat_ma29gr16518tr11275-081d2a01-54c4-40eb-9921-4fe108c9b651,AutoTrader
DISABLED_MANUAL_REVIEW_REQUIRED,manual_review_required,success,clean,,success,2026-07-21T18:19:39+00:00,source_reported_not_independently_verified,legacy_method_not_yet_disambiguated,,,2023,Ford,F 150,Lariat,3,58888,No change noted,"Down $1,000 over 5 weeks",5,59888,58888,0,-1000,88450,5.0L,Gasoline,Unknown,N/A,MGM Ford Lincoln Sales,Dealer,"3010 - 50th Avenue, RED DEER, AB, T4R 1M5","RED DEER, AB",1,city_center,13e2657f-ce40-4330-83a7-a88ef7bc8654,https://www.autotrader.ca/offers/ford-f-150-lariat-gasoline-black-cat_ma29gr16518tr11275-13e2657f-ce40-4330-83a7-a88ef7bc8654,AutoTrader
DISABLED_MANUAL_REVIEW_REQUIRED,manual_review_required,success,clean,,success,2026-07-21T18:19:39+00:00,source_reported_not_independently_verified,legacy_method_not_yet_disambiguated,,,2023,Ford,F 150,LARIAT-502A/PANO ROOF/POWER RUNNING BOARDS,3,48490,No change noted,Down $126 over 3 weeks,3,48616,49495,-1005,-126,130256,2.7L,Gasoline,Unknown,N/A,GO AUTO OUTLET SOUTH,Dealer,"2262 Sparrow Dr, Nisku, AB, T9E 8A2","Nisku, AB",130,address,2a3e791d-8aa5-4e77-9cbe-5aca59fe1ab6,https://www.autotrader.ca/offers/ford-f-150-lariat-502a-pano-roof-power-running-boards-gasoline-white-cat_ma29gr16518tr11275-2a3e791d-8aa5-4e77-9cbe-5aca59fe1ab6,AutoTrader
DISABLED_MANUAL_REVIEW_REQUIRED,manual_review_required,success,clean,,success,2026-07-21T18:19:39+00:00,source_reported_not_independently_verified,legacy_method_not_yet_disambiguated,,,2023,Ford,F 150,XLT - 3.5L ECOBOOST - REMOTE START,2,43966,No change noted,"Down $1,033 over 7 weeks",7,44999,43966,0,-1033,79785,3.5L,Gas/Electric Hybrid,Unknown,N/A,Strathmore Ford,Dealer,"1040 - Westridge Road, Strathmore, AB, T1P 1H8","Strathmore, AB",186,address,379acfec-152d-4b65-aedf-0528fd7a65fe,https://www.autotrader.ca/offers/ford-f-150-xlt-3-5l-ecoboost-remote-start-gas-electric-hybrid-white-cat_ma29gr16518-379acfec-152d-4b65-aedf-0528fd7a65fe,AutoTrader
DISABLED_MANUAL_REVIEW_REQUIRED,manual_review_required,success,clean,,success,2026-07-21T18:19:39+00:00,source_reported_not_independently_verified,legacy_method_not_yet_disambiguated,,,2023,Ford,F 150,Lariat,3,57880,No change noted,Unchanged for 1 weeks,1,57880,57880,0,0,60028,2.7L,Gasoline,Accident reported,N/A,Country Hills Ford Ltd.,Dealer,"180 Stonehill Gate NE, Calgary, AB, T3N 2G7","Calgary, AB",134,address,483033b5-f3cd-4dc0-9bb4-74305d0e2aff,https://www.autotrader.ca/offers/ford-f-150-lariat-gasoline-black-cat_ma29gr16518-483033b5-f3cd-4dc0-9bb4-74305d0e2aff,AutoTrader
DISABLED_MANUAL_REVIEW_REQUIRED,manual_review_required,success,clean,,success,2026-07-21T18:19:39+00:00,source_reported_not_independently_verified,legacy_method_not_yet_disambiguated,,,2023,Ford,F 150,XLT,2,37900,No change noted,Unchanged for 2 weeks,2,37900,37900,0,0,151748,Unknown,Gasoline,Accident reported,N/A,Aspen Ford Sales Ltd.,Dealer,"4402 - 42 St., STETTLER, AB, T0C2L0","STETTLER, AB",82,address,49104cd8-bc9a-48e6-954c-7aa2f355b808,https://www.autotrader.ca/offers/ford-f-150-xlt-gasoline-red-cat_ma29gr16518-49104cd8-bc9a-48e6-954c-7aa2f355b808,AutoTrader
DISABLED_MANUAL_REVIEW_REQUIRED,manual_review_required,success,clean,,success,2026-07-21T18:19:39+00:00,source_reported_not_independently_verified,legacy_method_not_yet_disambiguated,,,2023,Ford,F 150,STX   One Owner | No Reported Accidents | FX4 Off-,3,40995,No change noted,"Up $2,010 over 4 weeks",4,38985,40995,0,2010,84559,2.7L,Gasoline,No accidents reported,N/A,High River Ford,Dealer,"1103 11th Ave S.E., HIGH RIVER, AB, T1V 1M3","HIGH RIVER, AB",209,city_center,49e3f394-ef4c-4a00-9ac5-90ff536d3edf,https://www.autotrader.ca/offers/ford-f-150-stx-one-owner-no-reported-accidents-fx4-off-gasoline-black-cat_ma29gr16518-49e3f394-ef4c-4a00-9ac5-90ff536d3edf,AutoTrader
DISABLED_MANUAL_REVIEW_REQUIRED,manual_review_required,success,clean,,success,2026-07-21T18:19:39+00:00,source_reported_not_independently_verified,legacy_method_not_yet_disambiguated,,,2023,Ford,F 150,XLT,2,39888,No change noted,Unchanged for 5 weeks,5,39888,39888,0,0,168833,3.5L,Gasoline,Accident reported,N/A,Medicine Hat House of Cars Inc.,Dealer,"621 - 15 Street SW, Medicine Hat, AB, T1A 4W4","Medicine Hat, AB",406,address,4c1376de-3e0b-4766-a58f-46022f8aeb57,https://www.autotrader.ca/offers/ford-f-150-xlt-gasoline-silver-cat_ma29gr16518tr11290-4c1376de-3e0b-4766-a58f-46022f8aeb57,AutoTrader
DISABLED_MANUAL_REVIEW_REQUIRED,manual_review_required,success,clean,,success,2026-07-21T18:19:39+00:00,source_reported_not_independently_verified,legacy_method_not_yet_disambiguated,,,2023,Ford,F 150,Lariat Lariat with FX4 Package,3,50999,No change noted,First seen this week,0,50999,50999,0,0,121017,3.5L,Gasoline,Accident reported,N/A,Cam Clark Ford Canmore,Dealer,"308 Bow Valley Trail, Canmore, AB, T1W0L1","Canmore, AB",242,address,4e293d21-fa2f-4f9e-ba59-9113f7469bcd,https://www.autotrader.ca/offers/ford-f-150-lariat-lariat-with-fx4-package-gasoline-grey-cat_ma29gr16518tr11275-4e293d21-fa2f-4f9e-ba59-9113f7469bcd,AutoTrader
DISABLED_MANUAL_REVIEW_REQUIRED,manual_review_required,success,clean,,success,2026-07-21T18:19:39+00:00,source_reported_not_independently_verified,legacy_method_not_yet_disambiguated,,,2023,Ford,F 150,XLT  5.0L V8 | TOW PKG | 20 RIMS,2,49999,No change noted,Unchanged for 1 weeks,1,49999,49999,0,0,66276,5.0L,Gasoline,Accident reported,N/A,Legacy Ford Ponoka,Dealer,"6305 - 42 Avenue, PONOKA, AB, T4J 1J8","PONOKA, AB",54,address,5ba961bb-c248-4f51-ae92-6aedaa82e01d,https://www.autotrader.ca/offers/ford-f-150-xlt-5-0l-v8-tow-pkg-20-rims-gasoline-black-cat_ma29gr16518-5ba961bb-c248-4f51-ae92-6aedaa82e01d,AutoTrader
DISABLED_MANUAL_REVIEW_REQUIRED,manual_review_required,success,clean,,success,2026-07-21T18:19:39+00:00,source_reported_not_independently_verified,legacy_method_not_yet_disambiguated,,,2023,Ford,F 150,XLT Sport,2,47995,No change noted,Unchanged for 1 weeks,1,47995,47995,0,0,101025,3.5L,Gasoline,Unknown,N/A,Red Deer Dodge,Dealer,"29 Petrolia Drive, Red Deer, AB, T4E 1B3","Red Deer, AB",7,address,5bef903e-2a1d-4f7a-9acd-5ef81064e6e1,https://www.autotrader.ca/offers/ford-f-150-xlt-sport-gasoline-silver-cat_ma29gr16518-5bef903e-2a1d-4f7a-9acd-5ef81064e6e1,AutoTrader
DISABLED_MANUAL_REVIEW_REQUIRED,manual_review_required,success,clean,,success,2026-07-21T18:19:39+00:00,source_reported_not_independently_verified,legacy_method_not_yet_disambiguated,,,2023,Ford,F 150,XLT,2,41880,"Reduced from $ 43,990,-","Down $2,110 over 3 weeks",3,43990,41880,0,-2110,100464,3.5L,Gas/Electric Hybrid,Accident reported,N/A,Country Hills Ford Ltd.,Dealer,"180 Stonehill Gate NE, Calgary, AB, T3N 2G7","Calgary, AB",134,address,65c142d9-c8e6-4b0a-86a1-a1bea565b35b,https://www.autotrader.ca/offers/ford-f-150-xlt-gas-electric-hybrid-grey-cat_ma29gr16518-65c142d9-c8e6-4b0a-86a1-a1bea565b35b,AutoTrader
DISABLED_MANUAL_REVIEW_REQUIRED,data_quality_review_required,success,warnings_present,url_year_conflicts_with_parsed_year,success,2026-07-21T18:19:39+00:00,source_reported_not_independently_verified,legacy_method_not_yet_disambiguated,,,2023,Ford,F 150,CALL OR TEXT 403-255-1994 FOR IMMEDIATE RESPONSE!,1,59995,No change noted,First seen this week,0,59995,59995,0,0,38588,Unknown,Gasoline,Unknown,N/A,Jaguar Land Rover Calgary,Dealer,"170 Glendeer cir se, Calgary, AB, T2H2V4","Calgary, AB",155,address,69951140-81bb-44eb-998d-9d779a3c699b,https://www.autotrader.ca/offers/ford-f-150-call-or-text-403-255-1994-for-immediate-response-gasoline-blue-cat_ma29gr16518tr11275-69951140-81bb-44eb-998d-9d779a3c699b,AutoTrader
DISABLED_MANUAL_REVIEW_REQUIRED,manual_review_required,success,clean,,success,2026-07-21T18:19:39+00:00,source_reported_not_independently_verified,legacy_method_not_yet_disambiguated,,,2023,Ford,F 150,XL   HEAVY DUTY PAYLOAD PKG. - MAX TRAILER TOW PKG,1,48993,No change noted,First seen this week,0,48993,48993,0,0,34303,3.5L,Gasoline,Unknown,N/A,Northstar Ford Calgary,Dealer,"9 Crowfoot Circle NW, CALGARY, AB, T3G3J8","CALGARY, AB",148,address,6f941a20-e1a1-4d7a-bfd1-69f0a0658ae3,https://www.autotrader.ca/offers/ford-f-150-xl-heavy-duty-payload-pkg-max-trailer-tow-pkg-gasoline-grey-cat_ma29gr16518-6f941a20-e1a1-4d7a-bfd1-69f0a0658ae3,AutoTrader
DISABLED_MANUAL_REVIEW_REQUIRED,manual_review_required,success,clean,,success,2026-07-21T18:19:39+00:00,source_reported_not_independently_verified,legacy_method_not_yet_disambiguated,,,2023,Ford,F 150,"XLT Super crew 4x4, No Accidents!",2,46995,No change noted,Unchanged for 4 weeks,4,46995,46995,0,0,53000,2.7L,Gasoline,No accidents reported,N/A,Go Airdrie Honda,Dealer,"2971 Main Street SW, AIRDRIE, AB, T4B 3G5","AIRDRIE, AB",118,city_center,7688d97e-f9ba-4f76-a5e7-f29f7913d32e,https://www.autotrader.ca/offers/ford-f-150-xlt-super-crew-4x4-no-accidents-gasoline-grey-cat_ma29gr16518tr11290-7688d97e-f9ba-4f76-a5e7-f29f7913d32e,AutoTrader
DISABLED_MANUAL_REVIEW_REQUIRED,manual_review_required,success,clean,,success,2026-07-21T18:19:39+00:00,source_reported_not_independently_verified,legacy_method_not_yet_disambiguated,,,2023,Ford,F 150,Lariat 4x4 SuperCrew Cab 5.5 ft. box 145 in. WB,3,55495,No change noted,Down $500 over 6 weeks,6,55995,55495,0,-500,81211,2.7L,Gasoline,No accidents reported,N/A,Okotoks Ford Lincoln,Dealer,"4 Westland Rd., OKOTOKS, AB, T1S1N1","OKOTOKS, AB",188,address,7dc7c5a8-c3ed-45d7-a7a6-01e552b8acc3,https://www.autotrader.ca/offers/ford-f-150-lariat-4x4-supercrew-cab-5-5-ft-box-145-in-wb-gasoline-red-cat_ma29gr16518tr11275-7dc7c5a8-c3ed-45d7-a7a6-01e552b8acc3,AutoTrader
DISABLED_MANUAL_REVIEW_REQUIRED,manual_review_required,success,clean,,success,2026-07-21T18:19:39+00:00,source_reported_not_independently_verified,legacy_method_not_yet_disambiguated,,,2023,Ford,F 150,XLT,2,58990,No change noted,Unchanged for 1 weeks,1,58990,58990,0,0,29572,3.5L,Gasoline,Accident reported,N/A,Boundary Ford Sales,Dealer,"2502-50th Avenue, Lloydminster, SK, T9V2S3","Lloydminster, SK",368,city_center,7e9c4ce8-59f6-4f8b-a0d0-063532145593,https://www.autotrader.ca/offers/ford-f-150-xlt-gasoline-grey-cat_ma29gr16518-7e9c4ce8-59f6-4f8b-a0d0-063532145593,AutoTrader
DISABLED_MANUAL_REVIEW_REQUIRED,manual_review_required,success,clean,,success,2026-07-21T18:19:39+00:00,source_reported_not_independently_verified,legacy_method_not_yet_disambiguated,,,2023,Ford,F 150,Platinum  LIFTED | NEW TIRES | TONNEAU COVER,3,58599,No change noted,Down $400 over 3 weeks,3,58999,58599,0,-400,98982,3.5L,Gas/Electric Hybrid,Accident reported,N/A,Legacy Ford Ponoka,Dealer,"6305 - 42 Avenue, PONOKA, AB, T4J 1J8","PONOKA, AB",54,address,877f1b63-d158-415a-bcb0-df4a71cd8fac,https://www.autotrader.ca/offers/ford-f-150-platinum-lifted-new-tires-tonneau-cover-gas-electric-hybrid-white-cat_ma29gr16518-877f1b63-d158-415a-bcb0-df4a71cd8fac,AutoTrader
DISABLED_MANUAL_REVIEW_REQUIRED,manual_review_required,success,clean,,success,2026-07-21T18:19:39+00:00,source_reported_not_independently_verified,legacy_method_not_yet_disambiguated,,,2023,Ford,F 150,Tremor,3,56499,No change noted,Unchanged for 3 weeks,3,56499,56499,0,0,112682,Unknown,Gasoline,Unknown,N/A,RIPLEY FORD,Dealer,"1560 Saskatchewan Drive South, MELFORT, SK, S0E1A0","MELFORT, SK",713,city_center,8a25fedc-c513-4b0d-8715-8a03b0d993f0,https://www.autotrader.ca/offers/ford-f-150-tremor-gasoline-white-cat_ma29gr16518tr11287-8a25fedc-c513-4b0d-8715-8a03b0d993f0,AutoTrader
DISABLED_MANUAL_REVIEW_REQUIRED,manual_review_required,success,clean,,success,2026-07-21T18:19:39+00:00,source_reported_not_independently_verified,legacy_method_not_yet_disambiguated,,,2023,Ford,F 150,XLT 4x4 SuperCrew Cab 5.5 ft. box 145 in. WB,2,49995,No change noted,First seen this week,0,49995,49995,0,0,57081,Unknown,Gasoline,No accidents reported,N/A,Okotoks Ford Lincoln,Dealer,"4 Westland Rd., OKOTOKS, AB, T1S1N1","OKOTOKS, AB",188,address,8c34c39d-701c-496a-bc44-5726f6b83901,https://www.autotrader.ca/offers/ford-f-150-xlt-4x4-supercrew-cab-5-5-ft-box-145-in-wb-gasoline-grey-cat_ma29gr16518tr11290-8c34c39d-701c-496a-bc44-5726f6b83901,AutoTrader
DISABLED_MANUAL_REVIEW_REQUIRED,manual_review_required,success,clean,,success,2026-07-21T18:19:39+00:00,source_reported_not_independently_verified,legacy_method_not_yet_disambiguated,,,2023,Ford,F 150,XLT | Air Conditioning | Cruise Control.,2,52389,No change noted,Down $5 over 8 weeks,8,52394,52389,0,-5,34050,3.5L,Gasoline,Accident reported,N/A,Mann-Northway Auto Source,Dealer,"500 Marquis Road, PRINCE ALBERT, SK, S6V 8B3","PRINCE ALBERT, SK",642,address,8d83af7c-996a-416e-84d2-46068e6b2f10,https://www.autotrader.ca/offers/ford-f-150-xlt-air-conditioning-cruise-control-gasoline-white-cat_ma29gr16518tr11290-8d83af7c-996a-416e-84d2-46068e6b2f10,AutoTrader
DISABLED_MANUAL_REVIEW_REQUIRED,manual_review_required,success,clean,,success,2026-07-21T18:19:39+00:00,source_reported_not_independently_verified,legacy_method_not_yet_disambiguated,,,2023,Ford,F 150,XLT 4WD SuperCrew 5.5' Box w/Tonneau cover,2,43985,No change noted,First seen this week,0,43985,43985,0,0,72258,Unknown,Gasoline,Unknown,N/A,Jim Pattison Lease,Dealer,"1235-73rd Ave S.E., CALGARY, AB, T2H2X1","CALGARY, AB",149,city_center,8efd84fb-00fe-4acb-835b-a660d48820e8,https://www.autotrader.ca/offers/ford-f-150-xlt-4wd-supercrew-5-5-box-w-tonneau-cover-gasoline-white-cat_ma29gr16518-8efd84fb-00fe-4acb-835b-a660d48820e8,AutoTrader
DISABLED_MANUAL_REVIEW_REQUIRED,manual_review_required,success,clean,,success,2026-07-21T18:19:39+00:00,source_reported_not_independently_verified,legacy_method_not_yet_disambiguated,,,2023,Ford,F 150,"LARIAT 4WD SUPERCREW 5.5 BOX, 502A PKG., MAX TRAIL",3,57896,"Reduced from $ 59,700,-",Unchanged for 2 weeks,2,57896,57896,0,0,68796,3.5L,Gasoline,Unknown,N/A,Nelson Ford,Dealer,"623 Railway St., NELSON, BC, V1L 1H5","NELSON, BC",759,address,92a029f3-9960-40ec-8454-6a9a20b2efa8,https://www.autotrader.ca/offers/ford-f-150-lariat-4wd-supercrew-5-5-box-502a-pkg-max-trail-gasoline-grey-cat_ma29gr16518tr11275-92a029f3-9960-40ec-8454-6a9a20b2efa8,AutoTrader
DISABLED_MANUAL_REVIEW_REQUIRED,manual_review_required,success,clean,,success,2026-07-21T18:19:39+00:00,source_reported_not_independently_verified,legacy_method_not_yet_disambiguated,,,2023,Ford,F 150,XLT 302A SPORT 4X4 | MAX TOW | PANO ROOF | B&O,2,41800,No change noted,"Down $4,190 over 7 weeks",7,45990,41800,0,-4190,137563,3.5L,Gasoline,Accident reported,N/A,Boundary Ford Sales,Dealer,"2502-50th Avenue, Lloydminster, SK, T9V2S3","Lloydminster, SK",368,city_center,9fd8ed91-70b1-43e3-adf3-7ab52feedaf7,https://www.autotrader.ca/offers/ford-f-150-xlt-302a-sport-4x4-max-tow-pano-roof-bo-gasoline-grey-cat_ma29gr16518-9fd8ed91-70b1-43e3-adf3-7ab52feedaf7,AutoTrader
DISABLED_MANUAL_REVIEW_REQUIRED,manual_review_required,success,clean,,success,2026-07-21T18:19:39+00:00,source_reported_not_independently_verified,legacy_method_not_yet_disambiguated,,,2023,Ford,F 150,CLEAN CARFAX * FX-4 * EQ. 502A PACK * BANG&OLUFSEN,1,53995,No change noted,First seen this week,0,53995,53995,0,0,94865,Unknown,Gasoline,No accidents reported,N/A,Land Rover Kelowna,Dealer,"839 Finns Road, Kelowna, BC, V1X 5B8","Kelowna, BC",744,address,a2e9e831-2202-4538-9c18-7f01b6c05fe9,https://www.autotrader.ca/offers/ford-f-150-clean-carfax-fx-4-eq-502a-pack-bangolufsen-gasoline-white-cat_ma29gr16518-a2e9e831-2202-4538-9c18-7f01b6c05fe9,AutoTrader
DISABLED_MANUAL_REVIEW_REQUIRED,manual_review_required,success,clean,,success,2026-07-21T18:19:39+00:00,source_reported_not_independently_verified,legacy_method_not_yet_disambiguated,,,2023,Ford,F 150,"XLT, 301A Equipement Group 6'6"" Box",2,47990,No change noted,Unchanged for 4 weeks,4,47990,47990,0,0,47010,3.5L,Gasoline,Unknown,N/A,Brentridge Ford Wetaskiwin,Dealer,"5604 - 41st. Avenue, WETASKIWIN, AB, T9A 3M7","WETASKIWIN, AB",102,city_center,b27ff2a8-489b-43c7-b65c-0992fb2e242a,https://www.autotrader.ca/offers/ford-f-150-xlt-301a-equipement-group-6-6-box-gasoline-white-cat_ma29gr16518tr11280-b27ff2a8-489b-43c7-b65c-0992fb2e242a,AutoTrader
DISABLED_MANUAL_REVIEW_REQUIRED,manual_review_required,success,clean,,success,2026-07-21T18:19:39+00:00,source_reported_not_independently_verified,legacy_method_not_yet_disambiguated,,,2023,Ford,F 150,Tremor,3,59989,No change noted,Unchanged for 8 weeks,8,59989,59989,0,0,79149,3.5L,Gasoline,Unknown,N/A,RIPLEY FORD,Dealer,"1560 Saskatchewan Drive South, MELFORT, SK, S0E1A0","MELFORT, SK",713,city_center,b2de2e3e-473c-4941-b96f-ed62eadea87d,https://www.autotrader.ca/offers/ford-f-150-tremor-gasoline-white-cat_ma29gr16518tr11287-b2de2e3e-473c-4941-b96f-ed62eadea87d,AutoTrader
DISABLED_MANUAL_REVIEW_REQUIRED,manual_review_required,success,clean,,success,2026-07-21T18:19:39+00:00,source_reported_not_independently_verified,legacy_method_not_yet_disambiguated,,,2023,Ford,F 150,"XLT- One Owner, Local Trade",2,49899,No change noted,"Down $2,100 over 9 weeks",9,51999,49899,0,-2100,41188,3.5L,Gasoline,Unknown,N/A,Cypress Motors SC,Dealer,"2234 South Service Road West, SWIFT CURRENT, SK, S9H5J7","SWIFT CURRENT, SK",625,address,ba4fc396-2887-4a81-95c2-74b51c84661b,https://www.autotrader.ca/offers/ford-f-150-xlt-one-owner-local-trade-gasoline-silver-cat_ma29gr16518-ba4fc396-2887-4a81-95c2-74b51c84661b,AutoTrader
DISABLED_MANUAL_REVIEW_REQUIRED,manual_review_required,success,clean,,success,2026-07-21T18:19:39+00:00,source_reported_not_independently_verified,legacy_method_not_yet_disambiguated,,,2023,Ford,F 150,Lariat,3,58999,No change noted,Unchanged for 4 weeks,4,58999,58999,0,0,47168,2.7L,Gasoline,Accident reported,N/A,Lamb Ford Sales Ltd.,Dealer,"3771 - 48 Avenue, CAMROSE, AB, T4V1X3","CAMROSE, AB",142,address,bab0e6a2-b979-4c60-9d5a-fe2694124c1f,https://www.autotrader.ca/offers/ford-f-150-lariat-gasoline-black-cat_ma29gr16518-bab0e6a2-b979-4c60-9d5a-fe2694124c1f,AutoTrader
DISABLED_MANUAL_REVIEW_REQUIRED,manual_review_required,success,clean,,success,2026-07-21T18:19:39+00:00,source_reported_not_independently_verified,legacy_method_not_yet_disambiguated,,,2023,Ford,F 150,XLT,2,54999,No change noted,Unchanged for 1 weeks,1,54999,54999,0,0,33314,Unknown,Gasoline,Unknown,N/A,RIPLEY FORD,Dealer,"1560 Saskatchewan Drive South, MELFORT, SK, S0E1A0","MELFORT, SK",713,city_center,baccafd4-19da-4946-9947-944cff50890f,https://www.autotrader.ca/offers/ford-f-150-xlt-gasoline-white-cat_ma29gr16518tr11290-baccafd4-19da-4946-9947-944cff50890f,AutoTrader
DISABLED_MANUAL_REVIEW_REQUIRED,manual_review_required,success,clean,,success,2026-07-21T18:19:39+00:00,source_reported_not_independently_verified,legacy_method_not_yet_disambiguated,,,2023,Ford,F 150,LARIAT,3,53995,No change noted,Unchanged for 1 weeks,1,53995,53995,0,0,94869,Unknown,Gasoline,No accidents reported,N/A,Volvo Cars Kelowna,Dealer,"839 Finns Road, KELOWNA, BC, V1X5B8","KELOWNA, BC",744,address,c1d79009-ff45-49eb-bc31-d68ae6482668,https://www.autotrader.ca/offers/ford-f-150-lariat-gasoline-grey-cat_ma29gr16518tr11275-c1d79009-ff45-49eb-bc31-d68ae6482668,AutoTrader
DISABLED_MANUAL_REVIEW_REQUIRED,manual_review_required,success,clean,,success,2026-07-21T18:19:39+00:00,source_reported_not_independently_verified,legacy_method_not_yet_disambiguated,,,2023,Ford,F 150,XLT SuperCab 145 | FX4 Pkg | SYNC 4 | Tow Pkg,3,36000,No change noted,"Down $1,000 over 5 weeks",5,37000,36000,0,-1000,116297,3.5L,Gasoline,Unknown,N/A,Waterloo Ford,Dealer,"11420 - 107 Ave, Edmonton, AB, T5H 0Y5","Edmonton, AB",156,address,c284e059-8fd1-4e24-a0c4-c6bed09df43e,https://www.autotrader.ca/offers/ford-f-150-xlt-supercab-145-fx4-pkg-sync-4-tow-pkg-gasoline-silver-cat_ma29gr16518tr11290-c284e059-8fd1-4e24-a0c4-c6bed09df43e,AutoTrader
DISABLED_MANUAL_REVIEW_REQUIRED,manual_review_required,success,clean,,success,2026-07-21T18:19:39+00:00,source_reported_not_independently_verified,legacy_method_not_yet_disambiguated,,,2023,Ford,F 150,"XLT Crew Cab 4X4 w/NAV! Remote Start, & 5.7Ft. Box",2,42985,No change noted,Unchanged for 10 weeks,10,42985,42985,0,0,65165,2.7L,Gasoline,No accidents reported,N/A,Jim Pattison Lease,Dealer,"1235-73rd Ave S.E., CALGARY, AB, T2H2X1","CALGARY, AB",149,city_center,c77d8215-1a1b-43b2-828a-16463f78fd53,https://www.autotrader.ca/offers/ford-f-150-xlt-crew-cab-4x4-w-nav-remote-start-5-7ft-box-gasoline-white-cat_ma29gr16518tr11290-c77d8215-1a1b-43b2-828a-16463f78fd53,AutoTrader
DISABLED_MANUAL_REVIEW_REQUIRED,manual_review_required,success,clean,,success,2026-07-21T18:19:39+00:00,source_reported_not_independently_verified,legacy_method_not_yet_disambiguated,,,2023,Ford,F 150,"XLT *WELL EQUIPPED, 5.0L V8, BIG TOUCHSCREEN CONSO",2,37995,No change noted,First seen this week,0,37995,37995,0,0,129071,5.0L,Gasoline,Unknown,N/A,GO AUTO OUTLET SOUTH,Dealer,"2262 Sparrow Dr, Nisku, AB, T9E 8A2","Nisku, AB",130,address,d15f698c-bb09-4e6a-890e-28cadc9c6bee,https://www.autotrader.ca/offers/ford-f-150-xlt-well-equipped-5-0l-v8-big-touchscreen-conso-gasoline-blue-cat_ma29gr16518tr11290-d15f698c-bb09-4e6a-890e-28cadc9c6bee,AutoTrader
DISABLED_MANUAL_REVIEW_REQUIRED,manual_review_required,success,clean,,success,2026-07-21T18:19:39+00:00,source_reported_not_independently_verified,legacy_method_not_yet_disambiguated,,,2023,Ford,F 150,LARIAT | SUNROOF | LEATHER | 3.5L |,3,59995,No change noted,Unchanged for 10 weeks,10,59995,59995,0,0,54358,3.5L,Gasoline,Unknown,N/A,OLYMPIC SUPER CENTER,Dealer,"665 University Park Dr, REGINA, SK, S4R2V8","REGINA, SK",790,address,da99a4ed-c2d1-45c5-b830-db98da4d451f,https://www.autotrader.ca/offers/ford-f-150-lariat-sunroof-leather-3-5l-gasoline-white-cat_ma29gr16518tr11275-da99a4ed-c2d1-45c5-b830-db98da4d451f,AutoTrader
DISABLED_MANUAL_REVIEW_REQUIRED,manual_review_required,success,clean,,success,2026-07-21T18:19:39+00:00,source_reported_not_independently_verified,legacy_method_not_yet_disambiguated,,,2023,Ford,F 150,PLATINUM BLACK PKG | 3.5L POWERBOOST | TWIN PANEL,3,59999,No change noted,Unchanged for 1 weeks,1,59999,59999,0,0,110292,3.5L,Gas/Electric Hybrid,Unknown,N/A,Western Dodge Chrysler Jeep,Dealer,"1788 Main Street North, Moose Jaw, SK, S6J 1L4","Moose Jaw, SK",798,address,e3e027a1-8c83-430c-8077-3f254ba71fec,https://www.autotrader.ca/offers/ford-f-150-platinum-black-pkg-3-5l-powerboost-twin-panel-gas-electric-hybrid-white-cat_ma29gr16518tr11280-e3e027a1-8c83-430c-8077-3f254ba71fec,AutoTrader
DISABLED_MANUAL_REVIEW_REQUIRED,manual_review_required,success,clean,,success,2026-07-21T18:19:39+00:00,source_reported_not_independently_verified,legacy_method_not_yet_disambiguated,,,2023,Ford,F 150,XL STX - AB Unit,1,37495,No change noted,Down $500 over 2 weeks,2,37995,37495,0,-500,95728,2.7L,Gasoline,Accident reported,N/A,Honda Red Deer Sales,Dealer,"1824 - 49 Avenue, RED DEER, AB, T4R 2N7","RED DEER, AB",5,address,e9297d85-0f3d-4544-9e2b-ae8e1cc98ef7,https://www.autotrader.ca/offers/ford-f-150-xl-stx-ab-unit-gasoline-white-cat_ma29gr16518tr11288-e9297d85-0f3d-4544-9e2b-ae8e1cc98ef7,AutoTrader
DISABLED_MANUAL_REVIEW_REQUIRED,manual_review_required,success,clean,,success,2026-07-21T18:19:39+00:00,source_reported_not_independently_verified,legacy_method_not_yet_disambiguated,,,2023,Ford,F 150,Lariat  No Accidents | 502A High Package | Max Tra,3,59949,No change noted,Unchanged for 1 weeks,1,59949,59949,0,0,65524,3.5L,Gasoline,No accidents reported,N/A,High River Ford,Dealer,"1103 11th Ave S.E., HIGH RIVER, AB, T1V 1M3","HIGH RIVER, AB",209,city_center,ec12746d-2516-4daf-8d91-68dce7fec0f4,https://www.autotrader.ca/offers/ford-f-150-lariat-no-accidents-502a-high-package-max-tra-gasoline-white-cat_ma29gr16518-ec12746d-2516-4daf-8d91-68dce7fec0f4,AutoTrader
DISABLED_MANUAL_REVIEW_REQUIRED,manual_review_required,success,clean,,success,2026-07-21T18:19:39+00:00,source_reported_not_independently_verified,legacy_method_not_yet_disambiguated,,,2024,Ford,F 150,XLT,2,54990,No change noted,First seen this week,0,54990,54990,0,0,42709,3.5L,Gasoline,Unknown,N/A,Vegreville Ford Sales & Service Inc.,Dealer,"6106 50th Avenue, VEGREVILLE, AB, T9C1N6","VEGREVILLE, AB",253,city_center,07603dcb-fc83-43e4-9682-97d53a8ffc41,https://www.autotrader.ca/offers/ford-f-150-xlt-gasoline-grey-cat_ma29gr16518tr11290-07603dcb-fc83-43e4-9682-97d53a8ffc41,AutoTrader
DISABLED_MANUAL_REVIEW_REQUIRED,manual_review_required,success,clean,,success,2026-07-21T18:19:39+00:00,source_reported_not_independently_verified,legacy_method_not_yet_disambiguated,,,2024,Ford,F 150,"XLT, LEATHER, 3.5L, 360 CAMERA, 5.5' BOX, HYBRID",2,59995,No change noted,Unchanged for 4 weeks,4,59995,59995,0,0,39761,3.5L,Gas/Electric Hybrid,No accidents reported,N/A,Denham Ford,Dealer,"2A Hwy Box 6566, WETASKIWIN, AB, T9A 2G2","WETASKIWIN, AB",102,city_center,0e9911cb-4134-4e5a-83bb-b68deb8a2736,https://www.autotrader.ca/offers/ford-f-150-xlt-leather-3-5l-360-camera-5-5-box-hybrid-gas-electric-hybrid-white-cat_ma29gr16518tr11290-0e9911cb-4134-4e5a-83bb-b68deb8a2736,AutoTrader
DISABLED_MANUAL_REVIEW_REQUIRED,manual_review_required,success,clean,,success,2026-07-21T18:19:39+00:00,source_reported_not_independently_verified,legacy_method_not_yet_disambiguated,,,2024,Ford,F 150,XLT 4x4 SuperCrew Cab 6.5 ft. box 157 in. WB,2,54995,No change noted,Unchanged for 4 weeks,4,54995,54995,0,0,53330,3.5L,Gasoline,No accidents reported,N/A,Okotoks Ford Lincoln,Dealer,"4 Westland Rd., OKOTOKS, AB, T1S1N1","OKOTOKS, AB",188,address,27184564-352a-4420-80df-20db322a0167,https://www.autotrader.ca/offers/ford-f-150-xlt-4x4-supercrew-cab-6-5-ft-box-157-in-wb-gasoline-white-cat_ma29gr16518tr11290-27184564-352a-4420-80df-20db322a0167,AutoTrader
DISABLED_MANUAL_REVIEW_REQUIRED,manual_review_required,success,clean,,success,2026-07-21T18:19:39+00:00,source_reported_not_independently_verified,legacy_method_not_yet_disambiguated,,,2024,Ford,F 150,XLT,2,48759,No change noted,"Down $3,912 over 4 weeks",4,52671,48759,0,-3912,85377,3.5L,Gasoline,Unknown,N/A,Lloydminster Hyundai,Dealer,"2205 50th Ave, LLOYDMINSTER, SK, S9V2K8","LLOYDMINSTER, SK",368,city_center,33e565d5-e7d2-4e9c-9913-78a0c353ca8a,https://www.autotrader.ca/offers/ford-f-150-xlt-gasoline-silver-cat_ma29gr16518tr11290-33e565d5-e7d2-4e9c-9913-78a0c353ca8a,AutoTrader
DISABLED_MANUAL_REVIEW_REQUIRED,manual_review_required,success,clean,,success,2026-07-21T18:19:39+00:00,source_reported_not_independently_verified,legacy_method_not_yet_disambiguated,,,2024,Ford,F 150,XLT,2,54999,No change noted,Unchanged for 7 weeks,7,54999,54999,0,0,36060,2.7L,Gasoline,Unknown,N/A,Lamb Ford Sales Ltd.,Dealer,"3771 - 48 Avenue, CAMROSE, AB, T4V1X3","CAMROSE, AB",142,address,38680591-4f4f-43b2-a310-5ad78d13604a,https://www.autotrader.ca/offers/ford-f-150-xlt-gasoline-grey-cat_ma29gr16518tr11290-38680591-4f4f-43b2-a310-5ad78d13604a,AutoTrader
DISABLED_MANUAL_REVIEW_REQUIRED,manual_review_required,success,clean,,success,2026-07-21T18:19:39+00:00,source_reported_not_independently_verified,legacy_method_not_yet_disambiguated,,,2024,Ford,F 150,"STX, Priced to sell!",1,47887,No change noted,Unchanged for 8 weeks,8,47887,47887,0,0,52985,2.7L,Gasoline,Unknown,N/A,Nisku Ford Sales Ltd.,Dealer,"1812 - 2nd Street, NISKU, AB, T9E 0W8","NISKU, AB",130,city_center,387d9ceb-01e9-4a7d-9911-aca4d739619e,https://www.autotrader.ca/offers/ford-f-150-stx-priced-to-sell-gasoline-grey-cat_ma29gr16518tr11285-387d9ceb-01e9-4a7d-9911-aca4d739619e,AutoTrader
DISABLED_MANUAL_REVIEW_REQUIRED,manual_review_required,success,clean,,success,2026-07-21T18:19:39+00:00,source_reported_not_independently_verified,legacy_method_not_yet_disambiguated,,,2024,Ford,F 150,"XLT 4WD SuperCrew 5.5' Box, 2.7L, Black PKG",2,54995,No change noted,Unchanged for 2 weeks,2,54995,54995,0,0,47148,2.7L,Gasoline,No accidents reported,N/A,Denham Ford,Dealer,"2A Hwy Box 6566, WETASKIWIN, AB, T9A 2G2","WETASKIWIN, AB",102,city_center,3962a7c3-7fb7-47ce-8aeb-3171e6ebee33,https://www.autotrader.ca/offers/ford-f-150-xlt-4wd-supercrew-5-5-box-2-7l-black-pkg-gasoline-white-cat_ma29gr16518tr11290-3962a7c3-7fb7-47ce-8aeb-3171e6ebee33,AutoTrader
DISABLED_MANUAL_REVIEW_REQUIRED,data_quality_review_required,success,warnings_present,url_year_conflicts_with_parsed_year,success,2026-07-21T18:19:39+00:00,source_reported_not_independently_verified,legacy_method_not_yet_disambiguated,,,2024,Ford,F 150,STX,1,47990,No change noted,Unchanged for 2 weeks,2,47990,47990,0,0,40100,Unknown,Gasoline,No accidents reported,N/A,Woodridge Ford Lincoln,Dealer,"11580 24 Street SE, CALGARY, AB, T2Z3K1","CALGARY, AB",161,address,399635dd-ce97-41f3-a4e3-ef99ade2001b,https://www.autotrader.ca/offers/ford-f-150-stx-gasoline-black-cat_ma29gr16518tr11285-399635dd-ce97-41f3-a4e3-ef99ade2001b,AutoTrader
DISABLED_MANUAL_REVIEW_REQUIRED,manual_review_required,success,clean,,success,2026-07-21T18:19:39+00:00,source_reported_not_independently_verified,legacy_method_not_yet_disambiguated,,,2024,Ford,F 150,XLT,2,56999,No change noted,Unchanged for 3 weeks,3,56999,56999,0,0,51344,3.5L,Gasoline,Unknown,N/A,Lamb Ford Sales Ltd.,Dealer,"3771 - 48 Avenue, CAMROSE, AB, T4V1X3","CAMROSE, AB",142,address,3f105d70-97c5-47e9-8593-43e1c84ac7e9,https://www.autotrader.ca/offers/ford-f-150-xlt-gasoline-black-cat_ma29gr16518tr11290-3f105d70-97c5-47e9-8593-43e1c84ac7e9,AutoTrader
DISABLED_MANUAL_REVIEW_REQUIRED,manual_review_required,success,clean,,success,2026-07-21T18:19:39+00:00,source_reported_not_independently_verified,legacy_method_not_yet_disambiguated,,,2024,Ford,F 150,LARIAT 501A BLACK PACKAGE 3.5L POWERBOOST,3,59995,No change noted,Unchanged for 1 weeks,1,59995,59995,0,0,93928,3.5L,Gasoline,Accident reported,N/A,Boundary Ford Sales,Dealer,"2502-50th Avenue, Lloydminster, SK, T9V2S3","Lloydminster, SK",368,city_center,43b26ea0-85a2-4e98-9db5-f9abbb8036b7,https://www.autotrader.ca/offers/ford-f-150-lariat-501a-black-package-3-5l-powerboost-gasoline-silver-cat_ma29gr16518tr11275-43b26ea0-85a2-4e98-9db5-f9abbb8036b7,AutoTrader
DISABLED_MANUAL_REVIEW_REQUIRED,manual_review_required,success,clean,,success,2026-07-21T18:19:39+00:00,source_reported_not_independently_verified,legacy_method_not_yet_disambiguated,,,2024,Ford,F 150,XLT | 5.0L V8 | 360 Cam | Hitch | Keyless Keypad |,2,55948,No change noted,Unchanged for 3 weeks,3,55948,55948,0,0,52274,Unknown,Gasoline,Unknown,N/A,Saskatoon Motor Products,Dealer,"715 Circle Drive East, SASKATOON, SK, S7K 0V1","SASKATOON, SK",540,address,441e6f3a-326f-45e9-a2ac-5e16b00e5b34,https://www.autotrader.ca/offers/ford-f-150-xlt-5-0l-v8-360-cam-hitch-keyless-keypad-gasoline-blue-cat_ma29gr16518tr11290-441e6f3a-326f-45e9-a2ac-5e16b00e5b34,AutoTrader
DISABLED_MANUAL_REVIEW_REQUIRED,manual_review_required,success,clean,,success,2026-07-21T18:19:39+00:00,source_reported_not_independently_verified,legacy_method_not_yet_disambiguated,,,2024,Ford,F 150,XLT,2,56990,No change noted,Unchanged for 2 weeks,2,56990,56990,0,0,18415,Unknown,Gasoline,Unknown,N/A,Advantage Ford,Dealer,"12800 Macleod Trail S.E., CALGARY, AB, T2J 7E5","CALGARY, AB",149,city_center,4f02041a-1c14-4e65-85ad-0278adf1367b,https://www.autotrader.ca/offers/ford-f-150-xlt-gasoline-grey-cat_ma29gr16518tr11290-4f02041a-1c14-4e65-85ad-0278adf1367b,AutoTrader
DISABLED_MANUAL_REVIEW_REQUIRED,manual_review_required,success,clean,,success,2026-07-21T18:19:39+00:00,source_reported_not_independently_verified,legacy_method_not_yet_disambiguated,,,2024,Ford,F 150,"XLT Black Appearance Package, FX4 off-road, traile",3,53499,No change noted,"Down $1,500 over 8 weeks",8,54999,53499,0,-1500,37105,2.7L,Gasoline,No accidents reported,N/A,Cam Clark Ford Red Deer,Dealer,"417 Lantern Street, RED DEER, AB, T4E 0A5","RED DEER, AB",8,address,55ca4ac2-dfd6-4348-bd06-6502b4af04c7,https://www.autotrader.ca/offers/ford-f-150-xlt-black-appearance-package-fx4-off-road-traile-gasoline-grey-cat_ma29gr16518tr11290-55ca4ac2-dfd6-4348-bd06-6502b4af04c7,AutoTrader
DISABLED_MANUAL_REVIEW_REQUIRED,manual_review_required,success,clean,,success,2026-07-21T18:19:39+00:00,source_reported_not_independently_verified,legacy_method_not_yet_disambiguated,,,2024,Ford,F 150,XLT LEASE RETURN | FX4 | LEATHER | MOONROOF | BLAC,3,54916,No change noted,"Down $1,689 over 5 weeks",5,56605,55421,-505,-1689,40670,2.7L,Gasoline,Unknown,N/A,Cam Clark Ford Calgary/Airdrie,Dealer,"1001 Highland Park Blvd NE, AIRDRIE, AB, T4A 0R2","AIRDRIE, AB",118,address,56a3ec1b-f798-4c3b-a1a7-0261453f65ed,https://www.autotrader.ca/offers/ford-f-150-xlt-lease-return-fx4-leather-moonroof-blac-gasoline-black-cat_ma29gr16518tr11290-56a3ec1b-f798-4c3b-a1a7-0261453f65ed,AutoTrader
DISABLED_MANUAL_REVIEW_REQUIRED,manual_review_required,success,clean,,success,2026-07-21T18:19:39+00:00,source_reported_not_independently_verified,legacy_method_not_yet_disambiguated,,,2024,Ford,F 150,XLT Black Appearance 302A Hybrid,2,59990,No change noted,Unchanged for 1 weeks,1,59990,59990,0,0,18835,Unknown,Gas/Electric Hybrid,Unknown,N/A,Brentridge Ford Wetaskiwin,Dealer,"5604 - 41st. Avenue, WETASKIWIN, AB, T9A 3M7","WETASKIWIN, AB",102,city_center,58f562ad-8395-4ea1-969c-76695bb830d2,https://www.autotrader.ca/offers/ford-f-150-xlt-black-appearance-302a-hybrid-gas-electric-hybrid-blue-cat_ma29gr16518tr11290-58f562ad-8395-4ea1-969c-76695bb830d2,AutoTrader
DISABLED_MANUAL_REVIEW_REQUIRED,manual_review_required,success,clean,,success,2026-07-21T18:19:39+00:00,source_reported_not_independently_verified,legacy_method_not_yet_disambiguated,,,2024,Ford,F 150,STX BLACK PACKAGE 5.0L V8,1,52990,No change noted,"Down $1,890 over 2 weeks",2,54880,52990,0,-1890,8469,5.0L,Gasoline,Unknown,N/A,Maclin Ford,Dealer,"135 Glendeer Circle S.E. Calgary Auto Mall, CALGARY, AB, T2H 2S8","CALGARY, AB",149,city_center,59a70e82-97ae-4cde-aa09-5c8de2c0820d,https://www.autotrader.ca/offers/ford-f-150-stx-black-package-5-0l-v8-gasoline-silver-cat_ma29gr16518tr11285-59a70e82-97ae-4cde-aa09-5c8de2c0820d,AutoTrader
DISABLED_MANUAL_REVIEW_REQUIRED,manual_review_required,success,clean,,success,2026-07-21T18:19:39+00:00,source_reported_not_independently_verified,legacy_method_not_yet_disambiguated,,,2024,Ford,F 150,XLT 301A 4X4 | TOW PACKAGE | REAR VIEW CAMERA,2,51990,No change noted,Unchanged for 2 weeks,2,51990,51990,0,0,50276,3.5L,Gasoline,Accident reported,N/A,Boundary Ford Sales,Dealer,"2502-50th Avenue, Lloydminster, SK, T9V2S3","Lloydminster, SK",368,city_center,5ee0aa92-7f44-4085-8f10-e3d9429a2df1,https://www.autotrader.ca/offers/ford-f-150-xlt-301a-4x4-tow-package-rear-view-camera-gasoline-white-cat_ma29gr16518tr11290-5ee0aa92-7f44-4085-8f10-e3d9429a2df1,AutoTrader
DISABLED_MANUAL_REVIEW_REQUIRED,manual_review_required,success,clean,,success,2026-07-21T18:19:39+00:00,source_reported_not_independently_verified,legacy_method_not_yet_disambiguated,,,2024,Ford,F 150,XLT,2,51999,No change noted,Unchanged for 5 weeks,5,51999,51999,0,0,80172,5.0L,Gasoline,Unknown,N/A,RIPLEY FORD,Dealer,"1560 Saskatchewan Drive South, MELFORT, SK, S0E1A0","MELFORT, SK",713,city_center,5f73d3f1-102f-4de7-aca9-ff4fe2e8978b,https://www.autotrader.ca/offers/ford-f-150-xlt-gasoline-silver-cat_ma29gr16518tr11290-5f73d3f1-102f-4de7-aca9-ff4fe2e8978b,AutoTrader
DISABLED_MANUAL_REVIEW_REQUIRED,manual_review_required,success,clean,,success,2026-07-21T18:19:39+00:00,source_reported_not_independently_verified,legacy_method_not_yet_disambiguated,,,2024,Ford,F 150,XLT,2,53999,No change noted,Unchanged for 4 weeks,4,53999,53999,0,0,51584,2.7L,Gasoline,Unknown,N/A,Lamb Ford Sales Ltd.,Dealer,"3771 - 48 Avenue, CAMROSE, AB, T4V1X3","CAMROSE, AB",142,address,603845e6-0bad-4a19-b8a7-d9ee9a194e7f,https://www.autotrader.ca/offers/ford-f-150-xlt-gasoline-white-cat_ma29gr16518tr11290-603845e6-0bad-4a19-b8a7-d9ee9a194e7f,AutoTrader
DISABLED_MANUAL_REVIEW_REQUIRED,manual_review_required,success,clean,,success,2026-07-21T18:19:39+00:00,source_reported_not_independently_verified,legacy_method_not_yet_disambiguated,,,2024,Ford,F 150,XLT,2,45990,No change noted,Unchanged for 1 weeks,1,45990,45990,0,0,87718,3.5L,Gasoline,Accident reported,N/A,Woodridge Ford Lincoln,Dealer,"11580 24 Street SE, CALGARY, AB, T2Z3K1","CALGARY, AB",161,address,676a13c7-1b82-464a-b415-36015a854091,https://www.autotrader.ca/offers/ford-f-150-xlt-gasoline-grey-cat_ma29gr16518tr11290-676a13c7-1b82-464a-b415-36015a854091,AutoTrader
DISABLED_MANUAL_REVIEW_REQUIRED,manual_review_required,success,clean,,success,2026-07-21T18:19:39+00:00,source_reported_not_independently_verified,legacy_method_not_yet_disambiguated,,,2024,Ford,F 150,STX SuperCrew - 4x4 - ACCIDENT FREE - SK TRUCK,1,38715,No change noted,"Down $1,166 over 9 weeks",9,39881,38715,0,-1166,90891,2.7L,Gasoline,No accidents reported,N/A,Saskatoon Auto Connection,Dealer,"139A 105th Street East, SASKATOON, SK, S7N1Z2","SASKATOON, SK",546,address,6b17a857-c996-42e1-ad6f-568b02ba09b7,https://www.autotrader.ca/offers/ford-f-150-stx-supercrew-4x4-accident-free-sk-truck-gasoline-black-cat_ma29gr16518tr11285-6b17a857-c996-42e1-ad6f-568b02ba09b7,AutoTrader
DISABLED_MANUAL_REVIEW_REQUIRED,manual_review_required,success,clean,,success,2026-07-21T18:19:39+00:00,source_reported_not_independently_verified,legacy_method_not_yet_disambiguated,,,2024,Ford,F 150,XLT SuperCrew,2,55468,No change noted,Down $503 over 9 weeks,9,55971,55468,0,-503,32746,3.5L,Gasoline,Unknown,N/A,Velocity Ford,Dealer,"661 Thatcher Dr E, Moose Jaw, SK, S6J 1L8","Moose Jaw, SK",799,city_center,7103d505-1157-4267-a4cc-42313a53feb3,https://www.autotrader.ca/offers/ford-f-150-xlt-supercrew-gasoline-grey-cat_ma29gr16518tr11290-7103d505-1157-4267-a4cc-42313a53feb3,AutoTrader
DISABLED_MANUAL_REVIEW_REQUIRED,manual_review_required,success,clean,,success,2026-07-21T18:19:39+00:00,source_reported_not_independently_verified,legacy_method_not_yet_disambiguated,,,2024,Ford,F 150,XLT SuperCrew   EcoBoost,2,50806,No change noted,Down $644 over 7 weeks,7,51450,50806,0,-644,60324,2.7L,Gasoline,Unknown,N/A,Capital Ford Lincoln SK,Dealer,"1201 Pasqua Street North, REGINA, SK, S4X 4P7","REGINA, SK",784,address,7fd73c4a-d743-4daa-901d-8987bdd8e9ad,https://www.autotrader.ca/offers/ford-f-150-xlt-supercrew-ecoboost-gasoline-black-cat_ma29gr16518tr11290-7fd73c4a-d743-4daa-901d-8987bdd8e9ad,AutoTrader
DISABLED_MANUAL_REVIEW_REQUIRED,manual_review_required,success,clean,,success,2026-07-21T18:19:39+00:00,source_reported_not_independently_verified,legacy_method_not_yet_disambiguated,,,2024,Ford,F 150,XLT 4WD | 5.0L | HEATED SEATS | BLUETOOTH |,2,53995,No change noted,"Down $6,000 over 7 weeks",7,59995,53995,0,-6000,49755,5.0L,Gasoline,Unknown,N/A,OLYMPIC SUPER CENTER,Dealer,"665 University Park Dr, REGINA, SK, S4R2V8","REGINA, SK",790,address,7feb3b18-ceaa-4f5a-b216-d81fd182274b,https://www.autotrader.ca/offers/ford-f-150-xlt-4wd-5-0l-heated-seats-bluetooth-gasoline-white-cat_ma29gr16518tr11290-7feb3b18-ceaa-4f5a-b216-d81fd182274b,AutoTrader
DISABLED_MANUAL_REVIEW_REQUIRED,manual_review_required,success,clean,,success,2026-07-21T18:19:39+00:00,source_reported_not_independently_verified,legacy_method_not_yet_disambiguated,,,2024,Ford,F 150,XLT 4X4 SUPERCREW | BLACK APPEARANCE PKG | TOW/HAU,2,59740,No change noted,Down $200 over 5 weeks,5,59940,59740,0,-200,57041,3.5L,Gasoline,No accidents reported,N/A,Kamloops Ford Lincoln,Dealer,"940 Halston Avenue, Kamloops, BC, V2B 2B8","Kamloops, BC",762,address,82da4fde-fb00-4900-b13c-5893c0e37f77,https://www.autotrader.ca/offers/ford-f-150-xlt-4x4-supercrew-black-appearance-pkg-tow-hau-gasoline-blue-cat_ma29gr16518tr11290-82da4fde-fb00-4900-b13c-5893c0e37f77,AutoTrader
DISABLED_MANUAL_REVIEW_REQUIRED,manual_review_required,success,clean,,success,2026-07-21T18:19:39+00:00,source_reported_not_independently_verified,legacy_method_not_yet_disambiguated,,,2024,Ford,F 150,XLT 4WD SuperCrew 5.5' Box COMING SOON,2,49412,No change noted,Unchanged for 2 weeks,2,49412,49412,0,0,77562,2.7L,Gasoline,Unknown,N/A,Velocity Ford,Dealer,"661 Thatcher Dr E, Moose Jaw, SK, S6J 1L8","Moose Jaw, SK",799,city_center,8514c00d-2c7e-4aa7-9ca3-22cc60e1bd4f,https://www.autotrader.ca/offers/ford-f-150-xlt-4wd-supercrew-5-5-box-coming-soon-gasoline-grey-cat_ma29gr16518tr11290-8514c00d-2c7e-4aa7-9ca3-22cc60e1bd4f,AutoTrader
DISABLED_MANUAL_REVIEW_REQUIRED,manual_review_required,success,clean,,success,2026-07-21T18:19:39+00:00,source_reported_not_independently_verified,legacy_method_not_yet_disambiguated,,,2024,Ford,F 150,XLT,2,54998,No change noted,"Down $3,000 over 7 weeks",7,57998,54998,0,-3000,28034,3.5L,Gasoline,Accident reported,N/A,Kross Mitsubishi,Dealer,"9605 - 34 Ave., EDMONTON, AB, T6E5W8","EDMONTON, AB",145,address,8d5a1453-9fdb-4611-b106-457fa37243a4,https://www.autotrader.ca/offers/ford-f-150-xlt-gasoline-black-cat_ma29gr16518tr11290-8d5a1453-9fdb-4611-b106-457fa37243a4,AutoTrader
DISABLED_MANUAL_REVIEW_REQUIRED,manual_review_required,success,clean,,success,2026-07-21T18:19:39+00:00,source_reported_not_independently_verified,legacy_method_not_yet_disambiguated,,,2024,Ford,F 150,XLT,2,59999,No change noted,Unchanged for 5 weeks,5,59999,59999,0,0,44992,3.5L,Gas/Electric Hybrid,Unknown,N/A,Lamb Ford Sales Ltd.,Dealer,"3771 - 48 Avenue, CAMROSE, AB, T4V1X3","CAMROSE, AB",142,address,92047101-997f-4249-a4fa-10696d4212dd,https://www.autotrader.ca/offers/ford-f-150-xlt-gas-electric-hybrid-grey-cat_ma29gr16518tr11290-92047101-997f-4249-a4fa-10696d4212dd,AutoTrader
DISABLED_MANUAL_REVIEW_REQUIRED,manual_review_required,success,clean,,success,2026-07-21T18:19:39+00:00,source_reported_not_independently_verified,legacy_method_not_yet_disambiguated,,,2024,Ford,F 150,XLT 3.5L ECOBOOST | PRO TRAILER,2,49990,No change noted,"Down $3,510 over 5 weeks",5,53500,49990,0,-3510,71873,3.5L,Gasoline,Accident reported,N/A,Boundary Ford Sales,Dealer,"2502-50th Avenue, Lloydminster, SK, T9V2S3","Lloydminster, SK",368,city_center,9206775f-ca4b-4d4f-9e2c-fbc3db8d28f7,https://www.autotrader.ca/offers/ford-f-150-xlt-3-5l-ecoboost-pro-trailer-gasoline-grey-cat_ma29gr16518tr11290-9206775f-ca4b-4d4f-9e2c-fbc3db8d28f7,AutoTrader
DISABLED_MANUAL_REVIEW_REQUIRED,manual_review_required,success,clean,,success,2026-07-21T18:19:39+00:00,source_reported_not_independently_verified,legacy_method_not_yet_disambiguated,,,2024,Ford,F 150,STX,1,49888,No change noted,Down $110 over 4 weeks,4,49998,49888,0,-110,32115,2.7L,Gasoline,Unknown,N/A,Advantage Ford,Dealer,"12800 Macleod Trail S.E., CALGARY, AB, T2J 7E5","CALGARY, AB",149,city_center,94838c49-5ff2-489a-874f-6a9196308256,https://www.autotrader.ca/offers/ford-f-150-stx-gasoline-black-cat_ma29gr16518tr11285-94838c49-5ff2-489a-874f-6a9196308256,AutoTrader
DISABLED_MANUAL_REVIEW_REQUIRED,manual_review_required,success,clean,,success,2026-07-21T18:19:39+00:00,source_reported_not_independently_verified,legacy_method_not_yet_disambiguated,,,2024,Ford,F 150,XLT,2,53888,No change noted,"Down $3,000 over 6 weeks",6,56888,53888,0,-3000,53732,3.5L,Gasoline,Unknown,N/A,MGM Ford Lincoln Sales,Dealer,"3010 - 50th Avenue, RED DEER, AB, T4R 1M5","RED DEER, AB",1,city_center,95126ed1-3fe9-416a-8c7a-b9c9db10f9f3,https://www.autotrader.ca/offers/ford-f-150-xlt-gasoline-black-cat_ma29gr16518tr11290-95126ed1-3fe9-416a-8c7a-b9c9db10f9f3,AutoTrader
DISABLED_MANUAL_REVIEW_REQUIRED,manual_review_required,success,clean,,success,2026-07-21T18:19:39+00:00,source_reported_not_independently_verified,legacy_method_not_yet_disambiguated,,,2024,Ford,F 150,STX  Local One Owner | Dealer Serviced | New Tires,1,48900,No change noted,Down $600 over 3 weeks,3,49500,48900,0,-600,50235,Unknown,Gasoline,No accidents reported,N/A,High River Ford,Dealer,"1103 11th Ave S.E., HIGH RIVER, AB, T1V 1M3","HIGH RIVER, AB",209,city_center,95cb05cf-5d62-47bc-8101-d9de4dcea820,https://www.autotrader.ca/offers/ford-f-150-stx-local-one-owner-dealer-serviced-new-tires-gasoline-grey-cat_ma29gr16518tr11285-95cb05cf-5d62-47bc-8101-d9de4dcea820,AutoTrader
DISABLED_MANUAL_REVIEW_REQUIRED,manual_review_required,success,clean,,success,2026-07-21T18:19:39+00:00,source_reported_not_independently_verified,legacy_method_not_yet_disambiguated,,,2024,Ford,F 150,XLT 301A 3.5L EcoBoost | Lane Keep | Power Seats |,2,54680,No change noted,Unchanged for 1 weeks,1,54680,54680,0,0,45781,3.5L,Gasoline,No accidents reported,N/A,Lakewood Chevrolet,Dealer,"2807 92 Street NW, EDMONTON, AB, T6N 0A5","EDMONTON, AB",144,address,95e3c6f4-5524-4655-8a75-50f6f7591dad,https://www.autotrader.ca/offers/ford-f-150-xlt-301a-3-5l-ecoboost-lane-keep-power-seats-gasoline-black-cat_ma29gr16518tr11290-95e3c6f4-5524-4655-8a75-50f6f7591dad,AutoTrader
DISABLED_MANUAL_REVIEW_REQUIRED,manual_review_required,success,clean,,success,2026-07-21T18:19:39+00:00,source_reported_not_independently_verified,legacy_method_not_yet_disambiguated,,,2024,Ford,F 150,STX,1,46888,No change noted,Unchanged for 2 weeks,2,46888,46888,0,0,62000,Unknown,Gasoline,Unknown,N/A,Advantage Ford,Dealer,"12800 Macleod Trail S.E., CALGARY, AB, T2J 7E5","CALGARY, AB",149,city_center,980a5242-943d-4e7c-9398-6eaf53563594,https://www.autotrader.ca/offers/ford-f-150-stx-gasoline-grey-cat_ma29gr16518tr11285-980a5242-943d-4e7c-9398-6eaf53563594,AutoTrader
DISABLED_MANUAL_REVIEW_REQUIRED,manual_review_required,success,clean,,success,2026-07-21T18:19:39+00:00,source_reported_not_independently_verified,legacy_method_not_yet_disambiguated,,,2024,Ford,F 150,XLT LEATHER HEATED SEATS | REMOTE START | LANE KEE,2,56999,No change noted,Unchanged for 3 weeks,3,56999,56999,0,0,41439,2.7L,Gasoline,Unknown,N/A,Cam Clark Ford Red Deer,Dealer,"417 Lantern Street, RED DEER, AB, T4E 0A5","RED DEER, AB",8,address,9b26d86a-23d5-411d-81dc-e13fed126c03,https://www.autotrader.ca/offers/ford-f-150-xlt-leather-heated-seats-remote-start-lane-kee-gasoline-black-cat_ma29gr16518tr11290-9b26d86a-23d5-411d-81dc-e13fed126c03,AutoTrader
DISABLED_MANUAL_REVIEW_REQUIRED,manual_review_required,success,clean,,success,2026-07-21T18:19:39+00:00,source_reported_not_independently_verified,legacy_method_not_yet_disambiguated,,,2024,Ford,F 150,XLT,2,58495,No change noted,Unchanged for 3 weeks,3,58495,58495,0,0,34253,2.7L,Gasoline,Unknown,N/A,Kelowna Chrysler Dodge Jeep,Dealer,"2440 Enterprise Way, KELOWNA, BC, V1X 6X6","KELOWNA, BC",748,address,a3392f4a-abc1-49bc-ab24-d06ceb4cd473,https://www.autotrader.ca/offers/ford-f-150-xlt-gasoline-white-cat_ma29gr16518tr11290-a3392f4a-abc1-49bc-ab24-d06ceb4cd473,AutoTrader
DISABLED_MANUAL_REVIEW_REQUIRED,manual_review_required,success,clean,,success,2026-07-21T18:19:39+00:00,source_reported_not_independently_verified,legacy_method_not_yet_disambiguated,,,2024,Ford,F 150,STX 4x4 SuperCrew Cab 5.5 ft. box 145 in. WB,1,46464,No change noted,Down $831 over 2 weeks,2,47295,46464,0,-831,78253,Unknown,Gasoline,Accident reported,N/A,Okotoks Ford Lincoln,Dealer,"4 Westland Rd., OKOTOKS, AB, T1S1N1","OKOTOKS, AB",188,address,aacb1559-082e-433f-ab7d-1af4d8f1269e,https://www.autotrader.ca/offers/ford-f-150-stx-4x4-supercrew-cab-5-5-ft-box-145-in-wb-gasoline-white-cat_ma29gr16518tr11285-aacb1559-082e-433f-ab7d-1af4d8f1269e,AutoTrader
DISABLED_MANUAL_REVIEW_REQUIRED,manual_review_required,success,clean,,success,2026-07-21T18:19:39+00:00,source_reported_not_independently_verified,legacy_method_not_yet_disambiguated,,,2024,Ford,F 150,4X4 SUPERCREW W/ TOW/HAUL PACKAGE,1,50581,No change noted,Unchanged for 2 weeks,2,50581,50581,0,0,88485,3.5L,Gasoline,Unknown,N/A,Moose Jaw Ford Sales Ltd.,Dealer,"1010 North Service Road, MOOSE JAW, SK, S6H 4P5","MOOSE JAW, SK",795,address,b01069a7-5c19-4881-b88e-a13ed572e9f4,https://www.autotrader.ca/offers/ford-f-150-4x4-supercrew-w-tow-haul-package-gasoline-white-cat_ma29gr16518tr11290-b01069a7-5c19-4881-b88e-a13ed572e9f4,AutoTrader
DISABLED_MANUAL_REVIEW_REQUIRED,manual_review_required,success,clean,,success,2026-07-21T18:19:39+00:00,source_reported_not_independently_verified,legacy_method_not_yet_disambiguated,,,2024,Ford,F 150,XLT- ECOBOOST-302A-BLACKOUT PKG- SUPERCREW,2,50490,No change noted,"Down $6,509 over 11 weeks",11,56999,50490,0,-6509,47730,2.7L,Gasoline,Unknown,N/A,GO AUTO OUTLET SOUTH,Dealer,"2262 Sparrow Dr, Nisku, AB, T9E 8A2","Nisku, AB",130,address,b1e4b32e-e0ff-4f34-bdbb-93a9be9cdb59,https://www.autotrader.ca/offers/ford-f-150-xlt-ecoboost-302a-blackout-pkg-supercrew-gasoline-grey-cat_ma29gr16518tr11290-b1e4b32e-e0ff-4f34-bdbb-93a9be9cdb59,AutoTrader
DISABLED_MANUAL_REVIEW_REQUIRED,manual_review_required,success,clean,,success,2026-07-21T18:19:39+00:00,source_reported_not_independently_verified,legacy_method_not_yet_disambiguated,,,2024,Ford,F 150,"302A, SPORT PKG, 3.5L V6, 4X4",2,51900,No change noted,"Down $2,000 over 3 weeks",3,53900,51900,0,-2000,53588,3.5L,Gasoline,Accident reported,N/A,Merlin Ford,Dealer,"3750 Idylwyld Drive North, SASKATOON, SK, S7K6G3","SASKATOON, SK",543,address,bd65725c-1c01-4750-8181-7b1d180c2b6b,https://www.autotrader.ca/offers/ford-f-150-302a-sport-pkg-3-5l-v6-4x4-gasoline-grey-cat_ma29gr16518tr11290-bd65725c-1c01-4750-8181-7b1d180c2b6b,AutoTrader
DISABLED_MANUAL_REVIEW_REQUIRED,manual_review_required,success,clean,,success,2026-07-21T18:19:39+00:00,source_reported_not_independently_verified,legacy_method_not_yet_disambiguated,,,2024,Ford,F 150,XLT 4x4 SuperCrew Cab 5.5 ft. box 145 in. WB,2,45995,"Reduced from $ 46,995,-","Down $1,000 over 2 weeks",2,46995,45995,0,-1000,136990,Unknown,Gasoline,No accidents reported,N/A,Okotoks Ford Lincoln,Dealer,"4 Westland Rd., OKOTOKS, AB, T1S1N1","OKOTOKS, AB",188,address,c2b7f20c-b476-419e-baa4-e1b99976401e,https://www.autotrader.ca/offers/ford-f-150-xlt-4x4-supercrew-cab-5-5-ft-box-145-in-wb-gasoline-silver-cat_ma29gr16518tr11290-c2b7f20c-b476-419e-baa4-e1b99976401e,AutoTrader
DISABLED_MANUAL_REVIEW_REQUIRED,manual_review_required,success,clean,,success,2026-07-21T18:19:39+00:00,source_reported_not_independently_verified,legacy_method_not_yet_disambiguated,,,2024,Ford,F 150,"XLT Built Ford Tough, Powerful, Tech-Ready XLT /",2,50598,No change noted,Down $11 over 3 weeks,3,50609,50598,0,-11,84555,5.0L,Gasoline,Unknown,N/A,Straightline Volkswagen Medicine Hat,Dealer,"1301 Trans Canada Way SE, MEDICINE HAT, AB, T1B 1J1","MEDICINE HAT, AB",409,address,cab6db7f-c6c5-45cd-88fe-91bda36b7a2d,https://www.autotrader.ca/offers/ford-f-150-xlt-built-ford-tough-powerful-tech-ready-xlt-gasoline-cat_ma29gr16518tr11290-cab6db7f-c6c5-45cd-88fe-91bda36b7a2d,AutoTrader
DISABLED_MANUAL_REVIEW_REQUIRED,manual_review_required,success,clean,,success,2026-07-21T18:19:39+00:00,source_reported_not_independently_verified,legacy_method_not_yet_disambiguated,,,2024,Ford,F 150,XLT 4WD | RUNNING BOARDS | BLUETOOTH | BACK UP CAM,2,55995,No change noted,Unchanged for 3 weeks,3,55995,55995,0,0,30548,3.5L,Gasoline,Unknown,N/A,OLYMPIC SUPER CENTER,Dealer,"665 University Park Dr, REGINA, SK, S4R2V8","REGINA, SK",790,address,cc618e2c-cff5-4ab2-b1d6-7d880c46ed24,https://www.autotrader.ca/offers/ford-f-150-xlt-4wd-running-boards-bluetooth-back-up-cam-gasoline-silver-cat_ma29gr16518tr11290-cc618e2c-cff5-4ab2-b1d6-7d880c46ed24,AutoTrader
DISABLED_MANUAL_REVIEW_REQUIRED,manual_review_required,success,clean,,success,2026-07-21T18:19:39+00:00,source_reported_not_independently_verified,legacy_method_not_yet_disambiguated,,,2024,Ford,F 150,"XLT, 302A, BLACK APPEARANCE, FX4, 3.5L, 5.5' BOX",3,54995,No change noted,"Down $2,000 over 7 weeks",7,56995,54995,0,-2000,54002,3.5L,Gasoline,No accidents reported,N/A,Denham Ford,Dealer,"2A Hwy Box 6566, WETASKIWIN, AB, T9A 2G2","WETASKIWIN, AB",102,city_center,cdfc9cf6-f20f-44ac-baa5-589c7beb7cca,https://www.autotrader.ca/offers/ford-f-150-xlt-302a-black-appearance-fx4-3-5l-5-5-box-gasoline-grey-cat_ma29gr16518tr11290-cdfc9cf6-f20f-44ac-baa5-589c7beb7cca,AutoTrader
DISABLED_MANUAL_REVIEW_REQUIRED,manual_review_required,success,clean,,success,2026-07-21T18:19:39+00:00,source_reported_not_independently_verified,legacy_method_not_yet_disambiguated,,,2024,Ford,F 150,XLT,2,56888,No change noted,First seen this week,0,56888,56888,0,0,45146,Unknown,Gasoline,Unknown,N/A,Advantage Ford,Dealer,"12800 Macleod Trail S.E., CALGARY, AB, T2J 7E5","CALGARY, AB",149,city_center,ce7b47f6-69d0-4e12-a96a-d9c28e2ab574,https://www.autotrader.ca/offers/ford-f-150-xlt-gasoline-grey-cat_ma29gr16518tr11290-ce7b47f6-69d0-4e12-a96a-d9c28e2ab574,AutoTrader
DISABLED_MANUAL_REVIEW_REQUIRED,manual_review_required,success,clean,,success,2026-07-21T18:19:39+00:00,source_reported_not_independently_verified,legacy_method_not_yet_disambiguated,,,2024,Ford,F 150,XLT | Ecoboost | Tow Hitch,2,48998,No change noted,Unchanged for 1 weeks,1,48998,48998,0,0,88232,Unknown,Gasoline,Unknown,N/A,Dodge City Auto,Dealer,"2200 8th Street East, SASKATOON, SK, S7H 0V3","SASKATOON, SK",542,address,d51fd2a8-4ffa-4df7-9caa-fbf93669f4d1,https://www.autotrader.ca/offers/ford-f-150-xlt-ecoboost-tow-hitch-gasoline-white-cat_ma29gr16518tr11290-d51fd2a8-4ffa-4df7-9caa-fbf93669f4d1,AutoTrader
DISABLED_MANUAL_REVIEW_REQUIRED,manual_review_required,success,clean,,success,2026-07-21T18:19:39+00:00,source_reported_not_independently_verified,legacy_method_not_yet_disambiguated,,,2024,Ford,F 150,XLT LEASE RETURN | 303A | LEATHER | B&O SOUND | MO,2,54454,"Reduced from $ 56,278,-","Down $2,819 over 6 weeks",6,57273,54454,0,-2819,43202,2.7L,Gasoline,Unknown,N/A,Cam Clark Ford Calgary/Airdrie,Dealer,"1001 Highland Park Blvd NE, AIRDRIE, AB, T4A 0R2","AIRDRIE, AB",118,address,da671644-3e5a-47e7-b2f6-b9d8a8f4cf0c,https://www.autotrader.ca/offers/ford-f-150-xlt-lease-return-303a-leather-bo-sound-mo-gasoline-black-cat_ma29gr16518tr11290-da671644-3e5a-47e7-b2f6-b9d8a8f4cf0c,AutoTrader
DISABLED_MANUAL_REVIEW_REQUIRED,manual_review_required,success,clean,,success,2026-07-21T18:19:39+00:00,source_reported_not_independently_verified,legacy_method_not_yet_disambiguated,,,2024,Ford,F 150,XLT CERTIFIED PREOWNED | MOONROOF | HEATED SEATS,2,55796,No change noted,"Down $2,050 over 6 weeks",6,57846,55796,0,-2050,33850,2.7L,Gasoline,Unknown,N/A,Cam Clark Ford Calgary/Airdrie,Dealer,"1001 Highland Park Blvd NE, AIRDRIE, AB, T4A 0R2","AIRDRIE, AB",118,address,dc184428-7a70-4f70-bdd5-48f74ceda12f,https://www.autotrader.ca/offers/ford-f-150-xlt-certified-preowned-moonroof-heated-seats-gasoline-red-cat_ma29gr16518tr11290-dc184428-7a70-4f70-bdd5-48f74ceda12f,AutoTrader
DISABLED_MANUAL_REVIEW_REQUIRED,manual_review_required,success,clean,,success,2026-07-21T18:19:39+00:00,source_reported_not_independently_verified,legacy_method_not_yet_disambiguated,,,2024,Ford,F 150,XLT,2,47995,No change noted,Unchanged for 2 weeks,2,47995,47995,0,0,84262,Unknown,Gasoline,Unknown,N/A,Medicine Hat Honda,Dealer,"16 Strachan Court Southeast, Medicine Hat, AB, T1B 4R7","Medicine Hat, AB",410,address,e7673ae7-a174-44b8-915d-b74b33fdbc69,https://www.autotrader.ca/offers/ford-f-150-xlt-gasoline-grey-cat_ma29gr16518tr11290-e7673ae7-a174-44b8-915d-b74b33fdbc69,AutoTrader
DISABLED_MANUAL_REVIEW_REQUIRED,manual_review_required,success,clean,,success,2026-07-21T18:19:39+00:00,source_reported_not_independently_verified,legacy_method_not_yet_disambiguated,,,2024,Ford,F 150,XLT 4x4 SuperCrew Cab 5.5 ft. box 145 in. WB,2,47670,No change noted,Down $325 over 8 weeks,8,47995,47670,0,-325,124271,3.5L,Gas/Electric Hybrid,Accident reported,N/A,Okotoks Ford Lincoln,Dealer,"4 Westland Rd., OKOTOKS, AB, T1S1N1","OKOTOKS, AB",188,address,e76cbdbb-eb1f-4276-931e-dec8836a5de7,https://www.autotrader.ca/offers/ford-f-150-xlt-4x4-supercrew-cab-5-5-ft-box-145-in-wb-gas-electric-hybrid-blue-cat_ma29gr16518tr11290-e76cbdbb-eb1f-4276-931e-dec8836a5de7,AutoTrader
DISABLED_MANUAL_REVIEW_REQUIRED,manual_review_required,success,clean,,success,2026-07-21T18:19:39+00:00,source_reported_not_independently_verified,legacy_method_not_yet_disambiguated,,,2024,Ford,F 150,3.5L EcoBoost XL 4x4 Reg Cab 8 Foot Box w/ Headach,1,45985,No change noted,Unchanged for 2 weeks,2,45985,45985,0,0,57720,Unknown,Gasoline,Unknown,N/A,Jim Pattison Lease,Dealer,"1235-73rd Ave S.E., CALGARY, AB, T2H2X1","CALGARY, AB",149,city_center,ea03faf3-dd75-406b-81c0-a1ad9778ba22,https://www.autotrader.ca/offers/ford-f-150-3-5l-ecoboost-xl-4x4-reg-cab-8-foot-box-w-headach-gasoline-black-cat_ma29gr16518tr11288-ea03faf3-dd75-406b-81c0-a1ad9778ba22,AutoTrader
DISABLED_MANUAL_REVIEW_REQUIRED,manual_review_required,success,clean,,success,2026-07-21T18:19:39+00:00,source_reported_not_independently_verified,legacy_method_not_yet_disambiguated,,,2024,Ford,F 150,XLT,2,53999,No change noted,Unchanged for 3 weeks,3,53999,53999,0,0,64976,3.5L,Gasoline,Unknown,N/A,Lamb Ford Sales Ltd.,Dealer,"3771 - 48 Avenue, CAMROSE, AB, T4V1X3","CAMROSE, AB",142,address,f59015ad-041e-4c44-8c2a-0c60521f14c4,https://www.autotrader.ca/offers/ford-f-150-xlt-gasoline-white-cat_ma29gr16518tr11290-f59015ad-041e-4c44-8c2a-0c60521f14c4,AutoTrader
DISABLED_MANUAL_REVIEW_REQUIRED,manual_review_required,success,clean,,success,2026-07-21T18:19:39+00:00,source_reported_not_independently_verified,legacy_method_not_yet_disambiguated,,,2024,Ford,F 150,XLT: 4X4/302A PKG/FX4 PKG/TRAILER BRAKE/HEATED SEA,3,48989,No change noted,Unchanged for 1 weeks,1,48989,48989,0,0,77166,2.7L,Gasoline,Unknown,N/A,St Albert Honda,Dealer,"875 St Albert Trail, Edmonton, AB, T6X1C4","Edmonton, AB",174,address,f6725cc6-47c6-4bdf-ae6f-85daa17b7f1c,https://www.autotrader.ca/offers/ford-f-150-xlt-4x4-302a-pkg-fx4-pkg-trailer-brake-heated-sea-gasoline-black-cat_ma29gr16518tr11290-f6725cc6-47c6-4bdf-ae6f-85daa17b7f1c,AutoTrader
DISABLED_MANUAL_REVIEW_REQUIRED,manual_review_required,success,clean,,success,2026-07-21T18:19:39+00:00,source_reported_not_independently_verified,legacy_method_not_yet_disambiguated,,,2024,Ford,F 150,w/ Black Appearance Package,1,55995,No change noted,First seen this week,0,55995,55995,0,0,36534,2.7L,Gasoline,Accident reported,N/A,DENHAM FORD BC LTD,Dealer,"2417 Cranbrook Street N, CRANBROOK, BC, V1C 3T3","CRANBROOK, BC",527,address,fb3a2b73-3ed0-4c40-87f8-06476f6d0d0d,https://www.autotrader.ca/offers/ford-f-150-w-black-appearance-package-gasoline-grey-cat_ma29gr16518tr11290-fb3a2b73-3ed0-4c40-87f8-06476f6d0d0d,AutoTrader
DISABLED_MANUAL_REVIEW_REQUIRED,manual_review_required,success,clean,,success,2026-07-21T18:19:39+00:00,source_reported_not_independently_verified,legacy_method_not_yet_disambiguated,,,2025,Ford,F 150,XLT 301A PCKG | 2 INCH LEVELLING KIT | NEW BLACKED,2,54787,No change noted,Down $889 over 1 weeks,1,55676,55676,-889,-889,55067,3.5L,Gasoline,Unknown,N/A,Leduc Hyundai,Dealer,"7014 Sparrow Drive, Leduc, AB, T9E 8A5","Leduc, AB",124,address,21082c2d-8592-4c1a-98b9-9ca9b694b9ed,https://www.autotrader.ca/offers/ford-f-150-xlt-301a-pckg-2-inch-levelling-kit-new-blacked-gasoline-black-cat_ma29gr16518tr11290-21082c2d-8592-4c1a-98b9-9ca9b694b9ed,AutoTrader
DISABLED_MANUAL_REVIEW_REQUIRED,manual_review_required,success,clean,,success,2026-07-21T18:19:39+00:00,source_reported_not_independently_verified,legacy_method_not_yet_disambiguated,,,2025,Ford,F 150,XLT | 5.0L | Power Driver Seat | Accident Free,2,54945,No change noted,"Down $1,000 over 7 weeks",7,55945,54945,0,-1000,35336,5.0L,Gasoline,No accidents reported,N/A,Sherwood Chevrolet,Dealer,"550 Brand Road, SASKATOON, SK, S7J 5J3","SASKATOON, SK",542,address,376cbf78-cbb3-49c5-966b-f39c89cfef4a,https://www.autotrader.ca/offers/ford-f-150-xlt-5-0l-power-driver-seat-accident-free-gasoline-black-cat_ma29gr16518tr11290-376cbf78-cbb3-49c5-966b-f39c89cfef4a,AutoTrader
DISABLED_MANUAL_REVIEW_REQUIRED,manual_review_required,success,clean,,success,2026-07-21T18:19:39+00:00,source_reported_not_independently_verified,legacy_method_not_yet_disambiguated,,,2025,Ford,F 150,XLT 301A Supercab 5.0L V8,2,54990,No change noted,Unchanged for 3 weeks,3,54990,54990,0,0,7176,5.0L,Gasoline,Unknown,N/A,Brentridge Ford Wetaskiwin,Dealer,"5604 - 41st. Avenue, WETASKIWIN, AB, T9A 3M7","WETASKIWIN, AB",102,city_center,4934c836-651f-414a-ac46-b1100729e678,https://www.autotrader.ca/offers/ford-f-150-xlt-301a-supercab-5-0l-v8-gasoline-red-cat_ma29gr16518tr11290-4934c836-651f-414a-ac46-b1100729e678,AutoTrader
DISABLED_MANUAL_REVIEW_REQUIRED,manual_review_required,success,clean,,success,2026-07-21T18:19:39+00:00,source_reported_not_independently_verified,legacy_method_not_yet_disambiguated,,,2025,Ford,F 150,XLT | 301A | 4X4 | SuperCrew 145,2,57000,No change noted,First seen this week,0,57000,57000,0,0,15363,3.5L,Gasoline,Unknown,N/A,Freedom Ford Sales,Dealer,"7505 75 Street, EDMONTON, AB, T6C 4H8","EDMONTON, AB",154,city_center,5bf1298f-6ade-4e70-bd38-1f52172fe3bc,https://www.autotrader.ca/offers/ford-f-150-xlt-301a-4x4-supercrew-145-gasoline-black-cat_ma29gr16518tr11290-5bf1298f-6ade-4e70-bd38-1f52172fe3bc,AutoTrader
DISABLED_MANUAL_REVIEW_REQUIRED,manual_review_required,success,clean,,success,2026-07-21T18:19:39+00:00,source_reported_not_independently_verified,legacy_method_not_yet_disambiguated,,,2025,Ford,F 150,XLT 4X4 | HEATED SEATS | BACK UP CAM | BLUETOOTH |,2,57995,No change noted,Unchanged for 6 weeks,6,57995,57995,0,0,53119,2.7L,Gasoline,Unknown,N/A,OLYMPIC SUPER CENTER,Dealer,"665 University Park Dr, REGINA, SK, S4R2V8","REGINA, SK",790,address,5e22da73-c434-4523-943d-f58e7f312d20,https://www.autotrader.ca/offers/ford-f-150-xlt-4x4-heated-seats-back-up-cam-bluetooth-gasoline-white-cat_ma29gr16518tr11290-5e22da73-c434-4523-943d-f58e7f312d20,AutoTrader
DISABLED_MANUAL_REVIEW_REQUIRED,manual_review_required,success,clean,,success,2026-07-21T18:19:39+00:00,source_reported_not_independently_verified,legacy_method_not_yet_disambiguated,,,2025,Ford,F 150,STX | 5.0 V8 | Big Display | Cloth | Centre Consol,1,58300,No change noted,"Down $1,384 over 5 weeks",5,59684,58300,0,-1384,8409,5.0L,Gasoline,Unknown,N/A,Saskatoon Motor Products,Dealer,"715 Circle Drive East, SASKATOON, SK, S7K 0V1","SASKATOON, SK",540,address,664a5951-2818-49e7-9061-1384d96e0799,https://www.autotrader.ca/offers/ford-f-150-stx-5-0-v8-big-display-cloth-centre-consol-gasoline-black-cat_ma29gr16518tr11285-664a5951-2818-49e7-9061-1384d96e0799,AutoTrader
DISABLED_MANUAL_REVIEW_REQUIRED,manual_review_required,success,clean,,success,2026-07-21T18:19:39+00:00,source_reported_not_independently_verified,legacy_method_not_yet_disambiguated,,,2025,Ford,F 150,XLT 4WD*Adaptive Cruise | Remote Start | Nav | 360,2,59538,No change noted,Down $450 over 4 weeks,4,59988,59538,0,-450,13664,2.7L,Gasoline,Unknown,N/A,Titan Automotive Group,Dealer,"777 Broad Street, Regina, SK, S4R 8G3","Regina, SK",784,address,6dd18767-61b1-4cc4-baa9-17531de88239,https://www.autotrader.ca/offers/ford-f-150-xlt-4wd-adaptive-cruise-remote-start-nav-360-gasoline-blue-cat_ma29gr16518tr11290-6dd18767-61b1-4cc4-baa9-17531de88239,AutoTrader
DISABLED_MANUAL_REVIEW_REQUIRED,manual_review_required,success,clean,,success,2026-07-21T18:19:39+00:00,source_reported_not_independently_verified,legacy_method_not_yet_disambiguated,,,2025,Ford,F 150,XLT | 4x4 | Lane Keep System | Hitch | Eco Boost E,2,58954,No change noted,Down $20 over 3 weeks,3,58974,58954,0,-20,38837,3.5L,Gasoline,Unknown,N/A,Saskatoon Motor Products,Dealer,"715 Circle Drive East, SASKATOON, SK, S7K 0V1","SASKATOON, SK",540,address,77da1c49-deb7-4771-b5f8-9ca60831a361,https://www.autotrader.ca/offers/ford-f-150-xlt-4x4-lane-keep-system-hitch-eco-boost-e-gasoline-white-cat_ma29gr16518tr11290-77da1c49-deb7-4771-b5f8-9ca60831a361,AutoTrader
DISABLED_MANUAL_REVIEW_REQUIRED,manual_review_required,success,clean,,success,2026-07-21T18:19:39+00:00,source_reported_not_independently_verified,legacy_method_not_yet_disambiguated,,,2025,Ford,F 150,XLT 301A | 3.5L ECOBOOST | BEDLINER,2,55995,No change noted,Up $95 over 6 weeks,6,55900,55995,0,95,55483,3.5L,Gasoline,Accident reported,N/A,Boundary Ford Sales,Dealer,"2502-50th Avenue, Lloydminster, SK, T9V2S3","Lloydminster, SK",368,city_center,87c9c9af-79ba-481b-a4f8-42ab9331651b,https://www.autotrader.ca/offers/ford-f-150-xlt-301a-3-5l-ecoboost-bedliner-gasoline-black-cat_ma29gr16518tr11290-87c9c9af-79ba-481b-a4f8-42ab9331651b,AutoTrader
DISABLED_MANUAL_REVIEW_REQUIRED,manual_review_required,success,clean,,success,2026-07-21T18:19:39+00:00,source_reported_not_independently_verified,legacy_method_not_yet_disambiguated,,,2025,Ford,F 150,Lariat  501A | TOW/HAUL | MOBILE OFFICE PKG,3,59798,No change noted,Down $201 over 5 weeks,5,59999,59798,0,-201,71314,3.5L,Gasoline,Accident reported,N/A,Legacy Ford Ponoka,Dealer,"6305 - 42 Avenue, PONOKA, AB, T4J 1J8","PONOKA, AB",54,address,a391e9e3-f46d-4bcd-a08a-62fbc64892c4,https://www.autotrader.ca/offers/ford-f-150-lariat-501a-tow-haul-mobile-office-pkg-gasoline-black-cat_ma29gr16518tr11275-a391e9e3-f46d-4bcd-a08a-62fbc64892c4,AutoTrader
DISABLED_MANUAL_REVIEW_REQUIRED,manual_review_required,success,clean,,success,2026-07-21T18:19:39+00:00,source_reported_not_independently_verified,legacy_method_not_yet_disambiguated,,,2025,Ford,F 150,XLT - 3.5 ECOBOOST TRAILER TOW PKG,2,54888,"Reduced from $ 55,999,-","Down $1,111 over 2 weeks",2,55999,55999,-1111,-1111,49122,3.5L,Gasoline,Unknown,N/A,Strathmore Ford,Dealer,"1040 - Westridge Road, Strathmore, AB, T1P 1H8","Strathmore, AB",186,address,ae995a1f-acc3-47af-a1b4-e624da206733,https://www.autotrader.ca/offers/ford-f-150-xlt-3-5-ecoboost-trailer-tow-pkg-gasoline-black-cat_ma29gr16518tr11290-ae995a1f-acc3-47af-a1b4-e624da206733,AutoTrader
DISABLED_MANUAL_REVIEW_REQUIRED,manual_review_required,success,clean,,success,2026-07-21T18:19:39+00:00,source_reported_not_independently_verified,legacy_method_not_yet_disambiguated,,,2025,Ford,F 150,XLT,2,55989,No change noted,Unchanged for 11 weeks,11,55989,55989,0,0,30438,3.5L,Gasoline,No accidents reported,N/A,Salmon Arm GM,Dealer,"3901 11th Ave NE, SALMON ARM, BC, V1E 2S2","SALMON ARM, BC",648,city_center,b37d02f0-a3c2-48ea-b913-b3646ca64e6b,https://www.autotrader.ca/offers/ford-f-150-xlt-gasoline-white-cat_ma29gr16518tr11290-b37d02f0-a3c2-48ea-b913-b3646ca64e6b,AutoTrader
DISABLED_MANUAL_REVIEW_REQUIRED,manual_review_required,success,clean,,success,2026-07-21T18:19:39+00:00,source_reported_not_independently_verified,legacy_method_not_yet_disambiguated,,,2025,Ford,F 150,XLT | 301A | SuperCrew 145 | Backup Cam | Tow/Haul,2,57500,No change noted,Unchanged for 3 weeks,3,57500,57500,0,0,37260,3.5L,Gasoline,Unknown,N/A,Waterloo Ford,Dealer,"11420 - 107 Ave, Edmonton, AB, T5H 0Y5","Edmonton, AB",156,address,b7309dd6-2427-44fa-92b0-5d7222f020fc,https://www.autotrader.ca/offers/ford-f-150-xlt-301a-supercrew-145-backup-cam-tow-haul-gasoline-grey-cat_ma29gr16518tr11290-b7309dd6-2427-44fa-92b0-5d7222f020fc,AutoTrader
DISABLED_MANUAL_REVIEW_REQUIRED,manual_review_required,success,clean,,success,2026-07-21T18:19:39+00:00,source_reported_not_independently_verified,legacy_method_not_yet_disambiguated,,,2025,Ford,F 150,XLT,2,53490,No change noted,Unchanged for 1 weeks,1,53490,53490,0,0,43669,3.5L,Gasoline,Accident reported,N/A,Woodridge Ford Lincoln,Dealer,"11580 24 Street SE, CALGARY, AB, T2Z3K1","CALGARY, AB",161,address,c0bb29a9-42b4-43ef-a1e2-046f08728ff2,https://www.autotrader.ca/offers/ford-f-150-xlt-gasoline-blue-cat_ma29gr16518tr11290-c0bb29a9-42b4-43ef-a1e2-046f08728ff2,AutoTrader
DISABLED_MANUAL_REVIEW_REQUIRED,manual_review_required,success,clean,,success,2026-07-21T18:19:39+00:00,source_reported_not_independently_verified,legacy_method_not_yet_disambiguated,,,2025,Ford,F 150,XLT BLACK APPEARANCE PACKAGE,2,57600,No change noted,"Down $2,395 over 4 weeks",4,59995,57600,0,-2395,10095,2.7L,Gasoline,Accident reported,N/A,Boundary Ford Sales,Dealer,"2502-50th Avenue, Lloydminster, SK, T9V2S3","Lloydminster, SK",368,city_center,c3ad094b-eda6-4df6-be8a-4b91a646ad32,https://www.autotrader.ca/offers/ford-f-150-xlt-black-appearance-package-gasoline-silver-cat_ma29gr16518tr11290-c3ad094b-eda6-4df6-be8a-4b91a646ad32,AutoTrader
DISABLED_MANUAL_REVIEW_REQUIRED,manual_review_required,success,clean,,success,2026-07-21T18:19:39+00:00,source_reported_not_independently_verified,legacy_method_not_yet_disambiguated,,,2025,Ford,F 150,XLT 4WD*Adaptive Cruise | Remote Start | Nav | 360,2,59741,No change noted,Down $247 over 3 weeks,3,59988,59741,0,-247,14972,2.7L,Gasoline,Accident reported,N/A,Titan Automotive Group,Dealer,"777 Broad Street, Regina, SK, S4R 8G3","Regina, SK",784,address,c4330ef0-05d5-41e4-a310-9c631e68cf55,https://www.autotrader.ca/offers/ford-f-150-xlt-4wd-adaptive-cruise-remote-start-nav-360-gasoline-white-cat_ma29gr16518tr11290-c4330ef0-05d5-41e4-a310-9c631e68cf55,AutoTrader
DISABLED_MANUAL_REVIEW_REQUIRED,manual_review_required,success,clean,,success,2026-07-21T18:19:39+00:00,source_reported_not_independently_verified,legacy_method_not_yet_disambiguated,,,2025,Ford,F 150,XLT | 4x4 | 3.5L |  Lane Keep Assist | Back Up Cam,2,55922,No change noted,"Down $1,452 over 7 weeks",7,57374,55922,0,-1452,50828,3.5L,Gasoline,Unknown,N/A,Saskatoon Motor Products,Dealer,"715 Circle Drive East, SASKATOON, SK, S7K 0V1","SASKATOON, SK",540,address,c490f897-156a-45cd-ac0c-1b6980dfb604,https://www.autotrader.ca/offers/ford-f-150-xlt-4x4-3-5l-lane-keep-assist-back-up-cam-gasoline-grey-cat_ma29gr16518tr11290-c490f897-156a-45cd-ac0c-1b6980dfb604,AutoTrader
DISABLED_MANUAL_REVIEW_REQUIRED,manual_review_required,success,clean,,success,2026-07-21T18:19:39+00:00,source_reported_not_independently_verified,legacy_method_not_yet_disambiguated,,,2025,Ford,F 150,"XLT Black Appearance Package, 301A Equipment",2,49999,No change noted,Unchanged for 1 weeks,1,49999,49999,0,0,55002,Unknown,Gasoline,Unknown,N/A,Brentridge Ford Wetaskiwin,Dealer,"5604 - 41st. Avenue, WETASKIWIN, AB, T9A 3M7","WETASKIWIN, AB",102,city_center,c5f37a15-4be9-4b53-bf78-ea36e281b95e,https://www.autotrader.ca/offers/ford-f-150-xlt-black-appearance-package-301a-equipment-gasoline-white-cat_ma29gr16518tr11290-c5f37a15-4be9-4b53-bf78-ea36e281b95e,AutoTrader
DISABLED_MANUAL_REVIEW_REQUIRED,manual_review_required,success,clean,,success,2026-07-21T18:19:39+00:00,source_reported_not_independently_verified,legacy_method_not_yet_disambiguated,,,2025,Ford,F 150,XLT |  3.5L ECO-BOOST | WIRELESS APPLE CARPLAY AND,2,54900,No change noted,"Down $1,000 over 4 weeks",4,55900,54900,0,-1000,40137,3.5L,Gasoline,Unknown,N/A,Kelowna Truck & RV(PV),Dealer,"1780 Byland Road, West Kelowna, BC, V1Z 3Z4","West Kelowna, BC",759,address,cfb7b41d-06a9-4f70-aca9-debe8edbd9a2,https://www.autotrader.ca/offers/ford-f-150-xlt-3-5l-eco-boost-wireless-apple-carplay-and-gasoline-grey-cat_ma29gr16518tr11290-cfb7b41d-06a9-4f70-aca9-debe8edbd9a2,AutoTrader
DISABLED_MANUAL_REVIEW_REQUIRED,manual_review_required,success,clean,,success,2026-07-21T18:19:39+00:00,source_reported_not_independently_verified,legacy_method_not_yet_disambiguated,,,2025,Ford,F 150,XLT 3.5L | Cruise Control,2,56980,No change noted,Unchanged for 2 weeks,2,56980,56980,0,0,33441,3.5L,Gasoline,No accidents reported,N/A,Lakewood Chevrolet,Dealer,"2807 92 Street NW, EDMONTON, AB, T6N 0A5","EDMONTON, AB",144,address,d28ae235-68f0-4f23-94f8-62f7dea4bdab,https://www.autotrader.ca/offers/ford-f-150-xlt-3-5l-cruise-control-gasoline-blue-cat_ma29gr16518tr11290-d28ae235-68f0-4f23-94f8-62f7dea4bdab,AutoTrader
DISABLED_MANUAL_REVIEW_REQUIRED,manual_review_required,success,clean,,success,2026-07-21T18:19:39+00:00,source_reported_not_independently_verified,legacy_method_not_yet_disambiguated,,,2025,Ford,F 150,XLT BLACK PACKAGE | MOBILE OFFICE | TOW/HAUL,2,59995,No change noted,Unchanged for 7 weeks,7,59995,59995,0,0,15573,3.5L,Gasoline,Accident reported,N/A,Boundary Ford Sales,Dealer,"2502-50th Avenue, Lloydminster, SK, T9V2S3","Lloydminster, SK",368,city_center,df591b22-f289-4d43-bc81-32cc60fde37a,https://www.autotrader.ca/offers/ford-f-150-xlt-black-package-mobile-office-tow-haul-gasoline-grey-cat_ma29gr16518tr11290-df591b22-f289-4d43-bc81-32cc60fde37a,AutoTrader
DISABLED_MANUAL_REVIEW_REQUIRED,manual_review_required,success,clean,,success,2026-07-21T18:19:39+00:00,source_reported_not_independently_verified,legacy_method_not_yet_disambiguated,,,2025,Ford,F 150,XLT 301A | 3.5L ECOBOOST | BEDLINER,2,53900,No change noted,"Down $2,000 over 6 weeks",6,55900,53900,0,-2000,28278,3.5L,Gasoline,Accident reported,N/A,Boundary Ford Sales,Dealer,"2502-50th Avenue, Lloydminster, SK, T9V2S3","Lloydminster, SK",368,city_center,e01f3533-50fd-445f-9119-6de9bf698cdd,https://www.autotrader.ca/offers/ford-f-150-xlt-301a-3-5l-ecoboost-bedliner-gasoline-blue-cat_ma29gr16518tr11290-e01f3533-50fd-445f-9119-6de9bf698cdd,AutoTrader
