ranking_status,review_status,collection_status,data_quality_status,quality_warnings,source_run_status,source_completed_at_utc,location_status,distance_status,unverified_location_value,unverified_distance_value,year,make,model,trim,trim_tier,price,price_history,trend,weeks_tracked,price_first_seen,price_last_week,price_change_week,price_change_total,mileage,engine,fuel,accident_flag,days_on_market,dealer,seller_type,dealer_address,location,distance_km,distance_method,listing_id,url_region_hint,url_region_status,url,source
DISABLED_MANUAL_REVIEW_REQUIRED,manual_review_required,success,clean,,success,2026-07-21T22:01:06+00:00,source_reported_not_independently_verified,legacy_method_not_yet_disambiguated,,,2016,Ford,F 150,XLT SuperCrew 2.7L 4WD | 6in Lift on 35in Tires w/,2,34980,No change noted,Unchanged for 1 weeks,1,34980,34980,0,0,168984,2.7L,Gasoline,Unknown,N/A,Kelowna Chevrolet,Dealer,"2350 Hwy 97N, KELOWNA, BC, V1X4H8","KELOWNA, BC",750,city_center,d3e7a2c0-1b5d-4002-8387-47713e5952bd,,,https://www.autotrader.ca/offers/ford-f-150-xlt-supercrew-2-7l-4wd-6in-lift-on-35in-tires-w-gasoline-grey-cat_ma29gr16518-d3e7a2c0-1b5d-4002-8387-47713e5952bd,AutoTrader
DISABLED_MANUAL_REVIEW_REQUIRED,manual_review_required,success,clean,,success,2026-07-21T22:01:06+00:00,source_reported_not_independently_verified,legacy_method_not_yet_disambiguated,,,2016,Ford,F 150,XLT,2,20888,No change noted,"Down $1,000 over 4 weeks",4,21888,20888,0,-1000,270654,5.0L,Gasoline,Unknown,N/A,Medicine Hat House of Cars Inc.,Dealer,"621 - 15 Street SW, Medicine Hat, AB, T1A 4W4","Medicine Hat, AB",406,address,db2ccf1f-5520-4e13-b4e2-0be5b4c00206,,,https://www.autotrader.ca/offers/ford-f-150-xlt-gasoline-red-cat_ma29gr16518tr11274-db2ccf1f-5520-4e13-b4e2-0be5b4c00206,AutoTrader
DISABLED_MANUAL_REVIEW_REQUIRED,manual_review_required,success,clean,,success,2026-07-21T22:01:06+00:00,source_reported_not_independently_verified,legacy_method_not_yet_disambiguated,,,2017,Ford,F 150,XLT Low mileage 3.5L Ecoboost,2,30999,No change noted,Unchanged for 1 weeks,1,30999,30999,0,0,98247,Unknown,Gasoline,Unknown,N/A,Kelowna BMW,Dealer,"2530 Enterprise Way, KELOWNA, BC, V1X7X5","KELOWNA, BC",747,address,3780b7ae-a561-4082-81da-d6c09a7304fc,,,https://www.autotrader.ca/offers/ford-f-150-xlt-low-mileage-3-5l-ecoboost-gasoline-gold-cat_ma29gr16518-3780b7ae-a561-4082-81da-d6c09a7304fc,AutoTrader
DISABLED_MANUAL_REVIEW_REQUIRED,manual_review_required,success,clean,,success,2026-07-21T22:01:06+00:00,source_reported_not_independently_verified,legacy_method_not_yet_disambiguated,,,2017,Ford,F 150,XLT  ONE OWNER | RUNNING BOARDS,2,20995,No change noted,Unchanged for 5 weeks,5,20995,20995,0,0,183314,2.7L,Gasoline,Unknown,N/A,Kelowna Toyota,Dealer,"1624 Cary Rd, Kelowna, BC, V1X 2B9","Kelowna, BC",747,address,8ba494da-2628-4af2-b2be-60a0c58891af,,,https://www.autotrader.ca/offers/ford-f-150-xlt-one-owner-running-boards-gasoline-grey-cat_ma29gr16518-8ba494da-2628-4af2-b2be-60a0c58891af,AutoTrader
DISABLED_MANUAL_REVIEW_REQUIRED,manual_review_required,success,clean,,success,2026-07-21T22:01:06+00:00,source_reported_not_independently_verified,legacy_method_not_yet_disambiguated,,,2017,Ford,F 150,Lariat,3,26888,No change noted,Unchanged for 4 weeks,4,26888,26888,0,0,180154,3.5L,Gasoline,Unknown,N/A,Advantage Ford,Dealer,"12800 Macleod Trail S.E., CALGARY, AB, T2J 7E5","CALGARY, AB",149,city_center,a7c72a7b-298c-4e3a-936a-d73830491819,,,https://www.autotrader.ca/offers/ford-f-150-lariat-gasoline-red-cat_ma29gr16518tr11275-a7c72a7b-298c-4e3a-936a-d73830491819,AutoTrader
DISABLED_MANUAL_REVIEW_REQUIRED,manual_review_required,success,clean,,success,2026-07-21T22:01:06+00:00,source_reported_not_independently_verified,legacy_method_not_yet_disambiguated,,,2017,Ford,F 150,Raptor,3,57888,No change noted,Unchanged for 8 weeks,8,57888,57888,0,0,109943,3.5L,Gasoline,Accident reported,N/A,Medicine Hat House of Cars Inc.,Dealer,"621 - 15 Street SW, Medicine Hat, AB, T1A 4W4","Medicine Hat, AB",406,address,d13b50cc-b651-46f9-9bbf-673083db4c4b,,,https://www.autotrader.ca/offers/ford-f-150-raptor-gasoline-white-cat_ma29gr16518tr11282-d13b50cc-b651-46f9-9bbf-673083db4c4b,AutoTrader
DISABLED_MANUAL_REVIEW_REQUIRED,manual_review_required,success,clean,,success,2026-07-21T22:01:06+00:00,source_reported_not_independently_verified,legacy_method_not_yet_disambiguated,,,2018,Ford,F 150,Lariat,3,36799,No change noted,Unchanged for 1 weeks,1,36799,36799,0,0,84208,Unknown,Gasoline,Unknown,N/A,RIPLEY FORD,Dealer,"1560 Saskatchewan Drive South, MELFORT, SK, S0E1A0","MELFORT, SK",713,city_center,45433e94-0582-4999-a6e0-9d954ec83057,,,https://www.autotrader.ca/offers/ford-f-150-lariat-gasoline-silver-cat_ma29gr16518tr11275-45433e94-0582-4999-a6e0-9d954ec83057,AutoTrader
DISABLED_MANUAL_REVIEW_REQUIRED,manual_review_required,success,clean,,success,2026-07-21T22:01:06+00:00,source_reported_not_independently_verified,legacy_method_not_yet_disambiguated,,,2018,Ford,F 150,XLT | 302A | 5.0L V8,2,30990,No change noted,First seen this week,0,30990,30990,0,0,120460,5.0L,Gasoline,Unknown,N/A,Universal Ford Lincoln,Dealer,"2800 Barlow Trail, Calgary, AB, T1Y1A2","Calgary, AB",135,address,4ceeb9cc-bbba-4237-a5f6-0d1693800a2b,,,https://www.autotrader.ca/offers/ford-f-150-xlt-302a-5-0l-v8-gasoline-black-cat_ma29gr16518-4ceeb9cc-bbba-4237-a5f6-0d1693800a2b,AutoTrader
DISABLED_MANUAL_REVIEW_REQUIRED,manual_review_required,success,clean,,success,2026-07-21T22:01:06+00:00,source_reported_not_independently_verified,legacy_method_not_yet_disambiguated,,,2018,Ford,F 150,"LARIAT 5.0 V8, PANO ROOF, TOWING PACKAGE",3,29990,No change noted,"Down $1,008 over 1 weeks",1,30998,30998,-1008,-1008,167949,5.0L,Gasoline,Unknown,N/A,GO AUTO OUTLET SOUTH,Dealer,"2262 Sparrow Dr, Nisku, AB, T9E 8A2","Nisku, AB",129,address,67874cdb-f7c3-49a7-b33d-afaf8b84c93b,,,https://www.autotrader.ca/offers/ford-f-150-lariat-5-0-v8-pano-roof-towing-package-gasoline-white-cat_ma29gr16518-67874cdb-f7c3-49a7-b33d-afaf8b84c93b,AutoTrader
DISABLED_MANUAL_REVIEW_REQUIRED,manual_review_required,success,clean,,success,2026-07-21T22:01:06+00:00,source_reported_not_independently_verified,legacy_method_not_yet_disambiguated,,,2018,Ford,F 150,XLT,2,22888,No change noted,Unchanged for 8 weeks,8,22888,22888,0,0,211290,3.5L,Gasoline,Unknown,N/A,Medicine Hat House of Cars Inc.,Dealer,"621 - 15 Street SW, Medicine Hat, AB, T1A 4W4","Medicine Hat, AB",406,address,7c0d8b3b-b13d-43ee-8b76-ec3b7321c2c5,,,https://www.autotrader.ca/offers/ford-f-150-xlt-gasoline-black-cat_ma29gr16518tr11290-7c0d8b3b-b13d-43ee-8b76-ec3b7321c2c5,AutoTrader
DISABLED_MANUAL_REVIEW_REQUIRED,manual_review_required,success,clean,,success,2026-07-21T22:01:06+00:00,source_reported_not_independently_verified,legacy_method_not_yet_disambiguated,,,2018,Ford,F 150,Lariat,3,21500,No change noted,Unchanged for 3 weeks,3,21500,21500,0,0,218000,3.5L,Gasoline,No accidents reported,N/A,Unknown,Dealer,,"Taber, AB",292,city_center,b079cd1d-66da-4d02-806b-597130701599,,,https://www.autotrader.ca/offers/ford-f-150-lariat-gasoline-white-cat_ma29gr16518-b079cd1d-66da-4d02-806b-597130701599,AutoTrader
DISABLED_MANUAL_REVIEW_REQUIRED,manual_review_required,success,clean,,success,2026-07-21T22:01:06+00:00,source_reported_not_independently_verified,legacy_method_not_yet_disambiguated,,,2018,Ford,F 150,XLT Sport 4x4 | EcoBoost | Trailer Pkg,2,28995,No change noted,Unchanged for 1 weeks,1,28995,28995,0,0,162922,3.5L,Gasoline,Unknown,N/A,Country Hills Chrysler Dodge Jeep Ram,Dealer,"200 Stonehill Gate NE, CALGARY, AB, T3N 2J7","CALGARY, AB",134,address,bbfbee8d-f458-4ed8-9e1e-53e82872fe2f,,,https://www.autotrader.ca/offers/ford-f-150-xlt-sport-4x4-ecoboost-trailer-pkg-gasoline-white-cat_ma29gr16518-bbfbee8d-f458-4ed8-9e1e-53e82872fe2f,AutoTrader
DISABLED_MANUAL_REVIEW_REQUIRED,manual_review_required,success,clean,,success,2026-07-21T22:01:06+00:00,source_reported_not_independently_verified,legacy_method_not_yet_disambiguated,,,2018,Ford,F 150,"502A, MAX TOW PKG, LEATHER, 4X4",1,35899,No change noted,Unchanged for 1 weeks,1,35899,35899,0,0,93065,3.5L,Gasoline,Unknown,N/A,Merlin Ford,Dealer,"3750 Idylwyld Drive North, SASKATOON, SK, S7K6G3","SASKATOON, SK",543,address,d5e420a9-8968-4ed3-a5b9-f0475fbae82d,,,https://www.autotrader.ca/offers/ford-f-150-502a-max-tow-pkg-leather-4x4-gasoline-red-cat_ma29gr16518-d5e420a9-8968-4ed3-a5b9-f0475fbae82d,AutoTrader
DISABLED_MANUAL_REVIEW_REQUIRED,manual_review_required,success,clean,,success,2026-07-21T22:01:06+00:00,source_reported_not_independently_verified,legacy_method_not_yet_disambiguated,,,2018,Ford,F 150,"LARIAT 4WD SuperCrew 5.5' Box |  325 Horsepower, 4",3,33777,No change noted,Unchanged for 1 weeks,1,33777,33777,0,0,133352,3.5L,Gasoline,Unknown,N/A,Kelowna Mazda,Dealer,"2560 Enterprise Way, Kelowna, BC, V1X 7X5","Kelowna, BC",747,address,e0ef2155-c542-4ec1-80f7-d07ef574f81b,,,https://www.autotrader.ca/offers/ford-f-150-lariat-4wd-supercrew-5-5-box-325-horsepower-4-gasoline-gold-cat_ma29gr16518-e0ef2155-c542-4ec1-80f7-d07ef574f81b,AutoTrader
DISABLED_MANUAL_REVIEW_REQUIRED,manual_review_required,success,clean,,success,2026-07-21T22:01:06+00:00,source_reported_not_independently_verified,legacy_method_not_yet_disambiguated,,,2018,Ford,F 150,Crew Cab 4WD,1,18999,No change noted,Unchanged for 1 weeks,1,18999,18999,0,0,227975,Unknown,Gasoline,Unknown,N/A,Triple 7 Chrysler,Dealer,"700 Broad Street, REGINA, SK, S4R 8H7","REGINA, SK",793,address,e31b09ab-4b88-4d62-b785-ef4d180962ca,,,https://www.autotrader.ca/offers/ford-f-150-crew-cab-4wd-gasoline-red-cat_ma29gr16518-e31b09ab-4b88-4d62-b785-ef4d180962ca,AutoTrader
DISABLED_MANUAL_REVIEW_REQUIRED,manual_review_required,success,clean,,success,2026-07-21T22:01:06+00:00,source_reported_not_independently_verified,legacy_method_not_yet_disambiguated,,,2018,Ford,F 150,"XLT CLEAN CARFAX, MAGMA, TOW PACKAGE, HEATED FRONT",2,30488,No change noted,Unchanged for 1 weeks,1,30488,30488,0,0,135000,Unknown,Gasoline,No accidents reported,N/A,Cam Clark Ford Olds,Dealer,"5042 48 th Street, OLDS, AB, T4H 0C6","OLDS, AB",63,city_center,e6ee5e68-709b-4d1e-af53-aafc15b2da81,,,https://www.autotrader.ca/offers/ford-f-150-xlt-clean-carfax-magma-tow-package-heated-front-gasoline-red-cat_ma29gr16518-e6ee5e68-709b-4d1e-af53-aafc15b2da81,AutoTrader
DISABLED_MANUAL_REVIEW_REQUIRED,manual_review_required,success,clean,,success,2026-07-21T22:01:06+00:00,source_reported_not_independently_verified,legacy_method_not_yet_disambiguated,,,2019,Ford,F 150,King Ranch | 3.5 Ecoboost | Massage Seats!!!,3,31999,No change noted,Unchanged for 1 weeks,1,31999,31999,0,0,225483,3.5L,Gasoline,Accident reported,N/A,Paradise Motors,Dealer,"1451 North Service Rd West, Swift Current, SK, S9H 5H1","Swift Current, SK",626,address,02f19253-9d9f-41e2-95fb-5817496227b6,,,https://www.autotrader.ca/offers/ford-f-150-king-ranch-3-5-ecoboost-massage-seats-gasoline-red-cat_ma29gr16518tr11274-02f19253-9d9f-41e2-95fb-5817496227b6,AutoTrader
DISABLED_MANUAL_REVIEW_REQUIRED,manual_review_required,success,clean,,success,2026-07-21T22:01:06+00:00,source_reported_not_independently_verified,legacy_method_not_yet_disambiguated,,,2019,Ford,F 150,XLT 4x4 SuperCab Styleside 6 ft. box 163 in. WB Au,2,18990,"Reduced from $ 19,900,-",Down $910 over 6 weeks,6,19900,18990,0,-910,171172,2.7L,Gasoline,Unknown,N/A,CAMROSE CAR CORNER,Dealer,"5609 48 Avenue, Camrose, AB, T4V 0J9","Camrose, AB",141,address,179caf2f-ed56-4e10-bbcc-3585b9ab3da6,,,https://www.autotrader.ca/offers/ford-f-150-xlt-4x4-supercab-styleside-6-ft-box-163-in-wb-au-gasoline-bronze-cat_ma29gr16518tr11290-179caf2f-ed56-4e10-bbcc-3585b9ab3da6,AutoTrader
DISABLED_MANUAL_REVIEW_REQUIRED,manual_review_required,success,clean,,success,2026-07-21T22:01:06+00:00,source_reported_not_independently_verified,legacy_method_not_yet_disambiguated,,,2019,Ford,F 150,LARIAT 4WD SUPERCREW BACKUP CAMERA NAVIGATION PUSH,3,32988,No change noted,"Up $1,000 over 8 weeks",8,31988,32988,0,1000,133990,3.5L,Gasoline,Unknown,N/A,Auto House,Dealer,"2404 23rd Ave NE, CALGARY, AB, T2E8J4","CALGARY, AB",149,city_center,3f068692-f456-4dfb-8b26-82619990cc68,,,https://www.autotrader.ca/offers/ford-f-150-lariat-4wd-supercrew-backup-camera-navigation-push-gasoline-white-cat_ma29gr16518tr11275-3f068692-f456-4dfb-8b26-82619990cc68,AutoTrader
DISABLED_MANUAL_REVIEW_REQUIRED,manual_review_required,success,clean,,success,2026-07-21T22:01:06+00:00,source_reported_not_independently_verified,legacy_method_not_yet_disambiguated,,,2019,Ford,F 150,XL,1,39900,No change noted,Unchanged for 3 weeks,3,39900,39900,0,0,135000,3.5L,Gasoline,Unknown,N/A,Unknown,Dealer,,"TABER, AB",292,city_center,48312039-e613-4876-98e2-13c62eb44788,,,https://www.autotrader.ca/offers/ford-f-150-xl-gasoline-grey-cat_ma29gr16518-48312039-e613-4876-98e2-13c62eb44788,AutoTrader
DISABLED_MANUAL_REVIEW_REQUIRED,manual_review_required,success,clean,,success,2026-07-21T22:01:06+00:00,source_reported_not_independently_verified,legacy_method_not_yet_disambiguated,,,2019,Ford,F 150,XLT,2,28989,No change noted,Up $1 over 1 weeks,1,28988,28988,1,1,106070,Unknown,Gasoline,Unknown,N/A,Capital Chrysler Jeep Dodge,Dealer,"1311 101 St. SW, EDMONTON, AB, T6X 1A1","EDMONTON, AB",140,address,4a802bab-091f-4f15-bac5-d27f1266420d,,,https://www.autotrader.ca/offers/ford-f-150-xlt-gasoline-black-cat_ma29gr16518-4a802bab-091f-4f15-bac5-d27f1266420d,AutoTrader
DISABLED_MANUAL_REVIEW_REQUIRED,manual_review_required,success,clean,,success,2026-07-21T22:01:06+00:00,source_reported_not_independently_verified,legacy_method_not_yet_disambiguated,,,2019,Ford,F 150,Lariat,3,38799,No change noted,Unchanged for 1 weeks,1,38799,38799,0,0,118822,Unknown,Gasoline,Unknown,N/A,RIPLEY FORD,Dealer,"1560 Saskatchewan Drive South, MELFORT, SK, S0E1A0","MELFORT, SK",713,city_center,6af60449-0b7a-4f7a-8eec-addc155b880e,,,https://www.autotrader.ca/offers/ford-f-150-lariat-gasoline-blue-cat_ma29gr16518tr11275-6af60449-0b7a-4f7a-8eec-addc155b880e,AutoTrader
DISABLED_MANUAL_REVIEW_REQUIRED,manual_review_required,success,clean,,success,2026-07-21T22:01:06+00:00,source_reported_not_independently_verified,legacy_method_not_yet_disambiguated,,,2019,Ford,F 150,Lariat,3,28780,No change noted,First seen this week,0,28780,28780,0,0,196156,Unknown,Gasoline,Unknown,N/A,Rivershore Chrysler Dodge Jeep,Dealer,"2477 Trans-Canada Hwy, Kamloops, BC, V2C4A9","Kamloops, BC",751,address,878242f5-84f2-4a12-84fa-58b8460056eb,,,https://www.autotrader.ca/offers/ford-f-150-lariat-gasoline-grey-cat_ma29gr16518-878242f5-84f2-4a12-84fa-58b8460056eb,AutoTrader
DISABLED_MANUAL_REVIEW_REQUIRED,manual_review_required,success,clean,,success,2026-07-21T22:01:06+00:00,source_reported_not_independently_verified,legacy_method_not_yet_disambiguated,,,2019,Ford,F 150,Lariat,3,35900,No change noted,Unchanged for 3 weeks,3,35900,35900,0,0,148000,3.5L,Gasoline,Unknown,N/A,Unknown,Dealer,,"Medicine Hat, AB",406,city_center,92a2a5a3-e234-41c9-bcf5-31f3250208fb,,,https://www.autotrader.ca/offers/ford-f-150-lariat-gasoline-black-cat_ma29gr16518-92a2a5a3-e234-41c9-bcf5-31f3250208fb,AutoTrader
DISABLED_MANUAL_REVIEW_REQUIRED,manual_review_required,success,clean,,success,2026-07-21T22:01:06+00:00,source_reported_not_independently_verified,legacy_method_not_yet_disambiguated,,,2019,Ford,F 150,XLT 301A PKG| 5.0L| TOW PKG| XLT SPORT PKG,2,30999,No change noted,Unchanged for 2 weeks,2,30999,30999,0,0,111325,Unknown,Gasoline,Unknown,N/A,Innisfail Chrysler Dodge Jeep Ram,Dealer,"5110 40 Ave, Innisfail, AB, T4G 1Z1","Innisfail, AB",33,address,96022247-c5d9-4bdb-be17-c5fa1a44aa23,,,https://www.autotrader.ca/offers/ford-f-150-xlt-301a-pkg-5-0l-tow-pkg-xlt-sport-pkg-gasoline-black-cat_ma29gr16518-96022247-c5d9-4bdb-be17-c5fa1a44aa23,AutoTrader
DISABLED_MANUAL_REVIEW_REQUIRED,manual_review_required,success,clean,,success,2026-07-21T22:01:06+00:00,source_reported_not_independently_verified,legacy_method_not_yet_disambiguated,,,2019,Ford,F 150,SUPERCREW,1,29998,No change noted,Unchanged for 3 weeks,3,29998,29998,0,0,131033,5.0L,Gasoline,No accidents reported,N/A,Cypress Motors MC,Dealer,"214 Jasper Street, MAPLE CREEK, SK, S0N 1N0","MAPLE CREEK, SK",509,address,97602a67-b2e1-4de3-9e88-e636bd3ea418,,,https://www.autotrader.ca/offers/ford-f-150-supercrew-gasoline-black-cat_ma29gr16518-97602a67-b2e1-4de3-9e88-e636bd3ea418,AutoTrader
DISABLED_MANUAL_REVIEW_REQUIRED,manual_review_required,success,clean,,success,2026-07-21T22:01:06+00:00,source_reported_not_independently_verified,legacy_method_not_yet_disambiguated,,,2019,Ford,F 150,Platinum,3,34990,No change noted,Unchanged for 1 weeks,1,34990,34990,0,0,172798,Unknown,Gasoline,Accident reported,N/A,Woodridge Ford Lincoln,Dealer,"11580 24 Street SE, CALGARY, AB, T2Z3K1","CALGARY, AB",161,address,bf3e98ed-7b63-4f99-b4dd-b34c10be50d8,,,https://www.autotrader.ca/offers/ford-f-150-platinum-gasoline-white-cat_ma29gr16518-bf3e98ed-7b63-4f99-b4dd-b34c10be50d8,AutoTrader
DISABLED_MANUAL_REVIEW_REQUIRED,manual_review_required,success,clean,,success,2026-07-21T22:01:06+00:00,source_reported_not_independently_verified,legacy_method_not_yet_disambiguated,,,2019,Ford,F 150,,1,30998,No change noted,Unchanged for 3 weeks,3,30998,30998,0,0,119227,2.7L,Gasoline,Unknown,N/A,Cypress Motors MC,Dealer,"214 Jasper Street, MAPLE CREEK, SK, S0N 1N0","MAPLE CREEK, SK",509,address,ca9ae56c-5173-42f4-96e9-571952fe4a73,,,https://www.autotrader.ca/offers/ford-f-150-gasoline-blue-cat_ma29gr16518-ca9ae56c-5173-42f4-96e9-571952fe4a73,AutoTrader
DISABLED_MANUAL_REVIEW_REQUIRED,manual_review_required,success,clean,,success,2026-07-21T22:01:06+00:00,source_reported_not_independently_verified,legacy_method_not_yet_disambiguated,,,2019,Ford,F 150,Lariat - 360 Cam | Pano Roof | Fuel Wheel | Lifted,3,39995,No change noted,First seen this week,0,39995,39995,0,0,124830,2.7L,Gasoline,No accidents reported,N/A,Carget Automotive,Dealer,"518 51st Street, Saskatoon, SK, S7K7L1","Saskatoon, SK",541,address,d3b11e7b-e919-4669-824f-788af3bbc9eb,,,https://www.autotrader.ca/offers/ford-f-150-lariat-360-cam-pano-roof-fuel-wheel-lifted-gasoline-grey-cat_ma29gr16518tr11275-d3b11e7b-e919-4669-824f-788af3bbc9eb,AutoTrader
DISABLED_MANUAL_REVIEW_REQUIRED,manual_review_required,success,clean,,success,2026-07-21T22:01:06+00:00,source_reported_not_independently_verified,legacy_method_not_yet_disambiguated,,,2019,Ford,F 150,,1,26998,No change noted,Unchanged for 3 weeks,3,26998,26998,0,0,188938,2.7L,Gasoline,No accidents reported,N/A,Cypress Motors MC,Dealer,"214 Jasper Street, MAPLE CREEK, SK, S0N 1N0","MAPLE CREEK, SK",509,address,ebf5d1db-43a6-489f-8136-973e824aee3b,,,https://www.autotrader.ca/offers/ford-f-150-gasoline-cat_ma29gr16518tr11290-ebf5d1db-43a6-489f-8136-973e824aee3b,AutoTrader
DISABLED_MANUAL_REVIEW_REQUIRED,manual_review_required,success,clean,,success,2026-07-21T22:01:06+00:00,source_reported_not_independently_verified,legacy_method_not_yet_disambiguated,,,2020,Ford,F 150,XLT 4WD | 2.7L Ecoboost | 6 Seater,2,29999,No change noted,Unchanged for 3 weeks,3,29999,29999,0,0,144493,2.7L,Gasoline,Unknown,N/A,Paradise Motors,Dealer,"1451 North Service Rd West, Swift Current, SK, S9H 5H1","Swift Current, SK",626,address,0a700879-681d-4d95-a2bc-a2a598c4c0df,,,https://www.autotrader.ca/offers/ford-f-150-xlt-4wd-2-7l-ecoboost-6-seater-gasoline-black-cat_ma29gr16518tr11290-0a700879-681d-4d95-a2bc-a2a598c4c0df,AutoTrader
DISABLED_MANUAL_REVIEW_REQUIRED,manual_review_required,success,clean,,success,2026-07-21T22:01:06+00:00,source_reported_not_independently_verified,legacy_method_not_yet_disambiguated,,,2020,Ford,F 150,Lariat 2.7L SuperCrew 4WD | Remote Release Tailgat,3,36800,No change noted,Unchanged for 1 weeks,1,36800,36800,0,0,141804,2.7L,Gasoline,Unknown,N/A,Kelowna Chevrolet,Dealer,"2350 Hwy 97N, KELOWNA, BC, V1X4H8","KELOWNA, BC",750,city_center,20cd106d-e2b0-439a-8ae3-2a1ad936033a,,,https://www.autotrader.ca/offers/ford-f-150-lariat-2-7l-supercrew-4wd-remote-release-tailgat-gasoline-black-cat_ma29gr16518-20cd106d-e2b0-439a-8ae3-2a1ad936033a,AutoTrader
DISABLED_MANUAL_REVIEW_REQUIRED,manual_review_required,success,clean,,success,2026-07-21T22:01:06+00:00,source_reported_not_independently_verified,legacy_method_not_yet_disambiguated,,,2020,Ford,F 150,Raptor Metal Front Bumper | LED Bumper Lights | Re,3,57507,"Reduced from $ 59,276,-","Down $1,769 over 4 weeks",4,59276,57507,0,-1769,150467,Unknown,Gasoline,Unknown,N/A,Davis Dodge Lethbridge,Dealer,"3216 - 1st Ave. South, LETHBRIDGE, AB, T1J4H2","LETHBRIDGE, AB",354,city_center,59c2dc42-ce97-4fc4-a025-aabc07806f47,,,https://www.autotrader.ca/offers/ford-f-150-raptor-metal-front-bumper-led-bumper-lights-re-gasoline-white-cat_ma29gr16518tr11282-59c2dc42-ce97-4fc4-a025-aabc07806f47,AutoTrader
DISABLED_MANUAL_REVIEW_REQUIRED,manual_review_required,success,clean,,success,2026-07-21T22:01:06+00:00,source_reported_not_independently_verified,legacy_method_not_yet_disambiguated,,,2020,Ford,F 150,KING RANCH|LEATHER STEERING WHEEL|TECH PKG|MAX TRA,3,38888,No change noted,Unchanged for 4 weeks,4,38888,38888,0,0,153095,3.5L,Gasoline,Unknown,N/A,Champion Ford,Dealer,"1 Champion Road, Carstairs, AB, T0M 0N0","Carstairs, AB",91,address,5b6a3d1b-f321-4197-b76f-83a2db98f8d4,,,https://www.autotrader.ca/offers/ford-f-150-king-ranch-leather-steering-wheel-tech-pkg-max-tra-gasoline-white-cat_ma29gr16518tr11274-5b6a3d1b-f321-4197-b76f-83a2db98f8d4,AutoTrader
DISABLED_MANUAL_REVIEW_REQUIRED,manual_review_required,success,clean,,success,2026-07-21T22:01:06+00:00,source_reported_not_independently_verified,legacy_method_not_yet_disambiguated,,,2020,Ford,F 150,Lariat  - Leather Seats -  Cooled Seats,3,44805,No change noted,Unchanged for 2 weeks,2,44805,44805,0,0,112326,5.0L,Gasoline,No accidents reported,N/A,Legacy Ford Rimbey,Dealer,"4702 - 51 St., RIMBEY, AB, T0C 2J0","RIMBEY, AB",64,address,c6588577-61d9-44d1-9d32-a8531c0c356f,,,https://www.autotrader.ca/offers/ford-f-150-lariat-leather-seats-cooled-seats-gasoline-cat_ma29gr16518-c6588577-61d9-44d1-9d32-a8531c0c356f,AutoTrader
DISABLED_MANUAL_REVIEW_REQUIRED,manual_review_required,success,clean,,success,2026-07-21T22:01:06+00:00,source_reported_not_independently_verified,legacy_method_not_yet_disambiguated,,,2020,Ford,F 150,"Lariat Twin Panel Moonroof, Adaptive cruise contro",3,39999,No change noted,Unchanged for 1 weeks,1,39999,39999,0,0,148535,5.0L,Gasoline,Unknown,N/A,Cam Clark Ford Red Deer,Dealer,"417 Lantern Street, RED DEER, AB, T4E 0A5","RED DEER, AB",8,address,e7d441b5-ec6d-4b59-86d2-a62428dfdcf4,,,https://www.autotrader.ca/offers/ford-f-150-lariat-twin-panel-moonroof-adaptive-cruise-contro-gasoline-black-cat_ma29gr16518-e7d441b5-ec6d-4b59-86d2-a62428dfdcf4,AutoTrader
DISABLED_MANUAL_REVIEW_REQUIRED,manual_review_required,success,clean,,success,2026-07-21T22:01:06+00:00,source_reported_not_independently_verified,legacy_method_not_yet_disambiguated,,,2020,Ford,F 150,ONE OWNER | LOCAL TRADE | BC VEHICLE | 4X4 | 2.7L,1,29495,No change noted,Unchanged for 1 weeks,1,29495,29495,0,0,149863,Unknown,Gasoline,Unknown,N/A,Dearborn Ford,Dealer,"2555 East Trans Canada Hwy, KAMLOOPS, BC, V2C4B1","KAMLOOPS, BC",752,address,e853c88b-790b-406b-a1b9-d6cf5736e405,,,https://www.autotrader.ca/offers/ford-f-150-one-owner-local-trade-bc-vehicle-4x4-2-7l-gasoline-black-cat_ma29gr16518tr11290-e853c88b-790b-406b-a1b9-d6cf5736e405,AutoTrader
DISABLED_MANUAL_REVIEW_REQUIRED,manual_review_required,success,clean,,success,2026-07-21T22:01:06+00:00,source_reported_not_independently_verified,legacy_method_not_yet_disambiguated,,,2021,Ford,F 150,Lariat,3,42995,No change noted,First seen this week,0,42995,42995,0,0,95939,Unknown,Gasoline,Unknown,N/A,Kelowna Chrysler Dodge Jeep,Dealer,"2440 Enterprise Way, KELOWNA, BC, V1X 6X6","KELOWNA, BC",748,address,088f5051-2f15-47ed-9fee-8b2a710b63c6,,,https://www.autotrader.ca/offers/ford-f-150-lariat-gasoline-black-cat_ma29gr16518-088f5051-2f15-47ed-9fee-8b2a710b63c6,AutoTrader
DISABLED_MANUAL_REVIEW_REQUIRED,manual_review_required,success,clean,,success,2026-07-21T22:01:06+00:00,source_reported_not_independently_verified,legacy_method_not_yet_disambiguated,,,2021,Ford,F 150,"Sport 4WD Crew Loaded, Buckets, Sunroof, Save $$$",2,28995,No change noted,Unchanged for 6 weeks,6,28995,28995,0,0,201915,3.5L,Gasoline,Unknown,N/A,Gauvin Motors Ltd,Dealer,"720 Chaplin Street West, SWIFT CURRENT, SK, S9H 0G4","SWIFT CURRENT, SK",627,address,0f6ab4fb-be38-41fd-8520-394f57ba0374,,,https://www.autotrader.ca/offers/ford-f-150-sport-4wd-crew-loaded-buckets-sunroof-save-gasoline-white-cat_ma29gr16518tr11290-0f6ab4fb-be38-41fd-8520-394f57ba0374,AutoTrader
DISABLED_MANUAL_REVIEW_REQUIRED,manual_review_required,success,clean,,success,2026-07-21T22:01:06+00:00,source_reported_not_independently_verified,legacy_method_not_yet_disambiguated,,,2021,Ford,F 150,Limited 3.5LPowerboost/Nav/FUEL Rims/BLUECRUISE,3,49945,No change noted,Unchanged for 5 weeks,5,49945,49945,0,0,139684,3.5L,Gas/Electric Hybrid,Accident reported,N/A,D&D Vehicle Sales Inc,Dealer,"3760 48th Ave, CAMROSE, AB, T4V 3Z8","CAMROSE, AB",142,city_center,183ff399-a3a7-40bc-9e6c-73044328dc55,,,https://www.autotrader.ca/offers/ford-f-150-limited-3-5lpowerboost-nav-fuel-rims-bluecruise-gas-electric-hybrid-white-cat_ma29gr16518tr11279-183ff399-a3a7-40bc-9e6c-73044328dc55,AutoTrader
DISABLED_MANUAL_REVIEW_REQUIRED,manual_review_required,success,clean,,success,2026-07-21T22:01:06+00:00,source_reported_not_independently_verified,legacy_method_not_yet_disambiguated,,,2021,Ford,F 150,Lariat,3,39995,No change noted,"Down $2,004 over 4 weeks",4,41999,39995,0,-2004,141558,3.5L,Gasoline,Unknown,N/A,Cypress Motors SC,Dealer,"2234 South Service Road West, SWIFT CURRENT, SK, S9H5J7","SWIFT CURRENT, SK",625,address,1aeaf129-ef22-492c-9863-c5585a29fa1c,,,https://www.autotrader.ca/offers/ford-f-150-lariat-gasoline-grey-cat_ma29gr16518tr11275-1aeaf129-ef22-492c-9863-c5585a29fa1c,AutoTrader
DISABLED_MANUAL_REVIEW_REQUIRED,manual_review_required,success,clean,,success,2026-07-21T22:01:06+00:00,source_reported_not_independently_verified,legacy_method_not_yet_disambiguated,,,2021,Ford,F 150,XLT,2,31888,No change noted,"Down $2,000 over 7 weeks",7,33888,31888,0,-2000,118680,3.5L,Gasoline,No accidents reported,N/A,Adrenalin Motors,Dealer,"342 Laura Avenue, Red Deer, AB, T4E 0A5","Red Deer, AB",8,address,1e4c08ea-b17f-4d7b-96af-4be06876897f,,,https://www.autotrader.ca/offers/ford-f-150-xlt-gasoline-white-cat_ma29gr16518-1e4c08ea-b17f-4d7b-96af-4be06876897f,AutoTrader
DISABLED_MANUAL_REVIEW_REQUIRED,manual_review_required,success,clean,,success,2026-07-21T22:01:06+00:00,source_reported_not_independently_verified,legacy_method_not_yet_disambiguated,,,2021,Ford,F 150,XLT 3.5L 4X4 | Rear View Camera | Remote Keyless E,2,41980,No change noted,Unchanged for 1 weeks,1,41980,41980,0,0,14023,3.5L,Gasoline,Unknown,N/A,Kelowna Chevrolet,Dealer,"2350 Hwy 97N, KELOWNA, BC, V1X4H8","KELOWNA, BC",750,city_center,383a7c54-d2a1-4da1-a214-5aae6d5e872b,,,https://www.autotrader.ca/offers/ford-f-150-xlt-3-5l-4x4-rear-view-camera-remote-keyless-e-gasoline-grey-cat_ma29gr16518-383a7c54-d2a1-4da1-a214-5aae6d5e872b,AutoTrader
DISABLED_MANUAL_REVIEW_REQUIRED,manual_review_required,success,clean,,success,2026-07-21T22:01:06+00:00,source_reported_not_independently_verified,legacy_method_not_yet_disambiguated,,,2021,Ford,F 150,Lariat  Accident Free | 5.0L V8 | FX4 | Twin Panel,3,34949,No change noted,Down $36 over 3 weeks,3,34985,34949,0,-36,173950,Unknown,Gasoline,No accidents reported,N/A,High River Ford,Dealer,"1103 11th Ave S.E., HIGH RIVER, AB, T1V 1M3","HIGH RIVER, AB",209,city_center,4f1663fc-d38c-4bd7-a38a-2af59aaa4d6f,,,https://www.autotrader.ca/offers/ford-f-150-lariat-accident-free-5-0l-v8-fx4-twin-panel-gasoline-white-cat_ma29gr16518-4f1663fc-d38c-4bd7-a38a-2af59aaa4d6f,AutoTrader
DISABLED_MANUAL_REVIEW_REQUIRED,manual_review_required,success,clean,,success,2026-07-21T22:01:06+00:00,source_reported_not_independently_verified,legacy_method_not_yet_disambiguated,,,2021,Ford,F 150,Platinum,3,50999,No change noted,Unchanged for 4 weeks,4,50999,50999,0,0,116000,3.5L,Gasoline,Unknown,N/A,Cypress Motors SC,Dealer,"2234 South Service Road West, SWIFT CURRENT, SK, S9H5J7","SWIFT CURRENT, SK",625,address,56cb43ca-3d0f-4571-8cd3-5a0ecf1bbedc,,,https://www.autotrader.ca/offers/ford-f-150-platinum-gasoline-black-cat_ma29gr16518-56cb43ca-3d0f-4571-8cd3-5a0ecf1bbedc,AutoTrader
DISABLED_MANUAL_REVIEW_REQUIRED,manual_review_required,success,clean,,success,2026-07-21T22:01:06+00:00,source_reported_not_independently_verified,legacy_method_not_yet_disambiguated,,,2021,Ford,F 150,"Crew, Ecoboost, 4x4, Loaded, Shop & Compare Price!",1,29995,No change noted,Unchanged for 2 weeks,2,29995,29995,0,0,177504,3.5L,Gasoline,Unknown,N/A,Gauvin Motors Ltd,Dealer,"720 Chaplin Street West, SWIFT CURRENT, SK, S9H 0G4","SWIFT CURRENT, SK",627,address,621240ce-df0d-42b7-9545-8dd36e066094,,,https://www.autotrader.ca/offers/ford-f-150-crew-ecoboost-4x4-loaded-shop-compare-price-gasoline-white-cat_ma29gr16518tr11290-621240ce-df0d-42b7-9545-8dd36e066094,AutoTrader
DISABLED_MANUAL_REVIEW_REQUIRED,manual_review_required,success,clean,,success,2026-07-21T22:01:06+00:00,source_reported_not_independently_verified,legacy_method_not_yet_disambiguated,,,2021,Ford,F 150,XL,1,37880,No change noted,Unchanged for 11 weeks,11,37880,37880,0,0,61364,2.7L,Gasoline,Unknown,N/A,RIPLEY FORD,Dealer,"1560 Saskatchewan Drive South, MELFORT, SK, S0E1A0","MELFORT, SK",713,city_center,7e17fe6f-2221-40c2-9f34-3db5fd2e7644,,,https://www.autotrader.ca/offers/ford-f-150-xl-gasoline-blue-cat_ma29gr16518tr11288-7e17fe6f-2221-40c2-9f34-3db5fd2e7644,AutoTrader
DISABLED_MANUAL_REVIEW_REQUIRED,manual_review_required,success,clean,,success,2026-07-21T22:01:06+00:00,source_reported_not_independently_verified,legacy_method_not_yet_disambiguated,,,2021,Ford,F 150,LARIAT 502A SPORT FX4 | POWER BOARDS | B&O AUDIO,3,42995,No change noted,"Down $7,000 over 3 weeks",3,49995,42995,0,-7000,134126,3.5L,Gasoline,Accident reported,N/A,Boundary Ford Sales,Dealer,"2502-50th Avenue, Lloydminster, SK, T9V2S3","Lloydminster, SK",368,city_center,9441bcbc-e358-408c-a45d-8d177e834bcd,,,https://www.autotrader.ca/offers/ford-f-150-lariat-502a-sport-fx4-power-boards-bo-audio-gasoline-white-cat_ma29gr16518-9441bcbc-e358-408c-a45d-8d177e834bcd,AutoTrader
DISABLED_MANUAL_REVIEW_REQUIRED,manual_review_required,success,clean,,success,2026-07-21T22:01:06+00:00,source_reported_not_independently_verified,legacy_method_not_yet_disambiguated,,,2021,Ford,F 150,Lariat,3,40625,No change noted,Unchanged for 9 weeks,9,40625,40625,0,0,163697,5.0L,Gasoline,Unknown,N/A,RIPLEY FORD,Dealer,"1560 Saskatchewan Drive South, MELFORT, SK, S0E1A0","MELFORT, SK",713,city_center,953fe389-442b-43ee-a8ed-c898678849db,,,https://www.autotrader.ca/offers/ford-f-150-lariat-gasoline-blue-cat_ma29gr16518tr11275-953fe389-442b-43ee-a8ed-c898678849db,AutoTrader
DISABLED_MANUAL_REVIEW_REQUIRED,manual_review_required,success,clean,,success,2026-07-21T22:01:06+00:00,source_reported_not_independently_verified,legacy_method_not_yet_disambiguated,,,2021,Ford,F 150,| LIMITED | 4X4 | HEATED/VENTILATED SEATS | HEATED,3,57740,No change noted,Down $200 over 3 weeks,3,57940,57740,0,-200,52708,Unknown,Gasoline,Unknown,N/A,Kamloops Ford Lincoln,Dealer,"940 Halston Avenue, Kamloops, BC, V2B 2B8","Kamloops, BC",762,address,98f4552a-4e82-4b71-82aa-2de8112c5793,,,https://www.autotrader.ca/offers/ford-f-150-limited-4x4-heated-ventilated-seats-heated-gasoline-blue-cat_ma29gr16518tr11279-98f4552a-4e82-4b71-82aa-2de8112c5793,AutoTrader
DISABLED_MANUAL_REVIEW_REQUIRED,manual_review_required,success,clean,,success,2026-07-21T22:01:06+00:00,source_reported_not_independently_verified,legacy_method_not_yet_disambiguated,,,2021,Ford,F 150,XL 4x4 SuperCab 6.5' Box w/Tonneau Cover & Truck B,1,34985,No change noted,Unchanged for 6 weeks,6,34985,34985,0,0,90207,2.7L,Gasoline,Unknown,N/A,Jim Pattison Lease,Dealer,"1235-73rd Ave S.E., CALGARY, AB, T2H2X1","CALGARY, AB",149,city_center,a760f3cb-b511-41b8-8d71-757a993d9353,,,https://www.autotrader.ca/offers/ford-f-150-xl-4x4-supercab-6-5-box-w-tonneau-cover-truck-b-gasoline-white-cat_ma29gr16518-a760f3cb-b511-41b8-8d71-757a993d9353,AutoTrader
DISABLED_MANUAL_REVIEW_REQUIRED,manual_review_required,success,clean,,success,2026-07-21T22:01:06+00:00,source_reported_not_independently_verified,legacy_method_not_yet_disambiguated,,,2021,Ford,F 150,"XLT *NO DAMAGE HISTORY, WELL EQUIPPED, TOUCHSCREEN",2,27985,No change noted,Down $5 over 2 weeks,2,27990,27990,-5,-5,159920,3.3L,Gasoline,Accident reported,N/A,GO AUTO OUTLET SOUTH,Dealer,"2262 Sparrow Dr, Nisku, AB, T9E 8A2","Nisku, AB",129,address,b9704e78-26e8-40d2-a0e4-97c85094216c,,,https://www.autotrader.ca/offers/ford-f-150-xlt-no-damage-history-well-equipped-touchscreen-gasoline-silver-cat_ma29gr16518tr11290-b9704e78-26e8-40d2-a0e4-97c85094216c,AutoTrader
DISABLED_MANUAL_REVIEW_REQUIRED,manual_review_required,success,clean,,success,2026-07-21T22:01:06+00:00,source_reported_not_independently_verified,legacy_method_not_yet_disambiguated,,,2021,Ford,F 150,XLT  w/XTR Pkg!,2,28555,No change noted,"Down $1,222 over 9 weeks",9,29777,28555,0,-1222,155626,2.7L,Gasoline,Accident reported,N/A,DK Ford,Dealer,"6559 Sparrow Drive, LEDUC, AB, T9E7L1","LEDUC, AB",123,address,bb037e16-333a-40bc-a622-e355ae3d34a2,,,https://www.autotrader.ca/offers/ford-f-150-xlt-w-xtr-pkg-gasoline-white-cat_ma29gr16518tr11290-bb037e16-333a-40bc-a622-e355ae3d34a2,AutoTrader
DISABLED_MANUAL_REVIEW_REQUIRED,manual_review_required,success,clean,,success,2026-07-21T22:01:06+00:00,source_reported_not_independently_verified,legacy_method_not_yet_disambiguated,,,2021,Ford,F 150,XL,1,37803,No change noted,Unchanged for 2 weeks,2,37803,37803,0,0,164552,3.5L,Gasoline,Unknown,N/A,Mountain View Dodge,Dealer,"43 - 32580 RR 11 (HWY 2 & 27), OLDS, AB, T4H 1P6","OLDS, AB",63,city_center,be99ce26-4179-4f7d-9241-73b0c8a1a4ab,,,https://www.autotrader.ca/offers/ford-f-150-xl-gasoline-white-cat_ma29gr16518-be99ce26-4179-4f7d-9241-73b0c8a1a4ab,AutoTrader
DISABLED_MANUAL_REVIEW_REQUIRED,manual_review_required,success,clean,,success,2026-07-21T22:01:06+00:00,source_reported_not_independently_verified,legacy_method_not_yet_disambiguated,,,2021,Ford,F 150,Tremor,3,39999,No change noted,"Down $3,000 over 9 weeks",9,42999,39999,0,-3000,154068,3.5L,Gasoline,Unknown,N/A,RIPLEY FORD,Dealer,"1560 Saskatchewan Drive South, MELFORT, SK, S0E1A0","MELFORT, SK",713,city_center,d87e81ac-0f1b-4852-95be-debbd7e1bef3,,,https://www.autotrader.ca/offers/ford-f-150-tremor-gasoline-grey-cat_ma29gr16518tr11287-d87e81ac-0f1b-4852-95be-debbd7e1bef3,AutoTrader
DISABLED_MANUAL_REVIEW_REQUIRED,manual_review_required,success,clean,,success,2026-07-21T22:01:06+00:00,source_reported_not_independently_verified,legacy_method_not_yet_disambiguated,,,2021,Ford,F 150,XLT Supercrew 4x4,2,29995,"Reduced from $ 31,995,-",Unchanged for 1 weeks,1,29995,29995,0,0,155996,2.7L,Gasoline,Unknown,N/A,V.I.P. Auto Sales,Dealer,"11778 20th Ave, BLAIRMORE, AB, T0K 0E0","BLAIRMORE, AB",363,city_center,ebf4ffb6-1db7-45e0-9db0-7afdf54b9a4c,,,https://www.autotrader.ca/offers/ford-f-150-xlt-supercrew-4x4-gasoline-blue-cat_ma29gr16518tr11290-ebf4ffb6-1db7-45e0-9db0-7afdf54b9a4c,AutoTrader
DISABLED_MANUAL_REVIEW_REQUIRED,manual_review_required,success,clean,,success,2026-07-21T22:01:06+00:00,source_reported_not_independently_verified,legacy_method_not_yet_disambiguated,,,2021,Ford,F 150,XLT 4WD SuperCab 8' Box,2,38788,No change noted,Down $924 over 11 weeks,11,39712,38788,0,-924,80635,3.5L,Gasoline,Unknown,N/A,Velocity Ford,Dealer,"661 Thatcher Dr E, Moose Jaw, SK, S6J 1L8","Moose Jaw, SK",799,city_center,ed6e3048-be57-4ec9-bbcd-86bb0db67eb0,,,https://www.autotrader.ca/offers/ford-f-150-xlt-4wd-supercab-8-box-gasoline-grey-cat_ma29gr16518tr11290-ed6e3048-be57-4ec9-bbcd-86bb0db67eb0,AutoTrader
DISABLED_MANUAL_REVIEW_REQUIRED,manual_review_required,success,clean,,success,2026-07-21T22:01:06+00:00,source_reported_not_independently_verified,legacy_method_not_yet_disambiguated,,,2021,Ford,F 150,XLT 4WD SuperCrew 5.5' Box,2,31757,No change noted,"Down $1,229 over 9 weeks",9,32986,31757,0,-1229,158569,3.5L,Gasoline,Unknown,N/A,Velocity Ford,Dealer,"661 Thatcher Dr E, Moose Jaw, SK, S6J 1L8","Moose Jaw, SK",799,city_center,f700ba18-905a-46a3-a49a-eebdcbf3a7d3,,,https://www.autotrader.ca/offers/ford-f-150-xlt-4wd-supercrew-5-5-box-gasoline-red-cat_ma29gr16518tr11290-f700ba18-905a-46a3-a49a-eebdcbf3a7d3,AutoTrader
DISABLED_MANUAL_REVIEW_REQUIRED,manual_review_required,success,clean,,success,2026-07-21T22:01:06+00:00,source_reported_not_independently_verified,legacy_method_not_yet_disambiguated,,,2022,Ford,F 150,Limited  No Accidents | PowerBoost Hybrid | Massag,3,46980,No change noted,Unchanged for 1 weeks,1,46980,46980,0,0,144895,Unknown,Gas/Electric Hybrid,No accidents reported,N/A,High River Ford,Dealer,"1103 11th Ave S.E., HIGH RIVER, AB, T1V 1M3","HIGH RIVER, AB",209,city_center,0fc2d8f0-c7d2-4f86-adbe-c67b6bb4d196,,,https://www.autotrader.ca/offers/ford-f-150-limited-no-accidents-powerboost-hybrid-massag-gas-electric-hybrid-white-cat_ma29gr16518-0fc2d8f0-c7d2-4f86-adbe-c67b6bb4d196,AutoTrader
DISABLED_MANUAL_REVIEW_REQUIRED,manual_review_required,success,clean,,success,2026-07-21T22:01:06+00:00,source_reported_not_independently_verified,legacy_method_not_yet_disambiguated,,,2022,Ford,F 150,LARIAT SuperCrew,3,50978,No change noted,"Down $2,682 over 9 weeks",9,53660,50978,0,-2682,93025,5.0L,Gasoline,Unknown,N/A,Capital Ford Lincoln SK,Dealer,"1201 Pasqua Street North, REGINA, SK, S4X 4P7","REGINA, SK",784,address,1c44e7b2-9b5e-459f-9f0b-08ecd78281e5,,,https://www.autotrader.ca/offers/ford-f-150-lariat-supercrew-gasoline-black-cat_ma29gr16518tr11275-1c44e7b2-9b5e-459f-9f0b-08ecd78281e5,AutoTrader
DISABLED_MANUAL_REVIEW_REQUIRED,manual_review_required,success,clean,,success,2026-07-21T22:01:06+00:00,source_reported_not_independently_verified,legacy_method_not_yet_disambiguated,,,2022,Ford,F 150,Lariat,3,46388,No change noted,Unchanged for 8 weeks,8,46388,46388,0,0,74817,2.7L,Gasoline,Unknown,N/A,MGM Ford Lincoln Sales,Dealer,"3010 - 50th Avenue, RED DEER, AB, T4R 1M5","RED DEER, AB",1,city_center,1ecdde28-0d30-498d-a47f-0e403239e4d0,,,https://www.autotrader.ca/offers/ford-f-150-lariat-gasoline-red-cat_ma29gr16518tr11275-1ecdde28-0d30-498d-a47f-0e403239e4d0,AutoTrader
DISABLED_MANUAL_REVIEW_REQUIRED,manual_review_required,success,clean,,success,2026-07-21T22:01:06+00:00,source_reported_not_independently_verified,legacy_method_not_yet_disambiguated,,,2022,Ford,F 150,XLT 4WD SuperCrew 5.5' Box,2,47771,No change noted,Down $220 over 11 weeks,11,47991,47771,0,-220,38816,2.7L,Gasoline,No accidents reported,N/A,Velocity Ford,Dealer,"661 Thatcher Dr E, Moose Jaw, SK, S6J 1L8","Moose Jaw, SK",799,city_center,309faa00-078e-4e5f-89a7-1b56eec532b1,,,https://www.autotrader.ca/offers/ford-f-150-xlt-4wd-supercrew-5-5-box-gasoline-black-cat_ma29gr16518tr11290-309faa00-078e-4e5f-89a7-1b56eec532b1,AutoTrader
DISABLED_MANUAL_REVIEW_REQUIRED,manual_review_required,success,clean,,success,2026-07-21T22:01:06+00:00,source_reported_not_independently_verified,legacy_method_not_yet_disambiguated,,,2022,Ford,F 150,Platinum HEAT + COOLING SEATS | REMOTE START | HEA,3,50218,No change noted,Down $363 over 7 weeks,7,50581,50218,0,-363,115442,3.5L,Gasoline,Unknown,N/A,Cam Clark Ford Calgary/Airdrie,Dealer,"1001 Highland Park Blvd NE, AIRDRIE, AB, T4A 0R2","AIRDRIE, AB",118,address,37605c04-6b0e-44a2-b61c-009865a92559,,,https://www.autotrader.ca/offers/ford-f-150-platinum-heat-+-cooling-seats-remote-start-hea-gasoline-blue-cat_ma29gr16518tr11280-37605c04-6b0e-44a2-b61c-009865a92559,AutoTrader
DISABLED_MANUAL_REVIEW_REQUIRED,manual_review_required,success,clean,,success,2026-07-21T22:01:06+00:00,source_reported_not_independently_verified,legacy_method_not_yet_disambiguated,,,2022,Ford,F 150,XLT 4WD SuperCrew 6.5' Box,2,34929,No change noted,Unchanged for 1 weeks,1,34929,34929,0,0,99806,3.5L,Gasoline,Unknown,N/A,Velocity Ford,Dealer,"661 Thatcher Dr E, Moose Jaw, SK, S6J 1L8","Moose Jaw, SK",799,city_center,3c78e794-e762-407a-8000-8fd78c5ae650,,,https://www.autotrader.ca/offers/ford-f-150-xlt-4wd-supercrew-6-5-box-gasoline-grey-cat_ma29gr16518-3c78e794-e762-407a-8000-8fd78c5ae650,AutoTrader
DISABLED_MANUAL_REVIEW_REQUIRED,manual_review_required,success,clean,,success,2026-07-21T22:01:06+00:00,source_reported_not_independently_verified,legacy_method_not_yet_disambiguated,,,2022,Ford,F 150,XL 4WD SuperCrew 5.5' Box  B.S.A/NAVI/CAM|Immacula,1,34995,No change noted,Unchanged for 3 weeks,3,34995,34995,0,0,150729,3.5L,Gasoline,Unknown,N/A,Southview Motors Inc.,Dealer,"3419 17th Avenue SE, CALGARY, AB, T2A0R3","CALGARY, AB",149,city_center,423c0d9f-03d5-48f8-b45a-805bccfdc262,,,https://www.autotrader.ca/offers/ford-f-150-xl-4wd-supercrew-5-5-box-b-s-a-navi-cam-immacula-gasoline-white-cat_ma29gr16518tr11290-423c0d9f-03d5-48f8-b45a-805bccfdc262,AutoTrader
DISABLED_MANUAL_REVIEW_REQUIRED,manual_review_required,success,clean,,success,2026-07-21T22:01:06+00:00,source_reported_not_independently_verified,legacy_method_not_yet_disambiguated,,,2022,Ford,F 150,Lariat,3,36995,No change noted,Unchanged for 3 weeks,3,36995,36995,0,0,189100,3.5L,Gasoline,Unknown,N/A,Unknown,Dealer,,"LETHBRIDGE, AB",354,city_center,4af10ffa-e618-459e-ac2e-81fb694f6294,,,https://www.autotrader.ca/offers/ford-f-150-lariat-gasoline-white-cat_ma29gr16518-4af10ffa-e618-459e-ac2e-81fb694f6294,AutoTrader
DISABLED_MANUAL_REVIEW_REQUIRED,manual_review_required,success,clean,,success,2026-07-21T22:01:06+00:00,source_reported_not_independently_verified,legacy_method_not_yet_disambiguated,,,2022,Ford,F 150,XLT Ready to register in AB or SK,2,35878,No change noted,Unchanged for 6 weeks,6,35878,35878,0,0,99123,2.7L,Gasoline,Unknown,N/A,Nissan Lloydminster,Dealer,"2202 50th Ave, Lloydminster, SK, T9V2W7","Lloydminster, SK",368,city_center,561bda9a-a8ec-4d0e-8b4d-2afba4964ae9,,,https://www.autotrader.ca/offers/ford-f-150-xlt-ready-to-register-in-ab-or-sk-gasoline-cat_ma29gr16518-561bda9a-a8ec-4d0e-8b4d-2afba4964ae9,AutoTrader
DISABLED_MANUAL_REVIEW_REQUIRED,data_quality_review_required,success,warnings_present,url_year_conflicts_with_parsed_year,success,2026-07-21T22:01:06+00:00,source_reported_not_independently_verified,legacy_method_not_yet_disambiguated,,,2022,Ford,F 150,LARIAT 3.5L/Nav/Sunroof/Canopy,3,37945,No change noted,Unchanged for 7 weeks,7,37945,37945,0,0,139811,3.5L,Gasoline,Accident reported,N/A,D&D Vehicle Sales Inc,Dealer,"3760 48th Ave, CAMROSE, AB, T4V 3Z8","CAMROSE, AB",142,city_center,603323dc-1996-4cb4-bae5-1d52f73224d0,,,https://www.autotrader.ca/offers/ford-f-150-lariat-3-5l-nav-sunroof-canopy-gasoline-blue-cat_ma29gr16518tr11275-603323dc-1996-4cb4-bae5-1d52f73224d0,AutoTrader
DISABLED_MANUAL_REVIEW_REQUIRED,manual_review_required,success,clean,,success,2026-07-21T22:01:06+00:00,source_reported_not_independently_verified,legacy_method_not_yet_disambiguated,,,2022,Ford,F 150,XLT SuperCrew 145 | SYNC 4 | Fog Lights | Keyless,2,33500,No change noted,"Down $2,500 over 8 weeks",8,36000,33500,0,-2500,130220,3.3L,Gasoline,Unknown,N/A,Waterloo Ford,Dealer,"11420 - 107 Ave, Edmonton, AB, T5H 0Y5","Edmonton, AB",156,address,6514dcfe-f6e3-4cef-9691-737d35d1cec5,,,https://www.autotrader.ca/offers/ford-f-150-xlt-supercrew-145-sync-4-fog-lights-keyless-gasoline-red-cat_ma29gr16518tr11290-6514dcfe-f6e3-4cef-9691-737d35d1cec5,AutoTrader
DISABLED_MANUAL_REVIEW_REQUIRED,manual_review_required,success,clean,,success,2026-07-21T22:01:06+00:00,source_reported_not_independently_verified,legacy_method_not_yet_disambiguated,,,2022,Ford,F 150,XLT SuperCrew :),2,35735,No change noted,Down $652 over 7 weeks,7,36387,35735,0,-652,100562,2.7L,Gasoline,Unknown,N/A,Velocity Ford,Dealer,"661 Thatcher Dr E, Moose Jaw, SK, S6J 1L8","Moose Jaw, SK",799,city_center,6fc61874-5d86-45dc-ba63-c72afeff4e72,,,https://www.autotrader.ca/offers/ford-f-150-xlt-supercrew-gasoline-white-cat_ma29gr16518tr11290-6fc61874-5d86-45dc-ba63-c72afeff4e72,AutoTrader
DISABLED_MANUAL_REVIEW_REQUIRED,manual_review_required,success,clean,,success,2026-07-21T22:01:06+00:00,source_reported_not_independently_verified,legacy_method_not_yet_disambiguated,,,2022,Ford,F 150,XLT,2,29000,No change noted,First seen this week,0,29000,29000,0,0,210000,3.5L,Gasoline,Unknown,N/A,Unknown,Dealer,,"Hussar, AB",218,city_center,71551115-7860-4218-8242-f8b3f3a4436d,,,https://www.autotrader.ca/offers/ford-f-150-xlt-gasoline-white-cat_ma29gr16518-71551115-7860-4218-8242-f8b3f3a4436d,AutoTrader
DISABLED_MANUAL_REVIEW_REQUIRED,manual_review_required,success,clean,,success,2026-07-21T22:01:06+00:00,source_reported_not_independently_verified,legacy_method_not_yet_disambiguated,,,2022,Ford,F 150,XLT 4WD SuperCrew 5.5' Box,2,41689,No change noted,"Down $1,242 over 6 weeks",6,42931,41689,0,-1242,68099,2.7L,Gasoline,No accidents reported,N/A,Velocity Ford,Dealer,"661 Thatcher Dr E, Moose Jaw, SK, S6J 1L8","Moose Jaw, SK",799,city_center,82ca33d1-8040-4c0e-b4a3-aacc637582d3,,,https://www.autotrader.ca/offers/ford-f-150-xlt-4wd-supercrew-5-5-box-gasoline-blue-cat_ma29gr16518tr11290-82ca33d1-8040-4c0e-b4a3-aacc637582d3,AutoTrader
DISABLED_MANUAL_REVIEW_REQUIRED,manual_review_required,success,clean,,success,2026-07-21T22:01:06+00:00,source_reported_not_independently_verified,legacy_method_not_yet_disambiguated,,,2022,Ford,F 150,LARIAT/CREW/LEATHER/SUNROOF,3,43988,No change noted,Down $11 over 7 weeks,7,43999,43988,0,-11,95493,2.7L,Gasoline,Unknown,N/A,West Edmonton Hyundai,Dealer,"10120-178 St, Edmonton, AB, T5S1P5","Edmonton, AB",163,address,87156572-1c8f-4e6c-b38d-3c6d808d3cc5,,,https://www.autotrader.ca/offers/ford-f-150-lariat-crew-leather-sunroof-gasoline-black-cat_ma29gr16518tr11275-87156572-1c8f-4e6c-b38d-3c6d808d3cc5,AutoTrader
DISABLED_MANUAL_REVIEW_REQUIRED,manual_review_required,success,clean,,success,2026-07-21T22:01:06+00:00,source_reported_not_independently_verified,legacy_method_not_yet_disambiguated,,,2022,Ford,F 150,Lariat,3,47698,No change noted,"Down $2,292 over 7 weeks",7,49990,47698,0,-2292,74901,2.7L,Gasoline,Accident reported,N/A,Aspen Ford Sales Ltd.,Dealer,"4402 - 42 St., STETTLER, AB, T0C2L0","STETTLER, AB",82,address,92df7e12-e3f6-47a8-b0a2-f98e676b36bd,,,https://www.autotrader.ca/offers/ford-f-150-lariat-gasoline-red-cat_ma29gr16518tr11275-92df7e12-e3f6-47a8-b0a2-f98e676b36bd,AutoTrader
DISABLED_MANUAL_REVIEW_REQUIRED,manual_review_required,success,clean,,success,2026-07-21T22:01:06+00:00,source_reported_not_independently_verified,legacy_method_not_yet_disambiguated,,,2022,Ford,F 150,,1,32989,No change noted,Unchanged for 1 weeks,1,32989,32989,0,0,170000,Unknown,Gasoline,Unknown,N/A,Salmon Arm GM,Dealer,"3901 11th Ave NE, SALMON ARM, BC, V1E 2S2","SALMON ARM, BC",648,city_center,94fc5aa1-a077-46cb-abba-8948be834c6d,,,https://www.autotrader.ca/offers/ford-f-150-gasoline-cat_ma29gr16518-94fc5aa1-a077-46cb-abba-8948be834c6d,AutoTrader
DISABLED_MANUAL_REVIEW_REQUIRED,manual_review_required,success,clean,,success,2026-07-21T22:01:06+00:00,source_reported_not_independently_verified,legacy_method_not_yet_disambiguated,,,2022,Ford,F 150,XL,1,28642,No change noted,Down $357 over 7 weeks,7,28999,28642,0,-357,189971,2.7L,Gasoline,Unknown,N/A,Subaru of Saskatoon,Dealer,"321 Circle Dr W, Saskatoon, SK, S7L 5S8","Saskatoon, SK",539,address,aeed9c74-b063-4d79-962d-8ee582d9dab5,,,https://www.autotrader.ca/offers/ford-f-150-xl-gasoline-red-cat_ma29gr16518tr11288-aeed9c74-b063-4d79-962d-8ee582d9dab5,AutoTrader
DISABLED_MANUAL_REVIEW_REQUIRED,manual_review_required,success,clean,,success,2026-07-21T22:01:06+00:00,source_reported_not_independently_verified,legacy_method_not_yet_disambiguated,,,2022,Ford,F 150,XLT 3.3L V-6 LOW KM Crew Cab 4X4 w/5.5Ft. Box & Bo,2,41985,No change noted,Unchanged for 8 weeks,8,41985,41985,0,0,29019,3.3L,Gasoline,No accidents reported,N/A,Jim Pattison Lease,Dealer,"1235-73rd Ave S.E., CALGARY, AB, T2H2X1","CALGARY, AB",149,city_center,b08d5e68-aed6-4a1d-9e20-fd1aa6af3574,,,https://www.autotrader.ca/offers/ford-f-150-xlt-3-3l-v-6-low-km-crew-cab-4x4-w-5-5ft-box-bo-gasoline-white-cat_ma29gr16518tr11290-b08d5e68-aed6-4a1d-9e20-fd1aa6af3574,AutoTrader
DISABLED_MANUAL_REVIEW_REQUIRED,manual_review_required,success,clean,,success,2026-07-21T22:01:06+00:00,source_reported_not_independently_verified,legacy_method_not_yet_disambiguated,,,2022,Ford,F 150,XLT  - Remote Start -  Apple CarPlay,2,37615,No change noted,First seen this week,0,37615,37615,0,0,108790,Unknown,Gasoline,Accident reported,N/A,High River Ford,Dealer,"1103 11th Ave S.E., HIGH RIVER, AB, T1V 1M3","HIGH RIVER, AB",209,city_center,b1b1c460-9c35-45cf-a8a3-0cfc82a4f760,,,https://www.autotrader.ca/offers/ford-f-150-xlt-remote-start-apple-carplay-gasoline-grey-cat_ma29gr16518-b1b1c460-9c35-45cf-a8a3-0cfc82a4f760,AutoTrader
DISABLED_MANUAL_REVIEW_REQUIRED,manual_review_required,success,clean,,success,2026-07-21T22:01:06+00:00,source_reported_not_independently_verified,legacy_method_not_yet_disambiguated,,,2022,Ford,F 150,King Ranch,3,49999,No change noted,Unchanged for 1 weeks,1,49999,49999,0,0,126507,Unknown,Gas/Electric Hybrid,Unknown,N/A,Advantage Ford,Dealer,"12800 Macleod Trail S.E., CALGARY, AB, T2J 7E5","CALGARY, AB",149,city_center,b382b3ff-b32b-4502-ac67-8e2e95107cc1,,,https://www.autotrader.ca/offers/ford-f-150-king-ranch-gas-electric-hybrid-black-cat_ma29gr16518tr11274-b382b3ff-b32b-4502-ac67-8e2e95107cc1,AutoTrader
DISABLED_MANUAL_REVIEW_REQUIRED,data_quality_review_required,success,warnings_present,suspiciously_low_mileage,success,2026-07-21T22:01:06+00:00,source_reported_not_independently_verified,legacy_method_not_yet_disambiguated,,,2022,Ford,F 150,XLT  6.5' BOX,2,47888,No change noted,"Down $4,100 over 3 weeks",3,51988,47888,0,-4100,0,3.5L,Gasoline,Unknown,N/A,Honda Magic,Dealer,"1240 2 Street W, Brooks, AB, T1R0V5","Brooks, AB",299,address,c0acbd7d-0bc7-447f-8446-2f028676ccfa,,,https://www.autotrader.ca/offers/ford-f-150-xlt-6-5-box-gasoline-cat_ma29gr16518tr11290-c0acbd7d-0bc7-447f-8446-2f028676ccfa,AutoTrader
DISABLED_MANUAL_REVIEW_REQUIRED,manual_review_required,success,clean,,success,2026-07-21T22:01:06+00:00,source_reported_not_independently_verified,legacy_method_not_yet_disambiguated,,,2022,Ford,F 150,XLT,2,38263,"Reduced from $ 39,263,-","Down $1,790 over 11 weeks",11,40053,38263,0,-1790,65973,3.5L,Gasoline,Unknown,N/A,Strathmore Motors,Dealer,"900 Westridge Rd, STRATHMORE, AB, T1P 1H8","STRATHMORE, AB",186,address,c8b2096c-f121-4aa1-9f41-0f48f17461bd,,,https://www.autotrader.ca/offers/ford-f-150-xlt-gasoline-silver-cat_ma29gr16518tr11290-c8b2096c-f121-4aa1-9f41-0f48f17461bd,AutoTrader
DISABLED_MANUAL_REVIEW_REQUIRED,manual_review_required,success,clean,,success,2026-07-21T22:01:06+00:00,source_reported_not_independently_verified,legacy_method_not_yet_disambiguated,,,2022,Ford,F 150,LARIAT 4WD SuperCrew 5.5' Box,3,46959,No change noted,Unchanged for 5 weeks,5,46959,46959,0,0,95670,3.5L,Gasoline,Accident reported,N/A,Davis Dodge Fort Macleod,Dealer,"807 18th St, Fort MacLeod, AB, T0L 0Z0","Fort MacLeod, AB",315,city_center,d3e96246-c649-49aa-b3d6-6e0967c442aa,,,https://www.autotrader.ca/offers/ford-f-150-lariat-4wd-supercrew-5-5-box-gasoline-grey-cat_ma29gr16518-d3e96246-c649-49aa-b3d6-6e0967c442aa,AutoTrader
DISABLED_MANUAL_REVIEW_REQUIRED,manual_review_required,success,clean,,success,2026-07-21T22:01:06+00:00,source_reported_not_independently_verified,legacy_method_not_yet_disambiguated,,,2022,Ford,F 150,Platinum HEATED STEERING | MOONROOF | HEAT + COOLI,3,47753,No change noted,Up $475 over 7 weeks,7,47278,47753,0,475,141492,3.5L,Gas/Electric Hybrid,Unknown,N/A,Cam Clark Ford Calgary/Airdrie,Dealer,"1001 Highland Park Blvd NE, AIRDRIE, AB, T4A 0R2","AIRDRIE, AB",118,address,e9134041-9765-4b26-bfef-6315f36f9e8a,,,https://www.autotrader.ca/offers/ford-f-150-platinum-heated-steering-moonroof-heat-+-cooli-gas-electric-hybrid-silver-cat_ma29gr16518tr11280-e9134041-9765-4b26-bfef-6315f36f9e8a,AutoTrader
DISABLED_MANUAL_REVIEW_REQUIRED,manual_review_required,success,clean,,success,2026-07-21T22:01:06+00:00,source_reported_not_independently_verified,legacy_method_not_yet_disambiguated,,,2022,Ford,F 150,XLT Sport 302A 2.7L EcoBoost | Rear Vision Camera,2,40680,No change noted,First seen this week,0,40680,40680,0,0,97746,2.7L,Gasoline,No accidents reported,N/A,Lakewood Chevrolet,Dealer,"2807 92 Street NW, EDMONTON, AB, T6N 0A5","EDMONTON, AB",144,address,f13f70d3-90fe-45d7-a005-4a3acddbeb19,,,https://www.autotrader.ca/offers/ford-f-150-xlt-sport-302a-2-7l-ecoboost-rear-vision-camera-gasoline-black-cat_ma29gr16518-f13f70d3-90fe-45d7-a005-4a3acddbeb19,AutoTrader
DISABLED_MANUAL_REVIEW_REQUIRED,manual_review_required,success,clean,,success,2026-07-21T22:01:06+00:00,source_reported_not_independently_verified,legacy_method_not_yet_disambiguated,,,2023,Ford,F 150,Lariat  No Accidents | PowerBoost Hybrid | 7.2kW P,3,57750,No change noted,Unchanged for 1 weeks,1,57750,57750,0,0,75022,3.5L,Gas/Electric Hybrid,No accidents reported,N/A,High River Ford,Dealer,"1103 11th Ave S.E., HIGH RIVER, AB, T1V 1M3","HIGH RIVER, AB",209,city_center,034ef3d0-9334-40f2-938a-19ed8e9562fd,,,https://www.autotrader.ca/offers/ford-f-150-lariat-no-accidents-powerboost-hybrid-7-2kw-p-gas-electric-hybrid-grey-cat_ma29gr16518-034ef3d0-9334-40f2-938a-19ed8e9562fd,AutoTrader
DISABLED_MANUAL_REVIEW_REQUIRED,manual_review_required,success,clean,,success,2026-07-21T22:01:06+00:00,source_reported_not_independently_verified,legacy_method_not_yet_disambiguated,,,2023,Ford,F 150,Lariat 502A | Lift Kit | 33 Tires | Trailer Tow Pa,3,49997,No change noted,"Up $1,664 over 2 weeks",2,48333,49997,0,1664,93291,2.7L,Gasoline,Unknown,N/A,Kentwood Ford,Dealer,"13344 - 97 St., EDMONTON, AB, T5E 4C9","EDMONTON, AB",158,address,081d2a01-54c4-40eb-9921-4fe108c9b651,,,https://www.autotrader.ca/offers/ford-f-150-lariat-502a-lift-kit-33-tires-trailer-tow-pa-gasoline-silver-cat_ma29gr16518tr11275-081d2a01-54c4-40eb-9921-4fe108c9b651,AutoTrader
DISABLED_MANUAL_REVIEW_REQUIRED,manual_review_required,success,clean,,success,2026-07-21T22:01:06+00:00,source_reported_not_independently_verified,legacy_method_not_yet_disambiguated,,,2023,Ford,F 150,XLT,2,51444,No change noted,Unchanged for 1 weeks,1,51444,51444,0,0,46018,Unknown,Gasoline,Unknown,N/A,Lamb Ford Sales Ltd.,Dealer,"3771 - 48 Avenue, CAMROSE, AB, T4V1X3","CAMROSE, AB",143,address,0afff4f7-d546-4016-bd6d-4075f6c1bd80,,,https://www.autotrader.ca/offers/ford-f-150-xlt-gasoline-black-cat_ma29gr16518-0afff4f7-d546-4016-bd6d-4075f6c1bd80,AutoTrader
DISABLED_MANUAL_REVIEW_REQUIRED,manual_review_required,success,clean,,success,2026-07-21T22:01:06+00:00,source_reported_not_independently_verified,legacy_method_not_yet_disambiguated,,,2023,Ford,F 150,Lariat,3,58888,No change noted,"Down $1,000 over 5 weeks",5,59888,58888,0,-1000,88450,5.0L,Gasoline,Unknown,N/A,MGM Ford Lincoln Sales,Dealer,"3010 - 50th Avenue, RED DEER, AB, T4R 1M5","RED DEER, AB",1,city_center,13e2657f-ce40-4330-83a7-a88ef7bc8654,,,https://www.autotrader.ca/offers/ford-f-150-lariat-gasoline-black-cat_ma29gr16518tr11275-13e2657f-ce40-4330-83a7-a88ef7bc8654,AutoTrader
DISABLED_MANUAL_REVIEW_REQUIRED,manual_review_required,success,clean,,success,2026-07-21T22:01:06+00:00,source_reported_not_independently_verified,legacy_method_not_yet_disambiguated,,,2023,Ford,F 150,LARIAT 4X4<BR/>3.5L V6 ECO<BR/>502A<BR/>5.5 BOX<BR,3,58500,"Reduced from $ 59,800,-","Down $1,300 over 2 weeks",2,59800,58500,0,-1300,77125,3.5L,Gasoline,Accident reported,N/A,Melody Motors Ltd. FORD,Dealer,"388-316th Avenue, KIMBERLEY, BC, V1A1B3","KIMBERLEY, BC",545,address,1c764629-eef6-4e0c-9d0b-8a483e75143c,,,https://www.autotrader.ca/offers/ford-f-150-lariat-4x4-br-3-5l-v6-eco-br-502a-br-5-5-box-br-gasoline-grey-cat_ma29gr16518tr11275-1c764629-eef6-4e0c-9d0b-8a483e75143c,AutoTrader
DISABLED_MANUAL_REVIEW_REQUIRED,manual_review_required,success,clean,,success,2026-07-21T22:01:06+00:00,source_reported_not_independently_verified,legacy_method_not_yet_disambiguated,,,2023,Ford,F 150,XLT,2,50904,No change noted,Up $909 over 6 weeks,6,49995,49995,909,909,25886,2.7L,Gasoline,Unknown,N/A,Okanagan Chrysler Jeep Dodge,Dealer,"2690 Hwy 97 N, KELOWNA, BC, V1X4J4","KELOWNA, BC",746,address,29076e66-0279-4e5e-b0a8-3953bda9098e,,,https://www.autotrader.ca/offers/ford-f-150-xlt-gasoline-black-cat_ma29gr16518tr11290-29076e66-0279-4e5e-b0a8-3953bda9098e,AutoTrader
DISABLED_MANUAL_REVIEW_REQUIRED,manual_review_required,success,clean,,success,2026-07-21T22:01:06+00:00,source_reported_not_independently_verified,legacy_method_not_yet_disambiguated,,,2023,Ford,F 150,XLT - 3.5L ECOBOOST - REMOTE START,2,43966,No change noted,"Down $1,033 over 7 weeks",7,44999,43966,0,-1033,79785,3.5L,Gas/Electric Hybrid,Unknown,N/A,Strathmore Ford,Dealer,"1040 - Westridge Road, Strathmore, AB, T1P 1H8","Strathmore, AB",186,address,379acfec-152d-4b65-aedf-0528fd7a65fe,,,https://www.autotrader.ca/offers/ford-f-150-xlt-3-5l-ecoboost-remote-start-gas-electric-hybrid-white-cat_ma29gr16518-379acfec-152d-4b65-aedf-0528fd7a65fe,AutoTrader
DISABLED_MANUAL_REVIEW_REQUIRED,manual_review_required,success,clean,,success,2026-07-21T22:01:06+00:00,source_reported_not_independently_verified,legacy_method_not_yet_disambiguated,,,2023,Ford,F 150,Lariat,3,57880,No change noted,Unchanged for 1 weeks,1,57880,57880,0,0,60028,2.7L,Gasoline,Accident reported,N/A,Country Hills Ford Ltd.,Dealer,"180 Stonehill Gate NE, Calgary, AB, T3N 2G7","Calgary, AB",134,address,483033b5-f3cd-4dc0-9bb4-74305d0e2aff,,,https://www.autotrader.ca/offers/ford-f-150-lariat-gasoline-black-cat_ma29gr16518-483033b5-f3cd-4dc0-9bb4-74305d0e2aff,AutoTrader
DISABLED_MANUAL_REVIEW_REQUIRED,manual_review_required,success,clean,,success,2026-07-21T22:01:06+00:00,source_reported_not_independently_verified,legacy_method_not_yet_disambiguated,,,2023,Ford,F 150,XLT,2,37900,No change noted,Unchanged for 2 weeks,2,37900,37900,0,0,151748,Unknown,Gasoline,Accident reported,N/A,Aspen Ford Sales Ltd.,Dealer,"4402 - 42 St., STETTLER, AB, T0C2L0","STETTLER, AB",82,address,49104cd8-bc9a-48e6-954c-7aa2f355b808,,,https://www.autotrader.ca/offers/ford-f-150-xlt-gasoline-red-cat_ma29gr16518-49104cd8-bc9a-48e6-954c-7aa2f355b808,AutoTrader
DISABLED_MANUAL_REVIEW_REQUIRED,manual_review_required,success,clean,,success,2026-07-21T22:01:06+00:00,source_reported_not_independently_verified,legacy_method_not_yet_disambiguated,,,2023,Ford,F 150,STX   One Owner | No Reported Accidents | FX4 Off-,3,40995,No change noted,"Up $2,010 over 4 weeks",4,38985,40995,0,2010,84559,2.7L,Gasoline,No accidents reported,N/A,High River Ford,Dealer,"1103 11th Ave S.E., HIGH RIVER, AB, T1V 1M3","HIGH RIVER, AB",209,city_center,49e3f394-ef4c-4a00-9ac5-90ff536d3edf,,,https://www.autotrader.ca/offers/ford-f-150-stx-one-owner-no-reported-accidents-fx4-off-gasoline-black-cat_ma29gr16518-49e3f394-ef4c-4a00-9ac5-90ff536d3edf,AutoTrader
DISABLED_MANUAL_REVIEW_REQUIRED,manual_review_required,success,clean,,success,2026-07-21T22:01:06+00:00,source_reported_not_independently_verified,legacy_method_not_yet_disambiguated,,,2023,Ford,F 150,XLT,2,39888,No change noted,Unchanged for 5 weeks,5,39888,39888,0,0,168833,3.5L,Gasoline,Accident reported,N/A,Medicine Hat House of Cars Inc.,Dealer,"621 - 15 Street SW, Medicine Hat, AB, T1A 4W4","Medicine Hat, AB",406,address,4c1376de-3e0b-4766-a58f-46022f8aeb57,,,https://www.autotrader.ca/offers/ford-f-150-xlt-gasoline-silver-cat_ma29gr16518tr11290-4c1376de-3e0b-4766-a58f-46022f8aeb57,AutoTrader
DISABLED_MANUAL_REVIEW_REQUIRED,manual_review_required,success,clean,,success,2026-07-21T22:01:06+00:00,source_reported_not_independently_verified,legacy_method_not_yet_disambiguated,,,2023,Ford,F 150,XLT,2,54000,No change noted,Unchanged for 2 weeks,2,54000,54000,0,0,22842,Unknown,Gasoline,Accident reported,N/A,Aspen Ford Sales Ltd.,Dealer,"4402 - 42 St., STETTLER, AB, T0C2L0","STETTLER, AB",82,address,4d306c2d-02e2-4bb7-8f30-6f9a0c8ded0e,,,https://www.autotrader.ca/offers/ford-f-150-xlt-gasoline-silver-cat_ma29gr16518-4d306c2d-02e2-4bb7-8f30-6f9a0c8ded0e,AutoTrader
DISABLED_MANUAL_REVIEW_REQUIRED,manual_review_required,success,clean,,success,2026-07-21T22:01:06+00:00,source_reported_not_independently_verified,legacy_method_not_yet_disambiguated,,,2023,Ford,F 150,Tremor 402A| MOONROOF| B&O SOUND| 360 CAMERA,3,52999,No change noted,First seen this week,0,52999,52999,0,0,148608,3.5L,Gasoline,Unknown,N/A,Innisfail Chrysler Dodge Jeep Ram,Dealer,"5110 40 Ave, Innisfail, AB, T4G 1Z1","Innisfail, AB",33,address,5b2c9a39-80ca-4617-ae77-5ebdb9a294bb,,,https://www.autotrader.ca/offers/ford-f-150-tremor-402a-moonroof-bo-sound-360-camera-gasoline-blue-cat_ma29gr16518tr11287-5b2c9a39-80ca-4617-ae77-5ebdb9a294bb,AutoTrader
DISABLED_MANUAL_REVIEW_REQUIRED,manual_review_required,success,clean,,success,2026-07-21T22:01:06+00:00,source_reported_not_independently_verified,legacy_method_not_yet_disambiguated,,,2023,Ford,F 150,XLT Sport,2,47995,No change noted,Unchanged for 1 weeks,1,47995,47995,0,0,101025,3.5L,Gasoline,Unknown,N/A,Red Deer Dodge,Dealer,"29 Petrolia Drive, Red Deer, AB, T4E 1B3","Red Deer, AB",7,address,5bef903e-2a1d-4f7a-9acd-5ef81064e6e1,,,https://www.autotrader.ca/offers/ford-f-150-xlt-sport-gasoline-silver-cat_ma29gr16518-5bef903e-2a1d-4f7a-9acd-5ef81064e6e1,AutoTrader
DISABLED_MANUAL_REVIEW_REQUIRED,manual_review_required,success,clean,,success,2026-07-21T22:01:06+00:00,source_reported_not_independently_verified,legacy_method_not_yet_disambiguated,,,2023,Ford,F 150,Tremor,3,57875,No change noted,Unchanged for 7 weeks,7,57875,57875,0,0,99913,3.5L,Gasoline,Unknown,N/A,RIPLEY FORD,Dealer,"1560 Saskatchewan Drive South, MELFORT, SK, S0E1A0","MELFORT, SK",713,city_center,5cd92810-19df-44a4-a589-75c638d6fbdb,,,https://www.autotrader.ca/offers/ford-f-150-tremor-gasoline-grey-cat_ma29gr16518tr11287-5cd92810-19df-44a4-a589-75c638d6fbdb,AutoTrader
DISABLED_MANUAL_REVIEW_REQUIRED,manual_review_required,success,clean,,success,2026-07-21T22:01:06+00:00,source_reported_not_independently_verified,legacy_method_not_yet_disambiguated,,,2023,Ford,F 150,XLT - 3.5L ECOBOOST - REMOTE START,2,43966,No change noted,Down $411 over 6 weeks,6,44377,43966,0,-411,86546,3.5L,Gasoline,Unknown,N/A,Strathmore Ford,Dealer,"1040 - Westridge Road, Strathmore, AB, T1P 1H8","Strathmore, AB",186,address,60a69097-84ac-45c8-aac3-e4ae510b103f,,,https://www.autotrader.ca/offers/ford-f-150-xlt-3-5l-ecoboost-remote-start-gasoline-white-cat_ma29gr16518-60a69097-84ac-45c8-aac3-e4ae510b103f,AutoTrader
DISABLED_MANUAL_REVIEW_REQUIRED,manual_review_required,success,clean,,success,2026-07-21T22:01:06+00:00,source_reported_not_independently_verified,legacy_method_not_yet_disambiguated,,,2023,Ford,F 150,XLT,2,41880,"Reduced from $ 43,990,-","Down $2,110 over 3 weeks",3,43990,41880,0,-2110,100464,3.5L,Gas/Electric Hybrid,Accident reported,N/A,Country Hills Ford Ltd.,Dealer,"180 Stonehill Gate NE, Calgary, AB, T3N 2G7","Calgary, AB",134,address,65c142d9-c8e6-4b0a-86a1-a1bea565b35b,,,https://www.autotrader.ca/offers/ford-f-150-xlt-gas-electric-hybrid-grey-cat_ma29gr16518-65c142d9-c8e6-4b0a-86a1-a1bea565b35b,AutoTrader
DISABLED_MANUAL_REVIEW_REQUIRED,manual_review_required,success,clean,,success,2026-07-21T22:01:06+00:00,source_reported_not_independently_verified,legacy_method_not_yet_disambiguated,,,2023,Ford,F 150,XL   HEAVY DUTY PAYLOAD PKG. - MAX TRAILER TOW PKG,1,48993,No change noted,First seen this week,0,48993,48993,0,0,34303,3.5L,Gasoline,Unknown,N/A,Northstar Ford Calgary,Dealer,"9 Crowfoot Circle NW, CALGARY, AB, T3G3J8","CALGARY, AB",148,address,6f941a20-e1a1-4d7a-bfd1-69f0a0658ae3,,,https://www.autotrader.ca/offers/ford-f-150-xl-heavy-duty-payload-pkg-max-trailer-tow-pkg-gasoline-grey-cat_ma29gr16518-6f941a20-e1a1-4d7a-bfd1-69f0a0658ae3,AutoTrader
DISABLED_MANUAL_REVIEW_REQUIRED,manual_review_required,success,clean,,success,2026-07-21T22:01:06+00:00,source_reported_not_independently_verified,legacy_method_not_yet_disambiguated,,,2023,Ford,F 150,Lariat 4x4 SuperCrew Cab 5.5 ft. box 145 in. WB,3,55495,No change noted,Down $500 over 6 weeks,6,55995,55495,0,-500,81211,2.7L,Gasoline,No accidents reported,N/A,Okotoks Ford Lincoln,Dealer,"4 Westland Rd., OKOTOKS, AB, T1S1N1","OKOTOKS, AB",188,address,7dc7c5a8-c3ed-45d7-a7a6-01e552b8acc3,,,https://www.autotrader.ca/offers/ford-f-150-lariat-4x4-supercrew-cab-5-5-ft-box-145-in-wb-gasoline-red-cat_ma29gr16518tr11275-7dc7c5a8-c3ed-45d7-a7a6-01e552b8acc3,AutoTrader
DISABLED_MANUAL_REVIEW_REQUIRED,manual_review_required,success,clean,,success,2026-07-21T22:01:06+00:00,source_reported_not_independently_verified,legacy_method_not_yet_disambiguated,,,2023,Ford,F 150,XLT,2,58990,No change noted,Unchanged for 1 weeks,1,58990,58990,0,0,29572,3.5L,Gasoline,Accident reported,N/A,Boundary Ford Sales,Dealer,"2502-50th Avenue, Lloydminster, SK, T9V2S3","Lloydminster, SK",368,city_center,7e9c4ce8-59f6-4f8b-a0d0-063532145593,,,https://www.autotrader.ca/offers/ford-f-150-xlt-gasoline-grey-cat_ma29gr16518-7e9c4ce8-59f6-4f8b-a0d0-063532145593,AutoTrader
DISABLED_MANUAL_REVIEW_REQUIRED,manual_review_required,success,clean,,success,2026-07-21T22:01:06+00:00,source_reported_not_independently_verified,legacy_method_not_yet_disambiguated,,,2023,Ford,F 150,Tremor,3,56499,No change noted,Unchanged for 3 weeks,3,56499,56499,0,0,112554,Unknown,Gasoline,Unknown,N/A,RIPLEY FORD,Dealer,"1560 Saskatchewan Drive South, MELFORT, SK, S0E1A0","MELFORT, SK",713,city_center,8a25fedc-c513-4b0d-8715-8a03b0d993f0,,,https://www.autotrader.ca/offers/ford-f-150-tremor-gasoline-white-cat_ma29gr16518tr11287-8a25fedc-c513-4b0d-8715-8a03b0d993f0,AutoTrader
DISABLED_MANUAL_REVIEW_REQUIRED,manual_review_required,success,clean,,success,2026-07-21T22:01:06+00:00,source_reported_not_independently_verified,legacy_method_not_yet_disambiguated,,,2023,Ford,F 150,XLT | Air Conditioning | Cruise Control.,2,52389,No change noted,Down $5 over 8 weeks,8,52394,52389,0,-5,34050,3.5L,Gasoline,Accident reported,N/A,Mann-Northway Auto Source,Dealer,"500 Marquis Road, PRINCE ALBERT, SK, S6V 8B3","PRINCE ALBERT, SK",641,address,8d83af7c-996a-416e-84d2-46068e6b2f10,,,https://www.autotrader.ca/offers/ford-f-150-xlt-air-conditioning-cruise-control-gasoline-white-cat_ma29gr16518tr11290-8d83af7c-996a-416e-84d2-46068e6b2f10,AutoTrader
DISABLED_MANUAL_REVIEW_REQUIRED,manual_review_required,success,clean,,success,2026-07-21T22:01:06+00:00,source_reported_not_independently_verified,legacy_method_not_yet_disambiguated,,,2023,Ford,F 150,XLT 4WD SuperCrew 5.5' Box w/Tonneau cover,2,43985,No change noted,First seen this week,0,43985,43985,0,0,72258,Unknown,Gasoline,Unknown,N/A,Jim Pattison Lease,Dealer,"1235-73rd Ave S.E., CALGARY, AB, T2H2X1","CALGARY, AB",149,city_center,8efd84fb-00fe-4acb-835b-a660d48820e8,,,https://www.autotrader.ca/offers/ford-f-150-xlt-4wd-supercrew-5-5-box-w-tonneau-cover-gasoline-white-cat_ma29gr16518-8efd84fb-00fe-4acb-835b-a660d48820e8,AutoTrader
DISABLED_MANUAL_REVIEW_REQUIRED,manual_review_required,success,clean,,success,2026-07-21T22:01:06+00:00,source_reported_not_independently_verified,legacy_method_not_yet_disambiguated,,,2023,Ford,F 150,"LARIAT 4WD SUPERCREW 5.5 BOX, 502A PKG., MAX TRAIL",3,57896,"Reduced from $ 59,700,-",Unchanged for 2 weeks,2,57896,57896,0,0,68796,3.5L,Gasoline,Unknown,N/A,Nelson Ford,Dealer,"623 Railway St., NELSON, BC, V1L 1H5","NELSON, BC",759,address,92a029f3-9960-40ec-8454-6a9a20b2efa8,,,https://www.autotrader.ca/offers/ford-f-150-lariat-4wd-supercrew-5-5-box-502a-pkg-max-trail-gasoline-grey-cat_ma29gr16518tr11275-92a029f3-9960-40ec-8454-6a9a20b2efa8,AutoTrader
DISABLED_MANUAL_REVIEW_REQUIRED,manual_review_required,success,clean,,success,2026-07-21T22:01:06+00:00,source_reported_not_independently_verified,legacy_method_not_yet_disambiguated,,,2023,Ford,F 150,XLT 302A SPORT 4X4 | MAX TOW | PANO ROOF | B&O,2,41800,No change noted,"Down $4,190 over 7 weeks",7,45990,41800,0,-4190,137563,3.5L,Gasoline,Accident reported,N/A,Boundary Ford Sales,Dealer,"2502-50th Avenue, Lloydminster, SK, T9V2S3","Lloydminster, SK",368,city_center,9fd8ed91-70b1-43e3-adf3-7ab52feedaf7,,,https://www.autotrader.ca/offers/ford-f-150-xlt-302a-sport-4x4-max-tow-pano-roof-bo-gasoline-grey-cat_ma29gr16518-9fd8ed91-70b1-43e3-adf3-7ab52feedaf7,AutoTrader
DISABLED_MANUAL_REVIEW_REQUIRED,manual_review_required,success,clean,,success,2026-07-21T22:01:06+00:00,source_reported_not_independently_verified,legacy_method_not_yet_disambiguated,,,2023,Ford,F 150,XLT SuperCab 145 | FX4 Pkg | Tow Pkg | SYNC 4,3,36000,No change noted,"Down $2,000 over 6 weeks",6,38000,36000,0,-2000,103086,3.5L,Gasoline,Unknown,N/A,Waterloo Ford,Dealer,"11420 - 107 Ave, Edmonton, AB, T5H 0Y5","Edmonton, AB",156,address,af7bb4c0-537d-43f5-8904-a066edd5cb83,,,https://www.autotrader.ca/offers/ford-f-150-xlt-supercab-145-fx4-pkg-tow-pkg-sync-4-gasoline-grey-cat_ma29gr16518tr11290-af7bb4c0-537d-43f5-8904-a066edd5cb83,AutoTrader
DISABLED_MANUAL_REVIEW_REQUIRED,manual_review_required,success,clean,,success,2026-07-21T22:01:06+00:00,source_reported_not_independently_verified,legacy_method_not_yet_disambiguated,,,2023,Ford,F 150,Tremor,3,59989,No change noted,Unchanged for 8 weeks,8,59989,59989,0,0,79149,3.5L,Gasoline,Unknown,N/A,RIPLEY FORD,Dealer,"1560 Saskatchewan Drive South, MELFORT, SK, S0E1A0","MELFORT, SK",713,city_center,b2de2e3e-473c-4941-b96f-ed62eadea87d,,,https://www.autotrader.ca/offers/ford-f-150-tremor-gasoline-white-cat_ma29gr16518tr11287-b2de2e3e-473c-4941-b96f-ed62eadea87d,AutoTrader
DISABLED_MANUAL_REVIEW_REQUIRED,manual_review_required,success,clean,,success,2026-07-21T22:01:06+00:00,source_reported_not_independently_verified,legacy_method_not_yet_disambiguated,,,2023,Ford,F 150,"XLT- One Owner, Local Trade",2,49899,No change noted,"Down $2,100 over 9 weeks",9,51999,49899,0,-2100,41188,3.5L,Gasoline,Unknown,N/A,Cypress Motors SC,Dealer,"2234 South Service Road West, SWIFT CURRENT, SK, S9H5J7","SWIFT CURRENT, SK",625,address,ba4fc396-2887-4a81-95c2-74b51c84661b,,,https://www.autotrader.ca/offers/ford-f-150-xlt-one-owner-local-trade-gasoline-silver-cat_ma29gr16518-ba4fc396-2887-4a81-95c2-74b51c84661b,AutoTrader
DISABLED_MANUAL_REVIEW_REQUIRED,manual_review_required,success,clean,,success,2026-07-21T22:01:06+00:00,source_reported_not_independently_verified,legacy_method_not_yet_disambiguated,,,2023,Ford,F 150,XLT,2,54999,No change noted,Unchanged for 1 weeks,1,54999,54999,0,0,33314,Unknown,Gasoline,Unknown,N/A,RIPLEY FORD,Dealer,"1560 Saskatchewan Drive South, MELFORT, SK, S0E1A0","MELFORT, SK",713,city_center,baccafd4-19da-4946-9947-944cff50890f,,,https://www.autotrader.ca/offers/ford-f-150-xlt-gasoline-white-cat_ma29gr16518tr11290-baccafd4-19da-4946-9947-944cff50890f,AutoTrader
DISABLED_MANUAL_REVIEW_REQUIRED,manual_review_required,success,clean,,success,2026-07-21T22:01:06+00:00,source_reported_not_independently_verified,legacy_method_not_yet_disambiguated,,,2023,Ford,F 150,LARIAT,3,53995,No change noted,Unchanged for 1 weeks,1,53995,53995,0,0,94869,Unknown,Gasoline,No accidents reported,N/A,Volvo Cars Kelowna,Dealer,"839 Finns Road, KELOWNA, BC, V1X5B8","KELOWNA, BC",744,address,c1d79009-ff45-49eb-bc31-d68ae6482668,,,https://www.autotrader.ca/offers/ford-f-150-lariat-gasoline-grey-cat_ma29gr16518tr11275-c1d79009-ff45-49eb-bc31-d68ae6482668,AutoTrader
DISABLED_MANUAL_REVIEW_REQUIRED,manual_review_required,success,clean,,success,2026-07-21T22:01:06+00:00,source_reported_not_independently_verified,legacy_method_not_yet_disambiguated,,,2023,Ford,F 150,Lariat CERTIFIED PREOWNED | REMOTE START | LEATHER,3,57841,No change noted,Unchanged for 1 weeks,1,57841,57841,0,0,77438,2.7L,Gasoline,Unknown,N/A,Cam Clark Ford Calgary/Airdrie,Dealer,"1001 Highland Park Blvd NE, AIRDRIE, AB, T4A 0R2","AIRDRIE, AB",118,address,c70886bd-44ce-43da-8a17-de3a16f3aa4e,,,https://www.autotrader.ca/offers/ford-f-150-lariat-certified-preowned-remote-start-leather-gasoline-silver-cat_ma29gr16518tr11275-c70886bd-44ce-43da-8a17-de3a16f3aa4e,AutoTrader
DISABLED_MANUAL_REVIEW_REQUIRED,manual_review_required,success,clean,,success,2026-07-21T22:01:06+00:00,source_reported_not_independently_verified,legacy_method_not_yet_disambiguated,,,2023,Ford,F 150,"XLT Crew Cab 4X4 w/NAV! Remote Start, & 5.7Ft. Box",2,42985,No change noted,Unchanged for 10 weeks,10,42985,42985,0,0,65165,2.7L,Gasoline,No accidents reported,N/A,Jim Pattison Lease,Dealer,"1235-73rd Ave S.E., CALGARY, AB, T2H2X1","CALGARY, AB",149,city_center,c77d8215-1a1b-43b2-828a-16463f78fd53,,,https://www.autotrader.ca/offers/ford-f-150-xlt-crew-cab-4x4-w-nav-remote-start-5-7ft-box-gasoline-white-cat_ma29gr16518tr11290-c77d8215-1a1b-43b2-828a-16463f78fd53,AutoTrader
DISABLED_MANUAL_REVIEW_REQUIRED,manual_review_required,success,clean,,success,2026-07-21T22:01:06+00:00,source_reported_not_independently_verified,legacy_method_not_yet_disambiguated,,,2023,Ford,F 150,XLT PowerBoost 3.5L Hybrid Twin Turbo Crew Cab 4X4,2,46985,No change noted,Unchanged for 3 weeks,3,46985,46985,0,0,58860,3.5L,Gasoline,Unknown,N/A,Jim Pattison Lease,Dealer,"1235-73rd Ave S.E., CALGARY, AB, T2H2X1","CALGARY, AB",149,city_center,ca275830-81ef-4639-860d-ecda2364864a,,,https://www.autotrader.ca/offers/ford-f-150-xlt-powerboost-3-5l-hybrid-twin-turbo-crew-cab-4x4-gasoline-white-cat_ma29gr16518-ca275830-81ef-4639-860d-ecda2364864a,AutoTrader
DISABLED_MANUAL_REVIEW_REQUIRED,manual_review_required,success,clean,,success,2026-07-21T22:01:06+00:00,source_reported_not_independently_verified,legacy_method_not_yet_disambiguated,,,2023,Ford,F 150,LARIAT | SUNROOF | LEATHER | 3.5L |,3,59995,No change noted,Unchanged for 10 weeks,10,59995,59995,0,0,54358,3.5L,Gasoline,Unknown,N/A,OLYMPIC SUPER CENTER,Dealer,"665 University Park Dr, REGINA, SK, S4R2V8","REGINA, SK",790,address,da99a4ed-c2d1-45c5-b830-db98da4d451f,,,https://www.autotrader.ca/offers/ford-f-150-lariat-sunroof-leather-3-5l-gasoline-white-cat_ma29gr16518tr11275-da99a4ed-c2d1-45c5-b830-db98da4d451f,AutoTrader
DISABLED_MANUAL_REVIEW_REQUIRED,manual_review_required,success,clean,,success,2026-07-21T22:01:06+00:00,source_reported_not_independently_verified,legacy_method_not_yet_disambiguated,,,2023,Ford,F 150,PLATINUM BLACK PKG | 3.5L POWERBOOST | TWIN PANEL,3,59999,No change noted,Unchanged for 1 weeks,1,59999,59999,0,0,110292,3.5L,Gas/Electric Hybrid,Unknown,N/A,Western Dodge Chrysler Jeep,Dealer,"1788 Main Street North, Moose Jaw, SK, S6J 1L4","Moose Jaw, SK",798,address,e3e027a1-8c83-430c-8077-3f254ba71fec,,,https://www.autotrader.ca/offers/ford-f-150-platinum-black-pkg-3-5l-powerboost-twin-panel-gas-electric-hybrid-white-cat_ma29gr16518tr11280-e3e027a1-8c83-430c-8077-3f254ba71fec,AutoTrader
DISABLED_MANUAL_REVIEW_REQUIRED,manual_review_required,success,clean,,success,2026-07-21T22:01:06+00:00,source_reported_not_independently_verified,legacy_method_not_yet_disambiguated,,,2023,Ford,F 150,Lariat  No Accidents | 502A High Package | Max Tra,3,59949,No change noted,Unchanged for 1 weeks,1,59949,59949,0,0,65524,3.5L,Gasoline,No accidents reported,N/A,High River Ford,Dealer,"1103 11th Ave S.E., HIGH RIVER, AB, T1V 1M3","HIGH RIVER, AB",209,city_center,ec12746d-2516-4daf-8d91-68dce7fec0f4,,,https://www.autotrader.ca/offers/ford-f-150-lariat-no-accidents-502a-high-package-max-tra-gasoline-white-cat_ma29gr16518-ec12746d-2516-4daf-8d91-68dce7fec0f4,AutoTrader
DISABLED_MANUAL_REVIEW_REQUIRED,manual_review_required,success,clean,,success,2026-07-21T22:01:06+00:00,source_reported_not_independently_verified,legacy_method_not_yet_disambiguated,,,2024,Ford,F 150,"XLT, LEATHER, 3.5L, 360 CAMERA, 5.5' BOX, HYBRID",2,59995,No change noted,Unchanged for 4 weeks,4,59995,59995,0,0,39761,3.5L,Gas/Electric Hybrid,No accidents reported,N/A,Denham Ford,Dealer,"2A Hwy Box 6566, WETASKIWIN, AB, T9A 2G2","WETASKIWIN, AB",102,city_center,0e9911cb-4134-4e5a-83bb-b68deb8a2736,,,https://www.autotrader.ca/offers/ford-f-150-xlt-leather-3-5l-360-camera-5-5-box-hybrid-gas-electric-hybrid-white-cat_ma29gr16518tr11290-0e9911cb-4134-4e5a-83bb-b68deb8a2736,AutoTrader
DISABLED_MANUAL_REVIEW_REQUIRED,manual_review_required,success,clean,,success,2026-07-21T22:01:06+00:00,source_reported_not_independently_verified,legacy_method_not_yet_disambiguated,,,2024,Ford,F 150,LARIAT,3,57988,"Reduced from $ 59,988,-","Down $2,000 over 5 weeks",5,59988,57988,0,-2000,110194,5.0L,Gasoline,Unknown,N/A,LA Nissan,Dealer,"4619 - 65 Ave, Leduc, AB, T9E 0Z7","Leduc, AB",123,address,10f8702d-cb37-4ae8-91b0-a423edb79c15,,,https://www.autotrader.ca/offers/ford-f-150-lariat-gasoline-white-cat_ma29gr16518tr11275-10f8702d-cb37-4ae8-91b0-a423edb79c15,AutoTrader
DISABLED_MANUAL_REVIEW_REQUIRED,manual_review_required,success,clean,,success,2026-07-21T22:01:06+00:00,source_reported_not_independently_verified,legacy_method_not_yet_disambiguated,,,2024,Ford,F 150,XLT Black Appearance Package 302A,2,56990,No change noted,Unchanged for 3 weeks,3,56990,56990,0,0,38801,3.5L,Gasoline,Unknown,N/A,Brentridge Ford Wetaskiwin,Dealer,"5604 - 41st. Avenue, WETASKIWIN, AB, T9A 3M7","WETASKIWIN, AB",102,city_center,12ade2d9-23c5-49fa-a448-c64cd0a4bef8,,,https://www.autotrader.ca/offers/ford-f-150-xlt-black-appearance-package-302a-gasoline-black-cat_ma29gr16518tr11290-12ade2d9-23c5-49fa-a448-c64cd0a4bef8,AutoTrader
DISABLED_MANUAL_REVIEW_REQUIRED,manual_review_required,success,clean,,success,2026-07-21T22:01:06+00:00,source_reported_not_independently_verified,legacy_method_not_yet_disambiguated,,,2024,Ford,F 150,XLT 4x4 SuperCrew Cab 6.5 ft. box 157 in. WB,2,54995,No change noted,Unchanged for 4 weeks,4,54995,54995,0,0,53330,3.5L,Gasoline,No accidents reported,N/A,Okotoks Ford Lincoln,Dealer,"4 Westland Rd., OKOTOKS, AB, T1S1N1","OKOTOKS, AB",188,address,27184564-352a-4420-80df-20db322a0167,,,https://www.autotrader.ca/offers/ford-f-150-xlt-4x4-supercrew-cab-6-5-ft-box-157-in-wb-gasoline-white-cat_ma29gr16518tr11290-27184564-352a-4420-80df-20db322a0167,AutoTrader
DISABLED_MANUAL_REVIEW_REQUIRED,manual_review_required,success,clean,,success,2026-07-21T22:01:06+00:00,source_reported_not_independently_verified,legacy_method_not_yet_disambiguated,,,2024,Ford,F 150,XLT,2,48759,No change noted,"Down $3,912 over 4 weeks",4,52671,48759,0,-3912,85377,3.5L,Gasoline,Unknown,N/A,Lloydminster Hyundai,Dealer,"2205 50th Ave, LLOYDMINSTER, SK, S9V2K8","LLOYDMINSTER, SK",368,city_center,33e565d5-e7d2-4e9c-9913-78a0c353ca8a,,,https://www.autotrader.ca/offers/ford-f-150-xlt-gasoline-silver-cat_ma29gr16518tr11290-33e565d5-e7d2-4e9c-9913-78a0c353ca8a,AutoTrader
DISABLED_MANUAL_REVIEW_REQUIRED,manual_review_required,success,clean,,success,2026-07-21T22:01:06+00:00,source_reported_not_independently_verified,legacy_method_not_yet_disambiguated,,,2024,Ford,F 150,XLT,2,54999,No change noted,Unchanged for 7 weeks,7,54999,54999,0,0,36060,2.7L,Gasoline,Unknown,N/A,Lamb Ford Sales Ltd.,Dealer,"3771 - 48 Avenue, CAMROSE, AB, T4V1X3","CAMROSE, AB",143,address,38680591-4f4f-43b2-a310-5ad78d13604a,,,https://www.autotrader.ca/offers/ford-f-150-xlt-gasoline-grey-cat_ma29gr16518tr11290-38680591-4f4f-43b2-a310-5ad78d13604a,AutoTrader
DISABLED_MANUAL_REVIEW_REQUIRED,manual_review_required,success,clean,,success,2026-07-21T22:01:06+00:00,source_reported_not_independently_verified,legacy_method_not_yet_disambiguated,,,2024,Ford,F 150,"STX, Priced to sell!",1,47887,No change noted,Unchanged for 8 weeks,8,47887,47887,0,0,52985,2.7L,Gasoline,Unknown,N/A,Nisku Ford Sales Ltd.,Dealer,"1812 - 2nd Street, NISKU, AB, T9E 0W8","NISKU, AB",130,city_center,387d9ceb-01e9-4a7d-9911-aca4d739619e,,,https://www.autotrader.ca/offers/ford-f-150-stx-priced-to-sell-gasoline-grey-cat_ma29gr16518tr11285-387d9ceb-01e9-4a7d-9911-aca4d739619e,AutoTrader
DISABLED_MANUAL_REVIEW_REQUIRED,manual_review_required,success,clean,,success,2026-07-21T22:01:06+00:00,source_reported_not_independently_verified,legacy_method_not_yet_disambiguated,,,2024,Ford,F 150,XLT 303A 4X4 | BLACK APPERANCE PKG | TOW/HAUL PKG,2,59995,No change noted,"Up $1,000 over 6 weeks",6,58995,59995,0,1000,24824,3.5L,Gasoline,Accident reported,N/A,Boundary Ford Sales,Dealer,"2502-50th Avenue, Lloydminster, SK, T9V2S3","Lloydminster, SK",368,city_center,389fccca-6465-489b-8791-a1b870f2963b,,,https://www.autotrader.ca/offers/ford-f-150-xlt-303a-4x4-black-apperance-pkg-tow-haul-pkg-gasoline-red-cat_ma29gr16518tr11290-389fccca-6465-489b-8791-a1b870f2963b,AutoTrader
DISABLED_MANUAL_REVIEW_REQUIRED,manual_review_required,success,clean,,success,2026-07-21T22:01:06+00:00,source_reported_not_independently_verified,legacy_method_not_yet_disambiguated,,,2024,Ford,F 150,"XLT 4WD SuperCrew 5.5' Box, 2.7L, Black PKG",2,54995,No change noted,Unchanged for 2 weeks,2,54995,54995,0,0,47148,2.7L,Gasoline,No accidents reported,N/A,Denham Ford,Dealer,"2A Hwy Box 6566, WETASKIWIN, AB, T9A 2G2","WETASKIWIN, AB",102,city_center,3962a7c3-7fb7-47ce-8aeb-3171e6ebee33,,,https://www.autotrader.ca/offers/ford-f-150-xlt-4wd-supercrew-5-5-box-2-7l-black-pkg-gasoline-white-cat_ma29gr16518tr11290-3962a7c3-7fb7-47ce-8aeb-3171e6ebee33,AutoTrader
DISABLED_MANUAL_REVIEW_REQUIRED,manual_review_required,success,clean,,success,2026-07-21T22:01:06+00:00,source_reported_not_independently_verified,legacy_method_not_yet_disambiguated,,,2024,Ford,F 150,XLT,2,56999,No change noted,Unchanged for 3 weeks,3,56999,56999,0,0,51344,3.5L,Gasoline,Unknown,N/A,Lamb Ford Sales Ltd.,Dealer,"3771 - 48 Avenue, CAMROSE, AB, T4V1X3","CAMROSE, AB",143,address,3f105d70-97c5-47e9-8593-43e1c84ac7e9,,,https://www.autotrader.ca/offers/ford-f-150-xlt-gasoline-black-cat_ma29gr16518tr11290-3f105d70-97c5-47e9-8593-43e1c84ac7e9,AutoTrader
DISABLED_MANUAL_REVIEW_REQUIRED,manual_review_required,success,clean,,success,2026-07-21T22:01:06+00:00,source_reported_not_independently_verified,legacy_method_not_yet_disambiguated,,,2024,Ford,F 150,LARIAT 501A BLACK PACKAGE 3.5L POWERBOOST,3,59995,No change noted,Unchanged for 1 weeks,1,59995,59995,0,0,93928,3.5L,Gasoline,Accident reported,N/A,Boundary Ford Sales,Dealer,"2502-50th Avenue, Lloydminster, SK, T9V2S3","Lloydminster, SK",368,city_center,43b26ea0-85a2-4e98-9db5-f9abbb8036b7,,,https://www.autotrader.ca/offers/ford-f-150-lariat-501a-black-package-3-5l-powerboost-gasoline-silver-cat_ma29gr16518tr11275-43b26ea0-85a2-4e98-9db5-f9abbb8036b7,AutoTrader
DISABLED_MANUAL_REVIEW_REQUIRED,manual_review_required,success,clean,,success,2026-07-21T22:01:06+00:00,source_reported_not_independently_verified,legacy_method_not_yet_disambiguated,,,2024,Ford,F 150,XLT 4WD SuperCrew 5.5' Box,2,58287,No change noted,Down $503 over 6 weeks,6,58790,58287,0,-503,29041,2.7L,Gasoline,No accidents reported,N/A,Velocity Ford,Dealer,"661 Thatcher Dr E, Moose Jaw, SK, S6J 1L8","Moose Jaw, SK",799,city_center,48f35b61-a1c8-491b-907f-356e1ec1f440,,,https://www.autotrader.ca/offers/ford-f-150-xlt-4wd-supercrew-5-5-box-gasoline-grey-cat_ma29gr16518tr11290-48f35b61-a1c8-491b-907f-356e1ec1f440,AutoTrader
DISABLED_MANUAL_REVIEW_REQUIRED,manual_review_required,success,clean,,success,2026-07-21T22:01:06+00:00,source_reported_not_independently_verified,legacy_method_not_yet_disambiguated,,,2024,Ford,F 150,XLT,2,56990,No change noted,Unchanged for 2 weeks,2,56990,56990,0,0,18415,Unknown,Gasoline,Unknown,N/A,Advantage Ford,Dealer,"12800 Macleod Trail S.E., CALGARY, AB, T2J 7E5","CALGARY, AB",149,city_center,4f02041a-1c14-4e65-85ad-0278adf1367b,,,https://www.autotrader.ca/offers/ford-f-150-xlt-gasoline-grey-cat_ma29gr16518tr11290-4f02041a-1c14-4e65-85ad-0278adf1367b,AutoTrader
DISABLED_MANUAL_REVIEW_REQUIRED,manual_review_required,success,clean,,success,2026-07-21T22:01:06+00:00,source_reported_not_independently_verified,legacy_method_not_yet_disambiguated,,,2024,Ford,F 150,"XLT Black Appearance Package, FX4 off-road, traile",3,53499,No change noted,"Down $1,500 over 8 weeks",8,54999,53499,0,-1500,37105,2.7L,Gasoline,No accidents reported,N/A,Cam Clark Ford Red Deer,Dealer,"417 Lantern Street, RED DEER, AB, T4E 0A5","RED DEER, AB",8,address,55ca4ac2-dfd6-4348-bd06-6502b4af04c7,,,https://www.autotrader.ca/offers/ford-f-150-xlt-black-appearance-package-fx4-off-road-traile-gasoline-grey-cat_ma29gr16518tr11290-55ca4ac2-dfd6-4348-bd06-6502b4af04c7,AutoTrader
DISABLED_MANUAL_REVIEW_REQUIRED,manual_review_required,success,clean,,success,2026-07-21T22:01:06+00:00,source_reported_not_independently_verified,legacy_method_not_yet_disambiguated,,,2024,Ford,F 150,XLT Black Appearance 302A Hybrid,2,59990,No change noted,Unchanged for 1 weeks,1,59990,59990,0,0,18835,Unknown,Gas/Electric Hybrid,Unknown,N/A,Brentridge Ford Wetaskiwin,Dealer,"5604 - 41st. Avenue, WETASKIWIN, AB, T9A 3M7","WETASKIWIN, AB",102,city_center,58f562ad-8395-4ea1-969c-76695bb830d2,,,https://www.autotrader.ca/offers/ford-f-150-xlt-black-appearance-302a-hybrid-gas-electric-hybrid-blue-cat_ma29gr16518tr11290-58f562ad-8395-4ea1-969c-76695bb830d2,AutoTrader
DISABLED_MANUAL_REVIEW_REQUIRED,manual_review_required,success,clean,,success,2026-07-21T22:01:06+00:00,source_reported_not_independently_verified,legacy_method_not_yet_disambiguated,,,2024,Ford,F 150,XLT 301A 4X4 | TOW PACKAGE | REAR VIEW CAMERA,2,51990,No change noted,Unchanged for 2 weeks,2,51990,51990,0,0,50276,3.5L,Gasoline,Accident reported,N/A,Boundary Ford Sales,Dealer,"2502-50th Avenue, Lloydminster, SK, T9V2S3","Lloydminster, SK",368,city_center,5ee0aa92-7f44-4085-8f10-e3d9429a2df1,,,https://www.autotrader.ca/offers/ford-f-150-xlt-301a-4x4-tow-package-rear-view-camera-gasoline-white-cat_ma29gr16518tr11290-5ee0aa92-7f44-4085-8f10-e3d9429a2df1,AutoTrader
DISABLED_MANUAL_REVIEW_REQUIRED,manual_review_required,success,clean,,success,2026-07-21T22:01:06+00:00,source_reported_not_independently_verified,legacy_method_not_yet_disambiguated,,,2024,Ford,F 150,XLT,2,51999,No change noted,Unchanged for 5 weeks,5,51999,51999,0,0,80001,5.0L,Gasoline,Unknown,N/A,RIPLEY FORD,Dealer,"1560 Saskatchewan Drive South, MELFORT, SK, S0E1A0","MELFORT, SK",713,city_center,5f73d3f1-102f-4de7-aca9-ff4fe2e8978b,,,https://www.autotrader.ca/offers/ford-f-150-xlt-gasoline-silver-cat_ma29gr16518tr11290-5f73d3f1-102f-4de7-aca9-ff4fe2e8978b,AutoTrader
DISABLED_MANUAL_REVIEW_REQUIRED,manual_review_required,success,clean,,success,2026-07-21T22:01:06+00:00,source_reported_not_independently_verified,legacy_method_not_yet_disambiguated,,,2024,Ford,F 150,XLT,2,53999,No change noted,Unchanged for 4 weeks,4,53999,53999,0,0,51584,2.7L,Gasoline,Unknown,N/A,Lamb Ford Sales Ltd.,Dealer,"3771 - 48 Avenue, CAMROSE, AB, T4V1X3","CAMROSE, AB",143,address,603845e6-0bad-4a19-b8a7-d9ee9a194e7f,,,https://www.autotrader.ca/offers/ford-f-150-xlt-gasoline-white-cat_ma29gr16518tr11290-603845e6-0bad-4a19-b8a7-d9ee9a194e7f,AutoTrader
DISABLED_MANUAL_REVIEW_REQUIRED,manual_review_required,success,clean,,success,2026-07-21T22:01:06+00:00,source_reported_not_independently_verified,legacy_method_not_yet_disambiguated,,,2024,Ford,F 150,4x4 Super Cab XLT FX4 Nav BCam PSeat,3,36881,No change noted,Unchanged for 3 weeks,3,36881,36881,0,0,145014,3.5L,Gasoline,Unknown,N/A,Red Deer Motors,Dealer,"6720 Johnstone Dr., RED DEER, AB, T4P 3Y2","RED DEER, AB",5,address,62dcde83-acd9-40a6-9a0e-bc16aa95d7d8,,,https://www.autotrader.ca/offers/ford-f-150-4x4-super-cab-xlt-fx4-nav-bcam-pseat-gasoline-grey-cat_ma29gr16518tr11290-62dcde83-acd9-40a6-9a0e-bc16aa95d7d8,AutoTrader
DISABLED_MANUAL_REVIEW_REQUIRED,manual_review_required,success,clean,,success,2026-07-21T22:01:06+00:00,source_reported_not_independently_verified,legacy_method_not_yet_disambiguated,,,2024,Ford,F 150,STX SuperCrew - 4x4 - ACCIDENT FREE - SK TRUCK,1,38715,No change noted,"Down $1,166 over 9 weeks",9,39881,38715,0,-1166,90891,2.7L,Gasoline,No accidents reported,N/A,Saskatoon Auto Connection,Dealer,"139A 105th Street East, SASKATOON, SK, S7N1Z2","SASKATOON, SK",546,address,6b17a857-c996-42e1-ad6f-568b02ba09b7,,,https://www.autotrader.ca/offers/ford-f-150-stx-supercrew-4x4-accident-free-sk-truck-gasoline-black-cat_ma29gr16518tr11285-6b17a857-c996-42e1-ad6f-568b02ba09b7,AutoTrader
DISABLED_MANUAL_REVIEW_REQUIRED,manual_review_required,success,clean,,success,2026-07-21T22:01:06+00:00,source_reported_not_independently_verified,legacy_method_not_yet_disambiguated,,,2024,Ford,F 150,XLT 5.0L| 301A| BLIND SPOT| 12 PRODUCTIVITY SCREEN,2,50999,No change noted,Unchanged for 1 weeks,1,50999,50999,0,0,80553,Unknown,Gasoline,Unknown,N/A,Innisfail Chrysler Dodge Jeep Ram,Dealer,"5110 40 Ave, Innisfail, AB, T4G 1Z1","Innisfail, AB",33,address,70c87069-f43a-4beb-a17f-d1651bdd39f4,,,https://www.autotrader.ca/offers/ford-f-150-xlt-5-0l-301a-blind-spot-12-productivity-screen-gasoline-cat_ma29gr16518tr11290-70c87069-f43a-4beb-a17f-d1651bdd39f4,AutoTrader
DISABLED_MANUAL_REVIEW_REQUIRED,manual_review_required,success,clean,,success,2026-07-21T22:01:06+00:00,source_reported_not_independently_verified,legacy_method_not_yet_disambiguated,,,2024,Ford,F 150,XLT,2,53999,No change noted,Unchanged for 6 weeks,6,53999,53999,0,0,38846,2.7L,Gasoline,Unknown,N/A,Lamb Ford Sales Ltd.,Dealer,"3771 - 48 Avenue, CAMROSE, AB, T4V1X3","CAMROSE, AB",143,address,73cb7e1d-ae87-49ed-9c0d-c93dca2e2e6b,,,https://www.autotrader.ca/offers/ford-f-150-xlt-gasoline-blue-cat_ma29gr16518tr11290-73cb7e1d-ae87-49ed-9c0d-c93dca2e2e6b,AutoTrader
DISABLED_MANUAL_REVIEW_REQUIRED,manual_review_required,success,clean,,success,2026-07-21T22:01:06+00:00,source_reported_not_independently_verified,legacy_method_not_yet_disambiguated,,,2024,Ford,F 150,XLT SuperCrew   EcoBoost,2,50806,No change noted,Down $644 over 7 weeks,7,51450,50806,0,-644,60324,2.7L,Gasoline,Unknown,N/A,Capital Ford Lincoln SK,Dealer,"1201 Pasqua Street North, REGINA, SK, S4X 4P7","REGINA, SK",784,address,7fd73c4a-d743-4daa-901d-8987bdd8e9ad,,,https://www.autotrader.ca/offers/ford-f-150-xlt-supercrew-ecoboost-gasoline-black-cat_ma29gr16518tr11290-7fd73c4a-d743-4daa-901d-8987bdd8e9ad,AutoTrader
DISABLED_MANUAL_REVIEW_REQUIRED,manual_review_required,success,clean,,success,2026-07-21T22:01:06+00:00,source_reported_not_independently_verified,legacy_method_not_yet_disambiguated,,,2024,Ford,F 150,XLT 4X4 SUPERCREW | BLACK APPEARANCE PKG | TOW/HAU,2,59740,No change noted,Down $200 over 5 weeks,5,59940,59740,0,-200,57041,3.5L,Gasoline,No accidents reported,N/A,Kamloops Ford Lincoln,Dealer,"940 Halston Avenue, Kamloops, BC, V2B 2B8","Kamloops, BC",762,address,82da4fde-fb00-4900-b13c-5893c0e37f77,,,https://www.autotrader.ca/offers/ford-f-150-xlt-4x4-supercrew-black-appearance-pkg-tow-hau-gasoline-blue-cat_ma29gr16518tr11290-82da4fde-fb00-4900-b13c-5893c0e37f77,AutoTrader
DISABLED_MANUAL_REVIEW_REQUIRED,manual_review_required,success,clean,,success,2026-07-21T22:01:06+00:00,source_reported_not_independently_verified,legacy_method_not_yet_disambiguated,,,2024,Ford,F 150,XLT 4WD SuperCrew 5.5' Box COMING SOON,2,49412,No change noted,Unchanged for 2 weeks,2,49412,49412,0,0,77562,2.7L,Gasoline,Unknown,N/A,Velocity Ford,Dealer,"661 Thatcher Dr E, Moose Jaw, SK, S6J 1L8","Moose Jaw, SK",799,city_center,8514c00d-2c7e-4aa7-9ca3-22cc60e1bd4f,,,https://www.autotrader.ca/offers/ford-f-150-xlt-4wd-supercrew-5-5-box-coming-soon-gasoline-grey-cat_ma29gr16518tr11290-8514c00d-2c7e-4aa7-9ca3-22cc60e1bd4f,AutoTrader
DISABLED_MANUAL_REVIEW_REQUIRED,manual_review_required,success,clean,,success,2026-07-21T22:01:06+00:00,source_reported_not_independently_verified,legacy_method_not_yet_disambiguated,,,2024,Ford,F 150,XLT,2,59999,No change noted,Unchanged for 5 weeks,5,59999,59999,0,0,44992,3.5L,Gas/Electric Hybrid,Unknown,N/A,Lamb Ford Sales Ltd.,Dealer,"3771 - 48 Avenue, CAMROSE, AB, T4V1X3","CAMROSE, AB",143,address,92047101-997f-4249-a4fa-10696d4212dd,,,https://www.autotrader.ca/offers/ford-f-150-xlt-gas-electric-hybrid-grey-cat_ma29gr16518tr11290-92047101-997f-4249-a4fa-10696d4212dd,AutoTrader
DISABLED_MANUAL_REVIEW_REQUIRED,manual_review_required,success,clean,,success,2026-07-21T22:01:06+00:00,source_reported_not_independently_verified,legacy_method_not_yet_disambiguated,,,2024,Ford,F 150,XLT 3.5L ECOBOOST | PRO TRAILER,2,49990,No change noted,"Down $3,510 over 5 weeks",5,53500,49990,0,-3510,71873,3.5L,Gasoline,Accident reported,N/A,Boundary Ford Sales,Dealer,"2502-50th Avenue, Lloydminster, SK, T9V2S3","Lloydminster, SK",368,city_center,9206775f-ca4b-4d4f-9e2c-fbc3db8d28f7,,,https://www.autotrader.ca/offers/ford-f-150-xlt-3-5l-ecoboost-pro-trailer-gasoline-grey-cat_ma29gr16518tr11290-9206775f-ca4b-4d4f-9e2c-fbc3db8d28f7,AutoTrader
DISABLED_MANUAL_REVIEW_REQUIRED,manual_review_required,success,clean,,success,2026-07-21T22:01:06+00:00,source_reported_not_independently_verified,legacy_method_not_yet_disambiguated,,,2024,Ford,F 150,XLT,2,53888,No change noted,"Down $3,000 over 6 weeks",6,56888,53888,0,-3000,53732,3.5L,Gasoline,Unknown,N/A,MGM Ford Lincoln Sales,Dealer,"3010 - 50th Avenue, RED DEER, AB, T4R 1M5","RED DEER, AB",1,city_center,95126ed1-3fe9-416a-8c7a-b9c9db10f9f3,,,https://www.autotrader.ca/offers/ford-f-150-xlt-gasoline-black-cat_ma29gr16518tr11290-95126ed1-3fe9-416a-8c7a-b9c9db10f9f3,AutoTrader
DISABLED_MANUAL_REVIEW_REQUIRED,manual_review_required,success,clean,,success,2026-07-21T22:01:06+00:00,source_reported_not_independently_verified,legacy_method_not_yet_disambiguated,,,2024,Ford,F 150,STX  Local One Owner | Dealer Serviced | New Tires,1,48900,No change noted,Down $600 over 3 weeks,3,49500,48900,0,-600,50235,Unknown,Gasoline,No accidents reported,N/A,High River Ford,Dealer,"1103 11th Ave S.E., HIGH RIVER, AB, T1V 1M3","HIGH RIVER, AB",209,city_center,95cb05cf-5d62-47bc-8101-d9de4dcea820,,,https://www.autotrader.ca/offers/ford-f-150-stx-local-one-owner-dealer-serviced-new-tires-gasoline-grey-cat_ma29gr16518tr11285-95cb05cf-5d62-47bc-8101-d9de4dcea820,AutoTrader
DISABLED_MANUAL_REVIEW_REQUIRED,manual_review_required,success,clean,,success,2026-07-21T22:01:06+00:00,source_reported_not_independently_verified,legacy_method_not_yet_disambiguated,,,2024,Ford,F 150,XLT 301A 3.5L EcoBoost | Lane Keep | Power Seats |,2,54680,No change noted,Unchanged for 1 weeks,1,54680,54680,0,0,45781,3.5L,Gasoline,No accidents reported,N/A,Lakewood Chevrolet,Dealer,"2807 92 Street NW, EDMONTON, AB, T6N 0A5","EDMONTON, AB",144,address,95e3c6f4-5524-4655-8a75-50f6f7591dad,,,https://www.autotrader.ca/offers/ford-f-150-xlt-301a-3-5l-ecoboost-lane-keep-power-seats-gasoline-black-cat_ma29gr16518tr11290-95e3c6f4-5524-4655-8a75-50f6f7591dad,AutoTrader
DISABLED_MANUAL_REVIEW_REQUIRED,manual_review_required,success,clean,,success,2026-07-21T22:01:06+00:00,source_reported_not_independently_verified,legacy_method_not_yet_disambiguated,,,2024,Ford,F 150,STX,1,46888,No change noted,Unchanged for 2 weeks,2,46888,46888,0,0,62000,Unknown,Gasoline,Unknown,N/A,Advantage Ford,Dealer,"12800 Macleod Trail S.E., CALGARY, AB, T2J 7E5","CALGARY, AB",149,city_center,980a5242-943d-4e7c-9398-6eaf53563594,,,https://www.autotrader.ca/offers/ford-f-150-stx-gasoline-grey-cat_ma29gr16518tr11285-980a5242-943d-4e7c-9398-6eaf53563594,AutoTrader
DISABLED_MANUAL_REVIEW_REQUIRED,manual_review_required,success,clean,,success,2026-07-21T22:01:06+00:00,source_reported_not_independently_verified,legacy_method_not_yet_disambiguated,,,2024,Ford,F 150,XLT LEATHER HEATED SEATS | REMOTE START | LANE KEE,2,56999,No change noted,Unchanged for 3 weeks,3,56999,56999,0,0,41439,2.7L,Gasoline,Unknown,N/A,Cam Clark Ford Red Deer,Dealer,"417 Lantern Street, RED DEER, AB, T4E 0A5","RED DEER, AB",8,address,9b26d86a-23d5-411d-81dc-e13fed126c03,,,https://www.autotrader.ca/offers/ford-f-150-xlt-leather-heated-seats-remote-start-lane-kee-gasoline-black-cat_ma29gr16518tr11290-9b26d86a-23d5-411d-81dc-e13fed126c03,AutoTrader
DISABLED_MANUAL_REVIEW_REQUIRED,manual_review_required,success,clean,,success,2026-07-21T22:01:06+00:00,source_reported_not_independently_verified,legacy_method_not_yet_disambiguated,,,2024,Ford,F 150,XLT,2,58495,No change noted,Unchanged for 3 weeks,3,58495,58495,0,0,34253,2.7L,Gasoline,Unknown,N/A,Kelowna Chrysler Dodge Jeep,Dealer,"2440 Enterprise Way, KELOWNA, BC, V1X 6X6","KELOWNA, BC",748,address,a3392f4a-abc1-49bc-ab24-d06ceb4cd473,,,https://www.autotrader.ca/offers/ford-f-150-xlt-gasoline-white-cat_ma29gr16518tr11290-a3392f4a-abc1-49bc-ab24-d06ceb4cd473,AutoTrader
DISABLED_MANUAL_REVIEW_REQUIRED,manual_review_required,success,clean,,success,2026-07-21T22:01:06+00:00,source_reported_not_independently_verified,legacy_method_not_yet_disambiguated,,,2024,Ford,F 150,XLT  SPORT FX4 SUPERCREW | BLUECRUISE | BEDLINER,3,50990,No change noted,Unchanged for 1 weeks,1,50990,50990,0,0,74878,2.7L,Gasoline,Accident reported,N/A,Country Hills Ford Ltd.,Dealer,"180 Stonehill Gate NE, Calgary, AB, T3N 2G7","Calgary, AB",134,address,a5bfa6a2-d24f-41d1-9869-81e06efbb15e,,,https://www.autotrader.ca/offers/ford-f-150-xlt-sport-fx4-supercrew-bluecruise-bedliner-gasoline-grey-cat_ma29gr16518tr11290-a5bfa6a2-d24f-41d1-9869-81e06efbb15e,AutoTrader
DISABLED_MANUAL_REVIEW_REQUIRED,manual_review_required,success,clean,,success,2026-07-21T22:01:06+00:00,source_reported_not_independently_verified,legacy_method_not_yet_disambiguated,,,2024,Ford,F 150,XLT,2,51999,No change noted,Unchanged for 2 weeks,2,51999,51999,0,0,52898,Unknown,Gasoline,Unknown,N/A,RIPLEY FORD,Dealer,"1560 Saskatchewan Drive South, MELFORT, SK, S0E1A0","MELFORT, SK",713,city_center,afbb0fa5-81d0-4ab7-b5af-f5dbe523ece6,,,https://www.autotrader.ca/offers/ford-f-150-xlt-gasoline-white-cat_ma29gr16518tr11290-afbb0fa5-81d0-4ab7-b5af-f5dbe523ece6,AutoTrader
DISABLED_MANUAL_REVIEW_REQUIRED,manual_review_required,success,clean,,success,2026-07-21T22:01:06+00:00,source_reported_not_independently_verified,legacy_method_not_yet_disambiguated,,,2024,Ford,F 150,4X4 SUPERCREW W/ TOW/HAUL PACKAGE,1,50581,No change noted,Unchanged for 2 weeks,2,50581,50581,0,0,88485,3.5L,Gasoline,Unknown,N/A,Moose Jaw Ford Sales Ltd.,Dealer,"1010 North Service Road, MOOSE JAW, SK, S6H 4P5","MOOSE JAW, SK",795,address,b01069a7-5c19-4881-b88e-a13ed572e9f4,,,https://www.autotrader.ca/offers/ford-f-150-4x4-supercrew-w-tow-haul-package-gasoline-white-cat_ma29gr16518tr11290-b01069a7-5c19-4881-b88e-a13ed572e9f4,AutoTrader
DISABLED_MANUAL_REVIEW_REQUIRED,manual_review_required,success,clean,,success,2026-07-21T22:01:06+00:00,source_reported_not_independently_verified,legacy_method_not_yet_disambiguated,,,2024,Ford,F 150,XLT- ECOBOOST-302A-BLACKOUT PKG- SUPERCREW,2,50490,No change noted,"Down $6,509 over 11 weeks",11,56999,50490,0,-6509,47730,2.7L,Gasoline,Unknown,N/A,GO AUTO OUTLET SOUTH,Dealer,"2262 Sparrow Dr, Nisku, AB, T9E 8A2","Nisku, AB",129,address,b1e4b32e-e0ff-4f34-bdbb-93a9be9cdb59,,,https://www.autotrader.ca/offers/ford-f-150-xlt-ecoboost-302a-blackout-pkg-supercrew-gasoline-grey-cat_ma29gr16518tr11290-b1e4b32e-e0ff-4f34-bdbb-93a9be9cdb59,AutoTrader
DISABLED_MANUAL_REVIEW_REQUIRED,manual_review_required,success,clean,,success,2026-07-21T22:01:06+00:00,source_reported_not_independently_verified,legacy_method_not_yet_disambiguated,,,2024,Ford,F 150,"302A, SPORT PKG, 3.5L V6, 4X4",2,51900,No change noted,"Down $2,000 over 3 weeks",3,53900,51900,0,-2000,53588,3.5L,Gasoline,Accident reported,N/A,Merlin Ford,Dealer,"3750 Idylwyld Drive North, SASKATOON, SK, S7K6G3","SASKATOON, SK",543,address,bd65725c-1c01-4750-8181-7b1d180c2b6b,,,https://www.autotrader.ca/offers/ford-f-150-302a-sport-pkg-3-5l-v6-4x4-gasoline-grey-cat_ma29gr16518tr11290-bd65725c-1c01-4750-8181-7b1d180c2b6b,AutoTrader
DISABLED_MANUAL_REVIEW_REQUIRED,manual_review_required,success,clean,,success,2026-07-21T22:01:06+00:00,source_reported_not_independently_verified,legacy_method_not_yet_disambiguated,,,2024,Ford,F 150,XLT | 4x4 | 360 Cam | Lane Keep Assist | Hitch | B,2,47589,No change noted,Unchanged for 3 weeks,3,47589,47589,0,0,97991,Unknown,Gasoline,Unknown,N/A,Saskatoon Motor Products,Dealer,"715 Circle Drive East, SASKATOON, SK, S7K 0V1","SASKATOON, SK",540,address,be173ae6-53e3-46dc-a68a-1af432a209da,,,https://www.autotrader.ca/offers/ford-f-150-xlt-4x4-360-cam-lane-keep-assist-hitch-b-gasoline-black-cat_ma29gr16518tr11290-be173ae6-53e3-46dc-a68a-1af432a209da,AutoTrader
DISABLED_MANUAL_REVIEW_REQUIRED,manual_review_required,success,clean,,success,2026-07-21T22:01:06+00:00,source_reported_not_independently_verified,legacy_method_not_yet_disambiguated,,,2024,Ford,F 150,XLT 4x4 SuperCrew Cab 5.5 ft. box 145 in. WB,2,45995,"Reduced from $ 46,995,-","Down $1,000 over 2 weeks",2,46995,45995,0,-1000,136990,Unknown,Gasoline,No accidents reported,N/A,Okotoks Ford Lincoln,Dealer,"4 Westland Rd., OKOTOKS, AB, T1S1N1","OKOTOKS, AB",188,address,c2b7f20c-b476-419e-baa4-e1b99976401e,,,https://www.autotrader.ca/offers/ford-f-150-xlt-4x4-supercrew-cab-5-5-ft-box-145-in-wb-gasoline-silver-cat_ma29gr16518tr11290-c2b7f20c-b476-419e-baa4-e1b99976401e,AutoTrader
DISABLED_MANUAL_REVIEW_REQUIRED,manual_review_required,success,clean,,success,2026-07-21T22:01:06+00:00,source_reported_not_independently_verified,legacy_method_not_yet_disambiguated,,,2024,Ford,F 150,"XLT Built Ford Tough, Powerful, Tech-Ready XLT /",2,50598,No change noted,Down $11 over 3 weeks,3,50609,50598,0,-11,84555,5.0L,Gasoline,Unknown,N/A,Straightline Volkswagen Medicine Hat,Dealer,"1301 Trans Canada Way SE, MEDICINE HAT, AB, T1B 1J1","MEDICINE HAT, AB",409,address,cab6db7f-c6c5-45cd-88fe-91bda36b7a2d,,,https://www.autotrader.ca/offers/ford-f-150-xlt-built-ford-tough-powerful-tech-ready-xlt-gasoline-cat_ma29gr16518tr11290-cab6db7f-c6c5-45cd-88fe-91bda36b7a2d,AutoTrader
DISABLED_MANUAL_REVIEW_REQUIRED,manual_review_required,success,clean,,success,2026-07-21T22:01:06+00:00,source_reported_not_independently_verified,legacy_method_not_yet_disambiguated,,,2024,Ford,F 150,XLT,2,56888,No change noted,First seen this week,0,56888,56888,0,0,45146,Unknown,Gasoline,Unknown,N/A,Advantage Ford,Dealer,"12800 Macleod Trail S.E., CALGARY, AB, T2J 7E5","CALGARY, AB",149,city_center,ce7b47f6-69d0-4e12-a96a-d9c28e2ab574,,,https://www.autotrader.ca/offers/ford-f-150-xlt-gasoline-grey-cat_ma29gr16518tr11290-ce7b47f6-69d0-4e12-a96a-d9c28e2ab574,AutoTrader
DISABLED_MANUAL_REVIEW_REQUIRED,manual_review_required,success,clean,,success,2026-07-21T22:01:06+00:00,source_reported_not_independently_verified,legacy_method_not_yet_disambiguated,,,2024,Ford,F 150,XLT SuperCrew 145 | Heated Seats | BlueCruise Equi,2,58000,No change noted,First seen this week,0,58000,58000,0,0,16000,5.0L,Gasoline,Unknown,N/A,Waterloo Ford,Dealer,"11420 - 107 Ave, Edmonton, AB, T5H 0Y5","Edmonton, AB",156,address,d0505be7-90d1-446a-82a4-96d638cb0356,,,https://www.autotrader.ca/offers/ford-f-150-xlt-supercrew-145-heated-seats-bluecruise-equi-gasoline-grey-cat_ma29gr16518tr11290-d0505be7-90d1-446a-82a4-96d638cb0356,AutoTrader
DISABLED_MANUAL_REVIEW_REQUIRED,manual_review_required,success,clean,,success,2026-07-21T22:01:06+00:00,source_reported_not_independently_verified,legacy_method_not_yet_disambiguated,,,2024,Ford,F 150,XLT | Ecoboost | Tow Hitch,2,48998,No change noted,Unchanged for 1 weeks,1,48998,48998,0,0,88232,Unknown,Gasoline,Unknown,N/A,Dodge City Auto,Dealer,"2200 8th Street East, SASKATOON, SK, S7H 0V3","SASKATOON, SK",542,address,d51fd2a8-4ffa-4df7-9caa-fbf93669f4d1,,,https://www.autotrader.ca/offers/ford-f-150-xlt-ecoboost-tow-hitch-gasoline-white-cat_ma29gr16518tr11290-d51fd2a8-4ffa-4df7-9caa-fbf93669f4d1,AutoTrader
DISABLED_MANUAL_REVIEW_REQUIRED,manual_review_required,success,clean,,success,2026-07-21T22:01:06+00:00,source_reported_not_independently_verified,legacy_method_not_yet_disambiguated,,,2024,Ford,F 150,XLT LEASE RETURN | 303A | LEATHER | B&O SOUND | MO,2,54454,"Reduced from $ 56,278,-","Down $2,819 over 6 weeks",6,57273,54454,0,-2819,43202,2.7L,Gasoline,Unknown,N/A,Cam Clark Ford Calgary/Airdrie,Dealer,"1001 Highland Park Blvd NE, AIRDRIE, AB, T4A 0R2","AIRDRIE, AB",118,address,da671644-3e5a-47e7-b2f6-b9d8a8f4cf0c,,,https://www.autotrader.ca/offers/ford-f-150-xlt-lease-return-303a-leather-bo-sound-mo-gasoline-black-cat_ma29gr16518tr11290-da671644-3e5a-47e7-b2f6-b9d8a8f4cf0c,AutoTrader
DISABLED_MANUAL_REVIEW_REQUIRED,manual_review_required,success,clean,,success,2026-07-21T22:01:06+00:00,source_reported_not_independently_verified,legacy_method_not_yet_disambiguated,,,2024,Ford,F 150,XLT CERTIFIED PREOWNED | MOONROOF | HEATED SEATS,2,55796,No change noted,"Down $2,050 over 6 weeks",6,57846,55796,0,-2050,33850,2.7L,Gasoline,Unknown,N/A,Cam Clark Ford Calgary/Airdrie,Dealer,"1001 Highland Park Blvd NE, AIRDRIE, AB, T4A 0R2","AIRDRIE, AB",118,address,dc184428-7a70-4f70-bdd5-48f74ceda12f,,,https://www.autotrader.ca/offers/ford-f-150-xlt-certified-preowned-moonroof-heated-seats-gasoline-red-cat_ma29gr16518tr11290-dc184428-7a70-4f70-bdd5-48f74ceda12f,AutoTrader
DISABLED_MANUAL_REVIEW_REQUIRED,manual_review_required,success,clean,,success,2026-07-21T22:01:06+00:00,source_reported_not_independently_verified,legacy_method_not_yet_disambiguated,,,2024,Ford,F 150,XLT,2,47995,No change noted,Unchanged for 2 weeks,2,47995,47995,0,0,84262,Unknown,Gasoline,Unknown,N/A,Medicine Hat Honda,Dealer,"16 Strachan Court Southeast, Medicine Hat, AB, T1B 4R7","Medicine Hat, AB",410,address,e7673ae7-a174-44b8-915d-b74b33fdbc69,,,https://www.autotrader.ca/offers/ford-f-150-xlt-gasoline-grey-cat_ma29gr16518tr11290-e7673ae7-a174-44b8-915d-b74b33fdbc69,AutoTrader
DISABLED_MANUAL_REVIEW_REQUIRED,manual_review_required,success,clean,,success,2026-07-21T22:01:06+00:00,source_reported_not_independently_verified,legacy_method_not_yet_disambiguated,,,2024,Ford,F 150,XLT 4x4 SuperCrew Cab 5.5 ft. box 145 in. WB,2,47670,No change noted,Down $325 over 8 weeks,8,47995,47670,0,-325,124271,3.5L,Gas/Electric Hybrid,Accident reported,N/A,Okotoks Ford Lincoln,Dealer,"4 Westland Rd., OKOTOKS, AB, T1S1N1","OKOTOKS, AB",188,address,e76cbdbb-eb1f-4276-931e-dec8836a5de7,,,https://www.autotrader.ca/offers/ford-f-150-xlt-4x4-supercrew-cab-5-5-ft-box-145-in-wb-gas-electric-hybrid-blue-cat_ma29gr16518tr11290-e76cbdbb-eb1f-4276-931e-dec8836a5de7,AutoTrader
DISABLED_MANUAL_REVIEW_REQUIRED,manual_review_required,success,clean,,success,2026-07-21T22:01:06+00:00,source_reported_not_independently_verified,legacy_method_not_yet_disambiguated,,,2024,Ford,F 150,3.5L EcoBoost XL 4x4 Reg Cab 8 Foot Box w/ Headach,1,45985,No change noted,Unchanged for 2 weeks,2,45985,45985,0,0,57720,Unknown,Gasoline,Unknown,N/A,Jim Pattison Lease,Dealer,"1235-73rd Ave S.E., CALGARY, AB, T2H2X1","CALGARY, AB",149,city_center,ea03faf3-dd75-406b-81c0-a1ad9778ba22,,,https://www.autotrader.ca/offers/ford-f-150-3-5l-ecoboost-xl-4x4-reg-cab-8-foot-box-w-headach-gasoline-black-cat_ma29gr16518tr11288-ea03faf3-dd75-406b-81c0-a1ad9778ba22,AutoTrader
DISABLED_MANUAL_REVIEW_REQUIRED,manual_review_required,success,clean,,success,2026-07-21T22:01:06+00:00,source_reported_not_independently_verified,legacy_method_not_yet_disambiguated,,,2024,Ford,F 150,XLT,2,53999,No change noted,Unchanged for 3 weeks,3,53999,53999,0,0,64976,3.5L,Gasoline,Unknown,N/A,Lamb Ford Sales Ltd.,Dealer,"3771 - 48 Avenue, CAMROSE, AB, T4V1X3","CAMROSE, AB",143,address,f59015ad-041e-4c44-8c2a-0c60521f14c4,,,https://www.autotrader.ca/offers/ford-f-150-xlt-gasoline-white-cat_ma29gr16518tr11290-f59015ad-041e-4c44-8c2a-0c60521f14c4,AutoTrader
DISABLED_MANUAL_REVIEW_REQUIRED,manual_review_required,success,clean,,success,2026-07-21T22:01:06+00:00,source_reported_not_independently_verified,legacy_method_not_yet_disambiguated,,,2024,Ford,F 150,Black Appearance | 360 Cam | Mobile Office Pkg 4x4,1,54995,No change noted,Unchanged for 3 weeks,3,54995,54995,0,0,37606,2.7L,Gasoline,Unknown,N/A,Murray Chrysler Okotoks,Dealer,"12 Southridge Drive, Okotoks, AB, T1S1N1","Okotoks, AB",188,address,f5b93252-be9a-4bb6-a656-0dc647268477,,,https://www.autotrader.ca/offers/ford-f-150-black-appearance-360-cam-mobile-office-pkg-4x4-gasoline-grey-cat_ma29gr16518tr11290-f5b93252-be9a-4bb6-a656-0dc647268477,AutoTrader
DISABLED_MANUAL_REVIEW_REQUIRED,manual_review_required,success,clean,,success,2026-07-21T22:01:06+00:00,source_reported_not_independently_verified,legacy_method_not_yet_disambiguated,,,2024,Ford,F 150,XLT: 4X4/302A PKG/FX4 PKG/TRAILER BRAKE/HEATED SEA,3,48989,No change noted,Unchanged for 1 weeks,1,48989,48989,0,0,77166,2.7L,Gasoline,Unknown,N/A,St Albert Honda,Dealer,"875 St Albert Trail, Edmonton, AB, T6X1C4","Edmonton, AB",173,address,f6725cc6-47c6-4bdf-ae6f-85daa17b7f1c,,,https://www.autotrader.ca/offers/ford-f-150-xlt-4x4-302a-pkg-fx4-pkg-trailer-brake-heated-sea-gasoline-black-cat_ma29gr16518tr11290-f6725cc6-47c6-4bdf-ae6f-85daa17b7f1c,AutoTrader
DISABLED_MANUAL_REVIEW_REQUIRED,manual_review_required,success,clean,,success,2026-07-21T22:01:06+00:00,source_reported_not_independently_verified,legacy_method_not_yet_disambiguated,,,2025,Ford,F 150,XLT,2,54388,No change noted,"Down $3,000 over 8 weeks",8,57388,54388,0,-3000,21224,3.5L,Gasoline,Unknown,N/A,MGM Ford Lincoln Sales,Dealer,"3010 - 50th Avenue, RED DEER, AB, T4R 1M5","RED DEER, AB",1,city_center,1660fbb9-b9d4-4ea3-9686-de08159e577c,,,https://www.autotrader.ca/offers/ford-f-150-xlt-gasoline-blue-cat_ma29gr16518tr11290-1660fbb9-b9d4-4ea3-9686-de08159e577c,AutoTrader
DISABLED_MANUAL_REVIEW_REQUIRED,manual_review_required,success,clean,,success,2026-07-21T22:01:06+00:00,source_reported_not_independently_verified,legacy_method_not_yet_disambiguated,,,2025,Ford,F 150,XLT 301A 3.5L EcoBoost | Rear Vision Camera,2,56980,No change noted,Unchanged for 2 weeks,2,56980,56980,0,0,17522,3.5L,Gasoline,No accidents reported,N/A,Lakewood Chevrolet,Dealer,"2807 92 Street NW, EDMONTON, AB, T6N 0A5","EDMONTON, AB",144,address,1f20b9e6-74a2-4c41-8956-d6869bb98472,,,https://www.autotrader.ca/offers/ford-f-150-xlt-301a-3-5l-ecoboost-rear-vision-camera-gasoline-black-cat_ma29gr16518tr11290-1f20b9e6-74a2-4c41-8956-d6869bb98472,AutoTrader
DISABLED_MANUAL_REVIEW_REQUIRED,manual_review_required,success,clean,,success,2026-07-21T22:01:06+00:00,source_reported_not_independently_verified,legacy_method_not_yet_disambiguated,,,2025,Ford,F 150,Xlt 4wd Supercrew,2,54899,No change noted,"Down $2,899 over 6 weeks",6,57798,55899,-1000,-2899,49744,3.5L,Gasoline,Unknown,N/A,Taylor Volkswagen,Dealer,"3615 East Quance Gate, REGINA, SK, S4V3A4","REGINA, SK",786,city_center,33f1a90a-42b3-4f30-a7b0-0e0ab42b6100,,,https://www.autotrader.ca/offers/ford-f-150-xlt-4wd-supercrew-gasoline-grey-cat_ma29gr16518tr11290-33f1a90a-42b3-4f30-a7b0-0e0ab42b6100,AutoTrader
DISABLED_MANUAL_REVIEW_REQUIRED,manual_review_required,success,clean,,success,2026-07-21T22:01:06+00:00,source_reported_not_independently_verified,legacy_method_not_yet_disambiguated,,,2025,Ford,F 150,XLT | 5.0L | Power Driver Seat | Accident Free,2,54945,No change noted,"Down $1,000 over 7 weeks",7,55945,54945,0,-1000,35336,5.0L,Gasoline,No accidents reported,N/A,Sherwood Chevrolet,Dealer,"550 Brand Road, SASKATOON, SK, S7J 5J3","SASKATOON, SK",542,address,376cbf78-cbb3-49c5-966b-f39c89cfef4a,,,https://www.autotrader.ca/offers/ford-f-150-xlt-5-0l-power-driver-seat-accident-free-gasoline-black-cat_ma29gr16518tr11290-376cbf78-cbb3-49c5-966b-f39c89cfef4a,AutoTrader
DISABLED_MANUAL_REVIEW_REQUIRED,manual_review_required,success,clean,,success,2026-07-21T22:01:06+00:00,source_reported_not_independently_verified,legacy_method_not_yet_disambiguated,,,2025,Ford,F 150,XLT 301A Supercab 5.0L V8,2,54990,No change noted,Unchanged for 3 weeks,3,54990,54990,0,0,7176,5.0L,Gasoline,Unknown,N/A,Brentridge Ford Wetaskiwin,Dealer,"5604 - 41st. Avenue, WETASKIWIN, AB, T9A 3M7","WETASKIWIN, AB",102,city_center,4934c836-651f-414a-ac46-b1100729e678,,,https://www.autotrader.ca/offers/ford-f-150-xlt-301a-supercab-5-0l-v8-gasoline-red-cat_ma29gr16518tr11290-4934c836-651f-414a-ac46-b1100729e678,AutoTrader
DISABLED_MANUAL_REVIEW_REQUIRED,manual_review_required,success,clean,,success,2026-07-21T22:01:06+00:00,source_reported_not_independently_verified,legacy_method_not_yet_disambiguated,,,2025,Ford,F 150,XLT | 301A | 4X4 | SuperCrew 145,2,57000,No change noted,First seen this week,0,57000,57000,0,0,15363,3.5L,Gasoline,Unknown,N/A,Freedom Ford Sales,Dealer,"7505 75 Street, EDMONTON, AB, T6C 4H8","EDMONTON, AB",154,city_center,5bf1298f-6ade-4e70-bd38-1f52172fe3bc,,,https://www.autotrader.ca/offers/ford-f-150-xlt-301a-4x4-supercrew-145-gasoline-black-cat_ma29gr16518tr11290-5bf1298f-6ade-4e70-bd38-1f52172fe3bc,AutoTrader
DISABLED_MANUAL_REVIEW_REQUIRED,manual_review_required,success,clean,,success,2026-07-21T22:01:06+00:00,source_reported_not_independently_verified,legacy_method_not_yet_disambiguated,,,2025,Ford,F 150,XLT - 3.5 | 3 Bed Storage Drawers | Headache Rack,2,57995,No change noted,Unchanged for 1 weeks,1,57995,57995,0,0,41047,3.5L,Gasoline,Accident reported,N/A,Carget Supercentre,Dealer,"3515 Faithfull Ave, Saskatoon, SK, S7L 6G3","Saskatoon, SK",543,address,5d1b7d99-5938-45e9-abbf-474eab1b171d,,,https://www.autotrader.ca/offers/ford-f-150-xlt-3-5-3-bed-storage-drawers-headache-rack-gasoline-white-cat_ma29gr16518tr11290-5d1b7d99-5938-45e9-abbf-474eab1b171d,AutoTrader
DISABLED_MANUAL_REVIEW_REQUIRED,manual_review_required,success,clean,,success,2026-07-21T22:01:06+00:00,source_reported_not_independently_verified,legacy_method_not_yet_disambiguated,,,2025,Ford,F 150,XLT 4X4 | HEATED SEATS | BACK UP CAM | BLUETOOTH |,2,57995,No change noted,Unchanged for 6 weeks,6,57995,57995,0,0,53119,2.7L,Gasoline,Unknown,N/A,OLYMPIC SUPER CENTER,Dealer,"665 University Park Dr, REGINA, SK, S4R2V8","REGINA, SK",790,address,5e22da73-c434-4523-943d-f58e7f312d20,,,https://www.autotrader.ca/offers/ford-f-150-xlt-4x4-heated-seats-back-up-cam-bluetooth-gasoline-white-cat_ma29gr16518tr11290-5e22da73-c434-4523-943d-f58e7f312d20,AutoTrader
DISABLED_MANUAL_REVIEW_REQUIRED,manual_review_required,success,clean,,success,2026-07-21T22:01:06+00:00,source_reported_not_independently_verified,legacy_method_not_yet_disambiguated,,,2025,Ford,F 150,STX | 5.0 V8 | Big Display | Cloth | Centre Consol,1,58300,No change noted,"Down $1,384 over 5 weeks",5,59684,58300,0,-1384,8409,5.0L,Gasoline,Unknown,N/A,Saskatoon Motor Products,Dealer,"715 Circle Drive East, SASKATOON, SK, S7K 0V1","SASKATOON, SK",540,address,664a5951-2818-49e7-9061-1384d96e0799,,,https://www.autotrader.ca/offers/ford-f-150-stx-5-0-v8-big-display-cloth-centre-consol-gasoline-black-cat_ma29gr16518tr11285-664a5951-2818-49e7-9061-1384d96e0799,AutoTrader
DISABLED_MANUAL_REVIEW_REQUIRED,manual_review_required,success,clean,,success,2026-07-21T22:01:06+00:00,source_reported_not_independently_verified,legacy_method_not_yet_disambiguated,,,2025,Ford,F 150,XLT 4WD*Adaptive Cruise | Remote Start | Nav | 360,2,59538,No change noted,Down $450 over 4 weeks,4,59988,59538,0,-450,13664,2.7L,Gasoline,Unknown,N/A,Titan Automotive Group,Dealer,"777 Broad Street, Regina, SK, S4R 8G3","Regina, SK",784,address,6dd18767-61b1-4cc4-baa9-17531de88239,,,https://www.autotrader.ca/offers/ford-f-150-xlt-4wd-adaptive-cruise-remote-start-nav-360-gasoline-blue-cat_ma29gr16518tr11290-6dd18767-61b1-4cc4-baa9-17531de88239,AutoTrader
DISABLED_MANUAL_REVIEW_REQUIRED,manual_review_required,success,clean,,success,2026-07-21T22:01:06+00:00,source_reported_not_independently_verified,legacy_method_not_yet_disambiguated,,,2025,Ford,F 150,XLT | 3.5L ECO-BOOST | WIRELESS APPLE CARPLAY AND,2,52900,No change noted,"Down $3,000 over 6 weeks",6,55900,52900,0,-3000,31909,3.5L,Gasoline,Unknown,N/A,Kelowna Truck & RV(PV),Dealer,"1780 Byland Road, West Kelowna, BC, V1Z 3Z4","West Kelowna, BC",759,address,71f20f5a-45d6-47cf-89e2-f6ef61dc004a,,,https://www.autotrader.ca/offers/ford-f-150-xlt-3-5l-eco-boost-wireless-apple-carplay-and-gasoline-blue-cat_ma29gr16518tr11290-71f20f5a-45d6-47cf-89e2-f6ef61dc004a,AutoTrader
DISABLED_MANUAL_REVIEW_REQUIRED,manual_review_required,success,clean,,success,2026-07-21T22:01:06+00:00,source_reported_not_independently_verified,legacy_method_not_yet_disambiguated,,,2025,Ford,F 150,XLT,2,53490,No change noted,Unchanged for 1 weeks,1,53490,53490,0,0,46173,3.5L,Gasoline,Accident reported,N/A,Woodridge Ford Lincoln,Dealer,"11580 24 Street SE, CALGARY, AB, T2Z3K1","CALGARY, AB",161,address,79f166c3-3922-4b25-ae52-d36a852427fc,,,https://www.autotrader.ca/offers/ford-f-150-xlt-gasoline-silver-cat_ma29gr16518tr11290-79f166c3-3922-4b25-ae52-d36a852427fc,AutoTrader
DISABLED_MANUAL_REVIEW_REQUIRED,manual_review_required,success,clean,,success,2026-07-21T22:01:06+00:00,source_reported_not_independently_verified,legacy_method_not_yet_disambiguated,,,2025,Ford,F 150,Lariat  501A | TOW/HAUL | MOBILE OFFICE PKG,3,59798,No change noted,Down $201 over 5 weeks,5,59999,59798,0,-201,71314,3.5L,Gasoline,Accident reported,N/A,Legacy Ford Ponoka,Dealer,"6305 - 42 Avenue, PONOKA, AB, T4J 1J8","PONOKA, AB",54,address,a391e9e3-f46d-4bcd-a08a-62fbc64892c4,,,https://www.autotrader.ca/offers/ford-f-150-lariat-501a-tow-haul-mobile-office-pkg-gasoline-black-cat_ma29gr16518tr11275-a391e9e3-f46d-4bcd-a08a-62fbc64892c4,AutoTrader
DISABLED_MANUAL_REVIEW_REQUIRED,manual_review_required,success,clean,,success,2026-07-21T22:01:06+00:00,source_reported_not_independently_verified,legacy_method_not_yet_disambiguated,,,2025,Ford,F 150,XLT,2,55989,No change noted,Unchanged for 11 weeks,11,55989,55989,0,0,30438,3.5L,Gasoline,No accidents reported,N/A,Salmon Arm GM,Dealer,"3901 11th Ave NE, SALMON ARM, BC, V1E 2S2","SALMON ARM, BC",648,city_center,b37d02f0-a3c2-48ea-b913-b3646ca64e6b,,,https://www.autotrader.ca/offers/ford-f-150-xlt-gasoline-white-cat_ma29gr16518tr11290-b37d02f0-a3c2-48ea-b913-b3646ca64e6b,AutoTrader
DISABLED_MANUAL_REVIEW_REQUIRED,manual_review_required,success,clean,,success,2026-07-21T22:01:06+00:00,source_reported_not_independently_verified,legacy_method_not_yet_disambiguated,,,2025,Ford,F 150,XLT | 301A | SuperCrew 145 | Backup Cam | Tow/Haul,2,57500,No change noted,Unchanged for 3 weeks,3,57500,57500,0,0,37260,3.5L,Gasoline,Unknown,N/A,Waterloo Ford,Dealer,"11420 - 107 Ave, Edmonton, AB, T5H 0Y5","Edmonton, AB",156,address,b7309dd6-2427-44fa-92b0-5d7222f020fc,,,https://www.autotrader.ca/offers/ford-f-150-xlt-301a-supercrew-145-backup-cam-tow-haul-gasoline-grey-cat_ma29gr16518tr11290-b7309dd6-2427-44fa-92b0-5d7222f020fc,AutoTrader
DISABLED_MANUAL_REVIEW_REQUIRED,manual_review_required,success,clean,,success,2026-07-21T22:01:06+00:00,source_reported_not_independently_verified,legacy_method_not_yet_disambiguated,,,2025,Ford,F 150,XLT BLACK APPEARANCE PACKAGE,2,57600,No change noted,"Down $2,395 over 4 weeks",4,59995,57600,0,-2395,10095,2.7L,Gasoline,Accident reported,N/A,Boundary Ford Sales,Dealer,"2502-50th Avenue, Lloydminster, SK, T9V2S3","Lloydminster, SK",368,city_center,c3ad094b-eda6-4df6-be8a-4b91a646ad32,,,https://www.autotrader.ca/offers/ford-f-150-xlt-black-appearance-package-gasoline-silver-cat_ma29gr16518tr11290-c3ad094b-eda6-4df6-be8a-4b91a646ad32,AutoTrader
DISABLED_MANUAL_REVIEW_REQUIRED,manual_review_required,success,clean,,success,2026-07-21T22:01:06+00:00,source_reported_not_independently_verified,legacy_method_not_yet_disambiguated,,,2025,Ford,F 150,XLT 4WD*Adaptive Cruise | Remote Start | Nav | 360,2,59741,No change noted,Down $247 over 3 weeks,3,59988,59741,0,-247,14972,2.7L,Gasoline,Accident reported,N/A,Titan Automotive Group,Dealer,"777 Broad Street, Regina, SK, S4R 8G3","Regina, SK",784,address,c4330ef0-05d5-41e4-a310-9c631e68cf55,,,https://www.autotrader.ca/offers/ford-f-150-xlt-4wd-adaptive-cruise-remote-start-nav-360-gasoline-white-cat_ma29gr16518tr11290-c4330ef0-05d5-41e4-a310-9c631e68cf55,AutoTrader
DISABLED_MANUAL_REVIEW_REQUIRED,manual_review_required,success,clean,,success,2026-07-21T22:01:06+00:00,source_reported_not_independently_verified,legacy_method_not_yet_disambiguated,,,2025,Ford,F 150,XLT | 4x4 | 3.5L |  Lane Keep Assist | Back Up Cam,2,55922,No change noted,"Down $1,452 over 7 weeks",7,57374,55922,0,-1452,50828,3.5L,Gasoline,Unknown,N/A,Saskatoon Motor Products,Dealer,"715 Circle Drive East, SASKATOON, SK, S7K 0V1","SASKATOON, SK",540,address,c490f897-156a-45cd-ac0c-1b6980dfb604,,,https://www.autotrader.ca/offers/ford-f-150-xlt-4x4-3-5l-lane-keep-assist-back-up-cam-gasoline-grey-cat_ma29gr16518tr11290-c490f897-156a-45cd-ac0c-1b6980dfb604,AutoTrader
DISABLED_MANUAL_REVIEW_REQUIRED,manual_review_required,success,clean,,success,2026-07-21T22:01:06+00:00,source_reported_not_independently_verified,legacy_method_not_yet_disambiguated,,,2025,Ford,F 150,"XLT Black Appearance Package, 301A Equipment",2,49999,No change noted,Unchanged for 1 weeks,1,49999,49999,0,0,55002,Unknown,Gasoline,Unknown,N/A,Brentridge Ford Wetaskiwin,Dealer,"5604 - 41st. Avenue, WETASKIWIN, AB, T9A 3M7","WETASKIWIN, AB",102,city_center,c5f37a15-4be9-4b53-bf78-ea36e281b95e,,,https://www.autotrader.ca/offers/ford-f-150-xlt-black-appearance-package-301a-equipment-gasoline-white-cat_ma29gr16518tr11290-c5f37a15-4be9-4b53-bf78-ea36e281b95e,AutoTrader
DISABLED_MANUAL_REVIEW_REQUIRED,manual_review_required,success,clean,,success,2026-07-21T22:01:06+00:00,source_reported_not_independently_verified,legacy_method_not_yet_disambiguated,,,2025,Ford,F 150,XLT |  3.5L ECO-BOOST | WIRELESS APPLE CARPLAY AND,2,54900,No change noted,"Down $1,000 over 4 weeks",4,55900,54900,0,-1000,40137,3.5L,Gasoline,Unknown,N/A,Kelowna Truck & RV(PV),Dealer,"1780 Byland Road, West Kelowna, BC, V1Z 3Z4","West Kelowna, BC",759,address,cfb7b41d-06a9-4f70-aca9-debe8edbd9a2,,,https://www.autotrader.ca/offers/ford-f-150-xlt-3-5l-eco-boost-wireless-apple-carplay-and-gasoline-grey-cat_ma29gr16518tr11290-cfb7b41d-06a9-4f70-aca9-debe8edbd9a2,AutoTrader
DISABLED_MANUAL_REVIEW_REQUIRED,manual_review_required,success,clean,,success,2026-07-21T22:01:06+00:00,source_reported_not_independently_verified,legacy_method_not_yet_disambiguated,,,2025,Ford,F 150,XLT 3.5L | Cruise Control,2,56980,No change noted,Unchanged for 2 weeks,2,56980,56980,0,0,33441,3.5L,Gasoline,No accidents reported,N/A,Lakewood Chevrolet,Dealer,"2807 92 Street NW, EDMONTON, AB, T6N 0A5","EDMONTON, AB",144,address,d28ae235-68f0-4f23-94f8-62f7dea4bdab,,,https://www.autotrader.ca/offers/ford-f-150-xlt-3-5l-cruise-control-gasoline-blue-cat_ma29gr16518tr11290-d28ae235-68f0-4f23-94f8-62f7dea4bdab,AutoTrader
DISABLED_MANUAL_REVIEW_REQUIRED,manual_review_required,success,clean,,success,2026-07-21T22:01:06+00:00,source_reported_not_independently_verified,legacy_method_not_yet_disambiguated,,,2025,Ford,F 150,XLT BLACK PACKAGE | MOBILE OFFICE | TOW/HAUL,2,59995,No change noted,Unchanged for 7 weeks,7,59995,59995,0,0,15573,3.5L,Gasoline,Accident reported,N/A,Boundary Ford Sales,Dealer,"2502-50th Avenue, Lloydminster, SK, T9V2S3","Lloydminster, SK",368,city_center,df591b22-f289-4d43-bc81-32cc60fde37a,,,https://www.autotrader.ca/offers/ford-f-150-xlt-black-package-mobile-office-tow-haul-gasoline-grey-cat_ma29gr16518tr11290-df591b22-f289-4d43-bc81-32cc60fde37a,AutoTrader
DISABLED_MANUAL_REVIEW_REQUIRED,manual_review_required,success,clean,,success,2026-07-21T22:01:06+00:00,source_reported_not_independently_verified,legacy_method_not_yet_disambiguated,,,2025,Ford,F 150,XLT 301A | 3.5L ECOBOOST | BEDLINER,2,53900,No change noted,"Down $2,000 over 6 weeks",6,55900,53900,0,-2000,28278,3.5L,Gasoline,Accident reported,N/A,Boundary Ford Sales,Dealer,"2502-50th Avenue, Lloydminster, SK, T9V2S3","Lloydminster, SK",368,city_center,e01f3533-50fd-445f-9119-6de9bf698cdd,,,https://www.autotrader.ca/offers/ford-f-150-xlt-301a-3-5l-ecoboost-bedliner-gasoline-blue-cat_ma29gr16518tr11290-e01f3533-50fd-445f-9119-6de9bf698cdd,AutoTrader
DISABLED_MANUAL_REVIEW_REQUIRED,manual_review_required,success,clean,,success,2026-07-21T22:01:06+00:00,source_reported_not_independently_verified,legacy_method_not_yet_disambiguated,,,2025,Ford,F 150,XLT 4WD*Adaptive Cruise | Remote Start | Nav | 360,2,59847,No change noted,Down $141 over 5 weeks,5,59988,59847,0,-141,14302,2.7L,Gasoline,Accident reported,N/A,Titan Automotive Group,Dealer,"777 Broad Street, Regina, SK, S4R 8G3","Regina, SK",784,address,fb39e2ab-88a4-45a0-a389-90a307b583d4,,,https://www.autotrader.ca/offers/ford-f-150-xlt-4wd-adaptive-cruise-remote-start-nav-360-gasoline-blue-cat_ma29gr16518tr11290-fb39e2ab-88a4-45a0-a389-90a307b583d4,AutoTrader
DISABLED_MANUAL_REVIEW_REQUIRED,location_verification_required,success,warnings_present,unverified_kijiji_location,success,2026-07-21T22:30:59+00:00,unverified_search_origin_not_listing_location,disabled_due_to_unverified_location,"Calgary, AB",,2016,Ford,F-150,lariat,3,26998,No change noted,"Down $1,000 over 10 weeks",10,27998,27998,-1000,-1000,165142,Unknown,Gas,Unknown,N/A,Unknown,Dealer,,,,disabled_unverified_location,1729973447,calgary,unverified_url_evidence,https://www.kijiji.ca/v-cars-trucks/calgary/2016-ford-f-150-lariat/1729973447,Kijiji
DISABLED_MANUAL_REVIEW_REQUIRED,location_verification_required,success,warnings_present,unverified_kijiji_location,success,2026-07-21T22:30:59+00:00,unverified_search_origin_not_listing_location,disabled_due_to_unverified_location,"Camrose, AB",,2016,Ford,F-150,lariat,3,22500,No change noted,Unchanged for 8 weeks,8,22500,22500,0,0,197000,Unknown,Gas,No accidents reported,N/A,Unknown,Private,,,,disabled_unverified_location,1732751663,st-albert,unverified_url_evidence,https://www.kijiji.ca/v-cars-trucks/st-albert/loaded-f150/1732751663,Kijiji
DISABLED_MANUAL_REVIEW_REQUIRED,location_verification_required,success,warnings_present,unverified_kijiji_location,success,2026-07-21T22:30:59+00:00,unverified_search_origin_not_listing_location,disabled_due_to_unverified_location,"Carstairs, AB",,2016,Ford,F-150,xlt,2,19995,No change noted,Unchanged for 9 weeks,9,19995,19995,0,0,189501,Unknown,Gas,Unknown,N/A,Unknown,Private,,,,disabled_unverified_location,1733781408,ottawa,unverified_url_evidence,https://www.kijiji.ca/v-cars-trucks/ottawa/2016-ford-f-150/1733781408,Kijiji
DISABLED_MANUAL_REVIEW_REQUIRED,location_verification_required,success,warnings_present,unverified_kijiji_location,success,2026-07-21T22:30:59+00:00,unverified_search_origin_not_listing_location,disabled_due_to_unverified_location,"Calgary, AB",,2016,Ford,F-150,xlt,2,10990,No change noted,Unchanged for 9 weeks,9,10990,10990,0,0,294926,Unknown,Gas,Unknown,N/A,Unknown,Dealer,,,,disabled_unverified_location,1734927153,calgary,unverified_url_evidence,https://www.kijiji.ca/v-cars-trucks/calgary/2016-ford-f-150-xlt-no-fees/1734927153,Kijiji
DISABLED_MANUAL_REVIEW_REQUIRED,location_verification_required,success,warnings_present,unverified_kijiji_location,success,2026-07-21T22:30:59+00:00,unverified_search_origin_not_listing_location,disabled_due_to_unverified_location,"Regina, SK",,2016,Ford,F-150,lariat,3,22995,No change noted,Unchanged for 9 weeks,9,22995,22995,0,0,282995,5.0L,Gas,Unknown,N/A,Unknown,Private,,,,disabled_unverified_location,1736119522,winnipeg,unverified_url_evidence,https://www.kijiji.ca/v-cars-trucks/winnipeg/2016-ford-f-150-lariat-crew-cab-5-5ft-short-bed-5-0l-v8-4wd/1736119522,Kijiji
DISABLED_MANUAL_REVIEW_REQUIRED,location_verification_required,success,warnings_present,unverified_kijiji_location,success,2026-07-21T22:30:59+00:00,unverified_search_origin_not_listing_location,disabled_due_to_unverified_location,"Moose Jaw, SK",,2016,Ford,F-150,xlt,2,11500,No change noted,Unchanged for 9 weeks,9,11500,11500,0,0,183500,Unknown,Gas,Unknown,N/A,Unknown,Private,,,,disabled_unverified_location,1736141813,ottawa,unverified_url_evidence,https://www.kijiji.ca/v-cars-trucks/ottawa/2016-ford-f-150/1736141813,Kijiji
DISABLED_MANUAL_REVIEW_REQUIRED,location_verification_required,success,warnings_present,unverified_kijiji_location,success,2026-07-21T22:30:59+00:00,unverified_search_origin_not_listing_location,disabled_due_to_unverified_location,"Calgary, AB",,2016,Ford,F-150,lariat,3,27590,No change noted,"Down $2,108 over 9 weeks",9,29698,27658,-68,-2108,125870,Unknown,Gas,Unknown,N/A,Unknown,Dealer,,,,disabled_unverified_location,1736381016,calgary,unverified_url_evidence,https://www.kijiji.ca/v-cars-trucks/calgary/2016-ford-f-150-lariat-leather-heated-and-cooled-front-seat/1736381016,Kijiji
DISABLED_MANUAL_REVIEW_REQUIRED,location_verification_required,success,warnings_present,unverified_kijiji_location,success,2026-07-21T22:30:59+00:00,unverified_search_origin_not_listing_location,disabled_due_to_unverified_location,"Moose Jaw, SK",,2016,Ford,F-150,fx4,3,15000,No change noted,"Down $1,000 over 9 weeks",9,16000,15000,0,-1000,282000,Unknown,Gas,Unknown,N/A,Unknown,Private,,,,disabled_unverified_location,1736954587,ottawa,unverified_url_evidence,https://www.kijiji.ca/v-cars-trucks/ottawa/2016-f150-fx4-sport-super-crewcab/1736954587,Kijiji
DISABLED_MANUAL_REVIEW_REQUIRED,location_verification_required,success,warnings_present,unverified_kijiji_location,success,2026-07-21T22:30:59+00:00,unverified_search_origin_not_listing_location,disabled_due_to_unverified_location,"Regina, SK",,2016,Ford,F-150,Unknown,1,23990,No change noted,"Down $1,898 over 8 weeks",8,25888,24740,-750,-1898,164725,Unknown,Gas,Unknown,N/A,Unknown,Private,,,,disabled_unverified_location,1736981318,winnipeg,unverified_url_evidence,https://www.kijiji.ca/v-cars-trucks/winnipeg/2016-ford-f-150/1736981318,Kijiji
DISABLED_MANUAL_REVIEW_REQUIRED,location_verification_required,success,warnings_present,unverified_kijiji_location,success,2026-07-21T22:30:59+00:00,unverified_search_origin_not_listing_location,disabled_due_to_unverified_location,"Calgary, AB",,2016,Ford,F-150,Unknown,1,11750,No change noted,Unchanged for 8 weeks,8,11750,11750,0,0,260000,Unknown,Gas,Unknown,N/A,Unknown,Private,,,,disabled_unverified_location,1738056310,calgary,unverified_url_evidence,https://www.kijiji.ca/v-cars-trucks/calgary/ford-f150/1738056310,Kijiji
DISABLED_MANUAL_REVIEW_REQUIRED,location_verification_required,success,warnings_present,unverified_kijiji_location,success,2026-07-21T22:30:59+00:00,unverified_search_origin_not_listing_location,disabled_due_to_unverified_location,"Carstairs, AB",,2016,Ford,F-150,xlt,2,31402,No change noted,Down $598 over 5 weeks,5,32000,32000,-598,-598,156878,Unknown,Gas,Unknown,N/A,Unknown,Private,,,,disabled_unverified_location,1739118082,portage-la-prairie,unverified_url_evidence,https://www.kijiji.ca/v-cars-trucks/portage-la-prairie/2016-ford-f-150-xlt-navigation-remote-start/1739118082,Kijiji
DISABLED_MANUAL_REVIEW_REQUIRED,location_verification_required,success,warnings_present,unverified_kijiji_location,success,2026-07-21T22:30:59+00:00,unverified_search_origin_not_listing_location,disabled_due_to_unverified_location,"West Kelowna, BC",,2016,Ford,F-150,lariat,3,22395,No change noted,"Down $1,595 over 4 weeks",4,23990,22395,0,-1595,209000,Unknown,Gas,Unknown,N/A,Unknown,Private,,,,disabled_unverified_location,1739257776,mississauga-peel-region,unverified_url_evidence,https://www.kijiji.ca/v-cars-trucks/mississauga-peel-region/2016-ford-f-150-lariat-4x4-supercrew-5-5-ft-box-145-in-wb-auto/1739257776,Kijiji
DISABLED_MANUAL_REVIEW_REQUIRED,location_verification_required,success,warnings_present,unverified_kijiji_location,success,2026-07-21T22:30:59+00:00,unverified_search_origin_not_listing_location,disabled_due_to_unverified_location,"Regina, SK",,2016,Ford,F-150,platinum,3,21980,No change noted,Unchanged for 4 weeks,4,21980,21980,0,0,241227,Unknown,Gas,Unknown,N/A,Unknown,Dealer,,,,disabled_unverified_location,1739260086,winnipeg,unverified_url_evidence,https://www.kijiji.ca/v-cars-trucks/winnipeg/2016-ford-f-150-platinum-4x4-supercab-l-360-cam-l-htd-ac-seats/1739260086,Kijiji
DISABLED_MANUAL_REVIEW_REQUIRED,location_verification_required,success,warnings_present,unverified_kijiji_location,success,2026-07-21T22:30:59+00:00,unverified_search_origin_not_listing_location,disabled_due_to_unverified_location,"Camrose, AB",,2016,Ford,F-150,lariat,3,29499,No change noted,Down $500 over 4 weeks,4,29999,29899,-400,-500,173940,Unknown,Gas,Unknown,N/A,Unknown,Dealer,,,,disabled_unverified_location,1739359568,strathcona-county,unverified_url_evidence,https://www.kijiji.ca/v-cars-trucks/strathcona-county/2016-ford-f-150-lariat-heated-cooled-seats/1739359568,Kijiji
DISABLED_MANUAL_REVIEW_REQUIRED,location_verification_required,success,warnings_present,unverified_kijiji_location,success,2026-07-21T22:30:59+00:00,unverified_search_origin_not_listing_location,disabled_due_to_unverified_location,"Carstairs, AB",,2016,Ford,F-150,xlt,2,19995,No change noted,Unchanged for 3 weeks,3,19995,19995,0,0,204400,Unknown,Gas,No accidents reported,N/A,Unknown,Dealer,,,,disabled_unverified_location,1739428761,london,unverified_url_evidence,https://www.kijiji.ca/v-cars-trucks/london/ford-f-150/1739428761,Kijiji
DISABLED_MANUAL_REVIEW_REQUIRED,location_verification_required,success,warnings_present,unverified_kijiji_location,success,2026-07-21T22:30:59+00:00,unverified_search_origin_not_listing_location,disabled_due_to_unverified_location,"Calgary, AB",,2016,Ford,F-150,xlt,2,25990,No change noted,Down $5 over 4 weeks,4,25995,25990,0,-5,174792,Unknown,Gas,Unknown,N/A,Unknown,Dealer,,,,disabled_unverified_location,1739454527,calgary,unverified_url_evidence,https://www.kijiji.ca/v-cars-trucks/calgary/2016-ford-f-150-xlt-302a-sport-nav-rem-start-halogen-lamps/1739454527,Kijiji
DISABLED_MANUAL_REVIEW_REQUIRED,location_verification_required,success,warnings_present,unverified_kijiji_location,success,2026-07-21T22:30:59+00:00,unverified_search_origin_not_listing_location,disabled_due_to_unverified_location,"Olds, AB",,2016,Ford,F-150,xlt,2,20888,No change noted,"Down $1,000 over 5 weeks",5,21888,20888,0,-1000,270654,Unknown,Gas,Unknown,N/A,Unknown,Dealer,,,,disabled_unverified_location,1739456352,medicine-hat,unverified_url_evidence,https://www.kijiji.ca/v-cars-trucks/medicine-hat/2016-ford-f-150-xlt/1739456352,Kijiji
DISABLED_MANUAL_REVIEW_REQUIRED,location_verification_required,success,warnings_present,unverified_kijiji_location,success,2026-07-21T22:30:59+00:00,unverified_search_origin_not_listing_location,disabled_due_to_unverified_location,"Calgary, AB",,2016,Ford,F-150,lariat,3,21500,No change noted,Down $500 over 3 weeks,3,22000,21500,0,-500,205000,Unknown,Gas,Unknown,N/A,Unknown,Private,,,,disabled_unverified_location,1739607249,calgary,unverified_url_evidence,https://www.kijiji.ca/v-cars-trucks/calgary/2016-f-150-ford-lariat/1739607249,Kijiji
DISABLED_MANUAL_REVIEW_REQUIRED,location_verification_required,success,warnings_present,unverified_kijiji_location,success,2026-07-21T22:30:59+00:00,unverified_search_origin_not_listing_location,disabled_due_to_unverified_location,"Regina, SK",,2016,Ford,F-150,lariat,3,21980,No change noted,Unchanged for 3 weeks,3,21980,21980,0,0,208230,Unknown,Gas,Unknown,N/A,Unknown,Dealer,,,,disabled_unverified_location,1739735098,winnipeg,unverified_url_evidence,https://www.kijiji.ca/v-cars-trucks/winnipeg/2016-ford-f-150-lariat-4x4-supercab-styleside-l-sport-appearance/1739735098,Kijiji
DISABLED_MANUAL_REVIEW_REQUIRED,location_verification_required,success,warnings_present,unverified_kijiji_location,success,2026-07-21T22:30:59+00:00,unverified_search_origin_not_listing_location,disabled_due_to_unverified_location,"Calgary, AB",,2016,Ford,F-150,xlt,2,19995,No change noted,Unchanged for 3 weeks,3,19995,19995,0,0,223417,2.7L,Gas,Unknown,N/A,Unknown,Dealer,,,,disabled_unverified_location,1739736726,calgary,unverified_url_evidence,https://www.kijiji.ca/v-cars-trucks/calgary/2016-ford-f-150-xlt-2-7l-ecoboost-300a-3-73-trailer-tow/1739736726,Kijiji
DISABLED_MANUAL_REVIEW_REQUIRED,location_verification_required,success,warnings_present,unverified_kijiji_location,success,2026-07-21T22:30:59+00:00,unverified_search_origin_not_listing_location,disabled_due_to_unverified_location,"Carstairs, AB",,2016,Ford,F-150,sport,2,18990,No change noted,Unchanged for 3 weeks,3,18990,18990,0,0,216500,Unknown,Gas,Unknown,N/A,Unknown,Private,,,,disabled_unverified_location,1739777021,mississauga-peel-region,unverified_url_evidence,https://www.kijiji.ca/v-cars-trucks/mississauga-peel-region/2016-ford-f-150-v8-sports-4x4-5-5ft-box-supercrew/1739777021,Kijiji
DISABLED_MANUAL_REVIEW_REQUIRED,location_verification_required,success,warnings_present,unverified_kijiji_location,success,2026-07-21T22:30:59+00:00,unverified_search_origin_not_listing_location,disabled_due_to_unverified_location,"Calgary, AB",,2016,Ford,F-150,xlt,2,21499,No change noted,Down $1 over 3 weeks,3,21500,21499,0,-1,172568,Unknown,Gas,Unknown,N/A,Unknown,Private,,,,disabled_unverified_location,1739803366,calgary,unverified_url_evidence,https://www.kijiji.ca/v-cars-trucks/calgary/2016-ford-f-150-xlt-4x4-supercab-blue-jean-blue/1739803366,Kijiji
DISABLED_MANUAL_REVIEW_REQUIRED,location_verification_required,success,warnings_present,unverified_kijiji_location,success,2026-07-21T22:30:59+00:00,unverified_search_origin_not_listing_location,disabled_due_to_unverified_location,"Calgary, AB",,2016,Ford,F-150,fx4,3,18000,No change noted,"Down $1,000 over 2 weeks",2,19000,18000,0,-1000,196000,2.7L,Gas,Unknown,N/A,Unknown,Private,,,,disabled_unverified_location,1739917203,calgary,unverified_url_evidence,https://www.kijiji.ca/v-cars-trucks/calgary/2016-ford-f150-fx4-2-7l/1739917203,Kijiji
DISABLED_MANUAL_REVIEW_REQUIRED,location_verification_required,success,warnings_present,unverified_kijiji_location,success,2026-07-21T22:30:59+00:00,unverified_search_origin_not_listing_location,disabled_due_to_unverified_location,"Calgary, AB",,2016,Ford,F-150,Unknown,1,11000,No change noted,Unchanged for 2 weeks,2,11000,11000,0,0,221646,Unknown,Gas,Unknown,N/A,Unknown,Dealer,,,,disabled_unverified_location,1740051929,calgary,unverified_url_evidence,https://www.kijiji.ca/v-cars-trucks/calgary/2016-ford-f-150/1740051929,Kijiji
DISABLED_MANUAL_REVIEW_REQUIRED,location_verification_required,success,warnings_present,unverified_kijiji_location,success,2026-07-21T22:30:59+00:00,unverified_search_origin_not_listing_location,disabled_due_to_unverified_location,"Carstairs, AB",,2016,Ford,F-150,xlt,2,16888,No change noted,Unchanged for 1 weeks,1,16888,16888,0,0,227495,5.0L,Gas,Unknown,N/A,Unknown,Dealer,,,,disabled_unverified_location,1740057783,city-of-toronto,unverified_url_evidence,https://www.kijiji.ca/v-cars-trucks/city-of-toronto/2016-ford-f-150-xlt-5-0l-4x4/1740057783,Kijiji
DISABLED_MANUAL_REVIEW_REQUIRED,location_verification_required,success,warnings_present,unverified_kijiji_location,success,2026-07-21T22:30:59+00:00,unverified_search_origin_not_listing_location,disabled_due_to_unverified_location,"Calgary, AB",,2016,Ford,F-150,lariat,3,27995,No change noted,Unchanged for 2 weeks,2,27995,27995,0,0,183554,3.5L,Gas,Unknown,N/A,Unknown,Dealer,,,,disabled_unverified_location,1740104891,calgary,unverified_url_evidence,https://www.kijiji.ca/v-cars-trucks/calgary/2016-ford-f-150-lariat-sport-3-5l-ecoboost-6-5-ft-box-max-to/1740104891,Kijiji
DISABLED_MANUAL_REVIEW_REQUIRED,location_verification_required,success,warnings_present,unverified_kijiji_location,success,2026-07-21T22:30:59+00:00,unverified_search_origin_not_listing_location,disabled_due_to_unverified_location,"Edmonton, AB",,2016,Ford,F-150,platinum,3,21999,No change noted,"Down $1,000 over 2 weeks",2,22999,21999,0,-1000,209578,Unknown,Gas,Salvage/rebuilt,N/A,Unknown,Dealer,,,,disabled_unverified_location,1740154244,edmonton,unverified_url_evidence,https://www.kijiji.ca/v-cars-trucks/edmonton/2016-ford-f-150-4wd-super-crew-platinum/1740154244,Kijiji
DISABLED_MANUAL_REVIEW_REQUIRED,location_verification_required,success,warnings_present,unverified_kijiji_location,success,2026-07-21T22:30:59+00:00,unverified_search_origin_not_listing_location,disabled_due_to_unverified_location,"Saskatoon, SK",,2016,Ford,F-150,xlt,2,16995,No change noted,Unchanged for 2 weeks,2,16995,16995,0,0,240549,5.0L,Gas,Unknown,N/A,Unknown,Private,,,,disabled_unverified_location,1740378616,saskatoon,unverified_url_evidence,https://www.kijiji.ca/v-cars-trucks/saskatoon/2016-ford-f-150-xlt-crew-cab-5-0l-v8-command-start-power-sea/1740378616,Kijiji
DISABLED_MANUAL_REVIEW_REQUIRED,location_verification_required,success,warnings_present,unverified_kijiji_location,success,2026-07-21T22:30:59+00:00,unverified_search_origin_not_listing_location,disabled_due_to_unverified_location,"Calgary, AB",,2016,Ford,F-150,lariat,3,32900,No change noted,Unchanged for 1 weeks,1,32900,32900,0,0,134000,3.5L,Gas,Unknown,N/A,Unknown,Dealer,,,,disabled_unverified_location,1740385236,calgary,unverified_url_evidence,https://www.kijiji.ca/v-cars-trucks/calgary/2016-ford-f-150-lariat-sport-fx4-3-5l-ecoboost-warranty/1740385236,Kijiji
DISABLED_MANUAL_REVIEW_REQUIRED,location_verification_required,success,warnings_present,unverified_kijiji_location;suspiciously_low_mileage,success,2026-07-21T22:30:59+00:00,unverified_search_origin_not_listing_location,disabled_due_to_unverified_location,"Olds, AB",,2016,Ford,F-150,lariat,3,19999,No change noted,Unchanged for 2 weeks,2,19999,19999,0,0,1,Unknown,Gas,Unknown,N/A,Unknown,Dealer,,,,disabled_unverified_location,1740416468,medicine-hat,unverified_url_evidence,https://www.kijiji.ca/v-cars-trucks/medicine-hat/2016-ford-f-150-lariat/1740416468,Kijiji
DISABLED_MANUAL_REVIEW_REQUIRED,location_verification_required,success,warnings_present,unverified_kijiji_location,success,2026-07-21T22:30:59+00:00,unverified_search_origin_not_listing_location,disabled_due_to_unverified_location,"Regina, SK",,2016,Ford,F-150,xlt,2,19500,No change noted,Unchanged for 1 weeks,1,19500,19500,0,0,229825,Unknown,Gas,Unknown,N/A,Unknown,Private,,,,disabled_unverified_location,1740458728,winnipeg,unverified_url_evidence,https://www.kijiji.ca/v-cars-trucks/winnipeg/2016-ford-f150-4x4-super-crew/1740458728,Kijiji
DISABLED_MANUAL_REVIEW_REQUIRED,location_verification_required,success,warnings_present,unverified_kijiji_location,success,2026-07-21T22:30:59+00:00,unverified_search_origin_not_listing_location,disabled_due_to_unverified_location,"Regina, SK",,2016,Ford,F-150,xlt,2,19500,No change noted,Unchanged for 1 weeks,1,19500,19500,0,0,229832,Unknown,Gas,Unknown,N/A,Unknown,Private,,,,disabled_unverified_location,1740469575,winnipeg,unverified_url_evidence,https://www.kijiji.ca/v-cars-trucks/winnipeg/2016-ford-f150-3-5-eco-boost-carfax-available/1740469575,Kijiji
DISABLED_MANUAL_REVIEW_REQUIRED,location_verification_required,success,warnings_present,unverified_kijiji_location,success,2026-07-21T22:30:59+00:00,unverified_search_origin_not_listing_location,disabled_due_to_unverified_location,"Edmonton, AB",,2016,Ford,F-150,Unknown,1,9899,No change noted,First seen this week,0,9899,9899,0,0,380,Unknown,Gas,No accidents reported,N/A,Unknown,Private,,,,disabled_unverified_location,1740556231,edmonton,unverified_url_evidence,https://www.kijiji.ca/v-cars-trucks/edmonton/2016-f-160/1740556231,Kijiji
DISABLED_MANUAL_REVIEW_REQUIRED,location_verification_required,success,warnings_present,unverified_kijiji_location,success,2026-07-21T22:30:59+00:00,unverified_search_origin_not_listing_location,disabled_due_to_unverified_location,"Regina, SK",,2016,Ford,F-150,xl,1,123,No change noted,First seen this week,0,123,123,0,0,202500,Unknown,Gas,Unknown,N/A,Unknown,Private,,,,disabled_unverified_location,1740566948,winnipeg,unverified_url_evidence,https://www.kijiji.ca/v-cars-trucks/winnipeg/2016-ford-f150-3-5-twin-turbo-super-crew-4x4/1740566948,Kijiji
DISABLED_MANUAL_REVIEW_REQUIRED,location_verification_required,success,warnings_present,unverified_kijiji_location,success,2026-07-21T22:30:59+00:00,unverified_search_origin_not_listing_location,disabled_due_to_unverified_location,"Regina, SK",,2016,Ford,F-150,xlt,2,15900,No change noted,First seen this week,0,15900,15900,0,0,191000,Unknown,Gas,Unknown,N/A,Unknown,Private,,,,disabled_unverified_location,1740628359,winnipeg,unverified_url_evidence,https://www.kijiji.ca/v-cars-trucks/winnipeg/2016-ford-f150-ext-cab-4x4-clean-title-saftied-15900/1740628359,Kijiji
DISABLED_MANUAL_REVIEW_REQUIRED,location_verification_required,success,warnings_present,unverified_kijiji_location,success,2026-07-21T22:30:59+00:00,unverified_search_origin_not_listing_location,disabled_due_to_unverified_location,"Calgary, AB",,2016,Ford,F-150,xlt,2,17000,No change noted,First seen this week,0,17000,17000,0,0,249000,Unknown,Gas,Unknown,N/A,Unknown,Private,,,,disabled_unverified_location,1740711227,calgary,unverified_url_evidence,https://www.kijiji.ca/v-cars-trucks/calgary/ford-f150-xlt-4x4/1740711227,Kijiji
DISABLED_MANUAL_REVIEW_REQUIRED,location_verification_required,success,warnings_present,unverified_kijiji_location,success,2026-07-21T22:30:59+00:00,unverified_search_origin_not_listing_location,disabled_due_to_unverified_location,"Regina, SK",,2016,Ford,F-150,Unknown,1,24975,No change noted,First seen this week,0,24975,24975,0,0,194000,Unknown,Gas,Unknown,N/A,Unknown,Private,,,,disabled_unverified_location,1740720376,winnipeg,unverified_url_evidence,https://www.kijiji.ca/v-cars-trucks/winnipeg/2016-ford-f-150-xtr-super-crew-4x4/1740720376,Kijiji
DISABLED_MANUAL_REVIEW_REQUIRED,location_verification_required,success,warnings_present,unverified_kijiji_location,success,2026-07-21T22:30:59+00:00,unverified_search_origin_not_listing_location,disabled_due_to_unverified_location,"Saskatoon, SK",,2016,Ford,F-150,Unknown,1,27990,No change noted,Unchanged for 1 weeks,1,27990,27990,0,0,118929,Unknown,Gas,Unknown,N/A,Unknown,Dealer,,,,disabled_unverified_location,1740802499,saskatoon,unverified_url_evidence,https://www.kijiji.ca/v-cars-trucks/saskatoon/2016-ford-f-150/1740802499,Kijiji
DISABLED_MANUAL_REVIEW_REQUIRED,location_verification_required,success,warnings_present,unverified_kijiji_location,success,2026-07-21T22:30:59+00:00,unverified_search_origin_not_listing_location,disabled_due_to_unverified_location,"Edmonton, AB",,2016,Ford,F-150,lariat,3,25998,No change noted,First seen this week,0,25998,25998,0,0,164887,Unknown,Gas,Unknown,N/A,Unknown,Dealer,,,,disabled_unverified_location,1740841984,edmonton,unverified_url_evidence,https://www.kijiji.ca/v-cars-trucks/edmonton/2016-ford-f-150-lariat-ecoboost/1740841984,Kijiji
DISABLED_MANUAL_REVIEW_REQUIRED,location_verification_required,success,warnings_present,unverified_kijiji_location,success,2026-07-21T22:30:59+00:00,unverified_search_origin_not_listing_location,disabled_due_to_unverified_location,"Regina, SK",,2016,Ford,F-150,xlt,2,34900,No change noted,First seen this week,0,34900,34900,0,0,107000,5.0L,Gas,Unknown,N/A,Unknown,Private,,,,disabled_unverified_location,1740849767,winnipeg,unverified_url_evidence,https://www.kijiji.ca/v-cars-trucks/winnipeg/2016-ford-f-150-xlt-5-0l-coyote-6-spd-trans-6-5-box-107-000/1740849767,Kijiji
DISABLED_MANUAL_REVIEW_REQUIRED,location_verification_required,success,warnings_present,unverified_kijiji_location,success,2026-07-21T22:30:59+00:00,unverified_search_origin_not_listing_location,disabled_due_to_unverified_location,"Calgary, AB",,2016,Ford,F-150,Unknown,1,22000,No change noted,First seen this week,0,22000,22000,0,0,178946,Unknown,Gas,Unknown,N/A,Unknown,Private,,,,disabled_unverified_location,1740851815,calgary,unverified_url_evidence,https://www.kijiji.ca/v-cars-trucks/calgary/2016-ford-f150-22000-obo/1740851815,Kijiji
DISABLED_MANUAL_REVIEW_REQUIRED,location_verification_required,success,warnings_present,unverified_kijiji_location,success,2026-07-21T22:30:59+00:00,unverified_search_origin_not_listing_location,disabled_due_to_unverified_location,"Calgary, AB",,2016,Ford,F-150,Unknown,1,21900,No change noted,First seen this week,0,21900,21900,0,0,190551,Unknown,Gas,Unknown,N/A,Unknown,Dealer,,,,disabled_unverified_location,1740883962,calgary,unverified_url_evidence,https://www.kijiji.ca/v-cars-trucks/calgary/2016-ford-f-150/1740883962,Kijiji
DISABLED_MANUAL_REVIEW_REQUIRED,location_verification_required,success,warnings_present,unverified_kijiji_location,success,2026-07-21T22:30:59+00:00,unverified_search_origin_not_listing_location,disabled_due_to_unverified_location,"Regina, SK",,2016,Ford,F-150,xlt,2,17750,No change noted,First seen this week,0,17750,17750,0,0,253999,Unknown,Gas,No accidents reported,N/A,Unknown,Private,,,,disabled_unverified_location,1740886106,winnipeg,unverified_url_evidence,https://www.kijiji.ca/v-cars-trucks/winnipeg/2016-f150-safetied-engine-re-built-new-phasers-chains-gaskets/1740886106,Kijiji
DISABLED_MANUAL_REVIEW_REQUIRED,location_verification_required,success,warnings_present,unverified_kijiji_location,success,2026-07-21T22:30:59+00:00,unverified_search_origin_not_listing_location,disabled_due_to_unverified_location,"Edmonton, AB",,2016,Ford,F-150,xlt,2,17500,No change noted,First seen this week,0,17500,17500,0,0,216100,5.0L,Gas,Unknown,N/A,Unknown,Private,,,,disabled_unverified_location,1740904119,edmonton,unverified_url_evidence,https://www.kijiji.ca/v-cars-trucks/edmonton/2016-ford-f-150-xlt-crew-cab-5-0l-v8-4x4-6-5ft-long-box-216k/1740904119,Kijiji
DISABLED_MANUAL_REVIEW_REQUIRED,location_verification_required,success,warnings_present,unverified_kijiji_location,success,2026-07-21T22:30:59+00:00,unverified_search_origin_not_listing_location,disabled_due_to_unverified_location,"Regina, SK",,2016,Ford,F-150,xlt,2,21600,No change noted,First seen this week,0,21600,21600,0,0,175000,Unknown,Gas,Unknown,N/A,Unknown,Dealer,,,,disabled_unverified_location,1740915860,winnipeg,unverified_url_evidence,https://www.kijiji.ca/v-cars-trucks/winnipeg/2016-ford-f-150-xlt/1740915860,Kijiji
DISABLED_MANUAL_REVIEW_REQUIRED,location_verification_required,success,warnings_present,unverified_kijiji_location,success,2026-07-21T22:30:59+00:00,unverified_search_origin_not_listing_location,disabled_due_to_unverified_location,"Calgary, AB",,2017,Ford,F-150,Unknown,1,19988,No change noted,Unchanged for 9 weeks,9,19988,19988,0,0,257357,Unknown,Gas,Unknown,N/A,Unknown,Dealer,,,,disabled_unverified_location,1724910577,calgary,unverified_url_evidence,https://www.kijiji.ca/v-cars-trucks/calgary/2017-ford-f-150-supercrew-fully-inspected/1724910577,Kijiji
DISABLED_MANUAL_REVIEW_REQUIRED,location_verification_required,success,warnings_present,unverified_kijiji_location,success,2026-07-21T22:30:59+00:00,unverified_search_origin_not_listing_location,disabled_due_to_unverified_location,"Calgary, AB",,2017,Ford,F-150,Unknown,1,18488,No change noted,Unchanged for 9 weeks,9,18488,18488,0,0,206596,Unknown,Gas,Unknown,N/A,Unknown,Dealer,,,,disabled_unverified_location,1731833040,calgary,unverified_url_evidence,https://www.kijiji.ca/v-cars-trucks/calgary/2017-ford-f-150-super-crew-cab-backup-camera-heated-mirrors-blue/1731833040,Kijiji
DISABLED_MANUAL_REVIEW_REQUIRED,location_verification_required,success,warnings_present,unverified_kijiji_location,success,2026-07-21T22:30:59+00:00,unverified_search_origin_not_listing_location,disabled_due_to_unverified_location,"Regina, SK",,2017,Ford,F-150,lariat,3,28499,No change noted,Unchanged for 10 weeks,10,28499,28499,0,0,222423,5.0L,Gas,Unknown,N/A,Unknown,Private,,,,disabled_unverified_location,1734645717,winnipeg,unverified_url_evidence,https://www.kijiji.ca/v-cars-trucks/winnipeg/2017-ford-f-150-lariat-fx4-502a-sport-5-0l/1734645717,Kijiji
DISABLED_MANUAL_REVIEW_REQUIRED,location_verification_required,success,warnings_present,unverified_kijiji_location,success,2026-07-21T22:30:59+00:00,unverified_search_origin_not_listing_location,disabled_due_to_unverified_location,"Carstairs, AB",,2017,Ford,F-150,raptor,3,43495,No change noted,"Down $2,500 over 11 weeks",11,45995,43495,0,-2500,152630,Unknown,Gas,No accidents reported,N/A,Unknown,Private,,,,disabled_unverified_location,1735170265,oakville-halton-region,unverified_url_evidence,https://www.kijiji.ca/v-cars-trucks/oakville-halton-region/2017-ford-f-150/1735170265,Kijiji
DISABLED_MANUAL_REVIEW_REQUIRED,location_verification_required,success,warnings_present,unverified_kijiji_location,success,2026-07-21T22:30:59+00:00,unverified_search_origin_not_listing_location,disabled_due_to_unverified_location,"Regina, SK",,2017,Ford,F-150,xlt,2,24980,No change noted,"Down $1,000 over 10 weeks",10,25980,24980,0,-1000,160400,Unknown,Gas,Unknown,N/A,Unknown,Private,,,,disabled_unverified_location,1735348838,winnipeg,unverified_url_evidence,https://www.kijiji.ca/v-cars-trucks/winnipeg/2017-ford-f-150-xlt/1735348838,Kijiji
DISABLED_MANUAL_REVIEW_REQUIRED,location_verification_required,success,warnings_present,unverified_kijiji_location,success,2026-07-21T22:30:59+00:00,unverified_search_origin_not_listing_location,disabled_due_to_unverified_location,"Edmonton, AB",,2017,Ford,F-150,lariat,3,26999,No change noted,"Down $1,000 over 8 weeks",8,27999,27999,-1000,-1000,164801,Unknown,Gas,Salvage/rebuilt,N/A,Unknown,Dealer,,,,disabled_unverified_location,1736957068,edmonton,unverified_url_evidence,https://www.kijiji.ca/v-cars-trucks/edmonton/2017-ford-f-150-4wd-supercrew-145-lariat/1736957068,Kijiji
DISABLED_MANUAL_REVIEW_REQUIRED,location_verification_required,success,warnings_present,unverified_kijiji_location,success,2026-07-21T22:30:59+00:00,unverified_search_origin_not_listing_location,disabled_due_to_unverified_location,"Camrose, AB",,2017,Ford,F-150,limited,3,42999,No change noted,"Down $2,500 over 10 weeks",10,45499,43999,-1000,-2500,93593,Unknown,Gas,Unknown,N/A,Unknown,Dealer,,,,disabled_unverified_location,1737245617,strathcona-county,unverified_url_evidence,https://www.kijiji.ca/v-cars-trucks/strathcona-county/2017-ford-f-150-limited-spray-in-bed-liner/1737245617,Kijiji
DISABLED_MANUAL_REVIEW_REQUIRED,location_verification_required,success,warnings_present,unverified_kijiji_location,success,2026-07-21T22:30:59+00:00,unverified_search_origin_not_listing_location,disabled_due_to_unverified_location,"High River, AB",,2017,Ford,F-150,Unknown,1,15995,No change noted,Unchanged for 10 weeks,10,15995,15995,0,0,268206,Unknown,Gas,Unknown,N/A,Unknown,Private,,,,disabled_unverified_location,1737499205,kitchener-waterloo,unverified_url_evidence,https://www.kijiji.ca/v-cars-trucks/kitchener-waterloo/2017-ford-f-150-4wd-supercrew-145/1737499205,Kijiji
DISABLED_MANUAL_REVIEW_REQUIRED,location_verification_required,success,warnings_present,unverified_kijiji_location,success,2026-07-21T22:30:59+00:00,unverified_search_origin_not_listing_location,disabled_due_to_unverified_location,"Medicine Hat, AB",,2017,Ford,F-150,Unknown,1,19999,No change noted,"Up $19,290 over 10 weeks",10,709,19999,0,19290,247891,Unknown,Gas,Unknown,N/A,Unknown,Dealer,,,,disabled_unverified_location,1737679250,lethbridge,unverified_url_evidence,https://www.kijiji.ca/v-cars-trucks/lethbridge/2017-ford-f-150-xlt-fuel-efficient-ecoboost-built-ford-tough/1737679250,Kijiji
DISABLED_MANUAL_REVIEW_REQUIRED,location_verification_required,success,warnings_present,unverified_kijiji_location,success,2026-07-21T22:30:59+00:00,unverified_search_origin_not_listing_location,disabled_due_to_unverified_location,"Moose Jaw, SK",,2017,Ford,F-150,xlt,2,26090,No change noted,"Up $2,500 over 10 weeks",10,23590,26090,0,2500,132724,Unknown,Gas,Unknown,N/A,Unknown,Private,,,,disabled_unverified_location,1737996276,ottawa,unverified_url_evidence,https://www.kijiji.ca/v-cars-trucks/ottawa/2017-ford-f-150-xlt-300a-crew-cab-short-bed/1737996276,Kijiji
DISABLED_MANUAL_REVIEW_REQUIRED,location_verification_required,success,warnings_present,unverified_kijiji_location,success,2026-07-21T22:30:59+00:00,unverified_search_origin_not_listing_location,disabled_due_to_unverified_location,"Calgary, AB",,2017,Ford,F-150,xlt,2,18995,No change noted,Down $505 over 9 weeks,9,19500,18995,0,-505,186000,Unknown,Gas,Unknown,N/A,Unknown,Private,,,,disabled_unverified_location,1738137431,calgary,unverified_url_evidence,https://www.kijiji.ca/v-cars-trucks/calgary/2017-ford-f-150-xlt-4dr/1738137431,Kijiji
DISABLED_MANUAL_REVIEW_REQUIRED,location_verification_required,success,warnings_present,unverified_kijiji_location,success,2026-07-21T22:30:59+00:00,unverified_search_origin_not_listing_location,disabled_due_to_unverified_location,"Olds, AB",,2017,Ford,F-150,raptor,3,57888,No change noted,Unchanged for 9 weeks,9,57888,57888,0,0,109943,Unknown,Gas,Unknown,N/A,Unknown,Dealer,,,,disabled_unverified_location,1738199756,medicine-hat,unverified_url_evidence,https://www.kijiji.ca/v-cars-trucks/medicine-hat/2017-ford-f-150-raptor/1738199756,Kijiji
DISABLED_MANUAL_REVIEW_REQUIRED,location_verification_required,success,warnings_present,unverified_kijiji_location,success,2026-07-21T22:30:59+00:00,unverified_search_origin_not_listing_location,disabled_due_to_unverified_location,"Edmonton, AB",,2017,Ford,F-150,xlt,2,16900,No change noted,Unchanged for 8 weeks,8,16900,16900,0,0,239215,Unknown,Gas,Unknown,N/A,Unknown,Dealer,,,,disabled_unverified_location,1738254234,edmonton,unverified_url_evidence,https://www.kijiji.ca/v-cars-trucks/edmonton/2017-ford-f-150-xlt-4wd-supercrew-5-5-box-ecoboost-brand-new/1738254234,Kijiji
DISABLED_MANUAL_REVIEW_REQUIRED,location_verification_required,success,warnings_present,unverified_kijiji_location,success,2026-07-21T22:30:59+00:00,unverified_search_origin_not_listing_location,disabled_due_to_unverified_location,"Camrose, AB",,2017,Ford,F-150,platinum,3,36989,No change noted,"Down $1,000 over 5 weeks",5,37989,32788,4201,-1000,182000,Unknown,Gas,Unknown,N/A,Unknown,Dealer,,,,disabled_unverified_location,1738655926,st-albert,unverified_url_evidence,https://www.kijiji.ca/v-cars-trucks/st-albert/2017-ford-f-150-4wd-supercrew-styleside-5-1-2-ft-box-platinum-fo/1738655926,Kijiji
DISABLED_MANUAL_REVIEW_REQUIRED,location_verification_required,success,warnings_present,unverified_kijiji_location,success,2026-07-21T22:30:59+00:00,unverified_search_origin_not_listing_location,disabled_due_to_unverified_location,"Saskatoon, SK",,2017,Ford,F-150,lariat,3,24980,No change noted,Unchanged for 8 weeks,8,24980,24980,0,0,237906,Unknown,Gas,Unknown,N/A,Unknown,Private,,,,disabled_unverified_location,1738785880,saskatoon,unverified_url_evidence,https://www.kijiji.ca/v-cars-trucks/saskatoon/2017-ford-f150-lariat-4wd/1738785880,Kijiji
DISABLED_MANUAL_REVIEW_REQUIRED,location_verification_required,success,warnings_present,unverified_kijiji_location,success,2026-07-21T22:30:59+00:00,unverified_search_origin_not_listing_location,disabled_due_to_unverified_location,"Calgary, AB",,2017,Ford,F-150,xlt,2,17998,No change noted,Unchanged for 7 weeks,7,17998,17998,0,0,228759,Unknown,Gas,Unknown,N/A,Unknown,Dealer,,,,disabled_unverified_location,1738814767,calgary,unverified_url_evidence,https://www.kijiji.ca/v-cars-trucks/calgary/2017-ford-f-150-4wd-supercrew-145-xlt/1738814767,Kijiji
DISABLED_MANUAL_REVIEW_REQUIRED,location_verification_required,success,warnings_present,unverified_kijiji_location,success,2026-07-21T22:30:59+00:00,unverified_search_origin_not_listing_location,disabled_due_to_unverified_location,"Calgary, AB",,2017,Ford,F-150,lariat,3,24995,No change noted,Unchanged for 6 weeks,6,24995,24995,0,0,227339,Unknown,Gas,Unknown,N/A,Unknown,Dealer,,,,disabled_unverified_location,1739064838,calgary,unverified_url_evidence,https://www.kijiji.ca/v-cars-trucks/calgary/2017-ford-f-150-lariat-502a-sport-fx4-moonroof-power-boards/1739064838,Kijiji
DISABLED_MANUAL_REVIEW_REQUIRED,location_verification_required,success,warnings_present,unverified_kijiji_location,success,2026-07-21T22:30:59+00:00,unverified_search_origin_not_listing_location,disabled_due_to_unverified_location,"Calgary, AB",,2017,Ford,F-150,xlt,2,12988,No change noted,"Down $1,000 over 6 weeks",6,13988,13988,-1000,-1000,276601,5.0L,Gas,Unknown,N/A,Unknown,Dealer,,,,disabled_unverified_location,1739068421,calgary,unverified_url_evidence,https://www.kijiji.ca/v-cars-trucks/calgary/2017-ford-f-150-xlt-5-0l-backup-cam-rear-sensors/1739068421,Kijiji
DISABLED_MANUAL_REVIEW_REQUIRED,location_verification_required,success,warnings_present,unverified_kijiji_location,success,2026-07-21T22:30:59+00:00,unverified_search_origin_not_listing_location,disabled_due_to_unverified_location,"Calgary, AB",,2017,Ford,F-150,xlt,2,18800,No change noted,"Down $1,195 over 5 weeks",5,19995,18800,0,-1195,263316,3.5L,Gas,Unknown,N/A,Unknown,Dealer,,,,disabled_unverified_location,1739259220,calgary,unverified_url_evidence,https://www.kijiji.ca/v-cars-trucks/calgary/2017-ford-f-150-xlt-302a-sport-3-5l-moonroof-nav-rem-start/1739259220,Kijiji
DISABLED_MANUAL_REVIEW_REQUIRED,location_verification_required,success,warnings_present,unverified_kijiji_location,success,2026-07-21T22:30:59+00:00,unverified_search_origin_not_listing_location,disabled_due_to_unverified_location,"Brooks, AB",,2017,Ford,F-150,xlt,2,21970,No change noted,Unchanged for 3 weeks,3,21970,21970,0,0,215674,Unknown,Gas,No accidents reported,N/A,Unknown,Private,,,,disabled_unverified_location,1739357497,london,unverified_url_evidence,https://www.kijiji.ca/v-cars-trucks/london/2017-ford-f-150-xlt-clean-carfax-heated-seats-bluetooth/1739357497,Kijiji
DISABLED_MANUAL_REVIEW_REQUIRED,location_verification_required,success,warnings_present,unverified_kijiji_location,success,2026-07-21T22:30:59+00:00,unverified_search_origin_not_listing_location,disabled_due_to_unverified_location,"Medicine Hat, AB",,2017,Ford,F-150,xl,1,27900,No change noted,Unchanged for 5 weeks,5,27900,27900,0,0,171355,Unknown,Gas,Unknown,N/A,Unknown,Dealer,,,,disabled_unverified_location,1739390788,lethbridge,unverified_url_evidence,https://www.kijiji.ca/v-cars-trucks/lethbridge/2017-ford-f-150/1739390788,Kijiji
DISABLED_MANUAL_REVIEW_REQUIRED,location_verification_required,success,warnings_present,unverified_kijiji_location,success,2026-07-21T22:30:59+00:00,unverified_search_origin_not_listing_location,disabled_due_to_unverified_location,"Calgary, AB",,2017,Ford,F-150,xlt,2,15998,No change noted,Unchanged for 4 weeks,4,15998,15998,0,0,211286,Unknown,Gas,Unknown,N/A,Unknown,Dealer,,,,disabled_unverified_location,1739457003,calgary,unverified_url_evidence,https://www.kijiji.ca/v-cars-trucks/calgary/2017-ford-f-150-4wd-supercab-145-xlt/1739457003,Kijiji
DISABLED_MANUAL_REVIEW_REQUIRED,location_verification_required,success,warnings_present,unverified_kijiji_location,success,2026-07-21T22:30:59+00:00,unverified_search_origin_not_listing_location,disabled_due_to_unverified_location,"Carstairs, AB",,2017,Ford,F-150,platinum,3,27970,No change noted,Unchanged for 4 weeks,4,27970,27970,0,0,165720,Unknown,Gas,Unknown,N/A,Unknown,Private,,,,disabled_unverified_location,1739504865,oakville-halton-region,unverified_url_evidence,https://www.kijiji.ca/v-cars-trucks/oakville-halton-region/2017-ford-f-150-platinum/1739504865,Kijiji
DISABLED_MANUAL_REVIEW_REQUIRED,location_verification_required,success,warnings_present,unverified_kijiji_location,success,2026-07-21T22:30:59+00:00,unverified_search_origin_not_listing_location,disabled_due_to_unverified_location,"Calgary, AB",,2017,Ford,F-150,raptor,3,29888,No change noted,"Down $4,000 over 4 weeks",4,33888,29888,0,-4000,230238,Unknown,Gas,Unknown,N/A,Unknown,Dealer,,,,disabled_unverified_location,1739508544,calgary,unverified_url_evidence,https://www.kijiji.ca/v-cars-trucks/calgary/2017-ford-f-150-raptor/1739508544,Kijiji
DISABLED_MANUAL_REVIEW_REQUIRED,location_verification_required,success,warnings_present,unverified_kijiji_location,success,2026-07-21T22:30:59+00:00,unverified_search_origin_not_listing_location,disabled_due_to_unverified_location,"Edmonton, AB",,2017,Ford,F-150,xlt,2,23999,No change noted,"Down $1,000 over 4 weeks",4,24999,24500,-501,-1000,164573,Unknown,Gas,Unknown,N/A,Unknown,Dealer,,,,disabled_unverified_location,1739546147,edmonton,unverified_url_evidence,https://www.kijiji.ca/v-cars-trucks/edmonton/2017-ford-f-150-xlt/1739546147,Kijiji
DISABLED_MANUAL_REVIEW_REQUIRED,location_verification_required,success,warnings_present,unverified_kijiji_location,success,2026-07-21T22:30:59+00:00,unverified_search_origin_not_listing_location,disabled_due_to_unverified_location,"Calgary, AB",,2017,Ford,F-150,lariat,3,14990,No change noted,"Down $5,000 over 3 weeks",3,19990,14990,0,-5000,286310,Unknown,Gas,Unknown,N/A,Unknown,Dealer,,,,disabled_unverified_location,1739827952,calgary,unverified_url_evidence,https://www.kijiji.ca/v-cars-trucks/calgary/2017-ford-f-150-lariat-502a-moonroof-fx4-package/1739827952,Kijiji
DISABLED_MANUAL_REVIEW_REQUIRED,location_verification_required,success,warnings_present,unverified_kijiji_location,success,2026-07-21T22:30:59+00:00,unverified_search_origin_not_listing_location,disabled_due_to_unverified_location,"High River, AB",,2017,Ford,F-150,Unknown,1,19495,No change noted,Unchanged for 4 weeks,4,19495,19495,0,0,193000,Unknown,Gas,Accident reported,N/A,Unknown,Unknown,,,,disabled_unverified_location,1739881877,kitchener-waterloo,unverified_url_evidence,https://www.kijiji.ca/v-cars-trucks/kitchener-waterloo/2017-ford-f-150-supercrew/1739881877,Kijiji
DISABLED_MANUAL_REVIEW_REQUIRED,location_verification_required,success,warnings_present,unverified_kijiji_location,success,2026-07-21T22:30:59+00:00,unverified_search_origin_not_listing_location,disabled_due_to_unverified_location,"Edmonton, AB",,2017,Ford,F-150,Unknown,1,25999,No change noted,Down $546 over 2 weeks,2,26545,26955,-956,-546,173420,Unknown,Gas,Unknown,N/A,Unknown,Dealer,,,,disabled_unverified_location,1739922004,edmonton,unverified_url_evidence,https://www.kijiji.ca/v-cars-trucks/edmonton/2017-ford-f-150/1739922004,Kijiji
DISABLED_MANUAL_REVIEW_REQUIRED,location_verification_required,success,warnings_present,unverified_kijiji_location,success,2026-07-21T22:30:59+00:00,unverified_search_origin_not_listing_location,disabled_due_to_unverified_location,"Calgary, AB",,2017,Ford,F-150,lariat,3,25995,No change noted,Unchanged for 2 weeks,2,25995,25995,0,0,211797,Unknown,Gas,Unknown,N/A,Unknown,Dealer,,,,disabled_unverified_location,1740057637,calgary,unverified_url_evidence,https://www.kijiji.ca/v-cars-trucks/calgary/2017-ford-f-150-lariat-502a-fx4-off-road-sunroof-max-tow/1740057637,Kijiji
DISABLED_MANUAL_REVIEW_REQUIRED,location_verification_required,success,warnings_present,unverified_kijiji_location,success,2026-07-21T22:30:59+00:00,unverified_search_origin_not_listing_location,disabled_due_to_unverified_location,"Calgary, AB",,2017,Ford,F-150,xlt,2,16900,No change noted,First seen this week,0,16900,16900,0,0,195105,Unknown,Gas,Unknown,N/A,Unknown,Dealer,,,,disabled_unverified_location,1740240101,calgary,unverified_url_evidence,https://www.kijiji.ca/v-cars-trucks/calgary/2017-ford-f-150-supercab-145-xlt-4x4/1740240101,Kijiji
DISABLED_MANUAL_REVIEW_REQUIRED,location_verification_required,success,warnings_present,unverified_kijiji_location,success,2026-07-21T22:30:59+00:00,unverified_search_origin_not_listing_location,disabled_due_to_unverified_location,"Calgary, AB",,2017,Ford,F-150,lariat,3,22500,No change noted,Unchanged for 1 weeks,1,22500,22500,0,0,228000,Unknown,Gas,Unknown,N/A,Unknown,Private,,,,disabled_unverified_location,1740341074,calgary,unverified_url_evidence,https://www.kijiji.ca/v-cars-trucks/calgary/2017-ford-f150-lariat-engine-redone/1740341074,Kijiji
DISABLED_MANUAL_REVIEW_REQUIRED,location_verification_required,success,warnings_present,unverified_kijiji_location,success,2026-07-21T22:30:59+00:00,unverified_search_origin_not_listing_location,disabled_due_to_unverified_location,"Calgary, AB",,2017,Ford,F-150,raptor,3,47000,No change noted,Unchanged for 1 weeks,1,47000,47000,0,0,215000,Unknown,Gas,Unknown,N/A,Unknown,Private,,,,disabled_unverified_location,1740353594,calgary,unverified_url_evidence,https://www.kijiji.ca/v-cars-trucks/calgary/2017-f150-raptor-r-lite/1740353594,Kijiji
DISABLED_MANUAL_REVIEW_REQUIRED,location_verification_required,success,warnings_present,unverified_kijiji_location,success,2026-07-21T22:30:59+00:00,unverified_search_origin_not_listing_location,disabled_due_to_unverified_location,"Calgary, AB",,2017,Ford,F-150,Unknown,1,16000,No change noted,Unchanged for 1 weeks,1,16000,16000,0,0,266144,Unknown,Gas,Unknown,N/A,Unknown,Dealer,,,,disabled_unverified_location,1740417197,calgary,unverified_url_evidence,https://www.kijiji.ca/v-cars-trucks/calgary/2017-ford-f-150/1740417197,Kijiji
DISABLED_MANUAL_REVIEW_REQUIRED,location_verification_required,success,warnings_present,unverified_kijiji_location,success,2026-07-21T22:30:59+00:00,unverified_search_origin_not_listing_location,disabled_due_to_unverified_location,"Calgary, AB",,2017,Ford,F-150,sport,2,29000,No change noted,Unchanged for 1 weeks,1,29000,29000,0,0,161000,Unknown,Gas,Unknown,N/A,Unknown,Private,,,,disabled_unverified_location,1740496648,calgary,unverified_url_evidence,https://www.kijiji.ca/v-cars-trucks/calgary/2017-f150-reg-cab-short-bed-5-0-4x4/1740496648,Kijiji
DISABLED_MANUAL_REVIEW_REQUIRED,location_verification_required,success,warnings_present,unverified_kijiji_location,success,2026-07-21T22:30:59+00:00,unverified_search_origin_not_listing_location,disabled_due_to_unverified_location,"Edmonton, AB",,2017,Ford,F-150,xlt,2,46774,No change noted,Unchanged for 1 weeks,1,46774,46774,0,0,110000,Unknown,Gas,Unknown,N/A,Unknown,Dealer,,,,disabled_unverified_location,1740516434,edmonton,unverified_url_evidence,https://www.kijiji.ca/v-cars-trucks/edmonton/2017-ford-f-150-xlt-supercrew/1740516434,Kijiji
DISABLED_MANUAL_REVIEW_REQUIRED,location_verification_required,success,warnings_present,unverified_kijiji_location,success,2026-07-21T22:30:59+00:00,unverified_search_origin_not_listing_location,disabled_due_to_unverified_location,"Calgary, AB",,2017,Ford,F-150,xlt,2,10000,No change noted,First seen this week,0,10000,10000,0,0,306000,Unknown,Gas,Unknown,N/A,Unknown,Private,,,,disabled_unverified_location,1740602402,calgary,unverified_url_evidence,https://www.kijiji.ca/v-cars-trucks/calgary/2017-ford-f150-xlt/1740602402,Kijiji
DISABLED_MANUAL_REVIEW_REQUIRED,location_verification_required,success,warnings_present,unverified_kijiji_location,success,2026-07-21T22:30:59+00:00,unverified_search_origin_not_listing_location,disabled_due_to_unverified_location,"West Kelowna, BC",,2017,Ford,F-150,xlt,2,26000,No change noted,First seen this week,0,26000,26000,0,0,136456,Unknown,Gas,Unknown,N/A,Unknown,Private,,,,disabled_unverified_location,1740605576,la-ronge,unverified_url_evidence,https://www.kijiji.ca/v-cars-trucks/la-ronge/2017-ford-f-150-xlt/1740605576,Kijiji
DISABLED_MANUAL_REVIEW_REQUIRED,location_verification_required,success,warnings_present,unverified_kijiji_location,success,2026-07-21T22:30:59+00:00,unverified_search_origin_not_listing_location,disabled_due_to_unverified_location,"Swift Current, SK",,2017,Ford,F-150,xlt,2,15997,No change noted,First seen this week,0,15997,15997,0,0,222050,Unknown,Gas,Unknown,N/A,Unknown,Private,,,,disabled_unverified_location,1740608345,moose-jaw,unverified_url_evidence,https://www.kijiji.ca/v-cars-trucks/moose-jaw/ford-f-150-xlt-2017/1740608345,Kijiji
DISABLED_MANUAL_REVIEW_REQUIRED,location_verification_required,success,warnings_present,unverified_kijiji_location,success,2026-07-21T22:30:59+00:00,unverified_search_origin_not_listing_location,disabled_due_to_unverified_location,"Edmonton, AB",,2017,Ford,F-150,xlt,2,46049,No change noted,First seen this week,0,46049,46049,0,0,203374,Unknown,Gas,Unknown,N/A,Unknown,Dealer,,,,disabled_unverified_location,1740649125,edmonton,unverified_url_evidence,https://www.kijiji.ca/v-cars-trucks/edmonton/2017-ford-f-150-xlt-301a-4x4-supercrew-145/1740649125,Kijiji
DISABLED_MANUAL_REVIEW_REQUIRED,location_verification_required,success,warnings_present,unverified_kijiji_location,success,2026-07-21T22:30:59+00:00,unverified_search_origin_not_listing_location,disabled_due_to_unverified_location,"Carstairs, AB",,2017,Ford,F-150,Unknown,1,13900,No change noted,First seen this week,0,13900,13900,0,0,220000,Unknown,Gas,Unknown,N/A,Unknown,Private,,,,disabled_unverified_location,1740681394,laval-rive-nord,unverified_url_evidence,https://www.kijiji.ca/v-cars-trucks/laval-rive-nord/2017-ford-f-150/1740681394,Kijiji
DISABLED_MANUAL_REVIEW_REQUIRED,location_verification_required,success,warnings_present,unverified_kijiji_location,success,2026-07-21T22:30:59+00:00,unverified_search_origin_not_listing_location,disabled_due_to_unverified_location,"Carstairs, AB",,2017,Ford,F-150,xlt,2,23900,No change noted,First seen this week,0,23900,23900,0,0,148500,Unknown,Gas,Unknown,N/A,Unknown,Private,,,,disabled_unverified_location,1740737630,oakville-halton-region,unverified_url_evidence,https://www.kijiji.ca/v-cars-trucks/oakville-halton-region/2017-ford-f-150-xlt-crew-cab-certified-4x4-5-ltr-6-spd/1740737630,Kijiji
DISABLED_MANUAL_REVIEW_REQUIRED,location_verification_required,success,warnings_present,unverified_kijiji_location,success,2026-07-21T22:30:59+00:00,unverified_search_origin_not_listing_location,disabled_due_to_unverified_location,"Calgary, AB",,2017,Ford,F-150,xlt,2,14500,No change noted,First seen this week,0,14500,14500,0,0,262182,Unknown,Gas,Unknown,N/A,Unknown,Private,,,,disabled_unverified_location,1740741331,calgary,unverified_url_evidence,https://www.kijiji.ca/v-cars-trucks/calgary/2017-ford-f150-supercrew/1740741331,Kijiji
DISABLED_MANUAL_REVIEW_REQUIRED,location_verification_required,success,warnings_present,unverified_kijiji_location,success,2026-07-21T22:30:59+00:00,unverified_search_origin_not_listing_location,disabled_due_to_unverified_location,"Saskatoon, SK",,2017,Ford,F-150,Unknown,1,23500,No change noted,First seen this week,0,23500,23500,0,0,177000,Unknown,Gas,Unknown,N/A,Unknown,Private,,,,disabled_unverified_location,1740862066,saskatoon,unverified_url_evidence,https://www.kijiji.ca/v-cars-trucks/saskatoon/2017-f150/1740862066,Kijiji
DISABLED_MANUAL_REVIEW_REQUIRED,location_verification_required,success,warnings_present,unverified_kijiji_location,success,2026-07-21T22:30:59+00:00,unverified_search_origin_not_listing_location,disabled_due_to_unverified_location,"Carstairs, AB",,2017,Ford,F-150,Unknown,1,18500,No change noted,First seen this week,0,18500,18500,0,0,290000,Unknown,Gas,Unknown,N/A,Unknown,Dealer,,,,disabled_unverified_location,1740863695,muskoka,unverified_url_evidence,https://www.kijiji.ca/v-cars-trucks/muskoka/2017-ford-f-150/1740863695,Kijiji
DISABLED_MANUAL_REVIEW_REQUIRED,location_verification_required,success,warnings_present,unverified_kijiji_location,success,2026-07-21T22:30:59+00:00,unverified_search_origin_not_listing_location,disabled_due_to_unverified_location,"Calgary, AB",,2017,Ford,F-150,fx4,3,27900,No change noted,First seen this week,0,27900,27900,0,0,154659,3.5L,Gas,No accidents reported,N/A,Unknown,Dealer,,,,disabled_unverified_location,1740883970,calgary,unverified_url_evidence,https://www.kijiji.ca/v-cars-trucks/calgary/2017-ford-f-150-xlt-302a-sport-3-5l-eco-max-tow-pkg-fx4/1740883970,Kijiji
DISABLED_MANUAL_REVIEW_REQUIRED,location_verification_required,success,warnings_present,unverified_kijiji_location,success,2026-07-21T22:30:59+00:00,unverified_search_origin_not_listing_location,disabled_due_to_unverified_location,"Camrose, AB",,2017,Ford,F-150,Unknown,1,20000,No change noted,First seen this week,0,20000,20000,0,0,247270,Unknown,Gas,Unknown,N/A,Unknown,Dealer,,,,disabled_unverified_location,1740903572,st-albert,unverified_url_evidence,https://www.kijiji.ca/v-cars-trucks/st-albert/2017-ford-f150/1740903572,Kijiji
DISABLED_MANUAL_REVIEW_REQUIRED,location_verification_required,success,warnings_present,unverified_kijiji_location,success,2026-07-21T22:30:59+00:00,unverified_search_origin_not_listing_location,disabled_due_to_unverified_location,"Edmonton, AB",,2018,Ford,F-150,Unknown,1,23995,No change noted,Unchanged for 10 weeks,10,23995,23995,0,0,175207,Unknown,Gas,Unknown,N/A,Unknown,Dealer,,,,disabled_unverified_location,1724344322,edmonton,unverified_url_evidence,https://www.kijiji.ca/v-cars-trucks/edmonton/2018-ford-f150-xtr-super-cab-4x4-6-5-ft-box-we-finance/1724344322,Kijiji
DISABLED_MANUAL_REVIEW_REQUIRED,location_verification_required,success,warnings_present,unverified_kijiji_location,success,2026-07-21T22:30:59+00:00,unverified_search_origin_not_listing_location,disabled_due_to_unverified_location,"Regina, SK",,2018,Ford,F-150,Unknown,1,19900,No change noted,Unchanged for 10 weeks,10,19900,19900,0,0,221000,3.3L,Gas,Unknown,N/A,Unknown,Private,,,,disabled_unverified_location,1724551116,winnipeg,unverified_url_evidence,https://www.kijiji.ca/v-cars-trucks/winnipeg/2018-ford-f-150-ext-cab-4x4-3-3-l-v6/1724551116,Kijiji
DISABLED_MANUAL_REVIEW_REQUIRED,location_verification_required,success,warnings_present,unverified_kijiji_location,success,2026-07-21T22:30:59+00:00,unverified_search_origin_not_listing_location,disabled_due_to_unverified_location,"Moose Jaw, SK",,2018,Ford,F-150,xlt,2,30995,No change noted,Unchanged for 10 weeks,10,30995,30995,0,0,90180,Unknown,Gas,Unknown,N/A,Unknown,Private,,,,disabled_unverified_location,1725850739,ottawa,unverified_url_evidence,https://www.kijiji.ca/v-cars-trucks/ottawa/2018-ford-f-150/1725850739,Kijiji
DISABLED_MANUAL_REVIEW_REQUIRED,location_verification_required,success,warnings_present,unverified_kijiji_location,success,2026-07-21T22:30:59+00:00,unverified_search_origin_not_listing_location,disabled_due_to_unverified_location,"Saskatoon, SK",,2018,Ford,F-150,xlt,2,23499,No change noted,Up $500 over 11 weeks,11,22999,23499,0,500,180990,Unknown,Gas,Accident reported,N/A,Unknown,Private,,,,disabled_unverified_location,1732796828,saskatoon,unverified_url_evidence,https://www.kijiji.ca/v-cars-trucks/saskatoon/2018-f150-super-crew-cab-xlt-white/1732796828,Kijiji
DISABLED_MANUAL_REVIEW_REQUIRED,location_verification_required,success,warnings_present,unverified_kijiji_location,success,2026-07-21T22:30:59+00:00,unverified_search_origin_not_listing_location,disabled_due_to_unverified_location,"Calgary, AB",,2018,Ford,F-150,xlt,2,20977,No change noted,"Down $2,000 over 10 weeks",10,22977,20977,0,-2000,212167,Unknown,Gas,Unknown,N/A,Unknown,Dealer,,,,disabled_unverified_location,1733601033,calgary,unverified_url_evidence,https://www.kijiji.ca/v-cars-trucks/calgary/2018-ford-f-150-xlt-5-0-v8-backup-camera/1733601033,Kijiji
DISABLED_MANUAL_REVIEW_REQUIRED,location_verification_required,success,warnings_present,unverified_kijiji_location,success,2026-07-21T22:30:59+00:00,unverified_search_origin_not_listing_location,disabled_due_to_unverified_location,"Saskatoon, SK",,2018,Ford,F-150,lariat,3,24297,No change noted,Down $698 over 11 weeks,11,24995,24297,0,-698,253927,Unknown,Gas,Unknown,N/A,Unknown,Private,,,,disabled_unverified_location,1736016526,saskatoon,unverified_url_evidence,https://www.kijiji.ca/v-cars-trucks/saskatoon/2018-ford-f-150-lariat/1736016526,Kijiji
DISABLED_MANUAL_REVIEW_REQUIRED,location_verification_required,success,warnings_present,unverified_kijiji_location;url_year_conflicts_with_parsed_year,success,2026-07-21T22:30:59+00:00,unverified_search_origin_not_listing_location,disabled_due_to_unverified_location,"Ponoka, AB",,2018,Ford,F-150,raptor,3,57600,No change noted,"Down $2,100 over 5 weeks",5,59700,57600,0,-2100,6000,Unknown,Gas,Unknown,N/A,Unknown,Private,,,,disabled_unverified_location,1736037866,fort-mcmurray,unverified_url_evidence,https://www.kijiji.ca/v-cars-trucks/fort-mcmurray/raptor802a-brand-new-2026-factory-engine/1736037866,Kijiji
DISABLED_MANUAL_REVIEW_REQUIRED,location_verification_required,success,warnings_present,unverified_kijiji_location,success,2026-07-21T22:30:59+00:00,unverified_search_origin_not_listing_location,disabled_due_to_unverified_location,"Edmonton, AB",,2018,Ford,F-150,sport,2,19999,No change noted,"Down $2,000 over 10 weeks",10,21999,19999,0,-2000,201077,3.5L,Gas,No accidents reported,N/A,Unknown,Dealer,,,,disabled_unverified_location,1737238336,edmonton,unverified_url_evidence,https://www.kijiji.ca/v-cars-trucks/edmonton/2018-ford-f-150-sport-crew-cab-4x4-3-5l-ecoboost-v6-clean-ca/1737238336,Kijiji
DISABLED_MANUAL_REVIEW_REQUIRED,location_verification_required,success,warnings_present,unverified_kijiji_location,success,2026-07-21T22:30:59+00:00,unverified_search_origin_not_listing_location,disabled_due_to_unverified_location,"Olds, AB",,2018,Ford,F-150,lariat,3,29500,No change noted,Unchanged for 11 weeks,11,29500,29500,0,0,153000,Unknown,Gas,Unknown,N/A,Unknown,Private,,,,disabled_unverified_location,1738082498,medicine-hat,unverified_url_evidence,https://www.kijiji.ca/v-cars-trucks/medicine-hat/2018-ford-f150/1738082498,Kijiji
DISABLED_MANUAL_REVIEW_REQUIRED,location_verification_required,success,warnings_present,unverified_kijiji_location,success,2026-07-21T22:30:59+00:00,unverified_search_origin_not_listing_location,disabled_due_to_unverified_location,"Camrose, AB",,2018,Ford,F-150,Unknown,1,15900,No change noted,Unchanged for 5 weeks,5,15900,15900,0,0,190000,Unknown,Gas,Unknown,N/A,Unknown,Private,,,,disabled_unverified_location,1738226566,st-albert,unverified_url_evidence,https://www.kijiji.ca/v-cars-trucks/st-albert/ford-f150-supercrew-cab/1738226566,Kijiji
DISABLED_MANUAL_REVIEW_REQUIRED,location_verification_required,success,warnings_present,unverified_kijiji_location,success,2026-07-21T22:30:59+00:00,unverified_search_origin_not_listing_location,disabled_due_to_unverified_location,"Edmonton, AB",,2018,Ford,F-150,xlt,2,29295,No change noted,Down $700 over 7 weeks,7,29995,29295,0,-700,134436,Unknown,Gas,Unknown,N/A,Unknown,Dealer,,,,disabled_unverified_location,1738297103,edmonton,unverified_url_evidence,https://www.kijiji.ca/v-cars-trucks/edmonton/ford-f-150-xlt-2018/1738297103,Kijiji
DISABLED_MANUAL_REVIEW_REQUIRED,location_verification_required,success,warnings_present,unverified_kijiji_location,success,2026-07-21T22:30:59+00:00,unverified_search_origin_not_listing_location,disabled_due_to_unverified_location,"Saskatoon, SK",,2018,Ford,F-150,lariat,3,21500,No change noted,Unchanged for 9 weeks,9,21500,21500,0,0,298000,Unknown,Gas,Unknown,N/A,Unknown,Private,,,,disabled_unverified_location,1738365494,saskatoon,unverified_url_evidence,https://www.kijiji.ca/v-cars-trucks/saskatoon/2018-ford-f150-lariat/1738365494,Kijiji
DISABLED_MANUAL_REVIEW_REQUIRED,location_verification_required,success,warnings_present,unverified_kijiji_location,success,2026-07-21T22:30:59+00:00,unverified_search_origin_not_listing_location,disabled_due_to_unverified_location,"Calgary, AB",,2018,Ford,F-150,xlt,2,32000,No change noted,"Down $2,000 over 8 weeks",8,34000,32000,0,-2000,106000,Unknown,Gas,No accidents reported,N/A,Unknown,Private,,,,disabled_unverified_location,1738395719,calgary,unverified_url_evidence,https://www.kijiji.ca/v-cars-trucks/calgary/sold/1738395719,Kijiji
DISABLED_MANUAL_REVIEW_REQUIRED,location_verification_required,success,warnings_present,unverified_kijiji_location,success,2026-07-21T22:30:59+00:00,unverified_search_origin_not_listing_location,disabled_due_to_unverified_location,"Calgary, AB",,2018,Ford,F-150,xlt,2,3999,No change noted,Unchanged for 7 weeks,7,3999,3999,0,0,275000,Unknown,Gas,Unknown,N/A,Unknown,Private,,,,disabled_unverified_location,1738444917,calgary,unverified_url_evidence,https://www.kijiji.ca/v-cars-trucks/calgary/ford-f150/1738444917,Kijiji
DISABLED_MANUAL_REVIEW_REQUIRED,location_verification_required,success,warnings_present,unverified_kijiji_location,success,2026-07-21T22:30:59+00:00,unverified_search_origin_not_listing_location,disabled_due_to_unverified_location,"Edmonton, AB",,2018,Ford,F-150,raptor,3,46997,No change noted,"Down $5,000 over 7 weeks",7,51997,49997,-3000,-5000,166541,Unknown,Gas,Unknown,N/A,Unknown,Dealer,,,,disabled_unverified_location,1738611297,edmonton,unverified_url_evidence,https://www.kijiji.ca/v-cars-trucks/edmonton/2018-ford-f-150-raptor/1738611297,Kijiji
DISABLED_MANUAL_REVIEW_REQUIRED,location_verification_required,success,warnings_present,unverified_kijiji_location,success,2026-07-21T22:30:59+00:00,unverified_search_origin_not_listing_location,disabled_due_to_unverified_location,"Moose Jaw, SK",,2018,Ford,F-150,xl,1,27568,No change noted,"Up $1,680 over 6 weeks",6,25888,27668,-100,1680,95486,Unknown,Gas,Unknown,N/A,Unknown,Private,,,,disabled_unverified_location,1738627882,ottawa,unverified_url_evidence,https://www.kijiji.ca/v-cars-trucks/ottawa/2018-ford-f-150-xl/1738627882,Kijiji
DISABLED_MANUAL_REVIEW_REQUIRED,location_verification_required,success,warnings_present,unverified_kijiji_location,success,2026-07-21T22:30:59+00:00,unverified_search_origin_not_listing_location,disabled_due_to_unverified_location,"Edmonton, AB",,2018,Ford,F-150,xlt,2,29500,No change noted,Unchanged for 7 weeks,7,29500,29500,0,0,185000,Unknown,Gas,Unknown,N/A,Unknown,Private,,,,disabled_unverified_location,1738649932,edmonton,unverified_url_evidence,https://www.kijiji.ca/v-cars-trucks/edmonton/2018-f150-xlt/1738649932,Kijiji
DISABLED_MANUAL_REVIEW_REQUIRED,location_verification_required,success,warnings_present,unverified_kijiji_location,success,2026-07-21T22:30:59+00:00,unverified_search_origin_not_listing_location,disabled_due_to_unverified_location,"Calgary, AB",,2018,Ford,F-150,lariat,3,34990,No change noted,"Down $1,000 over 7 weeks",7,35990,35990,-1000,-1000,156000,Unknown,Gas,Unknown,N/A,Unknown,Dealer,,,,disabled_unverified_location,1738751780,calgary,unverified_url_evidence,https://www.kijiji.ca/v-cars-trucks/calgary/2018-ford-f-150-lariat-fx4-sport-502a-one-owner/1738751780,Kijiji
DISABLED_MANUAL_REVIEW_REQUIRED,location_verification_required,success,warnings_present,unverified_kijiji_location,success,2026-07-21T22:30:59+00:00,unverified_search_origin_not_listing_location,disabled_due_to_unverified_location,"Regina, SK",,2018,Ford,F-150,xl,1,24399,No change noted,"Down $2,000 over 7 weeks",7,26399,24399,0,-2000,188579,Unknown,Gas,Unknown,N/A,Unknown,Private,,,,disabled_unverified_location,1738752093,winnipeg,unverified_url_evidence,https://www.kijiji.ca/v-cars-trucks/winnipeg/2018-ford-f-150-xl/1738752093,Kijiji
DISABLED_MANUAL_REVIEW_REQUIRED,location_verification_required,success,warnings_present,unverified_kijiji_location,success,2026-07-21T22:30:59+00:00,unverified_search_origin_not_listing_location,disabled_due_to_unverified_location,"Calgary, AB",,2018,Ford,F-150,Unknown,1,15500,No change noted,Unchanged for 7 weeks,7,15500,15500,0,0,184909,Unknown,Gas,Unknown,N/A,Unknown,Private,,,,disabled_unverified_location,1738853940,calgary,unverified_url_evidence,https://www.kijiji.ca/v-cars-trucks/calgary/f150-supercrew-cup/1738853940,Kijiji
DISABLED_MANUAL_REVIEW_REQUIRED,location_verification_required,success,warnings_present,unverified_kijiji_location,success,2026-07-21T22:30:59+00:00,unverified_search_origin_not_listing_location,disabled_due_to_unverified_location,"Prince Albert, SK",,2018,Ford,F-150,xlt,2,21995,No change noted,Unchanged for 7 weeks,7,21995,21995,0,0,188000,5.0L,Gas,Unknown,N/A,Unknown,Private,,,,disabled_unverified_location,1738856563,owen-sound,unverified_url_evidence,https://www.kijiji.ca/v-cars-trucks/owen-sound/2018-ford-f-150-xlt-5-0l-v8-certified-one-owner-no-acciden/1738856563,Kijiji
DISABLED_MANUAL_REVIEW_REQUIRED,location_verification_required,success,warnings_present,unverified_kijiji_location,success,2026-07-21T22:30:59+00:00,unverified_search_origin_not_listing_location,disabled_due_to_unverified_location,"Edmonton, AB",,2018,Ford,F-150,xlt,2,24000,No change noted,"Down $1,000 over 1 weeks",1,25000,25000,-1000,-1000,155000,Unknown,Gas,Unknown,N/A,Unknown,Dealer,,,,disabled_unverified_location,1738937467,edmonton,unverified_url_evidence,https://www.kijiji.ca/v-cars-trucks/edmonton/2018-f-150-xlt-2-7-twin-turbo/1738937467,Kijiji
DISABLED_MANUAL_REVIEW_REQUIRED,location_verification_required,success,warnings_present,unverified_kijiji_location,success,2026-07-21T22:30:59+00:00,unverified_search_origin_not_listing_location,disabled_due_to_unverified_location,"Camrose, AB",,2018,Ford,F-150,xlt,2,31999,No change noted,"Down $1,000 over 6 weeks",6,32999,32499,-500,-1000,122837,Unknown,Gas,Unknown,N/A,Unknown,Dealer,,,,disabled_unverified_location,1739116037,strathcona-county,unverified_url_evidence,https://www.kijiji.ca/v-cars-trucks/strathcona-county/2018-ford-f-150-xlt-special-edition-pkg/1739116037,Kijiji
DISABLED_MANUAL_REVIEW_REQUIRED,location_verification_required,success,warnings_present,unverified_kijiji_location,success,2026-07-21T22:30:59+00:00,unverified_search_origin_not_listing_location,disabled_due_to_unverified_location,"Medicine Hat, AB",,2018,Ford,F-150,xl,1,19608,No change noted,Unchanged for 6 weeks,6,19608,19608,0,0,254544,Unknown,Gas,Unknown,N/A,Unknown,Dealer,,,,disabled_unverified_location,1739161960,lethbridge,unverified_url_evidence,https://www.kijiji.ca/v-cars-trucks/lethbridge/2018-ford-f-150/1739161960,Kijiji
DISABLED_MANUAL_REVIEW_REQUIRED,location_verification_required,success,warnings_present,unverified_kijiji_location,success,2026-07-21T22:30:59+00:00,unverified_search_origin_not_listing_location,disabled_due_to_unverified_location,"Calgary, AB",,2018,Ford,F-150,fx4,3,18900,No change noted,Unchanged for 4 weeks,4,18900,18900,0,0,198000,Unknown,Gas,Unknown,N/A,Unknown,Private,,,,disabled_unverified_location,1739379519,calgary,unverified_url_evidence,https://www.kijiji.ca/v-cars-trucks/calgary/2018-ford-f150-xlt-fx4-5-0-v8/1739379519,Kijiji
DISABLED_MANUAL_REVIEW_REQUIRED,location_verification_required,success,warnings_present,unverified_kijiji_location,success,2026-07-21T22:30:59+00:00,unverified_search_origin_not_listing_location,disabled_due_to_unverified_location,"Moose Jaw, SK",,2018,Ford,F-150,xlt,2,23298,No change noted,"Down $1,701 over 4 weeks",4,24999,23298,0,-1701,172499,Unknown,Gas,Unknown,N/A,Unknown,Private,,,,disabled_unverified_location,1739401679,ottawa,unverified_url_evidence,https://www.kijiji.ca/v-cars-trucks/ottawa/2018-ford-f-150-xlt-4x4-xlt-supercrew-sync-3-carplay/1739401679,Kijiji
DISABLED_MANUAL_REVIEW_REQUIRED,location_verification_required,success,warnings_present,unverified_kijiji_location,success,2026-07-21T22:30:59+00:00,unverified_search_origin_not_listing_location,disabled_due_to_unverified_location,"Calgary, AB",,2018,Ford,F-150,xlt,2,19998,No change noted,Unchanged for 4 weeks,4,19998,19998,0,0,232104,Unknown,Gas,Unknown,N/A,Unknown,Dealer,,,,disabled_unverified_location,1739456996,calgary,unverified_url_evidence,https://www.kijiji.ca/v-cars-trucks/calgary/2018-ford-f-150-xlt-4wd-supercrew-5-5-box/1739456996,Kijiji
DISABLED_MANUAL_REVIEW_REQUIRED,location_verification_required,success,warnings_present,unverified_kijiji_location,success,2026-07-21T22:30:59+00:00,unverified_search_origin_not_listing_location,disabled_due_to_unverified_location,"Calgary, AB",,2018,Ford,F-150,sport,2,24600,No change noted,Unchanged for 3 weeks,3,24600,24600,0,0,90000,Unknown,Gas,Unknown,N/A,Unknown,Private,,,,disabled_unverified_location,1739546045,calgary,unverified_url_evidence,https://www.kijiji.ca/v-cars-trucks/calgary/2018-ford-f150-xlt-sport/1739546045,Kijiji
DISABLED_MANUAL_REVIEW_REQUIRED,location_verification_required,success,warnings_present,unverified_kijiji_location,success,2026-07-21T22:30:59+00:00,unverified_search_origin_not_listing_location,disabled_due_to_unverified_location,"Carstairs, AB",,2018,Ford,F-150,lariat,3,28995,No change noted,Unchanged for 2 weeks,2,28995,28995,0,0,202617,Unknown,Gas,Unknown,N/A,Unknown,Private,,,,disabled_unverified_location,1739592983,windsor-area-on,unverified_url_evidence,https://www.kijiji.ca/v-cars-trucks/windsor-area-on/2018-ford-f-150/1739592983,Kijiji
DISABLED_MANUAL_REVIEW_REQUIRED,location_verification_required,success,warnings_present,unverified_kijiji_location,success,2026-07-21T22:30:59+00:00,unverified_search_origin_not_listing_location,disabled_due_to_unverified_location,"Regina, SK",,2018,Ford,F-150,xlt,2,17900,No change noted,"Down $2,000 over 3 weeks",3,19900,17900,0,-2000,172000,Unknown,Gas,Unknown,N/A,Unknown,Private,,,,disabled_unverified_location,1739611507,winnipeg,unverified_url_evidence,https://www.kijiji.ca/v-cars-trucks/winnipeg/2018-ford-f-150-xlt-crew-cab-4x4/1739611507,Kijiji
DISABLED_MANUAL_REVIEW_REQUIRED,location_verification_required,success,warnings_present,unverified_kijiji_location,success,2026-07-21T22:30:59+00:00,unverified_search_origin_not_listing_location,disabled_due_to_unverified_location,"Medicine Hat, AB",,2018,Ford,F-150,xlt,2,21557,No change noted,Unchanged for 3 weeks,3,21557,21557,0,0,197313,Unknown,Gas,Unknown,N/A,Unknown,Dealer,,,,disabled_unverified_location,1739681942,lethbridge,unverified_url_evidence,https://www.kijiji.ca/v-cars-trucks/lethbridge/2018-ford-f-150-xlt/1739681942,Kijiji
DISABLED_MANUAL_REVIEW_REQUIRED,location_verification_required,success,warnings_present,unverified_kijiji_location,success,2026-07-21T22:30:59+00:00,unverified_search_origin_not_listing_location,disabled_due_to_unverified_location,"Edmonton, AB",,2018,Ford,F-150,xlt,2,24000,No change noted,"Down $2,500 over 3 weeks",3,26500,24000,0,-2500,170052,Unknown,Gas,Unknown,N/A,Unknown,Dealer,,,,disabled_unverified_location,1739689342,edmonton,unverified_url_evidence,https://www.kijiji.ca/v-cars-trucks/edmonton/2018-ford-f-150-xlt-302a-4x4-supercrew-145/1739689342,Kijiji
DISABLED_MANUAL_REVIEW_REQUIRED,location_verification_required,success,warnings_present,unverified_kijiji_location,success,2026-07-21T22:30:59+00:00,unverified_search_origin_not_listing_location,disabled_due_to_unverified_location,"Regina, SK",,2018,Ford,F-150,raptor,3,54999,No change noted,First seen this week,0,54999,54999,0,0,108253,Unknown,Gas,Unknown,N/A,Unknown,Private,,,,disabled_unverified_location,1739693268,winnipeg,unverified_url_evidence,https://www.kijiji.ca/v-cars-trucks/winnipeg/2018-ford-f-150-raptor-4wd-802a-carbon-fibre-loaded-low-kms/1739693268,Kijiji
DISABLED_MANUAL_REVIEW_REQUIRED,location_verification_required,success,warnings_present,unverified_kijiji_location,success,2026-07-21T22:30:59+00:00,unverified_search_origin_not_listing_location,disabled_due_to_unverified_location,"Medicine Hat, AB",,2018,Ford,F-150,lariat,3,32558,No change noted,First seen this week,0,32558,32558,0,0,146296,Unknown,Gas,Unknown,N/A,Unknown,Dealer,,,,disabled_unverified_location,1739734883,lethbridge,unverified_url_evidence,https://www.kijiji.ca/v-cars-trucks/lethbridge/2018-ford-f-150-lariat/1739734883,Kijiji
DISABLED_MANUAL_REVIEW_REQUIRED,location_verification_required,success,warnings_present,unverified_kijiji_location,success,2026-07-21T22:30:59+00:00,unverified_search_origin_not_listing_location,disabled_due_to_unverified_location,"Saskatoon, SK",,2018,Ford,F-150,xlt,2,14995,No change noted,Unchanged for 4 weeks,4,14995,14995,0,0,279463,Unknown,Gas,Unknown,N/A,Unknown,Private,,,,disabled_unverified_location,1739754510,saskatoon,unverified_url_evidence,https://www.kijiji.ca/v-cars-trucks/saskatoon/2018-ford-f-150-xlt-supercrew-6-5-ft-bed-4wd/1739754510,Kijiji
DISABLED_MANUAL_REVIEW_REQUIRED,location_verification_required,success,warnings_present,unverified_kijiji_location,success,2026-07-21T22:30:59+00:00,unverified_search_origin_not_listing_location,disabled_due_to_unverified_location,"Camrose, AB",,2018,Ford,F-150,lariat,3,29999,No change noted,Up $91 over 3 weeks,3,29908,28999,1000,91,181485,Unknown,Gas,Unknown,N/A,Unknown,Dealer,,,,disabled_unverified_location,1739832659,strathcona-county,unverified_url_evidence,https://www.kijiji.ca/v-cars-trucks/strathcona-county/2018-ford-f-150-lariat-fx4-offroad-pkg/1739832659,Kijiji
DISABLED_MANUAL_REVIEW_REQUIRED,location_verification_required,success,warnings_present,unverified_kijiji_location,success,2026-07-21T22:30:59+00:00,unverified_search_origin_not_listing_location,disabled_due_to_unverified_location,"Carstairs, AB",,2018,Ford,F-150,Unknown,1,24626,No change noted,"Down $5,374 over 3 weeks",3,30000,24900,-274,-5374,185180,Unknown,Gas,Unknown,N/A,Unknown,Private,,,,disabled_unverified_location,1739876277,guelph,unverified_url_evidence,https://www.kijiji.ca/v-cars-trucks/guelph/2018-ford-f-150-t/1739876277,Kijiji
DISABLED_MANUAL_REVIEW_REQUIRED,location_verification_required,success,warnings_present,unverified_kijiji_location,success,2026-07-21T22:30:59+00:00,unverified_search_origin_not_listing_location,disabled_due_to_unverified_location,"Carstairs, AB",,2018,Ford,F-150,xlt,2,15909,No change noted,"Down $1,000 over 2 weeks",2,16909,16909,-1000,-1000,262174,Unknown,Gas,Unknown,N/A,Unknown,Private,,,,disabled_unverified_location,1739921396,prince-george,unverified_url_evidence,https://www.kijiji.ca/v-cars-trucks/prince-george/2018-ford-f-150-xlt-4wd-v6-6-seats-backup-camera-ac/1739921396,Kijiji
DISABLED_MANUAL_REVIEW_REQUIRED,location_verification_required,success,warnings_present,unverified_kijiji_location,success,2026-07-21T22:30:59+00:00,unverified_search_origin_not_listing_location,disabled_due_to_unverified_location,"Edmonton, AB",,2018,Ford,F-150,lariat,3,36900,No change noted,Unchanged for 2 weeks,2,36900,36900,0,0,98835,Unknown,Gas,Unknown,N/A,Unknown,Dealer,,,,disabled_unverified_location,1739970703,edmonton,unverified_url_evidence,https://www.kijiji.ca/v-cars-trucks/edmonton/2018-ford-f-150-xl-xlt-lariat-king-ranch-platinum-limited/1739970703,Kijiji
DISABLED_MANUAL_REVIEW_REQUIRED,location_verification_required,success,warnings_present,unverified_kijiji_location,success,2026-07-21T22:30:59+00:00,unverified_search_origin_not_listing_location,disabled_due_to_unverified_location,"Prince Albert, SK",,2018,Ford,F-150,xlt,2,19999,No change noted,Unchanged for 2 weeks,2,19999,19999,0,0,180,Unknown,Gas,Unknown,N/A,Unknown,Private,,,,disabled_unverified_location,1740083853,owen-sound,unverified_url_evidence,https://www.kijiji.ca/v-cars-trucks/owen-sound/2018-ford-f150-xlt/1740083853,Kijiji
DISABLED_MANUAL_REVIEW_REQUIRED,location_verification_required,success,warnings_present,unverified_kijiji_location,success,2026-07-21T22:30:59+00:00,unverified_search_origin_not_listing_location,disabled_due_to_unverified_location,"Regina, SK",,2018,Ford,F-150,lariat,3,27995,No change noted,Unchanged for 2 weeks,2,27995,27995,0,0,229938,5.0L,Gas,Unknown,N/A,Unknown,Private,,,,disabled_unverified_location,1740099260,winnipeg,unverified_url_evidence,https://www.kijiji.ca/v-cars-trucks/winnipeg/2018-ford-f-150-lariat-5-0-l/1740099260,Kijiji
DISABLED_MANUAL_REVIEW_REQUIRED,location_verification_required,success,warnings_present,unverified_kijiji_location,success,2026-07-21T22:30:59+00:00,unverified_search_origin_not_listing_location,disabled_due_to_unverified_location,"Medicine Hat, AB",,2018,Ford,F-150,Unknown,1,23505,No change noted,Unchanged for 2 weeks,2,23505,23505,0,0,173060,Unknown,Gas,Unknown,N/A,Unknown,Dealer,,,,disabled_unverified_location,1740101890,lethbridge,unverified_url_evidence,https://www.kijiji.ca/v-cars-trucks/lethbridge/2018-ford-f-150/1740101890,Kijiji
DISABLED_MANUAL_REVIEW_REQUIRED,location_verification_required,success,warnings_present,unverified_kijiji_location,success,2026-07-21T22:30:59+00:00,unverified_search_origin_not_listing_location,disabled_due_to_unverified_location,"Edmonton, AB",,2018,Ford,F-150,xlt,2,8000,No change noted,Unchanged for 2 weeks,2,8000,8000,0,0,381996,Unknown,Gas,Unknown,N/A,Unknown,Dealer,,,,disabled_unverified_location,1740152716,edmonton,unverified_url_evidence,https://www.kijiji.ca/v-cars-trucks/edmonton/2018-ford-f-150-xlt-supercrew-145-xtr-pkg-rear-cam/1740152716,Kijiji
DISABLED_MANUAL_REVIEW_REQUIRED,location_verification_required,success,warnings_present,unverified_kijiji_location,success,2026-07-21T22:30:59+00:00,unverified_search_origin_not_listing_location,disabled_due_to_unverified_location,"Edmonton, AB",,2018,Ford,F-150,xlt,2,27000,No change noted,Unchanged for 2 weeks,2,27000,27000,0,0,122000,Unknown,Gas,Unknown,N/A,Unknown,Dealer,,,,disabled_unverified_location,1740189556,edmonton,unverified_url_evidence,https://www.kijiji.ca/v-cars-trucks/edmonton/2018-f150/1740189556,Kijiji
DISABLED_MANUAL_REVIEW_REQUIRED,location_verification_required,success,warnings_present,unverified_kijiji_location,success,2026-07-21T22:30:59+00:00,unverified_search_origin_not_listing_location,disabled_due_to_unverified_location,"Calgary, AB",,2018,Ford,F-150,xl,1,22977,No change noted,Unchanged for 2 weeks,2,22977,22977,0,0,184807,Unknown,Gas,Unknown,N/A,Unknown,Dealer,,,,disabled_unverified_location,1740196834,calgary,unverified_url_evidence,https://www.kijiji.ca/v-cars-trucks/calgary/2018-ford-f-150-xl-heated-seats-power-seats-power-windows/1740196834,Kijiji
DISABLED_MANUAL_REVIEW_REQUIRED,location_verification_required,success,warnings_present,unverified_kijiji_location,success,2026-07-21T22:30:59+00:00,unverified_search_origin_not_listing_location,disabled_due_to_unverified_location,"Camrose, AB",,2018,Ford,F-150,xlt,2,28899,No change noted,Unchanged for 1 weeks,1,28899,28899,0,0,106175,Unknown,Gas,Unknown,N/A,Unknown,Dealer,,,,disabled_unverified_location,1740228912,edmonton,unverified_url_evidence,https://www.kijiji.ca/v-cars-trucks/edmonton/2018-ford-f-150-xlt/1740228912,Kijiji
DISABLED_MANUAL_REVIEW_REQUIRED,location_verification_required,success,warnings_present,unverified_kijiji_location,success,2026-07-21T22:30:59+00:00,unverified_search_origin_not_listing_location,disabled_due_to_unverified_location,"Calgary, AB",,2018,Ford,F-150,xlt,2,30990,No change noted,Unchanged for 1 weeks,1,30990,30990,0,0,120460,5.0L,Gas,Unknown,N/A,Unknown,Dealer,,,,disabled_unverified_location,1740285659,calgary,unverified_url_evidence,https://www.kijiji.ca/v-cars-trucks/calgary/2018-ford-f-150-xlt-302a-5-0l-v8/1740285659,Kijiji
DISABLED_MANUAL_REVIEW_REQUIRED,location_verification_required,success,warnings_present,unverified_kijiji_location,success,2026-07-21T22:30:59+00:00,unverified_search_origin_not_listing_location,disabled_due_to_unverified_location,"Calgary, AB",,2018,Ford,F-150,xlt,2,25990,No change noted,Unchanged for 1 weeks,1,25990,25990,0,0,141975,Unknown,Gas,Unknown,N/A,Unknown,Dealer,,,,disabled_unverified_location,1740289241,calgary,unverified_url_evidence,https://www.kijiji.ca/v-cars-trucks/calgary/2018-ford-f-150-xlt-4wd-supercrew-6-5-box/1740289241,Kijiji
DISABLED_MANUAL_REVIEW_REQUIRED,location_verification_required,success,warnings_present,unverified_kijiji_location,success,2026-07-21T22:30:59+00:00,unverified_search_origin_not_listing_location,disabled_due_to_unverified_location,"Calgary, AB",,2018,Ford,F-150,xlt,2,26990,No change noted,Unchanged for 1 weeks,1,26990,26990,0,0,181869,Unknown,Gas,Unknown,N/A,Unknown,Unknown,,,,disabled_unverified_location,1740333069,calgary,unverified_url_evidence,https://www.kijiji.ca/v-cars-trucks/calgary/2018-ford-f-150/1740333069,Kijiji
DISABLED_MANUAL_REVIEW_REQUIRED,location_verification_required,success,warnings_present,unverified_kijiji_location,success,2026-07-21T22:30:59+00:00,unverified_search_origin_not_listing_location,disabled_due_to_unverified_location,"Saskatoon, SK",,2018,Ford,F-150,lariat,3,28995,No change noted,Unchanged for 1 weeks,1,28995,28995,0,0,185000,5.0L,Gas,Unknown,N/A,Unknown,Private,,,,disabled_unverified_location,1740378047,saskatoon,unverified_url_evidence,https://www.kijiji.ca/v-cars-trucks/saskatoon/2018-ford-f-150-lariat-5-0l-v8-leather-360-cam-cooled-seat/1740378047,Kijiji
DISABLED_MANUAL_REVIEW_REQUIRED,location_verification_required,success,warnings_present,unverified_kijiji_location,success,2026-07-21T22:30:59+00:00,unverified_search_origin_not_listing_location,disabled_due_to_unverified_location,"Calgary, AB",,2018,Ford,F-150,xlt,2,26900,No change noted,Unchanged for 1 weeks,1,26900,26900,0,0,121000,Unknown,Gas,Unknown,N/A,Unknown,Private,,,,disabled_unverified_location,1740382952,calgary,unverified_url_evidence,https://www.kijiji.ca/v-cars-trucks/calgary/2018-ford-f150-xlt-low-mileage/1740382952,Kijiji
DISABLED_MANUAL_REVIEW_REQUIRED,location_verification_required,success,warnings_present,unverified_kijiji_location,success,2026-07-21T22:30:59+00:00,unverified_search_origin_not_listing_location,disabled_due_to_unverified_location,"Medicine Hat, AB",,2018,Ford,F-150,Unknown,1,17005,No change noted,Unchanged for 1 weeks,1,17005,17005,0,0,193166,Unknown,Gas,Unknown,N/A,Unknown,Dealer,,,,disabled_unverified_location,1740393889,lethbridge,unverified_url_evidence,https://www.kijiji.ca/v-cars-trucks/lethbridge/2018-ford-f-150-2018-ford-f-150-super-cab-v6-as-traded/1740393889,Kijiji
DISABLED_MANUAL_REVIEW_REQUIRED,location_verification_required,success,warnings_present,unverified_kijiji_location,success,2026-07-21T22:30:59+00:00,unverified_search_origin_not_listing_location,disabled_due_to_unverified_location,"Calgary, AB",,2018,Ford,F-150,lariat,3,19999,No change noted,Unchanged for 1 weeks,1,19999,19999,0,0,268000,5.0L,Gas,Unknown,N/A,Unknown,Private,,,,disabled_unverified_location,1740403211,calgary,unverified_url_evidence,https://www.kijiji.ca/v-cars-trucks/calgary/2018-ford-f-150-lariat-fx4-supercrew-5-0l-v8-6-5-box-decked/1740403211,Kijiji
DISABLED_MANUAL_REVIEW_REQUIRED,location_verification_required,success,warnings_present,unverified_kijiji_location,success,2026-07-21T22:30:59+00:00,unverified_search_origin_not_listing_location,disabled_due_to_unverified_location,"Edmonton, AB",,2018,Ford,F-150,lariat,3,24999,No change noted,Unchanged for 1 weeks,1,24999,24999,0,0,171000,Unknown,Gas,Unknown,N/A,Unknown,Private,,,,disabled_unverified_location,1740414907,edmonton,unverified_url_evidence,https://www.kijiji.ca/v-cars-trucks/edmonton/2018-ford-f150-lariat/1740414907,Kijiji
DISABLED_MANUAL_REVIEW_REQUIRED,location_verification_required,success,warnings_present,unverified_kijiji_location,success,2026-07-21T22:30:59+00:00,unverified_search_origin_not_listing_location,disabled_due_to_unverified_location,"Calgary, AB",,2018,Ford,F-150,Unknown,1,13500,No change noted,Unchanged for 1 weeks,1,13500,13500,0,0,215083,Unknown,Gas,Unknown,N/A,Unknown,Dealer,,,,disabled_unverified_location,1740417127,calgary,unverified_url_evidence,https://www.kijiji.ca/v-cars-trucks/calgary/2018-ford-f-150/1740417127,Kijiji
DISABLED_MANUAL_REVIEW_REQUIRED,location_verification_required,success,warnings_present,unverified_kijiji_location,success,2026-07-21T22:30:59+00:00,unverified_search_origin_not_listing_location,disabled_due_to_unverified_location,"Edmonton, AB",,2018,Ford,F-150,xlt,2,25499,No change noted,Unchanged for 1 weeks,1,25499,25499,0,0,127055,5.0L,Gas,Unknown,N/A,Unknown,Dealer,,,,disabled_unverified_location,1740469086,edmonton,unverified_url_evidence,https://www.kijiji.ca/v-cars-trucks/edmonton/2018-ford-f-150-xlt-crew-cab-4x4-5-0l-v8-low-kms-127-055-kms/1740469086,Kijiji
DISABLED_MANUAL_REVIEW_REQUIRED,location_verification_required,success,warnings_present,unverified_kijiji_location,success,2026-07-21T22:30:59+00:00,unverified_search_origin_not_listing_location,disabled_due_to_unverified_location,"Carstairs, AB",,2018,Ford,F-150,xlt,2,18064,No change noted,First seen this week,0,18064,18064,0,0,244890,Unknown,Gas,Unknown,N/A,Unknown,Private,,,,disabled_unverified_location,1740516916,prince-george,unverified_url_evidence,https://www.kijiji.ca/v-cars-trucks/prince-george/2018-ford-f-150-xlt/1740516916,Kijiji
DISABLED_MANUAL_REVIEW_REQUIRED,location_verification_required,success,warnings_present,unverified_kijiji_location,success,2026-07-21T22:30:59+00:00,unverified_search_origin_not_listing_location,disabled_due_to_unverified_location,"Edmonton, AB",,2018,Ford,F-150,xlt,2,30000,No change noted,First seen this week,0,30000,30000,0,0,132216,5.0L,Gas,Unknown,N/A,Unknown,Private,,,,disabled_unverified_location,1740557330,edmonton,unverified_url_evidence,https://www.kijiji.ca/v-cars-trucks/edmonton/2018-ford-f150-xlt-supercab-5-0l-v8/1740557330,Kijiji
DISABLED_MANUAL_REVIEW_REQUIRED,location_verification_required,success,warnings_present,unverified_kijiji_location,success,2026-07-21T22:30:59+00:00,unverified_search_origin_not_listing_location,disabled_due_to_unverified_location,"Carstairs, AB",,2018,Ford,F-150,xlt,2,22000,No change noted,First seen this week,0,22000,22000,0,0,203800,Unknown,Gas,Unknown,N/A,Unknown,Private,,,,disabled_unverified_location,1740630818,prince-albert,unverified_url_evidence,https://www.kijiji.ca/v-cars-trucks/prince-albert/2018-ford-f-150/1740630818,Kijiji
DISABLED_MANUAL_REVIEW_REQUIRED,location_verification_required,success,warnings_present,unverified_kijiji_location,success,2026-07-21T22:30:59+00:00,unverified_search_origin_not_listing_location,disabled_due_to_unverified_location,"Calgary, AB",,2018,Ford,F-150,xlt,2,28500,No change noted,First seen this week,0,28500,28500,0,0,126250,3.5L,Gas,Unknown,N/A,Unknown,Private,,,,disabled_unverified_location,1740635874,calgary,unverified_url_evidence,https://www.kijiji.ca/v-cars-trucks/calgary/2018-3-5l-twin-turbo-ford-f-150-sport-xlt/1740635874,Kijiji
DISABLED_MANUAL_REVIEW_REQUIRED,location_verification_required,success,warnings_present,unverified_kijiji_location,success,2026-07-21T22:30:59+00:00,unverified_search_origin_not_listing_location,disabled_due_to_unverified_location,"Calgary, AB",,2018,Ford,F-150,fx4,3,29995,No change noted,First seen this week,0,29995,29995,0,0,112826,3.5L,Gas,Unknown,N/A,Unknown,Dealer,,,,disabled_unverified_location,1740648580,calgary,unverified_url_evidence,https://www.kijiji.ca/v-cars-trucks/calgary/2018-ford-f-150-xlt-xtr-3-5l-ecoboost-fx4-off-road-pro-trailer/1740648580,Kijiji
DISABLED_MANUAL_REVIEW_REQUIRED,location_verification_required,success,warnings_present,unverified_kijiji_location,success,2026-07-21T22:30:59+00:00,unverified_search_origin_not_listing_location,disabled_due_to_unverified_location,"Camrose, AB",,2018,Ford,F-150,Unknown,1,30488,No change noted,First seen this week,0,30488,30488,0,0,135000,Unknown,Gas,Unknown,N/A,Unknown,Dealer,,,,disabled_unverified_location,1740651365,st-albert,unverified_url_evidence,https://www.kijiji.ca/v-cars-trucks/st-albert/2018-ford-f-150/1740651365,Kijiji
DISABLED_MANUAL_REVIEW_REQUIRED,location_verification_required,success,warnings_present,unverified_kijiji_location,success,2026-07-21T22:30:59+00:00,unverified_search_origin_not_listing_location,disabled_due_to_unverified_location,"Regina, SK",,2018,Ford,F-150,xlt,2,29995,No change noted,First seen this week,0,29995,29995,0,0,175379,Unknown,Gas,Unknown,N/A,Unknown,Private,,,,disabled_unverified_location,1740690888,winnipeg,unverified_url_evidence,https://www.kijiji.ca/v-cars-trucks/winnipeg/2018-ford-f-150-xlt/1740690888,Kijiji
DISABLED_MANUAL_REVIEW_REQUIRED,location_verification_required,success,warnings_present,unverified_kijiji_location,success,2026-07-21T22:30:59+00:00,unverified_search_origin_not_listing_location,disabled_due_to_unverified_location,"Regina, SK",,2018,Ford,F-150,xlt,2,32995,No change noted,First seen this week,0,32995,32995,0,0,118672,Unknown,Gas,Unknown,N/A,Unknown,Private,,,,disabled_unverified_location,1740690892,winnipeg,unverified_url_evidence,https://www.kijiji.ca/v-cars-trucks/winnipeg/2018-ford-f-150-xlt/1740690892,Kijiji
DISABLED_MANUAL_REVIEW_REQUIRED,location_verification_required,success,warnings_present,unverified_kijiji_location,success,2026-07-21T22:30:59+00:00,unverified_search_origin_not_listing_location,disabled_due_to_unverified_location,"Edmonton, AB",,2018,Ford,F-150,xlt,2,17500,No change noted,First seen this week,0,17500,17500,0,0,281068,Unknown,Gas,Unknown,N/A,Unknown,Dealer,,,,disabled_unverified_location,1740700975,edmonton,unverified_url_evidence,https://www.kijiji.ca/v-cars-trucks/edmonton/2018-ford-f-150-xlt-300a-supercrew-157/1740700975,Kijiji
DISABLED_MANUAL_REVIEW_REQUIRED,location_verification_required,success,warnings_present,unverified_kijiji_location,success,2026-07-21T22:30:59+00:00,unverified_search_origin_not_listing_location,disabled_due_to_unverified_location,"Edmonton, AB",,2018,Ford,F-150,xlt,2,29995,No change noted,First seen this week,0,29995,29995,0,0,140550,Unknown,Gas,Unknown,N/A,Unknown,Dealer,,,,disabled_unverified_location,1740703098,edmonton,unverified_url_evidence,https://www.kijiji.ca/v-cars-trucks/edmonton/2018-ford-f-150-xlt/1740703098,Kijiji
DISABLED_MANUAL_REVIEW_REQUIRED,location_verification_required,success,warnings_present,unverified_kijiji_location,success,2026-07-21T22:30:59+00:00,unverified_search_origin_not_listing_location,disabled_due_to_unverified_location,"Edmonton, AB",,2018,Ford,F-150,lariat,3,25900,No change noted,First seen this week,0,25900,25900,0,0,189184,3.5L,Gas,Unknown,N/A,Unknown,Dealer,,,,disabled_unverified_location,1740704400,edmonton,unverified_url_evidence,https://www.kijiji.ca/v-cars-trucks/edmonton/2018-ford-f-150-lariat-4wd-supercrew-5-5-box-3-5l-engine-no-a/1740704400,Kijiji
DISABLED_MANUAL_REVIEW_REQUIRED,location_verification_required,success,warnings_present,unverified_kijiji_location,success,2026-07-21T22:30:59+00:00,unverified_search_origin_not_listing_location,disabled_due_to_unverified_location,"Calgary, AB",,2018,Ford,F-150,lariat,3,22500,No change noted,First seen this week,0,22500,22500,0,0,209110,Unknown,Gas,Unknown,N/A,Unknown,Dealer,,,,disabled_unverified_location,1740744009,calgary,unverified_url_evidence,https://www.kijiji.ca/v-cars-trucks/calgary/2018-ford-f-150-lariat/1740744009,Kijiji
DISABLED_MANUAL_REVIEW_REQUIRED,location_verification_required,success,warnings_present,unverified_kijiji_location,success,2026-07-21T22:30:59+00:00,unverified_search_origin_not_listing_location,disabled_due_to_unverified_location,"Saskatoon, SK",,2018,Ford,F-150,lariat,3,29750,No change noted,Unchanged for 1 weeks,1,29750,29750,0,0,176000,Unknown,Gas,Unknown,N/A,Unknown,Private,,,,disabled_unverified_location,1740772021,saskatoon,unverified_url_evidence,https://www.kijiji.ca/v-cars-trucks/saskatoon/2018-f150-4-door-supercrew-5-0-v8/1740772021,Kijiji
DISABLED_MANUAL_REVIEW_REQUIRED,location_verification_required,success,warnings_present,unverified_kijiji_location,success,2026-07-21T22:30:59+00:00,unverified_search_origin_not_listing_location,disabled_due_to_unverified_location,"Calgary, AB",,2018,Ford,F-150,lariat,3,48000,No change noted,First seen this week,0,48000,48000,0,0,142000,Unknown,Gas,Unknown,N/A,Unknown,Private,,,,disabled_unverified_location,1740854609,calgary,unverified_url_evidence,https://www.kijiji.ca/v-cars-trucks/calgary/2018-f150-roush-fx4-lariat/1740854609,Kijiji
DISABLED_MANUAL_REVIEW_REQUIRED,location_verification_required,success,warnings_present,unverified_kijiji_location,success,2026-07-21T22:30:59+00:00,unverified_search_origin_not_listing_location,disabled_due_to_unverified_location,"Edmonton, AB",,2018,Ford,F-150,xlt,2,29956,No change noted,First seen this week,0,29956,29956,0,0,91772,3.5L,Gas,Unknown,N/A,Unknown,Dealer,,,,disabled_unverified_location,1740872495,edmonton,unverified_url_evidence,https://www.kijiji.ca/v-cars-trucks/edmonton/2018-ford-f-150-xlt-3-5l-w-tow-pkg/1740872495,Kijiji
DISABLED_MANUAL_REVIEW_REQUIRED,location_verification_required,success,warnings_present,unverified_kijiji_location,success,2026-07-21T22:30:59+00:00,unverified_search_origin_not_listing_location,disabled_due_to_unverified_location,"Calgary, AB",,2018,Ford,F-150,xlt,2,50,No change noted,First seen this week,0,50,50,0,0,200,Unknown,Gas,Unknown,N/A,Unknown,Private,,,,disabled_unverified_location,1740915175,calgary,unverified_url_evidence,https://www.kijiji.ca/v-cars-trucks/calgary/delivery-truck/1740915175,Kijiji
DISABLED_MANUAL_REVIEW_REQUIRED,location_verification_required,success,warnings_present,unverified_kijiji_location,success,2026-07-21T22:30:59+00:00,unverified_search_origin_not_listing_location,disabled_due_to_unverified_location,"Regina, SK",,2018,Ford,F-150,xlt,2,40800,No change noted,First seen this week,0,40800,40800,0,0,72000,Unknown,Gas,Unknown,N/A,Unknown,Dealer,,,,disabled_unverified_location,1740915892,winnipeg,unverified_url_evidence,https://www.kijiji.ca/v-cars-trucks/winnipeg/2018-ford-f-150-xlt-4wd-supercrew-5-5-box/1740915892,Kijiji
DISABLED_MANUAL_REVIEW_REQUIRED,location_verification_required,success,warnings_present,unverified_kijiji_location,success,2026-07-21T22:30:59+00:00,unverified_search_origin_not_listing_location,disabled_due_to_unverified_location,"Olds, AB",,2019,Ford,F-150,lariat,3,39999,No change noted,"Down $2,682 over 10 weeks",10,42681,39999,0,-2682,135907,Unknown,Gas,Unknown,N/A,Unknown,Dealer,,,,disabled_unverified_location,1724362856,medicine-hat,unverified_url_evidence,https://www.kijiji.ca/v-cars-trucks/medicine-hat/2019-ford-f-150-lariat/1724362856,Kijiji
DISABLED_MANUAL_REVIEW_REQUIRED,location_verification_required,success,warnings_present,unverified_kijiji_location,success,2026-07-21T22:30:59+00:00,unverified_search_origin_not_listing_location,disabled_due_to_unverified_location,"Regina, SK",,2019,Ford,F-150,xlt,2,24995,No change noted,"Down $3,000 over 10 weeks",10,27995,24995,0,-3000,192220,3.5L,Gas,No accidents reported,N/A,Unknown,Private,,,,disabled_unverified_location,1729428117,winnipeg,unverified_url_evidence,https://www.kijiji.ca/v-cars-trucks/winnipeg/2019-ford-f-150-xlt-fx4-new-tires-3-5l-v6/1729428117,Kijiji
DISABLED_MANUAL_REVIEW_REQUIRED,location_verification_required,success,warnings_present,unverified_kijiji_location,success,2026-07-21T22:30:59+00:00,unverified_search_origin_not_listing_location,disabled_due_to_unverified_location,"Saskatoon, SK",,2019,Ford,F-150,xlt,2,29997,No change noted,Unchanged for 11 weeks,11,29997,29997,0,0,148396,Unknown,Gas,Unknown,N/A,Unknown,Private,,,,disabled_unverified_location,1730638814,saskatoon,unverified_url_evidence,https://www.kijiji.ca/v-cars-trucks/saskatoon/2019-ford-f-150-xlt-summer-special/1730638814,Kijiji
DISABLED_MANUAL_REVIEW_REQUIRED,location_verification_required,success,warnings_present,unverified_kijiji_location,success,2026-07-21T22:30:59+00:00,unverified_search_origin_not_listing_location,disabled_due_to_unverified_location,"Medicine Hat, AB",,2019,Ford,F-150,limited,3,49995,No change noted,Unchanged for 10 weeks,10,49995,49995,0,0,67276,Unknown,Gas,Unknown,N/A,Unknown,Dealer,,,,disabled_unverified_location,1731783486,lethbridge,unverified_url_evidence,https://www.kijiji.ca/v-cars-trucks/lethbridge/2019-ford-f-150-limited/1731783486,Kijiji
DISABLED_MANUAL_REVIEW_REQUIRED,location_verification_required,success,warnings_present,unverified_kijiji_location,success,2026-07-21T22:30:59+00:00,unverified_search_origin_not_listing_location,disabled_due_to_unverified_location,"Calgary, AB",,2019,Ford,F-150,sport,2,18990,No change noted,"Down $1,000 over 9 weeks",9,19990,18990,0,-1000,238586,2.7L,Gas,Unknown,N/A,Unknown,Dealer,,,,disabled_unverified_location,1732548174,calgary,unverified_url_evidence,https://www.kijiji.ca/v-cars-trucks/calgary/2019-ford-f-150-sport-4x4-2-7l-ecoboost-6-5/1732548174,Kijiji
DISABLED_MANUAL_REVIEW_REQUIRED,location_verification_required,success,warnings_present,unverified_kijiji_location,success,2026-07-21T22:30:59+00:00,unverified_search_origin_not_listing_location,disabled_due_to_unverified_location,"Regina, SK",,2019,Ford,F-150,platinum,3,41995,No change noted,"Down $3,000 over 10 weeks",10,44995,41995,0,-3000,122000,Unknown,Gas,No accidents reported,N/A,Unknown,Private,,,,disabled_unverified_location,1733061976,winnipeg,unverified_url_evidence,https://www.kijiji.ca/v-cars-trucks/winnipeg/2019-ford-f-150-platinum-cooled-seats-blind-spot-monitoring/1733061976,Kijiji
DISABLED_MANUAL_REVIEW_REQUIRED,location_verification_required,success,warnings_present,unverified_kijiji_location,success,2026-07-21T22:30:59+00:00,unverified_search_origin_not_listing_location,disabled_due_to_unverified_location,"Calgary, AB",,2019,Ford,F-150,lariat,3,32988,No change noted,"Up $1,000 over 10 weeks",10,31988,32988,0,1000,133990,Unknown,Gas,Unknown,N/A,Unknown,Dealer,,,,disabled_unverified_location,1733090102,calgary,unverified_url_evidence,https://www.kijiji.ca/v-cars-trucks/calgary/2019-ford-f-150-lariat-4wd-supercrew-backup-camera-navigation-pu/1733090102,Kijiji
DISABLED_MANUAL_REVIEW_REQUIRED,location_verification_required,success,warnings_present,unverified_kijiji_location,success,2026-07-21T22:30:59+00:00,unverified_search_origin_not_listing_location,disabled_due_to_unverified_location,"High River, AB",,2019,Ford,F-150,sport,2,24995,No change noted,"Down $1,000 over 10 weeks",10,25995,24995,0,-1000,188000,Unknown,Gas,Unknown,N/A,Unknown,Unknown,,,,disabled_unverified_location,1733338754,kitchener-waterloo,unverified_url_evidence,https://www.kijiji.ca/v-cars-trucks/kitchener-waterloo/2019-ford-f-150-sport/1733338754,Kijiji
DISABLED_MANUAL_REVIEW_REQUIRED,location_verification_required,success,warnings_present,unverified_kijiji_location,success,2026-07-21T22:30:59+00:00,unverified_search_origin_not_listing_location,disabled_due_to_unverified_location,"Calgary, AB",,2019,Ford,F-150,xlt,2,27995,No change noted,Unchanged for 10 weeks,10,27995,27995,0,0,167516,3.5L,Gas,No accidents reported,N/A,Unknown,Dealer,,,,disabled_unverified_location,1733599997,calgary,unverified_url_evidence,https://www.kijiji.ca/v-cars-trucks/calgary/2019-ford-f-150-xlt-sport-4wd-3-5l-v6-backup-camera-20-inch-whe/1733599997,Kijiji
DISABLED_MANUAL_REVIEW_REQUIRED,location_verification_required,success,warnings_present,unverified_kijiji_location,success,2026-07-21T22:30:59+00:00,unverified_search_origin_not_listing_location,disabled_due_to_unverified_location,"Edmonton, AB",,2019,Ford,F-150,xlt,2,18990,No change noted,Down $910 over 8 weeks,8,19900,18990,0,-910,171172,Unknown,Gas,Unknown,N/A,Unknown,Dealer,,,,disabled_unverified_location,1734834225,edmonton,unverified_url_evidence,https://www.kijiji.ca/v-cars-trucks/edmonton/2019-ford-f-150-xlt-4x4-supercab-styleside-6-ft-box-163-in-wb/1734834225,Kijiji
DISABLED_MANUAL_REVIEW_REQUIRED,location_verification_required,success,warnings_present,unverified_kijiji_location,success,2026-07-21T22:30:59+00:00,unverified_search_origin_not_listing_location,disabled_due_to_unverified_location,"Medicine Hat, AB",,2019,Ford,F-150,xlt,2,29995,No change noted,"Down $3,000 over 10 weeks",10,32995,29995,0,-3000,126180,Unknown,Gas,Unknown,N/A,Unknown,Dealer,,,,disabled_unverified_location,1735355884,lethbridge,unverified_url_evidence,https://www.kijiji.ca/v-cars-trucks/lethbridge/2019-ford-f-150-xlt/1735355884,Kijiji
DISABLED_MANUAL_REVIEW_REQUIRED,location_verification_required,success,warnings_present,unverified_kijiji_location,success,2026-07-21T22:30:59+00:00,unverified_search_origin_not_listing_location,disabled_due_to_unverified_location,"Medicine Hat, AB",,2019,Ford,F-150,lariat,3,35995,No change noted,"Down $2,000 over 10 weeks",10,37995,35995,0,-2000,132645,Unknown,Gas,Unknown,N/A,Unknown,Dealer,,,,disabled_unverified_location,1735647614,lethbridge,unverified_url_evidence,https://www.kijiji.ca/v-cars-trucks/lethbridge/2019-ford-f-150-lariat/1735647614,Kijiji
DISABLED_MANUAL_REVIEW_REQUIRED,location_verification_required,success,warnings_present,unverified_kijiji_location,success,2026-07-21T22:30:59+00:00,unverified_search_origin_not_listing_location,disabled_due_to_unverified_location,"Regina, SK",,2019,Ford,F-150,xlt,2,24995,No change noted,Unchanged for 10 weeks,10,24995,24995,0,0,224459,Unknown,Gas,Unknown,N/A,Unknown,Private,,,,disabled_unverified_location,1736170332,winnipeg,unverified_url_evidence,https://www.kijiji.ca/v-cars-trucks/winnipeg/2019-ford-f-150-xlt-sport-crew-cab-5-5ft-short-box/1736170332,Kijiji
DISABLED_MANUAL_REVIEW_REQUIRED,location_verification_required,success,warnings_present,unverified_kijiji_location,success,2026-07-21T22:30:59+00:00,unverified_search_origin_not_listing_location,disabled_due_to_unverified_location,"Calgary, AB",,2019,Ford,F-150,lariat,3,24000,No change noted,"Down $1,500 over 6 weeks",6,25500,24000,0,-1500,247000,Unknown,Gas,Unknown,N/A,Unknown,Private,,,,disabled_unverified_location,1736619748,calgary,unverified_url_evidence,https://www.kijiji.ca/v-cars-trucks/calgary/ford-f-150-3-5-ecoboost/1736619748,Kijiji
DISABLED_MANUAL_REVIEW_REQUIRED,location_verification_required,success,warnings_present,unverified_kijiji_location,success,2026-07-21T22:30:59+00:00,unverified_search_origin_not_listing_location,disabled_due_to_unverified_location,"Calgary, AB",,2019,Ford,F-150,Unknown,1,23995,No change noted,Unchanged for 10 weeks,10,23995,23995,0,0,179835,3.5L,Gas,No accidents reported,N/A,Unknown,Dealer,,,,disabled_unverified_location,1736759414,calgary,unverified_url_evidence,https://www.kijiji.ca/v-cars-trucks/calgary/2019-ford-f-150-xtr-pkg-4x4-5-5box-3-5l-ecoboost-carplay-b-came/1736759414,Kijiji
DISABLED_MANUAL_REVIEW_REQUIRED,location_verification_required,success,warnings_present,unverified_kijiji_location,success,2026-07-21T22:30:59+00:00,unverified_search_origin_not_listing_location,disabled_due_to_unverified_location,"Medicine Hat, AB",,2019,Ford,F-150,xlt,2,27005,No change noted,Unchanged for 10 weeks,10,27005,27005,0,0,204138,Unknown,Gas,Unknown,N/A,Unknown,Dealer,,,,disabled_unverified_location,1737240224,lethbridge,unverified_url_evidence,https://www.kijiji.ca/v-cars-trucks/lethbridge/2019-ford-f-150-xlt/1737240224,Kijiji
DISABLED_MANUAL_REVIEW_REQUIRED,location_verification_required,success,warnings_present,unverified_kijiji_location,success,2026-07-21T22:30:59+00:00,unverified_search_origin_not_listing_location,disabled_due_to_unverified_location,"Calgary, AB",,2019,Ford,F-150,lariat,3,19890,No change noted,Unchanged for 10 weeks,10,19890,19890,0,0,253511,Unknown,Gas,Unknown,N/A,Unknown,Dealer,,,,disabled_unverified_location,1737296847,calgary,unverified_url_evidence,https://www.kijiji.ca/v-cars-trucks/calgary/2019-ford-f-150-lariat-502a-sport-sunroof-nav-rem-start/1737296847,Kijiji
DISABLED_MANUAL_REVIEW_REQUIRED,location_verification_required,success,warnings_present,unverified_kijiji_location,success,2026-07-21T22:30:59+00:00,unverified_search_origin_not_listing_location,disabled_due_to_unverified_location,"Calgary, AB",,2019,Ford,F-150,xlt,2,27888,No change noted,Unchanged for 10 weeks,10,27888,27888,0,0,155179,Unknown,Gas,Unknown,N/A,Unknown,Dealer,,,,disabled_unverified_location,1737401779,calgary,unverified_url_evidence,https://www.kijiji.ca/v-cars-trucks/calgary/2019-ford-f-150-xlt/1737401779,Kijiji
DISABLED_MANUAL_REVIEW_REQUIRED,location_verification_required,success,warnings_present,unverified_kijiji_location,success,2026-07-21T22:30:59+00:00,unverified_search_origin_not_listing_location,disabled_due_to_unverified_location,"Saskatoon, SK",,2019,Ford,F-150,xlt,2,43995,No change noted,"Down $1,000 over 11 weeks",11,44995,43995,0,-1000,74687,Unknown,Gas,Accident reported,N/A,Unknown,Private,,,,disabled_unverified_location,1737507563,saskatoon,unverified_url_evidence,https://www.kijiji.ca/v-cars-trucks/saskatoon/2019-ford-f-150-xlt-5-0-one-owner-low-km-fuel-rims/1737507563,Kijiji
DISABLED_MANUAL_REVIEW_REQUIRED,location_verification_required,success,warnings_present,unverified_kijiji_location,success,2026-07-21T22:30:59+00:00,unverified_search_origin_not_listing_location,disabled_due_to_unverified_location,"Medicine Hat, AB",,2019,Ford,F-150,Unknown,1,17005,No change noted,Unchanged for 10 weeks,10,17005,17005,0,0,260819,Unknown,Gas,Unknown,N/A,Unknown,Dealer,,,,disabled_unverified_location,1737606702,lethbridge,unverified_url_evidence,https://www.kijiji.ca/v-cars-trucks/lethbridge/2019-ford-f-150-2019-ford-f150-xlt-as-traded/1737606702,Kijiji
DISABLED_MANUAL_REVIEW_REQUIRED,location_verification_required,success,warnings_present,unverified_kijiji_location,success,2026-07-21T22:30:59+00:00,unverified_search_origin_not_listing_location,disabled_due_to_unverified_location,"Carstairs, AB",,2019,Ford,F-150,xlt,2,19900,No change noted,Unchanged for 8 weeks,8,19900,19900,0,0,219000,Unknown,Gas,Unknown,N/A,Unknown,Private,,,,disabled_unverified_location,1737613598,laval-rive-nord,unverified_url_evidence,https://www.kijiji.ca/v-cars-trucks/laval-rive-nord/ford-f-150-xlt-4wd-supercrew-6-5-box-v6-financement-xlt-2019-in/1737613598,Kijiji
DISABLED_MANUAL_REVIEW_REQUIRED,location_verification_required,success,warnings_present,unverified_kijiji_location,success,2026-07-21T22:30:59+00:00,unverified_search_origin_not_listing_location,disabled_due_to_unverified_location,"Carstairs, AB",,2019,Ford,F-150,Unknown,1,23995,No change noted,Unchanged for 9 weeks,9,23995,23995,0,0,207000,Unknown,Gas,Unknown,N/A,Unknown,Private,,,,disabled_unverified_location,1737861474,summerside-pei,unverified_url_evidence,https://www.kijiji.ca/v-cars-trucks/summerside-pei/2019-ford-f-150/1737861474,Kijiji
DISABLED_MANUAL_REVIEW_REQUIRED,location_verification_required,success,warnings_present,unverified_kijiji_location,success,2026-07-21T22:30:59+00:00,unverified_search_origin_not_listing_location,disabled_due_to_unverified_location,"Carstairs, AB",,2019,Ford,F-150,xlt,2,22995,No change noted,Unchanged for 10 weeks,10,22995,22995,0,0,194736,Unknown,Gas,Unknown,N/A,Unknown,Private,,,,disabled_unverified_location,1737976836,ottawa,unverified_url_evidence,https://www.kijiji.ca/v-cars-trucks/ottawa/2019-ford-f-150/1737976836,Kijiji
DISABLED_MANUAL_REVIEW_REQUIRED,location_verification_required,success,warnings_present,unverified_kijiji_location,success,2026-07-21T22:30:59+00:00,unverified_search_origin_not_listing_location,disabled_due_to_unverified_location,"Calgary, AB",,2019,Ford,F-150,xlt,2,35888,No change noted,Unchanged for 10 weeks,10,35888,35888,0,0,135695,Unknown,Gas,Unknown,N/A,Unknown,Dealer,,,,disabled_unverified_location,1738037134,calgary,unverified_url_evidence,https://www.kijiji.ca/v-cars-trucks/calgary/2019-ford-f-150-xlt/1738037134,Kijiji
DISABLED_MANUAL_REVIEW_REQUIRED,location_verification_required,success,warnings_present,unverified_kijiji_location,success,2026-07-21T22:30:59+00:00,unverified_search_origin_not_listing_location,disabled_due_to_unverified_location,"Saskatoon, SK",,2019,Ford,F-150,xlt,2,32000,No change noted,Unchanged for 11 weeks,11,32000,32000,0,0,167000,Unknown,Gas,Unknown,N/A,Unknown,Private,,,,disabled_unverified_location,1738082896,saskatoon,unverified_url_evidence,https://www.kijiji.ca/v-cars-trucks/saskatoon/2019-f150/1738082896,Kijiji
DISABLED_MANUAL_REVIEW_REQUIRED,location_verification_required,success,warnings_present,unverified_kijiji_location,success,2026-07-21T22:30:59+00:00,unverified_search_origin_not_listing_location,disabled_due_to_unverified_location,"Edmonton, AB",,2019,Ford,F-150,platinum,3,34999,No change noted,"Down $4,000 over 8 weeks",8,38999,34999,0,-4000,83080,3.5L,Gas,Salvage/rebuilt,N/A,Unknown,Dealer,,,,disabled_unverified_location,1738234891,edmonton,unverified_url_evidence,https://www.kijiji.ca/v-cars-trucks/edmonton/2019-ford-f-150-platinum-3-5l-ecoboost-83-080-kilometers/1738234891,Kijiji
DISABLED_MANUAL_REVIEW_REQUIRED,location_verification_required,success,warnings_present,unverified_kijiji_location,success,2026-07-21T22:30:59+00:00,unverified_search_origin_not_listing_location,disabled_due_to_unverified_location,"Olds, AB",,2019,Ford,F-150,lariat,3,33698,No change noted,"Down $4,200 over 9 weeks",9,37898,33698,0,-4200,155267,Unknown,Gas,Unknown,N/A,Unknown,Dealer,,,,disabled_unverified_location,1738299603,medicine-hat,unverified_url_evidence,https://www.kijiji.ca/v-cars-trucks/medicine-hat/2019-ford-f-150/1738299603,Kijiji
DISABLED_MANUAL_REVIEW_REQUIRED,location_verification_required,success,warnings_present,unverified_kijiji_location,success,2026-07-21T22:30:59+00:00,unverified_search_origin_not_listing_location,disabled_due_to_unverified_location,"Calgary, AB",,2019,Ford,F-150,xlt,2,29600,No change noted,"Down $1,300 over 7 weeks",7,30900,29600,0,-1300,136190,3.5L,Gas,Unknown,N/A,Unknown,Dealer,,,,disabled_unverified_location,1738349735,calgary,unverified_url_evidence,https://www.kijiji.ca/v-cars-trucks/calgary/2019-ford-f-150-xlt-301a-sport-3-5l-eco-long-box-max/1738349735,Kijiji
DISABLED_MANUAL_REVIEW_REQUIRED,location_verification_required,success,warnings_present,unverified_kijiji_location,success,2026-07-21T22:30:59+00:00,unverified_search_origin_not_listing_location,disabled_due_to_unverified_location,"Carstairs, AB",,2019,Ford,F-150,xlt,2,24985,No change noted,"Down $5,000 over 6 weeks",6,29985,24985,0,-5000,224212,Unknown,Gas,Unknown,N/A,Unknown,Private,,,,disabled_unverified_location,1738398693,city-of-toronto,unverified_url_evidence,https://www.kijiji.ca/v-cars-trucks/city-of-toronto/2019-ford-f-150-xlt/1738398693,Kijiji
DISABLED_MANUAL_REVIEW_REQUIRED,location_verification_required,success,warnings_present,unverified_kijiji_location,success,2026-07-21T22:30:59+00:00,unverified_search_origin_not_listing_location,disabled_due_to_unverified_location,"Camrose, AB",,2019,Ford,F-150,Unknown,1,26988,No change noted,Unchanged for 7 weeks,7,26988,26988,0,0,199413,Unknown,Gas,Unknown,N/A,Unknown,Dealer,,,,disabled_unverified_location,1738608113,edmonton,unverified_url_evidence,https://www.kijiji.ca/v-cars-trucks/edmonton/2019-ford-f-150/1738608113,Kijiji
DISABLED_MANUAL_REVIEW_REQUIRED,location_verification_required,success,warnings_present,unverified_kijiji_location,success,2026-07-21T22:30:59+00:00,unverified_search_origin_not_listing_location,disabled_due_to_unverified_location,"Regina, SK",,2019,Ford,F-150,xlt,2,26795,No change noted,Down $200 over 7 weeks,7,26995,26795,0,-200,177000,Unknown,Gas,No accidents reported,N/A,Unknown,Private,,,,disabled_unverified_location,1738609950,winnipeg,unverified_url_evidence,https://www.kijiji.ca/v-cars-trucks/winnipeg/2019-ford-f-150-xlt-running-boards-tonneau-cover/1738609950,Kijiji
DISABLED_MANUAL_REVIEW_REQUIRED,location_verification_required,success,warnings_present,unverified_kijiji_location,success,2026-07-21T22:30:59+00:00,unverified_search_origin_not_listing_location,disabled_due_to_unverified_location,"Regina, SK",,2019,Ford,F-150,lariat,3,37998,No change noted,Unchanged for 7 weeks,7,37998,37998,0,0,147790,Unknown,Gas,Unknown,N/A,Unknown,Private,,,,disabled_unverified_location,1738610445,winnipeg,unverified_url_evidence,https://www.kijiji.ca/v-cars-trucks/winnipeg/2019-ford-f-150-lariat-4wd-supercrew-5-5-box/1738610445,Kijiji
DISABLED_MANUAL_REVIEW_REQUIRED,location_verification_required,success,warnings_present,unverified_kijiji_location,success,2026-07-21T22:30:59+00:00,unverified_search_origin_not_listing_location,disabled_due_to_unverified_location,"Edmonton, AB",,2019,Ford,F-150,xlt,2,22898,No change noted,Down $880 over 7 weeks,7,23778,18996,3902,-880,236908,Unknown,Gas,Unknown,N/A,Unknown,Dealer,,,,disabled_unverified_location,1738713477,edmonton,unverified_url_evidence,https://www.kijiji.ca/v-cars-trucks/edmonton/2019-ford-f-150-xlt/1738713477,Kijiji
DISABLED_MANUAL_REVIEW_REQUIRED,location_verification_required,success,warnings_present,unverified_kijiji_location,success,2026-07-21T22:30:59+00:00,unverified_search_origin_not_listing_location,disabled_due_to_unverified_location,"Calgary, AB",,2019,Ford,F-150,xlt,2,18995,No change noted,Unchanged for 3 weeks,3,18995,18995,0,0,245442,Unknown,Gas,Unknown,N/A,Unknown,Dealer,,,,disabled_unverified_location,1738755918,calgary,unverified_url_evidence,https://www.kijiji.ca/v-cars-trucks/calgary/2019-ford-f-150/1738755918,Kijiji
DISABLED_MANUAL_REVIEW_REQUIRED,location_verification_required,success,warnings_present,unverified_kijiji_location,success,2026-07-21T22:30:59+00:00,unverified_search_origin_not_listing_location,disabled_due_to_unverified_location,"Edmonton, AB",,2019,Ford,F-150,Unknown,1,20000,No change noted,"Down $3,000 over 6 weeks",6,23000,20000,0,-3000,215000,2.7L,Gas,Unknown,N/A,Unknown,Private,,,,disabled_unverified_location,1738958143,edmonton,unverified_url_evidence,https://www.kijiji.ca/v-cars-trucks/edmonton/2019-f150-4x4-supercrew-2-7l-ecoboost/1738958143,Kijiji
DISABLED_MANUAL_REVIEW_REQUIRED,location_verification_required,success,warnings_present,unverified_kijiji_location,success,2026-07-21T22:30:59+00:00,unverified_search_origin_not_listing_location,disabled_due_to_unverified_location,"Edmonton, AB",,2019,Ford,F-150,Unknown,1,29995,No change noted,Unchanged for 6 weeks,6,29995,29995,0,0,204190,Unknown,Gas,Unknown,N/A,Unknown,Private,,,,disabled_unverified_location,1739108490,edmonton,unverified_url_evidence,https://www.kijiji.ca/v-cars-trucks/edmonton/2019-ford-f-150/1739108490,Kijiji
DISABLED_MANUAL_REVIEW_REQUIRED,location_verification_required,success,warnings_present,unverified_kijiji_location,success,2026-07-21T22:30:59+00:00,unverified_search_origin_not_listing_location,disabled_due_to_unverified_location,"Calgary, AB",,2019,Ford,F-150,xlt,2,22900,No change noted,"Down $1,000 over 6 weeks",6,23900,22900,0,-1000,186284,Unknown,Gas,Unknown,N/A,Unknown,Dealer,,,,disabled_unverified_location,1739112828,calgary,unverified_url_evidence,https://www.kijiji.ca/v-cars-trucks/calgary/2019-ford-f-150-fx4-ecoboost-crewcab-xlt/1739112828,Kijiji
DISABLED_MANUAL_REVIEW_REQUIRED,location_verification_required,success,warnings_present,unverified_kijiji_location,success,2026-07-21T22:30:59+00:00,unverified_search_origin_not_listing_location,disabled_due_to_unverified_location,"Carstairs, AB",,2019,Ford,F-150,xlt,2,29088,No change noted,Down $300 over 6 weeks,6,29388,27788,1300,-300,129169,Unknown,Gas,Unknown,N/A,Unknown,Private,,,,disabled_unverified_location,1739161157,hamilton,unverified_url_evidence,https://www.kijiji.ca/v-cars-trucks/hamilton/2019-ford-f-150-xlt-sold/1739161157,Kijiji
DISABLED_MANUAL_REVIEW_REQUIRED,location_verification_required,success,warnings_present,unverified_kijiji_location,success,2026-07-21T22:30:59+00:00,unverified_search_origin_not_listing_location,disabled_due_to_unverified_location,"Regina, SK",,2019,Ford,F-150,platinum,3,36980,No change noted,Unchanged for 4 weeks,4,36980,36980,0,0,150727,Unknown,Gas,Unknown,N/A,Unknown,Dealer,,,,disabled_unverified_location,1739260112,winnipeg,unverified_url_evidence,https://www.kijiji.ca/v-cars-trucks/winnipeg/2019-ford-f-150-platinum-l-fx4-off-road-pkg-l-htd-ac-seats-l-b/1739260112,Kijiji
DISABLED_MANUAL_REVIEW_REQUIRED,location_verification_required,success,warnings_present,unverified_kijiji_location,success,2026-07-21T22:30:59+00:00,unverified_search_origin_not_listing_location,disabled_due_to_unverified_location,"Camrose, AB",,2019,Ford,F-150,lariat,3,40995,No change noted,"Down $2,000 over 5 weeks",5,42995,40995,0,-2000,79009,Unknown,Gas,Unknown,N/A,Unknown,Dealer,,,,disabled_unverified_location,1739261403,strathcona-county,unverified_url_evidence,https://www.kijiji.ca/v-cars-trucks/strathcona-county/2019-ford-f-150-lariat-4x4-remote-start-backup-camera-nav-c/1739261403,Kijiji
DISABLED_MANUAL_REVIEW_REQUIRED,location_verification_required,success,warnings_present,unverified_kijiji_location,success,2026-07-21T22:30:59+00:00,unverified_search_origin_not_listing_location,disabled_due_to_unverified_location,"Camrose, AB",,2019,Ford,F-150,xlt,2,24000,No change noted,Unchanged for 4 weeks,4,24000,24000,0,0,151000,Unknown,Gas,Unknown,N/A,Unknown,Private,,,,disabled_unverified_location,1739346459,st-albert,unverified_url_evidence,https://www.kijiji.ca/v-cars-trucks/st-albert/2019-f150-ecoboost/1739346459,Kijiji
DISABLED_MANUAL_REVIEW_REQUIRED,location_verification_required,success,warnings_present,unverified_kijiji_location,success,2026-07-21T22:30:59+00:00,unverified_search_origin_not_listing_location,disabled_due_to_unverified_location,"Saskatoon, SK",,2019,Ford,F-150,Unknown,1,19995,No change noted,Unchanged for 5 weeks,5,19995,19995,0,0,246687,Unknown,Gas,Unknown,N/A,Unknown,Private,,,,disabled_unverified_location,1739356935,saskatoon,unverified_url_evidence,https://www.kijiji.ca/v-cars-trucks/saskatoon/2019-ford-f-150/1739356935,Kijiji
DISABLED_MANUAL_REVIEW_REQUIRED,location_verification_required,success,warnings_present,unverified_kijiji_location,success,2026-07-21T22:30:59+00:00,unverified_search_origin_not_listing_location,disabled_due_to_unverified_location,"Calgary, AB",,2019,Ford,F-150,xlt,2,28650,No change noted,Unchanged for 4 weeks,4,28650,28650,0,0,184437,Unknown,Gas,Unknown,N/A,Unknown,Dealer,,,,disabled_unverified_location,1739357782,calgary,unverified_url_evidence,https://www.kijiji.ca/v-cars-trucks/calgary/2019-ford-f-150-xlt-4x4-crew-cab-ecoboost-bluetooth-us/1739357782,Kijiji
DISABLED_MANUAL_REVIEW_REQUIRED,location_verification_required,success,warnings_present,unverified_kijiji_location,success,2026-07-21T22:30:59+00:00,unverified_search_origin_not_listing_location,disabled_due_to_unverified_location,"Medicine Hat, AB",,2019,Ford,F-150,Unknown,1,22005,No change noted,Unchanged for 3 weeks,3,22005,22005,0,0,223510,Unknown,Gas,Unknown,N/A,Unknown,Dealer,,,,disabled_unverified_location,1739683782,lethbridge,unverified_url_evidence,https://www.kijiji.ca/v-cars-trucks/lethbridge/2019-ford-f-150-2019-ford-f150-crew-cab/1739683782,Kijiji
DISABLED_MANUAL_REVIEW_REQUIRED,location_verification_required,success,warnings_present,unverified_kijiji_location,success,2026-07-21T22:30:59+00:00,unverified_search_origin_not_listing_location,disabled_due_to_unverified_location,"Regina, SK",,2019,Ford,F-150,Unknown,1,11500,No change noted,Unchanged for 3 weeks,3,11500,11500,0,0,269000,Unknown,Gas,Unknown,N/A,Unknown,Private,,,,disabled_unverified_location,1739716360,winnipeg,unverified_url_evidence,https://www.kijiji.ca/v-cars-trucks/winnipeg/cars-trucks/1739716360,Kijiji
DISABLED_MANUAL_REVIEW_REQUIRED,location_verification_required,success,warnings_present,unverified_kijiji_location,success,2026-07-21T22:30:59+00:00,unverified_search_origin_not_listing_location,disabled_due_to_unverified_location,"Carstairs, AB",,2019,Ford,F-150,xlt,2,30000,No change noted,Unchanged for 2 weeks,2,30000,30000,0,0,110000,3.5L,Gas,Unknown,N/A,Unknown,Private,,,,disabled_unverified_location,1739945263,ottawa,unverified_url_evidence,https://www.kijiji.ca/v-cars-trucks/ottawa/2019-ford-f-150-xlt-4x4-3-5l-ecoboost/1739945263,Kijiji
DISABLED_MANUAL_REVIEW_REQUIRED,location_verification_required,success,warnings_present,unverified_kijiji_location,success,2026-07-21T22:30:59+00:00,unverified_search_origin_not_listing_location,disabled_due_to_unverified_location,"Calgary, AB",,2019,Ford,F-150,platinum,3,34990,No change noted,"Down $1,000 over 3 weeks",3,35990,34990,0,-1000,172798,Unknown,Gas,Unknown,N/A,Unknown,Dealer,,,,disabled_unverified_location,1740012339,calgary,unverified_url_evidence,https://www.kijiji.ca/v-cars-trucks/calgary/2019-ford-f-150/1740012339,Kijiji
DISABLED_MANUAL_REVIEW_REQUIRED,location_verification_required,success,warnings_present,unverified_kijiji_location,success,2026-07-21T22:30:59+00:00,unverified_search_origin_not_listing_location,disabled_due_to_unverified_location,"Edmonton, AB",,2019,Ford,F-150,xl,1,29991,No change noted,"Down $1,957 over 2 weeks",2,31948,31948,-1957,-1957,174930,Unknown,Gas,Unknown,N/A,Unknown,Dealer,,,,disabled_unverified_location,1740012396,edmonton,unverified_url_evidence,https://www.kijiji.ca/v-cars-trucks/edmonton/2019-ford-f-150-xl-4wd-supercrew-5-5-box/1740012396,Kijiji
DISABLED_MANUAL_REVIEW_REQUIRED,location_verification_required,success,warnings_present,unverified_kijiji_location,success,2026-07-21T22:30:59+00:00,unverified_search_origin_not_listing_location,disabled_due_to_unverified_location,"Edmonton, AB",,2019,Ford,F-150,lariat,3,23888,No change noted,Unchanged for 2 weeks,2,23888,23888,0,0,196575,Unknown,Gas,Unknown,N/A,Unknown,Dealer,,,,disabled_unverified_location,1740029198,edmonton,unverified_url_evidence,https://www.kijiji.ca/v-cars-trucks/edmonton/2019-ford-f-150-lariat-leather-heated-cool-seat-applecarplay/1740029198,Kijiji
DISABLED_MANUAL_REVIEW_REQUIRED,location_verification_required,success,warnings_present,unverified_kijiji_location,success,2026-07-21T22:30:59+00:00,unverified_search_origin_not_listing_location,disabled_due_to_unverified_location,"Edmonton, AB",,2019,Ford,F-150,fx4,3,32500,No change noted,Unchanged for 2 weeks,2,32500,32500,0,0,112637,Unknown,Gas,Unknown,N/A,Unknown,Dealer,,,,disabled_unverified_location,1740106100,edmonton,unverified_url_evidence,https://www.kijiji.ca/v-cars-trucks/edmonton/2019-ford-f-150-xlt-supercrew-145-sport-pkg-fx4-pkg/1740106100,Kijiji
DISABLED_MANUAL_REVIEW_REQUIRED,location_verification_required,success,warnings_present,unverified_kijiji_location,success,2026-07-21T22:30:59+00:00,unverified_search_origin_not_listing_location,disabled_due_to_unverified_location,"Calgary, AB",,2019,Ford,F-150,xlt,2,25988,No change noted,Unchanged for 1 weeks,1,25988,25988,0,0,154240,Unknown,Gas,Unknown,N/A,Unknown,Dealer,,,,disabled_unverified_location,1740238077,calgary,unverified_url_evidence,https://www.kijiji.ca/v-cars-trucks/calgary/2019-ford-f-150-xlt-crew-cab-backup-camera-drive-modes-heated-mi/1740238077,Kijiji
DISABLED_MANUAL_REVIEW_REQUIRED,location_verification_required,success,warnings_present,unverified_kijiji_location,success,2026-07-21T22:30:59+00:00,unverified_search_origin_not_listing_location,disabled_due_to_unverified_location,"Edmonton, AB",,2019,Ford,F-150,xlt,2,39882,No change noted,Unchanged for 1 weeks,1,39882,39882,0,0,54812,5.0L,Gas,Unknown,N/A,Unknown,Dealer,,,,disabled_unverified_location,1740240816,edmonton,unverified_url_evidence,https://www.kijiji.ca/v-cars-trucks/edmonton/2019-ford-f-150-xlt-sport-5-0l-v8-302a-hseats-low-km/1740240816,Kijiji
DISABLED_MANUAL_REVIEW_REQUIRED,location_verification_required,success,warnings_present,unverified_kijiji_location,success,2026-07-21T22:30:59+00:00,unverified_search_origin_not_listing_location,disabled_due_to_unverified_location,"Edmonton, AB",,2019,Ford,F-150,lariat,3,35000,No change noted,Unchanged for 1 weeks,1,35000,35000,0,0,115149,Unknown,Gas,Unknown,N/A,Unknown,Dealer,,,,disabled_unverified_location,1740263830,edmonton,unverified_url_evidence,https://www.kijiji.ca/v-cars-trucks/edmonton/2019-ford-f-150-lariat-supercrew-145-moonroof/1740263830,Kijiji
DISABLED_MANUAL_REVIEW_REQUIRED,location_verification_required,success,warnings_present,unverified_kijiji_location,success,2026-07-21T22:30:59+00:00,unverified_search_origin_not_listing_location,disabled_due_to_unverified_location,"Edmonton, AB",,2019,Ford,F-150,xl,1,19918,No change noted,First seen this week,0,19918,19918,0,0,212187,Unknown,Gas,Unknown,N/A,Unknown,Dealer,,,,disabled_unverified_location,1740285199,edmonton,unverified_url_evidence,https://www.kijiji.ca/v-cars-trucks/edmonton/2019-ford-f-150-xl-4wd-supercrew-5-5-box/1740285199,Kijiji
DISABLED_MANUAL_REVIEW_REQUIRED,location_verification_required,success,warnings_present,unverified_kijiji_location,success,2026-07-21T22:30:59+00:00,unverified_search_origin_not_listing_location,disabled_due_to_unverified_location,"Camrose, AB",,2019,Ford,F-150,xlt,2,29980,No change noted,Unchanged for 1 weeks,1,29980,29980,0,0,198031,5.0L,Gas,Unknown,N/A,Unknown,Dealer,,,,disabled_unverified_location,1740287544,strathcona-county,unverified_url_evidence,https://www.kijiji.ca/v-cars-trucks/strathcona-county/2019-ford-f-150-xlt-5-0l-sport-302a-remote-start/1740287544,Kijiji
DISABLED_MANUAL_REVIEW_REQUIRED,location_verification_required,success,warnings_present,unverified_kijiji_location,success,2026-07-21T22:30:59+00:00,unverified_search_origin_not_listing_location,disabled_due_to_unverified_location,"Saskatoon, SK",,2019,Ford,F-150,lariat,3,39995,No change noted,Unchanged for 2 weeks,2,39995,39995,0,0,124830,Unknown,Gas,Unknown,N/A,Unknown,Private,,,,disabled_unverified_location,1740335583,saskatoon,unverified_url_evidence,https://www.kijiji.ca/v-cars-trucks/saskatoon/2019-ford-f-150-lariat-360-cam-pano-roof-fuel-wheel-lift/1740335583,Kijiji
DISABLED_MANUAL_REVIEW_REQUIRED,location_verification_required,success,warnings_present,unverified_kijiji_location,success,2026-07-21T22:30:59+00:00,unverified_search_origin_not_listing_location,disabled_due_to_unverified_location,"Calgary, AB",,2019,Ford,F-150,platinum,3,35990,No change noted,Unchanged for 2 weeks,2,35990,35990,0,0,169156,Unknown,Gas,Unknown,N/A,Unknown,Dealer,,,,disabled_unverified_location,1740375504,calgary,unverified_url_evidence,https://www.kijiji.ca/v-cars-trucks/calgary/2019-ford-f-150/1740375504,Kijiji
DISABLED_MANUAL_REVIEW_REQUIRED,location_verification_required,success,warnings_present,unverified_kijiji_location,success,2026-07-21T22:30:59+00:00,unverified_search_origin_not_listing_location,disabled_due_to_unverified_location,"Regina, SK",,2019,Ford,F-150,xl,1,16500,No change noted,Unchanged for 1 weeks,1,16500,16500,0,0,295000,Unknown,Gas,Unknown,N/A,Unknown,Private,,,,disabled_unverified_location,1740392812,winnipeg,unverified_url_evidence,https://www.kijiji.ca/v-cars-trucks/winnipeg/2019-f150/1740392812,Kijiji
DISABLED_MANUAL_REVIEW_REQUIRED,location_verification_required,success,warnings_present,unverified_kijiji_location,success,2026-07-21T22:30:59+00:00,unverified_search_origin_not_listing_location,disabled_due_to_unverified_location,"Edmonton, AB",,2019,Ford,F-150,xl,1,30986,No change noted,First seen this week,0,30986,30986,0,0,157000,Unknown,Gas,Unknown,N/A,Unknown,Dealer,,,,disabled_unverified_location,1740421628,edmonton,unverified_url_evidence,https://www.kijiji.ca/v-cars-trucks/edmonton/2019-ford-f-150-xl-4wd-supercrew-5-5-box/1740421628,Kijiji
DISABLED_MANUAL_REVIEW_REQUIRED,location_verification_required,success,warnings_present,unverified_kijiji_location,success,2026-07-21T22:30:59+00:00,unverified_search_origin_not_listing_location,disabled_due_to_unverified_location,"Edmonton, AB",,2019,Ford,F-150,fx4,3,36447,No change noted,First seen this week,0,36447,36447,0,0,71220,3.5L,Gas,Unknown,N/A,Unknown,Dealer,,,,disabled_unverified_location,1740429623,edmonton,unverified_url_evidence,https://www.kijiji.ca/v-cars-trucks/edmonton/2019-ford-f-150-xlt-3-5l-v6-eco-max-tow-fx4-nav/1740429623,Kijiji
DISABLED_MANUAL_REVIEW_REQUIRED,location_verification_required,success,warnings_present,unverified_kijiji_location,success,2026-07-21T22:30:59+00:00,unverified_search_origin_not_listing_location,disabled_due_to_unverified_location,"Edmonton, AB",,2019,Ford,F-150,xlt,2,40624,No change noted,"Down $8,250 over 1 weeks",1,48874,48874,-8250,-8250,60000,Unknown,Gas,Unknown,N/A,Unknown,Dealer,,,,disabled_unverified_location,1740471039,edmonton,unverified_url_evidence,https://www.kijiji.ca/v-cars-trucks/edmonton/2019-ford-f-150-xlt-supercrew/1740471039,Kijiji
DISABLED_MANUAL_REVIEW_REQUIRED,location_verification_required,success,warnings_present,unverified_kijiji_location,success,2026-07-21T22:30:59+00:00,unverified_search_origin_not_listing_location,disabled_due_to_unverified_location,"Edmonton, AB",,2019,Ford,F-150,xlt,2,28988,No change noted,Unchanged for 1 weeks,1,28988,28988,0,0,106070,Unknown,Gas,Unknown,N/A,Unknown,Unknown,,,,disabled_unverified_location,1740471871,edmonton,unverified_url_evidence,https://www.kijiji.ca/v-cars-trucks/edmonton/2019-ford-f-150-xlt/1740471871,Kijiji
DISABLED_MANUAL_REVIEW_REQUIRED,location_verification_required,success,warnings_present,unverified_kijiji_location,success,2026-07-21T22:30:59+00:00,unverified_search_origin_not_listing_location,disabled_due_to_unverified_location,"Camrose, AB",,2019,Ford,F-150,lariat,3,29499,No change noted,Down $500 over 2 weeks,2,29999,29999,-500,-500,197716,Unknown,Gas,Unknown,N/A,Unknown,Dealer,,,,disabled_unverified_location,1740474044,strathcona-county,unverified_url_evidence,https://www.kijiji.ca/v-cars-trucks/strathcona-county/2019-ford-f-150/1740474044,Kijiji
DISABLED_MANUAL_REVIEW_REQUIRED,location_verification_required,success,warnings_present,unverified_kijiji_location,success,2026-07-21T22:30:59+00:00,unverified_search_origin_not_listing_location,disabled_due_to_unverified_location,"Saskatoon, SK",,2019,Ford,F-150,xlt,2,32999,No change noted,Unchanged for 1 weeks,1,32999,32999,0,0,116915,Unknown,Gas,Unknown,N/A,Unknown,Dealer,,,,disabled_unverified_location,1740474903,saskatoon,unverified_url_evidence,https://www.kijiji.ca/v-cars-trucks/saskatoon/2019-ford-f-150-xlt/1740474903,Kijiji
DISABLED_MANUAL_REVIEW_REQUIRED,location_verification_required,success,warnings_present,unverified_kijiji_location,success,2026-07-21T22:30:59+00:00,unverified_search_origin_not_listing_location,disabled_due_to_unverified_location,"Edmonton, AB",,2019,Ford,F-150,xlt,2,19900,No change noted,First seen this week,0,19900,19900,0,0,145000,Unknown,Gas,Unknown,N/A,Unknown,Private,,,,disabled_unverified_location,1740545832,edmonton,unverified_url_evidence,https://www.kijiji.ca/v-cars-trucks/edmonton/ford-f150/1740545832,Kijiji
DISABLED_MANUAL_REVIEW_REQUIRED,location_verification_required,success,warnings_present,unverified_kijiji_location,success,2026-07-21T22:30:59+00:00,unverified_search_origin_not_listing_location,disabled_due_to_unverified_location,"Carstairs, AB",,2019,Ford,F-150,xl,1,21980,No change noted,Unchanged for 1 weeks,1,21980,21980,0,0,107375,Unknown,Gas,Unknown,N/A,Unknown,Private,,,,disabled_unverified_location,1740566001,regina,unverified_url_evidence,https://www.kijiji.ca/v-cars-trucks/regina/2019-ford-f-150-xl/1740566001,Kijiji
DISABLED_MANUAL_REVIEW_REQUIRED,location_verification_required,success,warnings_present,unverified_kijiji_location,success,2026-07-21T22:30:59+00:00,unverified_search_origin_not_listing_location,disabled_due_to_unverified_location,"Calgary, AB",,2019,Ford,F-150,xl,1,19990,No change noted,First seen this week,0,19990,19990,0,0,153685,Unknown,Gas,Unknown,N/A,Unknown,Dealer,,,,disabled_unverified_location,1740607884,calgary,unverified_url_evidence,https://www.kijiji.ca/v-cars-trucks/calgary/2019-ford-f-150-xl-4wd-supercab-6-5-box/1740607884,Kijiji
DISABLED_MANUAL_REVIEW_REQUIRED,location_verification_required,success,warnings_present,unverified_kijiji_location,success,2026-07-21T22:30:59+00:00,unverified_search_origin_not_listing_location,disabled_due_to_unverified_location,"Calgary, AB",,2019,Ford,F-150,lariat,3,32900,No change noted,First seen this week,0,32900,32900,0,0,187202,5.0L,Gas,Unknown,N/A,Unknown,Dealer,,,,disabled_unverified_location,1740648575,calgary,unverified_url_evidence,https://www.kijiji.ca/v-cars-trucks/calgary/2019-ford-f-150-lariat-502a-sport-5-0l-v8-tech-pkg-sunroof/1740648575,Kijiji
DISABLED_MANUAL_REVIEW_REQUIRED,location_verification_required,success,warnings_present,unverified_kijiji_location,success,2026-07-21T22:30:59+00:00,unverified_search_origin_not_listing_location,disabled_due_to_unverified_location,"Saskatoon, SK",,2019,Ford,F-150,platinum,3,38995,No change noted,Unchanged for 1 weeks,1,38995,38995,0,0,142287,3.5L,Gas,Unknown,N/A,Unknown,Private,,,,disabled_unverified_location,1740650771,saskatoon,unverified_url_evidence,https://www.kijiji.ca/v-cars-trucks/saskatoon/2019-ford-f-150-platinum-crew-cab-3-5l-v6-command-start-heat/1740650771,Kijiji
DISABLED_MANUAL_REVIEW_REQUIRED,location_verification_required,success,warnings_present,unverified_kijiji_location,success,2026-07-21T22:30:59+00:00,unverified_search_origin_not_listing_location,disabled_due_to_unverified_location,"Regina, SK",,2019,Ford,F-150,xlt,2,24500,No change noted,First seen this week,0,24500,24500,0,0,136400,Unknown,Gas,Unknown,N/A,Unknown,Private,,,,disabled_unverified_location,1740651830,winnipeg,unverified_url_evidence,https://www.kijiji.ca/v-cars-trucks/winnipeg/2019-ford-f-150-xlt-4wd-supercab-8-box/1740651830,Kijiji
DISABLED_MANUAL_REVIEW_REQUIRED,location_verification_required,success,warnings_present,unverified_kijiji_location,success,2026-07-21T22:30:59+00:00,unverified_search_origin_not_listing_location,disabled_due_to_unverified_location,"Calgary, AB",,2019,Ford,F-150,limited,3,38990,No change noted,First seen this week,0,38990,38990,0,0,165000,Unknown,Gas,Unknown,N/A,Unknown,Dealer,,,,disabled_unverified_location,1740690965,calgary,unverified_url_evidence,https://www.kijiji.ca/v-cars-trucks/calgary/2019-ford-f-150-limited-massage-seats-fully-serviced/1740690965,Kijiji
DISABLED_MANUAL_REVIEW_REQUIRED,location_verification_required,success,warnings_present,unverified_kijiji_location,success,2026-07-21T22:30:59+00:00,unverified_search_origin_not_listing_location,disabled_due_to_unverified_location,"Medicine Hat, AB",,2019,Ford,F-150,lariat,3,40557,No change noted,First seen this week,0,40557,40557,0,0,56000,Unknown,Gas,Unknown,N/A,Unknown,Dealer,,,,disabled_unverified_location,1740691809,lethbridge,unverified_url_evidence,https://www.kijiji.ca/v-cars-trucks/lethbridge/2019-ford-f-150-lariat/1740691809,Kijiji
DISABLED_MANUAL_REVIEW_REQUIRED,location_verification_required,success,warnings_present,unverified_kijiji_location,success,2026-07-21T22:30:59+00:00,unverified_search_origin_not_listing_location,disabled_due_to_unverified_location,"Regina, SK",,2019,Ford,F-150,lariat,3,27900,No change noted,First seen this week,0,27900,27900,0,0,169796,Unknown,Gas,Unknown,N/A,Unknown,Private,,,,disabled_unverified_location,1740703365,winnipeg,unverified_url_evidence,https://www.kijiji.ca/v-cars-trucks/winnipeg/2019-ford-f-150-lariat-supercrew-5-5-ft-4wd/1740703365,Kijiji
DISABLED_MANUAL_REVIEW_REQUIRED,location_verification_required,success,warnings_present,unverified_kijiji_location,success,2026-07-21T22:30:59+00:00,unverified_search_origin_not_listing_location,disabled_due_to_unverified_location,"Saskatoon, SK",,2019,Ford,F-150,Unknown,1,45299,No change noted,Unchanged for 1 weeks,1,45299,45299,0,0,63999,Unknown,Gas,Unknown,N/A,Unknown,Private,,,,disabled_unverified_location,1740751840,saskatoon,unverified_url_evidence,https://www.kijiji.ca/v-cars-trucks/saskatoon/2019-ford-f-150/1740751840,Kijiji
DISABLED_MANUAL_REVIEW_REQUIRED,location_verification_required,success,warnings_present,unverified_kijiji_location,success,2026-07-21T22:30:59+00:00,unverified_search_origin_not_listing_location,disabled_due_to_unverified_location,"Edmonton, AB",,2019,Ford,F-150,xlt,2,23500,No change noted,First seen this week,0,23500,23500,0,0,151,Unknown,Gas,Unknown,N/A,Unknown,Private,,,,disabled_unverified_location,1740758870,edmonton,unverified_url_evidence,https://www.kijiji.ca/v-cars-trucks/edmonton/f150-xlt-truck-2-7-6-seats-151km/1740758870,Kijiji
DISABLED_MANUAL_REVIEW_REQUIRED,location_verification_required,success,warnings_present,unverified_kijiji_location,success,2026-07-21T22:30:59+00:00,unverified_search_origin_not_listing_location,disabled_due_to_unverified_location,"Calgary, AB",,2019,Ford,F-150,Unknown,1,30900,No change noted,First seen this week,0,30900,30900,0,0,139000,Unknown,Gas,Unknown,N/A,Unknown,Private,,,,disabled_unverified_location,1740771994,calgary,unverified_url_evidence,https://www.kijiji.ca/v-cars-trucks/calgary/range-rover-sport-2019/1740771994,Kijiji
DISABLED_MANUAL_REVIEW_REQUIRED,location_verification_required,success,warnings_present,unverified_kijiji_location,success,2026-07-21T22:30:59+00:00,unverified_search_origin_not_listing_location,disabled_due_to_unverified_location,"Carstairs, AB",,2019,Ford,F-150,xlt,2,18995,No change noted,First seen this week,0,18995,18995,0,0,174818,Unknown,Gas,Unknown,N/A,Unknown,Private,,,,disabled_unverified_location,1740791877,laval-rive-nord,unverified_url_evidence,https://www.kijiji.ca/v-cars-trucks/laval-rive-nord/2019-ford-f-150-xlt/1740791877,Kijiji
DISABLED_MANUAL_REVIEW_REQUIRED,location_verification_required,success,warnings_present,unverified_kijiji_location,success,2026-07-21T22:30:59+00:00,unverified_search_origin_not_listing_location,disabled_due_to_unverified_location,"Calgary, AB",,2019,Ford,F-150,xlt,2,9500,No change noted,First seen this week,0,9500,9500,0,0,268,Unknown,Gas,Unknown,N/A,Unknown,Private,,,,disabled_unverified_location,1740876831,calgary,unverified_url_evidence,https://www.kijiji.ca/v-cars-trucks/calgary/2019-f150-5-0-2wd-long-box/1740876831,Kijiji
DISABLED_MANUAL_REVIEW_REQUIRED,location_verification_required,success,warnings_present,unverified_kijiji_location,success,2026-07-21T22:30:59+00:00,unverified_search_origin_not_listing_location,disabled_due_to_unverified_location,"Saskatoon, SK",,2019,Ford,F-150,xlt,2,12500,No change noted,First seen this week,0,12500,12500,0,0,432824,Unknown,Gas,Unknown,N/A,Unknown,Private,,,,disabled_unverified_location,1740908447,saskatoon,unverified_url_evidence,https://www.kijiji.ca/v-cars-trucks/saskatoon/2019-f-150/1740908447,Kijiji
DISABLED_MANUAL_REVIEW_REQUIRED,location_verification_required,success,warnings_present,unverified_kijiji_location,success,2026-07-21T22:30:59+00:00,unverified_search_origin_not_listing_location,disabled_due_to_unverified_location,"Calgary, AB",,2020,Ford,F-150,xl,1,14998,No change noted,Unchanged for 10 weeks,10,14998,14998,0,0,238807,Unknown,Gas,Unknown,N/A,Unknown,Dealer,,,,disabled_unverified_location,1724407715,calgary,unverified_url_evidence,https://www.kijiji.ca/v-cars-trucks/calgary/2020-ford-f-150-xl-bed/1724407715,Kijiji
DISABLED_MANUAL_REVIEW_REQUIRED,location_verification_required,success,warnings_present,unverified_kijiji_location,success,2026-07-21T22:30:59+00:00,unverified_search_origin_not_listing_location,disabled_due_to_unverified_location,"Saskatoon, SK",,2020,Ford,F-150,xl,1,28995,No change noted,Unchanged for 11 weeks,11,28995,28995,0,0,77926,Unknown,Gas,Unknown,N/A,Unknown,Private,,,,disabled_unverified_location,1724461535,saskatoon,unverified_url_evidence,https://www.kijiji.ca/v-cars-trucks/saskatoon/2020-ford-f-150-xl-demo/1724461535,Kijiji
DISABLED_MANUAL_REVIEW_REQUIRED,location_verification_required,success,warnings_present,unverified_kijiji_location,success,2026-07-21T22:30:59+00:00,unverified_search_origin_not_listing_location,disabled_due_to_unverified_location,"Saskatoon, SK",,2020,Ford,F-150,lariat,3,39995,No change noted,Unchanged for 11 weeks,11,39995,39995,0,0,156930,Unknown,Gas,Unknown,N/A,Unknown,Private,,,,disabled_unverified_location,1724531316,saskatoon,unverified_url_evidence,https://www.kijiji.ca/v-cars-trucks/saskatoon/2020-ford-f-150-lariat/1724531316,Kijiji
DISABLED_MANUAL_REVIEW_REQUIRED,location_verification_required,success,warnings_present,unverified_kijiji_location,success,2026-07-21T22:30:59+00:00,unverified_search_origin_not_listing_location,disabled_due_to_unverified_location,"Edmonton, AB",,2020,Ford,F-150,lariat,3,39995,No change noted,"Down $1,554 over 10 weeks",10,41549,41549,-1554,-1554,135316,Unknown,Gas,Unknown,N/A,Unknown,Dealer,,,,disabled_unverified_location,1726334351,edmonton,unverified_url_evidence,https://www.kijiji.ca/v-cars-trucks/edmonton/2020-ford-f-150-lariat/1726334351,Kijiji
DISABLED_MANUAL_REVIEW_REQUIRED,location_verification_required,success,warnings_present,unverified_kijiji_location,success,2026-07-21T22:30:59+00:00,unverified_search_origin_not_listing_location,disabled_due_to_unverified_location,"Regina, SK",,2020,Ford,F-150,xlt,2,28000,No change noted,Unchanged for 10 weeks,10,28000,28000,0,0,194500,Unknown,Gas,Unknown,N/A,Unknown,Private,,,,disabled_unverified_location,1728370467,winnipeg,unverified_url_evidence,https://www.kijiji.ca/v-cars-trucks/winnipeg/2020-f150-crew-sport-1yr-powertrain-warranty/1728370467,Kijiji
DISABLED_MANUAL_REVIEW_REQUIRED,location_verification_required,success,warnings_present,unverified_kijiji_location,success,2026-07-21T22:30:59+00:00,unverified_search_origin_not_listing_location,disabled_due_to_unverified_location,"Edmonton, AB",,2020,Ford,F-150,lariat,3,24999,No change noted,"Down $4,996 over 10 weeks",10,29995,24999,0,-4996,211123,Unknown,Gas,Unknown,N/A,Unknown,Dealer,,,,disabled_unverified_location,1731574464,edmonton,unverified_url_evidence,https://www.kijiji.ca/v-cars-trucks/edmonton/2020-ford-f-150-lariat/1731574464,Kijiji
DISABLED_MANUAL_REVIEW_REQUIRED,location_verification_required,success,warnings_present,unverified_kijiji_location,success,2026-07-21T22:30:59+00:00,unverified_search_origin_not_listing_location,disabled_due_to_unverified_location,"Camrose, AB",,2020,Ford,F-150,lariat,3,31999,No change noted,Unchanged for 9 weeks,9,31999,31999,0,0,178499,Unknown,Gas,Unknown,N/A,Unknown,Dealer,,,,disabled_unverified_location,1731983992,st-albert,unverified_url_evidence,https://www.kijiji.ca/v-cars-trucks/st-albert/2020-ford-f-150/1731983992,Kijiji
DISABLED_MANUAL_REVIEW_REQUIRED,location_verification_required,success,warnings_present,unverified_kijiji_location,success,2026-07-21T22:30:59+00:00,unverified_search_origin_not_listing_location,disabled_due_to_unverified_location,"Calgary, AB",,2020,Ford,F-150,Unknown,1,27988,No change noted,Unchanged for 9 weeks,9,27988,27988,0,0,195508,3.5L,Gas,Unknown,N/A,Unknown,Dealer,,,,disabled_unverified_location,1735858568,calgary,unverified_url_evidence,https://www.kijiji.ca/v-cars-trucks/calgary/2020-ford-f-150-3-5l-ecoboost-apple-carplay-fully-inspecte/1735858568,Kijiji
DISABLED_MANUAL_REVIEW_REQUIRED,location_verification_required,success,warnings_present,unverified_kijiji_location,success,2026-07-21T22:30:59+00:00,unverified_search_origin_not_listing_location,disabled_due_to_unverified_location,"Regina, SK",,2020,Ford,F-150,lariat,3,45995,No change noted,Unchanged for 10 weeks,10,45995,45995,0,0,119500,Unknown,Gas,Unknown,N/A,Unknown,Private,,,,disabled_unverified_location,1736922180,winnipeg,unverified_url_evidence,https://www.kijiji.ca/v-cars-trucks/winnipeg/2020-ford-f-150-lariat-running-boards-power-seats/1736922180,Kijiji
DISABLED_MANUAL_REVIEW_REQUIRED,location_verification_required,success,warnings_present,unverified_kijiji_location,success,2026-07-21T22:30:59+00:00,unverified_search_origin_not_listing_location,disabled_due_to_unverified_location,"Edmonton, AB",,2020,Ford,F-150,xlt,2,28995,No change noted,"Down $1,000 over 8 weeks",8,29995,28995,0,-1000,169576,Unknown,Gas,Unknown,N/A,Unknown,Dealer,,,,disabled_unverified_location,1737347973,edmonton,unverified_url_evidence,https://www.kijiji.ca/v-cars-trucks/edmonton/ford-f-150-xlt-2020/1737347973,Kijiji
DISABLED_MANUAL_REVIEW_REQUIRED,location_verification_required,success,warnings_present,unverified_kijiji_location,success,2026-07-21T22:30:59+00:00,unverified_search_origin_not_listing_location,disabled_due_to_unverified_location,"Regina, SK",,2020,Ford,F-150,lariat,3,45000,No change noted,Down $987 over 10 weeks,10,45987,45987,-987,-987,85424,Unknown,Gas,No accidents reported,N/A,Unknown,Private,,,,disabled_unverified_location,1737502936,winnipeg,unverified_url_evidence,https://www.kijiji.ca/v-cars-trucks/winnipeg/2020-ford-f-150-lariat-clean-carfax-leather-vented-seats/1737502936,Kijiji
DISABLED_MANUAL_REVIEW_REQUIRED,location_verification_required,success,warnings_present,unverified_kijiji_location,success,2026-07-21T22:30:59+00:00,unverified_search_origin_not_listing_location,disabled_due_to_unverified_location,"Regina, SK",,2020,Ford,F-150,xlt,2,29995,No change noted,Unchanged for 5 weeks,5,29995,29995,0,0,233731,5.0L,Gas,No accidents reported,N/A,Unknown,Private,,,,disabled_unverified_location,1737875501,winnipeg,unverified_url_evidence,https://www.kijiji.ca/v-cars-trucks/winnipeg/2020-ford-f-150-xlt-crew-cab-5-5-box-w-cap-5-0l-v8-4x4/1737875501,Kijiji
DISABLED_MANUAL_REVIEW_REQUIRED,location_verification_required,success,warnings_present,unverified_kijiji_location,success,2026-07-21T22:30:59+00:00,unverified_search_origin_not_listing_location,disabled_due_to_unverified_location,"Edmonton, AB",,2020,Ford,F-150,xlt,2,27711,No change noted,Up $714 over 11 weeks,11,26997,27825,-114,714,111038,Unknown,Gas,Unknown,N/A,Unknown,Dealer,,,,disabled_unverified_location,1737876137,edmonton,unverified_url_evidence,https://www.kijiji.ca/v-cars-trucks/edmonton/2020-ford-f-150-xlt-4wd-supercab-6-5-box/1737876137,Kijiji
DISABLED_MANUAL_REVIEW_REQUIRED,location_verification_required,success,warnings_present,unverified_kijiji_location,success,2026-07-21T22:30:59+00:00,unverified_search_origin_not_listing_location,disabled_due_to_unverified_location,"Carstairs, AB",,2020,Ford,F-150,xl,1,12900,No change noted,Unchanged for 10 weeks,10,12900,12900,0,0,259961,Unknown,Gas,Unknown,N/A,Unknown,Dealer,,,,disabled_unverified_location,1737954359,red-deer,unverified_url_evidence,https://www.kijiji.ca/v-cars-trucks/red-deer/2020-ford-f-150-xl/1737954359,Kijiji
DISABLED_MANUAL_REVIEW_REQUIRED,location_verification_required,success,warnings_present,unverified_kijiji_location,success,2026-07-21T22:30:59+00:00,unverified_search_origin_not_listing_location,disabled_due_to_unverified_location,"Swift Current, SK",,2020,Ford,F-150,raptor,3,53000,No change noted,Unchanged for 10 weeks,10,53000,53000,0,0,116000,Unknown,Gas,Unknown,N/A,Unknown,Private,,,,disabled_unverified_location,1738020108,moose-jaw,unverified_url_evidence,https://www.kijiji.ca/v-cars-trucks/moose-jaw/2020-f150-raptor/1738020108,Kijiji
DISABLED_MANUAL_REVIEW_REQUIRED,location_verification_required,success,warnings_present,unverified_kijiji_location,success,2026-07-21T22:30:59+00:00,unverified_search_origin_not_listing_location,disabled_due_to_unverified_location,"Calgary, AB",,2020,Ford,F-150,Unknown,1,34980,No change noted,Unchanged for 4 weeks,4,34980,34980,0,0,95473,Unknown,Gas,Accident reported,N/A,Unknown,Dealer,,,,disabled_unverified_location,1738094634,calgary,unverified_url_evidence,https://www.kijiji.ca/v-cars-trucks/calgary/2020-ford-f-150-xtr/1738094634,Kijiji
DISABLED_MANUAL_REVIEW_REQUIRED,location_verification_required,success,warnings_present,unverified_kijiji_location,success,2026-07-21T22:30:59+00:00,unverified_search_origin_not_listing_location,disabled_due_to_unverified_location,"Calgary, AB",,2020,Ford,F-150,lariat,3,39995,No change noted,Unchanged for 8 weeks,8,39995,38800,1195,0,110632,Unknown,Gas,Unknown,N/A,Unknown,Dealer,,,,disabled_unverified_location,1738250331,calgary,unverified_url_evidence,https://www.kijiji.ca/v-cars-trucks/calgary/2020-ford-f-150-lariat-502a-sport-moonroof-b-o-audio-nav/1738250331,Kijiji
DISABLED_MANUAL_REVIEW_REQUIRED,location_verification_required,success,warnings_present,unverified_kijiji_location,success,2026-07-21T22:30:59+00:00,unverified_search_origin_not_listing_location,disabled_due_to_unverified_location,"Edmonton, AB",,2020,Ford,F-150,xlt,2,20000,No change noted,Unchanged for 8 weeks,8,20000,20000,0,0,240000,Unknown,Gas,Unknown,N/A,Unknown,Private,,,,disabled_unverified_location,1738315933,edmonton,unverified_url_evidence,https://www.kijiji.ca/v-cars-trucks/edmonton/2020-ford-f150-xlt-midnight-edition/1738315933,Kijiji
DISABLED_MANUAL_REVIEW_REQUIRED,location_verification_required,success,warnings_present,unverified_kijiji_location,success,2026-07-21T22:30:59+00:00,unverified_search_origin_not_listing_location,disabled_due_to_unverified_location,"Carstairs, AB",,2020,Ford,F-150,lariat,3,29995,No change noted,Up $5 over 5 weeks,5,29990,29995,0,5,179894,Unknown,Gas,Unknown,N/A,Unknown,Private,,,,disabled_unverified_location,1738398536,mississauga-peel-region,unverified_url_evidence,https://www.kijiji.ca/v-cars-trucks/mississauga-peel-region/2020-ford-f-150-lariat-fx4-4x4-supercrew-cab-5-5-ft-box-145-in/1738398536,Kijiji
DISABLED_MANUAL_REVIEW_REQUIRED,location_verification_required,success,warnings_present,unverified_kijiji_location,success,2026-07-21T22:30:59+00:00,unverified_search_origin_not_listing_location,disabled_due_to_unverified_location,"Calgary, AB",,2020,Ford,F-150,lariat,3,35800,No change noted,"Down $4,195 over 5 weeks",5,39995,34900,900,-4195,161623,Unknown,Gas,Unknown,N/A,Unknown,Dealer,,,,disabled_unverified_location,1738606742,calgary,unverified_url_evidence,https://www.kijiji.ca/v-cars-trucks/calgary/2020-ford-f-150-lariat-502a-sport-tech-max-tow-sunroof/1738606742,Kijiji
DISABLED_MANUAL_REVIEW_REQUIRED,location_verification_required,success,warnings_present,unverified_kijiji_location,success,2026-07-21T22:30:59+00:00,unverified_search_origin_not_listing_location,disabled_due_to_unverified_location,"Calgary, AB",,2020,Ford,F-150,xlt,2,32500,No change noted,"Down $7,495 over 7 weeks",7,39995,32995,-495,-7495,116168,Unknown,Gas,Unknown,N/A,Unknown,Dealer,,,,disabled_unverified_location,1738659042,calgary,unverified_url_evidence,https://www.kijiji.ca/v-cars-trucks/calgary/2020-ford-f-150-xlt-302a-sport-6-5-ft-box-max-tow/1738659042,Kijiji
DISABLED_MANUAL_REVIEW_REQUIRED,location_verification_required,success,warnings_present,unverified_kijiji_location,success,2026-07-21T22:30:59+00:00,unverified_search_origin_not_listing_location,disabled_due_to_unverified_location,"Saskatoon, SK",,2020,Ford,F-150,king ranch,3,44000,No change noted,Unchanged for 8 weeks,8,44000,44000,0,0,135000,Unknown,Gas,Unknown,N/A,Unknown,Private,,,,disabled_unverified_location,1738700347,saskatoon,unverified_url_evidence,https://www.kijiji.ca/v-cars-trucks/saskatoon/2020-f150-king-ranch/1738700347,Kijiji
DISABLED_MANUAL_REVIEW_REQUIRED,location_verification_required,success,warnings_present,unverified_kijiji_location,success,2026-07-21T22:30:59+00:00,unverified_search_origin_not_listing_location,disabled_due_to_unverified_location,"Regina, SK",,2020,Ford,F-150,lariat,3,43000,No change noted,Down $913 over 6 weeks,6,43913,43745,-745,-913,91099,Unknown,Gas,No accidents reported,N/A,Unknown,Private,,,,disabled_unverified_location,1738707435,winnipeg,unverified_url_evidence,https://www.kijiji.ca/v-cars-trucks/winnipeg/2020-ford-f-150-lariat-clean-carfax-moonroof-vented-seats/1738707435,Kijiji
DISABLED_MANUAL_REVIEW_REQUIRED,location_verification_required,success,warnings_present,unverified_kijiji_location,success,2026-07-21T22:30:59+00:00,unverified_search_origin_not_listing_location,disabled_due_to_unverified_location,"Edmonton, AB",,2020,Ford,F-150,xlt,2,22889,No change noted,"Down $1,859 over 7 weeks",7,24748,22889,0,-1859,224337,Unknown,Gas,Unknown,N/A,Unknown,Dealer,,,,disabled_unverified_location,1738766200,edmonton,unverified_url_evidence,https://www.kijiji.ca/v-cars-trucks/edmonton/2020-ford-f-150-xlt/1738766200,Kijiji
DISABLED_MANUAL_REVIEW_REQUIRED,location_verification_required,success,warnings_present,unverified_kijiji_location,success,2026-07-21T22:30:59+00:00,unverified_search_origin_not_listing_location,disabled_due_to_unverified_location,"Carstairs, AB",,2020,Ford,F-150,xlt,2,31995,No change noted,"Down $1,000 over 5 weeks",5,32995,31995,0,-1000,113879,Unknown,Gas,Unknown,N/A,Unknown,Private,,,,disabled_unverified_location,1738913416,mississauga-peel-region,unverified_url_evidence,https://www.kijiji.ca/v-cars-trucks/mississauga-peel-region/2020-ford-f-150-xlt/1738913416,Kijiji
DISABLED_MANUAL_REVIEW_REQUIRED,location_verification_required,success,warnings_present,unverified_kijiji_location,success,2026-07-21T22:30:59+00:00,unverified_search_origin_not_listing_location,disabled_due_to_unverified_location,"Edmonton, AB",,2020,Ford,F-150,lariat,3,37895,No change noted,Unchanged for 6 weeks,6,37895,37895,0,0,186380,Unknown,Gas,Unknown,N/A,Unknown,Dealer,,,,disabled_unverified_location,1738989951,edmonton,unverified_url_evidence,https://www.kijiji.ca/v-cars-trucks/edmonton/2020-ford-f-150-lariat-4x4-supercrew-5-5-box/1738989951,Kijiji
DISABLED_MANUAL_REVIEW_REQUIRED,location_verification_required,success,warnings_present,unverified_kijiji_location,success,2026-07-21T22:30:59+00:00,unverified_search_origin_not_listing_location,disabled_due_to_unverified_location,"Saskatoon, SK",,2020,Ford,F-150,lariat,3,34000,No change noted,Unchanged for 6 weeks,6,34000,34000,0,0,188700,Unknown,Gas,Unknown,N/A,Unknown,Private,,,,disabled_unverified_location,1739056962,saskatoon,unverified_url_evidence,https://www.kijiji.ca/v-cars-trucks/saskatoon/truck-forsale/1739056962,Kijiji
DISABLED_MANUAL_REVIEW_REQUIRED,location_verification_required,success,warnings_present,unverified_kijiji_location,success,2026-07-21T22:30:59+00:00,unverified_search_origin_not_listing_location,disabled_due_to_unverified_location,"Calgary, AB",,2020,Ford,F-150,xlt,2,27888,No change noted,Unchanged for 5 weeks,5,27888,27888,0,0,194458,Unknown,Gas,Unknown,N/A,Unknown,Dealer,,,,disabled_unverified_location,1739066495,calgary,unverified_url_evidence,https://www.kijiji.ca/v-cars-trucks/calgary/2020-ford-f-150-xlt/1739066495,Kijiji
DISABLED_MANUAL_REVIEW_REQUIRED,location_verification_required,success,warnings_present,unverified_kijiji_location,success,2026-07-21T22:30:59+00:00,unverified_search_origin_not_listing_location,disabled_due_to_unverified_location,"Edmonton, AB",,2020,Ford,F-150,fx4,3,35000,No change noted,Unchanged for 6 weeks,6,35000,35000,0,0,119000,Unknown,Gas,Unknown,N/A,Unknown,Dealer,,,,disabled_unverified_location,1739118860,edmonton,unverified_url_evidence,https://www.kijiji.ca/v-cars-trucks/edmonton/2020-ford-f-150-xlt-supercrew-145-sport-pkg-fx4-pkg-sync-3/1739118860,Kijiji
DISABLED_MANUAL_REVIEW_REQUIRED,location_verification_required,success,warnings_present,unverified_kijiji_location,success,2026-07-21T22:30:59+00:00,unverified_search_origin_not_listing_location,disabled_due_to_unverified_location,"Regina, SK",,2020,Ford,F-150,xl,1,37498,No change noted,Unchanged for 4 weeks,4,37498,37498,0,0,39180,Unknown,Gas,Unknown,N/A,Unknown,Private,,,,disabled_unverified_location,1739410407,winnipeg,unverified_url_evidence,https://www.kijiji.ca/v-cars-trucks/winnipeg/2020-ford-f-150-xl-4wd-supercrew-5-5-box/1739410407,Kijiji
DISABLED_MANUAL_REVIEW_REQUIRED,location_verification_required,success,warnings_present,unverified_kijiji_location,success,2026-07-21T22:30:59+00:00,unverified_search_origin_not_listing_location,disabled_due_to_unverified_location,"Calgary, AB",,2020,Ford,F-150,xlt,2,25850,No change noted,"Down $2,000 over 4 weeks",4,27850,25850,0,-2000,186097,Unknown,Gas,Unknown,N/A,Unknown,Dealer,,,,disabled_unverified_location,1739429897,calgary,unverified_url_evidence,https://www.kijiji.ca/v-cars-trucks/calgary/2020-ford-f-150-xlt/1739429897,Kijiji
DISABLED_MANUAL_REVIEW_REQUIRED,location_verification_required,success,warnings_present,unverified_kijiji_location,success,2026-07-21T22:30:59+00:00,unverified_search_origin_not_listing_location,disabled_due_to_unverified_location,"Carstairs, AB",,2020,Ford,F-150,xlt,2,39810,No change noted,"Down $2,091 over 2 weeks",2,41901,40995,-1185,-2091,68218,Unknown,Gas,Unknown,N/A,Unknown,Private,,,,disabled_unverified_location,1739453190,comox-courtenay-cumberland,unverified_url_evidence,https://www.kijiji.ca/v-cars-trucks/comox-courtenay-cumberland/2020-ford-f-150-xlt/1739453190,Kijiji
DISABLED_MANUAL_REVIEW_REQUIRED,location_verification_required,success,warnings_present,unverified_kijiji_location,success,2026-07-21T22:30:59+00:00,unverified_search_origin_not_listing_location,disabled_due_to_unverified_location,"West Kelowna, BC",,2020,Ford,F-150,xlt,2,33999,No change noted,Unchanged for 3 weeks,3,33999,33999,0,0,94110,Unknown,Gas,Unknown,N/A,Unknown,Private,,,,disabled_unverified_location,1739453291,moncton,unverified_url_evidence,https://www.kijiji.ca/v-cars-trucks/moncton/2020-ford-f-150-xlt/1739453291,Kijiji
DISABLED_MANUAL_REVIEW_REQUIRED,location_verification_required,success,warnings_present,unverified_kijiji_location,success,2026-07-21T22:30:59+00:00,unverified_search_origin_not_listing_location,disabled_due_to_unverified_location,"Calgary, AB",,2020,Ford,F-150,xl,1,25977,No change noted,"Down $2,000 over 3 weeks",3,27977,25977,0,-2000,177932,Unknown,Gas,Unknown,N/A,Unknown,Dealer,,,,disabled_unverified_location,1739636464,calgary,unverified_url_evidence,https://www.kijiji.ca/v-cars-trucks/calgary/2020-ford-f-150-xl-5-0-v8-5-5-box-backup-camera/1739636464,Kijiji
DISABLED_MANUAL_REVIEW_REQUIRED,location_verification_required,success,warnings_present,unverified_kijiji_location,success,2026-07-21T22:30:59+00:00,unverified_search_origin_not_listing_location,disabled_due_to_unverified_location,"Edmonton, AB",,2020,Ford,F-150,raptor,3,49999,No change noted,Unchanged for 3 weeks,3,49999,49999,0,0,194000,Unknown,Gas,Unknown,N/A,Unknown,Dealer,,,,disabled_unverified_location,1739664869,edmonton,unverified_url_evidence,https://www.kijiji.ca/v-cars-trucks/edmonton/2020-ford-f-150-raptor-w-leather-moonroof-nav-and-much-more/1739664869,Kijiji
DISABLED_MANUAL_REVIEW_REQUIRED,location_verification_required,success,warnings_present,unverified_kijiji_location,success,2026-07-21T22:30:59+00:00,unverified_search_origin_not_listing_location,disabled_due_to_unverified_location,"Calgary, AB",,2020,Ford,F-150,raptor,3,59888,No change noted,Unchanged for 3 weeks,3,59888,59888,0,0,143988,Unknown,Gas,Unknown,N/A,Unknown,Dealer,,,,disabled_unverified_location,1739693450,calgary,unverified_url_evidence,https://www.kijiji.ca/v-cars-trucks/calgary/2020-ford-f-150-raptor/1739693450,Kijiji
DISABLED_MANUAL_REVIEW_REQUIRED,location_verification_required,success,warnings_present,unverified_kijiji_location,success,2026-07-21T22:30:59+00:00,unverified_search_origin_not_listing_location,disabled_due_to_unverified_location,"Camrose, AB",,2020,Ford,F-150,lariat,3,48000,No change noted,Unchanged for 3 weeks,3,48000,48000,0,0,68617,Unknown,Gas,Unknown,N/A,Unknown,Dealer,,,,disabled_unverified_location,1739832208,edmonton,unverified_url_evidence,https://www.kijiji.ca/v-cars-trucks/edmonton/2020-ford-f-150-lariat-supercrew-157-moonroof-heated/1739832208,Kijiji
DISABLED_MANUAL_REVIEW_REQUIRED,location_verification_required,success,warnings_present,unverified_kijiji_location,success,2026-07-21T22:30:59+00:00,unverified_search_origin_not_listing_location,disabled_due_to_unverified_location,"Camrose, AB",,2020,Ford,F-150,xlt,2,35899,No change noted,Down $100 over 3 weeks,3,35999,35999,-100,-100,91554,Unknown,Gas,Unknown,N/A,Unknown,Dealer,,,,disabled_unverified_location,1739832660,strathcona-county,unverified_url_evidence,https://www.kijiji.ca/v-cars-trucks/strathcona-county/2020-ford-f-150-xlt-sport-pkg/1739832660,Kijiji
DISABLED_MANUAL_REVIEW_REQUIRED,location_verification_required,success,warnings_present,unverified_kijiji_location,success,2026-07-21T22:30:59+00:00,unverified_search_origin_not_listing_location,disabled_due_to_unverified_location,"Calgary, AB",,2020,Ford,F-150,xlt,2,32995,No change noted,Unchanged for 2 weeks,2,32995,32995,0,0,120682,Unknown,Gas,Unknown,N/A,Unknown,Dealer,,,,disabled_unverified_location,1739967002,calgary,unverified_url_evidence,https://www.kijiji.ca/v-cars-trucks/calgary/2020-ford-f-150-xlt-302a-sport/1739967002,Kijiji
DISABLED_MANUAL_REVIEW_REQUIRED,location_verification_required,success,warnings_present,unverified_kijiji_location,success,2026-07-21T22:30:59+00:00,unverified_search_origin_not_listing_location,disabled_due_to_unverified_location,"Edmonton, AB",,2020,Ford,F-150,xlt,2,31000,No change noted,Unchanged for 2 weeks,2,31000,31000,0,0,104000,Unknown,Gas,Unknown,N/A,Unknown,Dealer,,,,disabled_unverified_location,1739968001,edmonton,unverified_url_evidence,https://www.kijiji.ca/v-cars-trucks/edmonton/2020-ford-f-150-xlt-supercrew-145-reverse-cam-keyless-entry/1739968001,Kijiji
DISABLED_MANUAL_REVIEW_REQUIRED,location_verification_required,success,warnings_present,unverified_kijiji_location,success,2026-07-21T22:30:59+00:00,unverified_search_origin_not_listing_location,disabled_due_to_unverified_location,"Calgary, AB",,2020,Ford,F-150,xlt,2,22900,No change noted,"Down $2,000 over 2 weeks",2,24900,24900,-2000,-2000,200008,Unknown,Gas,Unknown,N/A,Unknown,Private,,,,disabled_unverified_location,1739996630,calgary,unverified_url_evidence,https://www.kijiji.ca/v-cars-trucks/calgary/truck-ford-f-150-2020-supercrew-4x4/1739996630,Kijiji
DISABLED_MANUAL_REVIEW_REQUIRED,location_verification_required,success,warnings_present,unverified_kijiji_location,success,2026-07-21T22:30:59+00:00,unverified_search_origin_not_listing_location,disabled_due_to_unverified_location,"Saskatoon, SK",,2020,Ford,F-150,lariat,3,29999,No change noted,Unchanged for 3 weeks,3,29999,29999,0,0,188438,Unknown,Gas,Unknown,N/A,Unknown,Dealer,,,,disabled_unverified_location,1740014536,saskatoon,unverified_url_evidence,https://www.kijiji.ca/v-cars-trucks/saskatoon/2020-ford-f-150-lariat/1740014536,Kijiji
DISABLED_MANUAL_REVIEW_REQUIRED,location_verification_required,success,warnings_present,unverified_kijiji_location,success,2026-07-21T22:30:59+00:00,unverified_search_origin_not_listing_location,disabled_due_to_unverified_location,"Regina, SK",,2020,Ford,F-150,xlt,2,27900,No change noted,Unchanged for 2 weeks,2,27900,27900,0,0,192888,Unknown,Gas,Unknown,N/A,Unknown,Private,,,,disabled_unverified_location,1740058873,winnipeg,unverified_url_evidence,https://www.kijiji.ca/v-cars-trucks/winnipeg/2020-ford-f-150-xlt-4wd-supercrew-5-5-bo/1740058873,Kijiji
DISABLED_MANUAL_REVIEW_REQUIRED,location_verification_required,success,warnings_present,unverified_kijiji_location,success,2026-07-21T22:30:59+00:00,unverified_search_origin_not_listing_location,disabled_due_to_unverified_location,"Calgary, AB",,2020,Ford,F-150,fx4,3,36900,No change noted,"Down $3,000 over 2 weeks",2,39900,36900,0,-3000,79251,5.0L,Gas,No accidents reported,N/A,Unknown,Dealer,,,,disabled_unverified_location,1740103716,calgary,unverified_url_evidence,https://www.kijiji.ca/v-cars-trucks/calgary/2020-ford-f-150-xlt-302a-sport-5-0l-longbox-fx4-no/1740103716,Kijiji
DISABLED_MANUAL_REVIEW_REQUIRED,location_verification_required,success,warnings_present,unverified_kijiji_location,success,2026-07-21T22:30:59+00:00,unverified_search_origin_not_listing_location,disabled_due_to_unverified_location,"Edmonton, AB",,2020,Ford,F-150,xlt,2,34447,No change noted,Unchanged for 1 weeks,1,34447,34447,0,0,115534,Unknown,Gas,Unknown,N/A,Unknown,Dealer,,,,disabled_unverified_location,1740241682,edmonton,unverified_url_evidence,https://www.kijiji.ca/v-cars-trucks/edmonton/2020-ford-f-150-xlt/1740241682,Kijiji
DISABLED_MANUAL_REVIEW_REQUIRED,location_verification_required,success,warnings_present,unverified_kijiji_location,success,2026-07-21T22:30:59+00:00,unverified_search_origin_not_listing_location,disabled_due_to_unverified_location,"Edmonton, AB",,2020,Ford,F-150,limited,3,22000,No change noted,Unchanged for 1 weeks,1,22000,22000,0,0,237777,Unknown,Gas,Unknown,N/A,Unknown,Private,,,,disabled_unverified_location,1740261873,edmonton,unverified_url_evidence,https://www.kijiji.ca/v-cars-trucks/edmonton/2020-ford-f150-lariat/1740261873,Kijiji
DISABLED_MANUAL_REVIEW_REQUIRED,location_verification_required,success,warnings_present,unverified_kijiji_location,success,2026-07-21T22:30:59+00:00,unverified_search_origin_not_listing_location,disabled_due_to_unverified_location,"Calgary, AB",,2020,Ford,F-150,lariat,3,29000,No change noted,"Down $4,000 over 1 weeks",1,33000,33000,-4000,-4000,140097,Unknown,Gas,Unknown,N/A,Unknown,Dealer,,,,disabled_unverified_location,1740282673,calgary,unverified_url_evidence,https://www.kijiji.ca/v-cars-trucks/calgary/2020-ford-f-150-lariat/1740282673,Kijiji
DISABLED_MANUAL_REVIEW_REQUIRED,location_verification_required,success,warnings_present,unverified_kijiji_location,success,2026-07-21T22:30:59+00:00,unverified_search_origin_not_listing_location,disabled_due_to_unverified_location,"Saskatoon, SK",,2020,Ford,F-150,xlt,2,28995,No change noted,Unchanged for 2 weeks,2,28995,28995,0,0,170071,3.5L,Gas,Unknown,N/A,Unknown,Private,,,,disabled_unverified_location,1740289955,saskatoon,unverified_url_evidence,https://www.kijiji.ca/v-cars-trucks/saskatoon/2020-ford-f-150-xlt-crew-cab-3-5l-v6-command-start-power-loc/1740289955,Kijiji
DISABLED_MANUAL_REVIEW_REQUIRED,location_verification_required,success,warnings_present,unverified_kijiji_location,success,2026-07-21T22:30:59+00:00,unverified_search_origin_not_listing_location,disabled_due_to_unverified_location,"Edmonton, AB",,2020,Ford,F-150,xlt,2,29750,No change noted,Unchanged for 1 weeks,1,29750,29750,0,0,168929,5.0L,Gas,No accidents reported,N/A,Unknown,Dealer,,,,disabled_unverified_location,1740301600,edmonton,unverified_url_evidence,https://www.kijiji.ca/v-cars-trucks/edmonton/2020-ford-f-150-xlt-5-0l-v8-supercrew-4x4-no-accidents/1740301600,Kijiji
DISABLED_MANUAL_REVIEW_REQUIRED,location_verification_required,success,warnings_present,unverified_kijiji_location,success,2026-07-21T22:30:59+00:00,unverified_search_origin_not_listing_location,disabled_due_to_unverified_location,"Edmonton, AB",,2020,Ford,F-150,lariat,3,44805,No change noted,Unchanged for 1 weeks,1,44805,44805,0,0,112326,Unknown,Gas,Unknown,N/A,Unknown,Dealer,,,,disabled_unverified_location,1740375700,edmonton,unverified_url_evidence,https://www.kijiji.ca/v-cars-trucks/edmonton/2020-ford-f-150-lariat-leather-seats-cooled-seats/1740375700,Kijiji
DISABLED_MANUAL_REVIEW_REQUIRED,location_verification_required,success,warnings_present,unverified_kijiji_location,success,2026-07-21T22:30:59+00:00,unverified_search_origin_not_listing_location,disabled_due_to_unverified_location,"Edmonton, AB",,2020,Ford,F-150,xlt,2,31999,No change noted,Unchanged for 1 weeks,1,31999,31999,0,0,94645,Unknown,Gas,Unknown,N/A,Unknown,Dealer,,,,disabled_unverified_location,1740375883,edmonton,unverified_url_evidence,https://www.kijiji.ca/v-cars-trucks/edmonton/2020-ford-f-150-xlt/1740375883,Kijiji
DISABLED_MANUAL_REVIEW_REQUIRED,location_verification_required,success,warnings_present,unverified_kijiji_location,success,2026-07-21T22:30:59+00:00,unverified_search_origin_not_listing_location,disabled_due_to_unverified_location,"Saskatoon, SK",,2020,Ford,F-150,xlt,2,14995,No change noted,"Down $1,000 over 2 weeks",2,15995,14995,0,-1000,292554,Unknown,Gas,Unknown,N/A,Unknown,Private,,,,disabled_unverified_location,1740377382,saskatoon,unverified_url_evidence,https://www.kijiji.ca/v-cars-trucks/saskatoon/2020-ford-f-150-xlt-supercrew-6-5-ft-bed-4wd/1740377382,Kijiji
DISABLED_MANUAL_REVIEW_REQUIRED,location_verification_required,success,warnings_present,unverified_kijiji_location,success,2026-07-21T22:30:59+00:00,unverified_search_origin_not_listing_location,disabled_due_to_unverified_location,"Brooks, AB",,2020,Ford,F-150,Unknown,1,24900,No change noted,"Down $2,900 over 1 weeks",1,27800,27800,-2900,-2900,141000,Unknown,Gas,Unknown,N/A,Unknown,Private,,,,disabled_unverified_location,1740414354,grande-prairie,unverified_url_evidence,https://www.kijiji.ca/v-cars-trucks/grande-prairie/2020-ford-f150-supercab/1740414354,Kijiji
DISABLED_MANUAL_REVIEW_REQUIRED,location_verification_required,success,warnings_present,unverified_kijiji_location,success,2026-07-21T22:30:59+00:00,unverified_search_origin_not_listing_location,disabled_due_to_unverified_location,"Calgary, AB",,2020,Ford,F-150,lariat,3,24988,No change noted,First seen this week,0,24988,24988,0,0,223186,Unknown,Gas,Unknown,N/A,Unknown,Dealer,,,,disabled_unverified_location,1740419248,calgary,unverified_url_evidence,https://www.kijiji.ca/v-cars-trucks/calgary/2020-ford-f-150-lariat-4wd-supercrew-5-5-box/1740419248,Kijiji
DISABLED_MANUAL_REVIEW_REQUIRED,location_verification_required,success,warnings_present,unverified_kijiji_location,success,2026-07-21T22:30:59+00:00,unverified_search_origin_not_listing_location,disabled_due_to_unverified_location,"Carstairs, AB",,2020,Ford,F-150,Unknown,1,26500,No change noted,Unchanged for 1 weeks,1,26500,26500,0,0,36800,Unknown,Gas,Unknown,N/A,Unknown,Private,,,,disabled_unverified_location,1740459346,ottawa,unverified_url_evidence,https://www.kijiji.ca/v-cars-trucks/ottawa/ford-f-150/1740459346,Kijiji
DISABLED_MANUAL_REVIEW_REQUIRED,location_verification_required,success,warnings_present,unverified_kijiji_location,success,2026-07-21T22:30:59+00:00,unverified_search_origin_not_listing_location,disabled_due_to_unverified_location,"Regina, SK",,2020,Ford,F-150,xlt,2,32000,No change noted,First seen this week,0,32000,32000,0,0,134000,Unknown,Gas,Unknown,N/A,Unknown,Private,,,,disabled_unverified_location,1740537701,winnipeg,unverified_url_evidence,https://www.kijiji.ca/v-cars-trucks/winnipeg/2020-f150-xlt-fx4-with-sunroof/1740537701,Kijiji
DISABLED_MANUAL_REVIEW_REQUIRED,location_verification_required,success,warnings_present,unverified_kijiji_location,success,2026-07-21T22:30:59+00:00,unverified_search_origin_not_listing_location,disabled_due_to_unverified_location,"Edmonton, AB",,2020,Ford,F-150,xlt,2,35895,No change noted,First seen this week,0,35895,35895,0,0,90561,Unknown,Gas,Unknown,N/A,Unknown,Dealer,,,,disabled_unverified_location,1740563123,edmonton,unverified_url_evidence,https://www.kijiji.ca/v-cars-trucks/edmonton/2020-ford-f-150-xlt-4x4-supercrew-5-5-box/1740563123,Kijiji
DISABLED_MANUAL_REVIEW_REQUIRED,location_verification_required,success,warnings_present,unverified_kijiji_location,success,2026-07-21T22:30:59+00:00,unverified_search_origin_not_listing_location,disabled_due_to_unverified_location,"Camrose, AB",,2020,Ford,F-150,xlt,2,26999,No change noted,First seen this week,0,26999,26999,0,0,119620,Unknown,Gas,Unknown,N/A,Unknown,Dealer,,,,disabled_unverified_location,1740564107,strathcona-county,unverified_url_evidence,https://www.kijiji.ca/v-cars-trucks/strathcona-county/2020-ford-f-150-xlt-class-iv-trailer-hitch/1740564107,Kijiji
DISABLED_MANUAL_REVIEW_REQUIRED,location_verification_required,success,warnings_present,unverified_kijiji_location,success,2026-07-21T22:30:59+00:00,unverified_search_origin_not_listing_location,disabled_due_to_unverified_location,"Calgary, AB",,2020,Ford,F-150,xlt,2,39904,No change noted,First seen this week,0,39904,39904,0,0,79938,Unknown,Gas,No accidents reported,N/A,Unknown,Dealer,,,,disabled_unverified_location,1740564393,calgary,unverified_url_evidence,https://www.kijiji.ca/v-cars-trucks/calgary/2020-ford-f-150-4x4-super-cab-xlt-longbox-bcam/1740564393,Kijiji
DISABLED_MANUAL_REVIEW_REQUIRED,location_verification_required,success,warnings_present,unverified_kijiji_location,success,2026-07-21T22:30:59+00:00,unverified_search_origin_not_listing_location,disabled_due_to_unverified_location,"Calgary, AB",,2020,Ford,F-150,xlt,2,20900,No change noted,First seen this week,0,20900,20900,0,0,223000,Unknown,Gas,Unknown,N/A,Unknown,Private,,,,disabled_unverified_location,1740577732,calgary,unverified_url_evidence,https://www.kijiji.ca/v-cars-trucks/calgary/2020-ford-f-150/1740577732,Kijiji
DISABLED_MANUAL_REVIEW_REQUIRED,location_verification_required,success,warnings_present,unverified_kijiji_location,success,2026-07-21T22:30:59+00:00,unverified_search_origin_not_listing_location,disabled_due_to_unverified_location,"Saskatoon, SK",,2020,Ford,F-150,xlt,2,28997,No change noted,Unchanged for 1 weeks,1,28997,28997,0,0,118821,Unknown,Gas,Unknown,N/A,Unknown,Private,,,,disabled_unverified_location,1740611261,saskatoon,unverified_url_evidence,https://www.kijiji.ca/v-cars-trucks/saskatoon/2020-ford-f-150-xlt/1740611261,Kijiji
DISABLED_MANUAL_REVIEW_REQUIRED,location_verification_required,success,warnings_present,unverified_kijiji_location,success,2026-07-21T22:30:59+00:00,unverified_search_origin_not_listing_location,disabled_due_to_unverified_location,"Edmonton, AB",,2020,Ford,F-150,raptor,3,57500,No change noted,First seen this week,0,57500,57500,0,0,132247,Unknown,Gas,Unknown,N/A,Unknown,Dealer,,,,disabled_unverified_location,1740649698,edmonton,unverified_url_evidence,https://www.kijiji.ca/v-cars-trucks/edmonton/2020-ford-f-150-raptor-801a-4x4-supercrew-145/1740649698,Kijiji
DISABLED_MANUAL_REVIEW_REQUIRED,location_verification_required,success,warnings_present,unverified_kijiji_location,success,2026-07-21T22:30:59+00:00,unverified_search_origin_not_listing_location,disabled_due_to_unverified_location,"Edmonton, AB",,2020,Ford,F-150,lariat,3,45895,No change noted,First seen this week,0,45895,45895,0,0,81836,Unknown,Gas,Unknown,N/A,Unknown,Dealer,,,,disabled_unverified_location,1740650121,edmonton,unverified_url_evidence,https://www.kijiji.ca/v-cars-trucks/edmonton/2020-ford-f-150-lariat-4x4-supercrew-5-5-box/1740650121,Kijiji
DISABLED_MANUAL_REVIEW_REQUIRED,location_verification_required,success,warnings_present,unverified_kijiji_location,success,2026-07-21T22:30:59+00:00,unverified_search_origin_not_listing_location,disabled_due_to_unverified_location,"Carstairs, AB",,2020,Ford,F-150,Unknown,1,20900,No change noted,First seen this week,0,20900,20900,0,0,174000,Unknown,Gas,Unknown,N/A,Unknown,Private,,,,disabled_unverified_location,1740650563,laval-rive-nord,unverified_url_evidence,https://www.kijiji.ca/v-cars-trucks/laval-rive-nord/ford-f-150-4wd-supercab-8-box-2020-financement-facile-rapide-3/1740650563,Kijiji
DISABLED_MANUAL_REVIEW_REQUIRED,location_verification_required,success,warnings_present,unverified_kijiji_location,success,2026-07-21T22:30:59+00:00,unverified_search_origin_not_listing_location,disabled_due_to_unverified_location,"Calgary, AB",,2020,Ford,F-150,xlt,2,21000,No change noted,First seen this week,0,21000,21000,0,0,177804,Unknown,Gas,Unknown,N/A,Unknown,Dealer,,,,disabled_unverified_location,1740744137,calgary,unverified_url_evidence,https://www.kijiji.ca/v-cars-trucks/calgary/2020-ford-f-150-xlt/1740744137,Kijiji
DISABLED_MANUAL_REVIEW_REQUIRED,location_verification_required,success,warnings_present,unverified_kijiji_location,success,2026-07-21T22:30:59+00:00,unverified_search_origin_not_listing_location,disabled_due_to_unverified_location,"Olds, AB",,2020,Ford,F-150,platinum,3,39643,No change noted,Unchanged for 1 weeks,1,39643,39643,0,0,158136,Unknown,Gas,Unknown,N/A,Unknown,Dealer,,,,disabled_unverified_location,1740751757,medicine-hat,unverified_url_evidence,https://www.kijiji.ca/v-cars-trucks/medicine-hat/2020-ford-f-150-platinum/1740751757,Kijiji
DISABLED_MANUAL_REVIEW_REQUIRED,location_verification_required,success,warnings_present,unverified_kijiji_location,success,2026-07-21T22:30:59+00:00,unverified_search_origin_not_listing_location,disabled_due_to_unverified_location,"Edmonton, AB",,2020,Ford,F-150,xl,1,31995,No change noted,First seen this week,0,31995,31995,0,0,50428,Unknown,Gas,Unknown,N/A,Unknown,Dealer,,,,disabled_unverified_location,1740798726,edmonton,unverified_url_evidence,https://www.kijiji.ca/v-cars-trucks/edmonton/2020-ford-f-150-xl/1740798726,Kijiji
DISABLED_MANUAL_REVIEW_REQUIRED,location_verification_required,success,warnings_present,unverified_kijiji_location,success,2026-07-21T22:30:59+00:00,unverified_search_origin_not_listing_location,disabled_due_to_unverified_location,"Calgary, AB",,2020,Ford,F-150,xlt,2,26000,No change noted,First seen this week,0,26000,26000,0,0,164000,Unknown,Gas,No accidents reported,N/A,Unknown,Private,,,,disabled_unverified_location,1740807056,calgary,unverified_url_evidence,https://www.kijiji.ca/v-cars-trucks/calgary/2020-fod-f-150-in-excellent-condition/1740807056,Kijiji
DISABLED_MANUAL_REVIEW_REQUIRED,location_verification_required,success,warnings_present,unverified_kijiji_location,success,2026-07-21T22:30:59+00:00,unverified_search_origin_not_listing_location,disabled_due_to_unverified_location,"Saskatoon, SK",,2020,Ford,F-150,lariat,3,33000,No change noted,Unchanged for 1 weeks,1,33000,33000,0,0,87000,Unknown,Gas,Unknown,N/A,Unknown,Private,,,,disabled_unverified_location,1740835180,saskatoon,unverified_url_evidence,https://www.kijiji.ca/v-cars-trucks/saskatoon/2020-ford-f150-lariat/1740835180,Kijiji
DISABLED_MANUAL_REVIEW_REQUIRED,location_verification_required,success,warnings_present,unverified_kijiji_location,success,2026-07-21T22:30:59+00:00,unverified_search_origin_not_listing_location,disabled_due_to_unverified_location,"Calgary, AB",,2020,Ford,F-150,lariat,3,38795,No change noted,First seen this week,0,38795,38795,0,0,132000,Unknown,Gas,Unknown,N/A,Unknown,Dealer,,,,disabled_unverified_location,1740841550,calgary,unverified_url_evidence,https://www.kijiji.ca/v-cars-trucks/calgary/2020-ford-f-150-lariat-leather-seats-cooled-seats-296-b-w/1740841550,Kijiji
DISABLED_MANUAL_REVIEW_REQUIRED,location_verification_required,success,warnings_present,unverified_kijiji_location,success,2026-07-21T22:30:59+00:00,unverified_search_origin_not_listing_location,disabled_due_to_unverified_location,"Calgary, AB",,2020,Ford,F-150,xl,1,47999,No change noted,First seen this week,0,47999,47999,0,0,181522,Unknown,Gas,Unknown,N/A,Unknown,Dealer,,,,disabled_unverified_location,1740885742,calgary,unverified_url_evidence,https://www.kijiji.ca/v-cars-trucks/calgary/2020-ford-f-150-xl-4wd-supercrew-5-5-box/1740885742,Kijiji
DISABLED_MANUAL_REVIEW_REQUIRED,location_verification_required,success,warnings_present,unverified_kijiji_location,success,2026-07-21T22:30:59+00:00,unverified_search_origin_not_listing_location,disabled_due_to_unverified_location,"Regina, SK",,2020,Ford,F-150,xlt,2,34800,No change noted,First seen this week,0,34800,34800,0,0,175000,Unknown,Gas,Unknown,N/A,Unknown,Dealer,,,,disabled_unverified_location,1740915933,winnipeg,unverified_url_evidence,https://www.kijiji.ca/v-cars-trucks/winnipeg/2020-ford-f-150-xlt-4wd-supercrew-sport-pano-roof-htd-seats/1740915933,Kijiji
DISABLED_MANUAL_REVIEW_REQUIRED,location_verification_required,success,warnings_present,unverified_kijiji_location,success,2026-07-21T22:30:59+00:00,unverified_search_origin_not_listing_location,disabled_due_to_unverified_location,"Prince Albert, SK",,2021,Ford,F-150,xlt,2,32500,No change noted,"Down $1,000 over 8 weeks",8,33500,32500,0,-1000,141217,Unknown,Gas,Unknown,N/A,Unknown,Private,,,,disabled_unverified_location,1722508394,owen-sound,unverified_url_evidence,https://www.kijiji.ca/v-cars-trucks/owen-sound/ford-truck-xlt-xtr-4x4-2021/1722508394,Kijiji
DISABLED_MANUAL_REVIEW_REQUIRED,location_verification_required,success,warnings_present,unverified_kijiji_location,success,2026-07-21T22:30:59+00:00,unverified_search_origin_not_listing_location,disabled_due_to_unverified_location,"Saskatoon, SK",,2021,Ford,F-150,xl,1,37995,No change noted,Unchanged for 11 weeks,11,37995,37995,0,0,113400,Unknown,Gas,Unknown,N/A,Unknown,Private,,,,disabled_unverified_location,1724398250,saskatoon,unverified_url_evidence,https://www.kijiji.ca/v-cars-trucks/saskatoon/2021-ford-f-150-xl/1724398250,Kijiji
DISABLED_MANUAL_REVIEW_REQUIRED,location_verification_required,success,warnings_present,unverified_kijiji_location,success,2026-07-21T22:30:59+00:00,unverified_search_origin_not_listing_location,disabled_due_to_unverified_location,"Saskatoon, SK",,2021,Ford,F-150,lariat,3,40651,No change noted,"Down $2,000 over 11 weeks",11,42651,40651,0,-2000,144195,Unknown,Gas,Unknown,N/A,Unknown,Private,,,,disabled_unverified_location,1724450716,saskatoon,unverified_url_evidence,https://www.kijiji.ca/v-cars-trucks/saskatoon/2021-ford-f-150-lariat/1724450716,Kijiji
DISABLED_MANUAL_REVIEW_REQUIRED,location_verification_required,success,warnings_present,unverified_kijiji_location,success,2026-07-21T22:30:59+00:00,unverified_search_origin_not_listing_location,disabled_due_to_unverified_location,"Calgary, AB",,2021,Ford,F-150,xlt,2,28990,No change noted,"Down $1,000 over 10 weeks",10,29990,28990,0,-1000,153409,Unknown,Gas,Unknown,N/A,Unknown,Dealer,,,,disabled_unverified_location,1724494795,calgary,unverified_url_evidence,https://www.kijiji.ca/v-cars-trucks/calgary/2021-ford-f-150-xlt-no-fees/1724494795,Kijiji
DISABLED_MANUAL_REVIEW_REQUIRED,location_verification_required,success,warnings_present,unverified_kijiji_location,success,2026-07-21T22:30:59+00:00,unverified_search_origin_not_listing_location,disabled_due_to_unverified_location,"Calgary, AB",,2021,Ford,F-150,xlt,2,28990,No change noted,"Down $3,000 over 10 weeks",10,31990,28990,0,-3000,147618,Unknown,Gas,Unknown,N/A,Unknown,Dealer,,,,disabled_unverified_location,1724494820,calgary,unverified_url_evidence,https://www.kijiji.ca/v-cars-trucks/calgary/2021-ford-f-150-xlt-no-fees/1724494820,Kijiji
DISABLED_MANUAL_REVIEW_REQUIRED,location_verification_required,success,warnings_present,unverified_kijiji_location,success,2026-07-21T22:30:59+00:00,unverified_search_origin_not_listing_location,disabled_due_to_unverified_location,"Calgary, AB",,2021,Ford,F-150,xlt,2,31990,No change noted,Unchanged for 10 weeks,10,31990,31990,0,0,124113,Unknown,Gas,Unknown,N/A,Unknown,Dealer,,,,disabled_unverified_location,1726035633,calgary,unverified_url_evidence,https://www.kijiji.ca/v-cars-trucks/calgary/2021-ford-f-150-xlt-no-fees/1726035633,Kijiji
DISABLED_MANUAL_REVIEW_REQUIRED,location_verification_required,success,warnings_present,unverified_kijiji_location,success,2026-07-21T22:30:59+00:00,unverified_search_origin_not_listing_location,disabled_due_to_unverified_location,"Calgary, AB",,2021,Ford,F-150,xlt,2,36980,No change noted,Unchanged for 9 weeks,9,36980,36980,0,0,154031,Unknown,Gas,Unknown,N/A,Unknown,Dealer,,,,disabled_unverified_location,1726278888,calgary,unverified_url_evidence,https://www.kijiji.ca/v-cars-trucks/calgary/2021-ford-f-150-xlt/1726278888,Kijiji
DISABLED_MANUAL_REVIEW_REQUIRED,location_verification_required,success,warnings_present,unverified_kijiji_location,success,2026-07-21T22:30:59+00:00,unverified_search_origin_not_listing_location,disabled_due_to_unverified_location,"Edmonton, AB",,2021,Ford,F-150,xlt,2,25999,No change noted,"Up $2,000 over 10 weeks",10,23999,25999,0,2000,216258,2.7L,Gas,Unknown,N/A,Unknown,Dealer,,,,disabled_unverified_location,1728170912,edmonton,unverified_url_evidence,https://www.kijiji.ca/v-cars-trucks/edmonton/2021-ford-f-150-xlt-supercrew-4wd-2-7l/1728170912,Kijiji
DISABLED_MANUAL_REVIEW_REQUIRED,location_verification_required,success,warnings_present,unverified_kijiji_location,success,2026-07-21T22:30:59+00:00,unverified_search_origin_not_listing_location,disabled_due_to_unverified_location,"Regina, SK",,2021,Ford,F-150,xlt,2,26995,No change noted,"Down $3,000 over 10 weeks",10,29995,26995,0,-3000,180131,Unknown,Gas,No accidents reported,N/A,Unknown,Private,,,,disabled_unverified_location,1728584558,winnipeg,unverified_url_evidence,https://www.kijiji.ca/v-cars-trucks/winnipeg/2021-ford-f-150-xlt-supercrew-5-5ft-box-4x4/1728584558,Kijiji
DISABLED_MANUAL_REVIEW_REQUIRED,location_verification_required,success,warnings_present,unverified_kijiji_location,success,2026-07-21T22:30:59+00:00,unverified_search_origin_not_listing_location,disabled_due_to_unverified_location,"Saskatoon, SK",,2021,Ford,F-150,xlt,2,33999,No change noted,Unchanged for 11 weeks,11,33999,33999,0,0,147861,Unknown,Gas,Unknown,N/A,Unknown,Private,,,,disabled_unverified_location,1731241083,saskatoon,unverified_url_evidence,https://www.kijiji.ca/v-cars-trucks/saskatoon/2021-ford-f-150-xlt-4x4-supercrew-styleside-6-5-ft-box-145-in/1731241083,Kijiji
DISABLED_MANUAL_REVIEW_REQUIRED,location_verification_required,success,warnings_present,unverified_kijiji_location,success,2026-07-21T22:30:59+00:00,unverified_search_origin_not_listing_location,disabled_due_to_unverified_location,"Saskatoon, SK",,2021,Ford,F-150,platinum,3,48694,No change noted,Unchanged for 11 weeks,11,48694,48694,0,0,124124,Unknown,Gas,Unknown,N/A,Unknown,Private,,,,disabled_unverified_location,1731383056,saskatoon,unverified_url_evidence,https://www.kijiji.ca/v-cars-trucks/saskatoon/2021-ford-f-150-platinum-leather-seats-cooled-seats/1731383056,Kijiji
DISABLED_MANUAL_REVIEW_REQUIRED,location_verification_required,success,warnings_present,unverified_kijiji_location,success,2026-07-21T22:30:59+00:00,unverified_search_origin_not_listing_location,disabled_due_to_unverified_location,"Regina, SK",,2021,Ford,F-150,platinum,3,59995,No change noted,Unchanged for 10 weeks,10,59995,59995,0,0,66109,Unknown,Gas,Unknown,N/A,Unknown,Private,,,,disabled_unverified_location,1731851248,winnipeg,unverified_url_evidence,https://www.kijiji.ca/v-cars-trucks/winnipeg/2021-ford-f-150-platinum-4wd-supercrew-5-5-box/1731851248,Kijiji
DISABLED_MANUAL_REVIEW_REQUIRED,location_verification_required,success,warnings_present,unverified_kijiji_location,success,2026-07-21T22:30:59+00:00,unverified_search_origin_not_listing_location,disabled_due_to_unverified_location,"Saskatoon, SK",,2021,Ford,F-150,Unknown,1,29995,No change noted,Unchanged for 11 weeks,11,29995,29995,0,0,170427,5.0L,Gas,Unknown,N/A,Unknown,Private,,,,disabled_unverified_location,1733994536,saskatoon,unverified_url_evidence,https://www.kijiji.ca/v-cars-trucks/saskatoon/2021-ford-f-150-xlt-supercrew-5-5-ft-bed-4wd/1733994536,Kijiji
DISABLED_MANUAL_REVIEW_REQUIRED,location_verification_required,success,warnings_present,unverified_kijiji_location,success,2026-07-21T22:30:59+00:00,unverified_search_origin_not_listing_location,disabled_due_to_unverified_location,"Calgary, AB",,2021,Ford,F-150,xlt,2,31500,No change noted,Unchanged for 10 weeks,10,31500,31500,0,0,135046,Unknown,Gas,Unknown,N/A,Unknown,Dealer,,,,disabled_unverified_location,1734015134,calgary,unverified_url_evidence,https://www.kijiji.ca/v-cars-trucks/calgary/2021-ford-f-150-xlt/1734015134,Kijiji
DISABLED_MANUAL_REVIEW_REQUIRED,location_verification_required,success,warnings_present,unverified_kijiji_location,success,2026-07-21T22:30:59+00:00,unverified_search_origin_not_listing_location,disabled_due_to_unverified_location,"Regina, SK",,2021,Ford,F-150,xlt,2,28500,No change noted,"Down $2,000 over 10 weeks",10,30500,29000,-500,-2000,149768,Unknown,Gas,Unknown,N/A,Unknown,Private,,,,disabled_unverified_location,1734109284,winnipeg,unverified_url_evidence,https://www.kijiji.ca/v-cars-trucks/winnipeg/2021-ford-f-150-xlt-4wd-backup-cam-trailer-hitch-remote-star/1734109284,Kijiji
DISABLED_MANUAL_REVIEW_REQUIRED,location_verification_required,success,warnings_present,unverified_kijiji_location,success,2026-07-21T22:30:59+00:00,unverified_search_origin_not_listing_location,disabled_due_to_unverified_location,"Edmonton, AB",,2021,Ford,F-150,xlt,2,28555,No change noted,"Down $1,222 over 10 weeks",10,29777,28555,0,-1222,155626,Unknown,Gas,Unknown,N/A,Unknown,Dealer,,,,disabled_unverified_location,1735001156,edmonton,unverified_url_evidence,https://www.kijiji.ca/v-cars-trucks/edmonton/2021-ford-f-150-xlt-w-xtr-pkg/1735001156,Kijiji
DISABLED_MANUAL_REVIEW_REQUIRED,location_verification_required,success,warnings_present,unverified_kijiji_location,success,2026-07-21T22:30:59+00:00,unverified_search_origin_not_listing_location,disabled_due_to_unverified_location,"Saskatoon, SK",,2021,Ford,F-150,king ranch,3,51399,No change noted,Down $300 over 11 weeks,11,51699,51399,0,-300,123000,Unknown,Gas,Unknown,N/A,Unknown,Dealer,,,,disabled_unverified_location,1735404932,saskatoon,unverified_url_evidence,https://www.kijiji.ca/v-cars-trucks/saskatoon/ford-f-150-king-ranch-2021/1735404932,Kijiji
DISABLED_MANUAL_REVIEW_REQUIRED,location_verification_required,success,warnings_present,unverified_kijiji_location,success,2026-07-21T22:30:59+00:00,unverified_search_origin_not_listing_location,disabled_due_to_unverified_location,"Moose Jaw, SK",,2021,Ford,F-150,xlt,2,40298,No change noted,"Down $1,697 over 10 weeks",10,41995,40298,0,-1697,56014,Unknown,Gas,Unknown,N/A,Unknown,Private,,,,disabled_unverified_location,1735456630,ottawa,unverified_url_evidence,https://www.kijiji.ca/v-cars-trucks/ottawa/2021-ford-f-150/1735456630,Kijiji
DISABLED_MANUAL_REVIEW_REQUIRED,location_verification_required,success,warnings_present,unverified_kijiji_location,success,2026-07-21T22:30:59+00:00,unverified_search_origin_not_listing_location,disabled_due_to_unverified_location,"Regina, SK",,2021,Ford,F-150,xlt,2,27995,No change noted,"Down $4,000 over 9 weeks",9,31995,27995,0,-4000,226456,Unknown,Gas,No accidents reported,N/A,Unknown,Private,,,,disabled_unverified_location,1735749586,winnipeg,unverified_url_evidence,https://www.kijiji.ca/v-cars-trucks/winnipeg/2021-ford-f-150-xlt-ext-cab-6-5ft-box-w-service-cap-4x4/1735749586,Kijiji
DISABLED_MANUAL_REVIEW_REQUIRED,location_verification_required,success,warnings_present,unverified_kijiji_location,success,2026-07-21T22:30:59+00:00,unverified_search_origin_not_listing_location,disabled_due_to_unverified_location,"Calgary, AB",,2021,Ford,F-150,xlt,2,42888,No change noted,Unchanged for 10 weeks,10,42888,42888,0,0,152140,Unknown,Gas,Unknown,N/A,Unknown,Dealer,,,,disabled_unverified_location,1735801851,calgary,unverified_url_evidence,https://www.kijiji.ca/v-cars-trucks/calgary/2021-ford-f-150-xlt/1735801851,Kijiji
DISABLED_MANUAL_REVIEW_REQUIRED,location_verification_required,success,warnings_present,unverified_kijiji_location,success,2026-07-21T22:30:59+00:00,unverified_search_origin_not_listing_location,disabled_due_to_unverified_location,"Edmonton, AB",,2021,Ford,F-150,xlt,2,34900,No change noted,Unchanged for 10 weeks,10,34900,34900,0,0,165841,5.0L,Gas,Unknown,N/A,Unknown,Dealer,,,,disabled_unverified_location,1736015462,edmonton,unverified_url_evidence,https://www.kijiji.ca/v-cars-trucks/edmonton/2021-ford-f-150-xlt-5-0l-v8-gas-engine-4x4-capability-crew/1736015462,Kijiji
DISABLED_MANUAL_REVIEW_REQUIRED,location_verification_required,success,warnings_present,unverified_kijiji_location,success,2026-07-21T22:30:59+00:00,unverified_search_origin_not_listing_location,disabled_due_to_unverified_location,"Calgary, AB",,2021,Ford,F-150,xlt,2,30990,No change noted,Unchanged for 9 weeks,9,30990,30990,0,0,132008,Unknown,Gas,Unknown,N/A,Unknown,Dealer,,,,disabled_unverified_location,1736282831,calgary,unverified_url_evidence,https://www.kijiji.ca/v-cars-trucks/calgary/2021-ford-f-150-xlt-4wd-supercrew-5-5-box/1736282831,Kijiji
DISABLED_MANUAL_REVIEW_REQUIRED,location_verification_required,success,warnings_present,unverified_kijiji_location,success,2026-07-21T22:30:59+00:00,unverified_search_origin_not_listing_location,disabled_due_to_unverified_location,"Carstairs, AB",,2021,Ford,F-150,lariat,3,34998,No change noted,"Down $1,997 over 10 weeks",10,36995,35499,-501,-1997,161049,Unknown,Gas,Unknown,N/A,Unknown,Private,,,,disabled_unverified_location,1736332770,ottawa,unverified_url_evidence,https://www.kijiji.ca/v-cars-trucks/ottawa/2021-ford-f-150/1736332770,Kijiji
DISABLED_MANUAL_REVIEW_REQUIRED,location_verification_required,success,warnings_present,unverified_kijiji_location,success,2026-07-21T22:30:59+00:00,unverified_search_origin_not_listing_location,disabled_due_to_unverified_location,"Saskatoon, SK",,2021,Ford,F-150,lariat,3,46699,No change noted,Down $300 over 11 weeks,11,46999,46699,0,-300,94000,Unknown,Gas,Unknown,N/A,Unknown,Dealer,,,,disabled_unverified_location,1736765520,saskatoon,unverified_url_evidence,https://www.kijiji.ca/v-cars-trucks/saskatoon/ford-f-150-lariat-2021/1736765520,Kijiji
DISABLED_MANUAL_REVIEW_REQUIRED,location_verification_required,success,warnings_present,unverified_kijiji_location,success,2026-07-21T22:30:59+00:00,unverified_search_origin_not_listing_location,disabled_due_to_unverified_location,"Olds, AB",,2021,Ford,F-150,lariat,3,41995,No change noted,"Down $1,709 over 11 weeks",11,43704,41995,0,-1709,83215,Unknown,Gas,Unknown,N/A,Unknown,Dealer,,,,disabled_unverified_location,1736862357,medicine-hat,unverified_url_evidence,https://www.kijiji.ca/v-cars-trucks/medicine-hat/2021-ford-f-150-lariat/1736862357,Kijiji
DISABLED_MANUAL_REVIEW_REQUIRED,location_verification_required,success,warnings_present,unverified_kijiji_location,success,2026-07-21T22:30:59+00:00,unverified_search_origin_not_listing_location,disabled_due_to_unverified_location,"Calgary, AB",,2021,Ford,F-150,xlt,2,29990,No change noted,Unchanged for 9 weeks,9,29990,29990,0,0,178713,Unknown,Gas,Unknown,N/A,Unknown,Dealer,,,,disabled_unverified_location,1736921335,calgary,unverified_url_evidence,https://www.kijiji.ca/v-cars-trucks/calgary/2021-ford-f-150-xlt-4wd-supercrew-6-5-box/1736921335,Kijiji
DISABLED_MANUAL_REVIEW_REQUIRED,location_verification_required,success,warnings_present,unverified_kijiji_location,success,2026-07-21T22:30:59+00:00,unverified_search_origin_not_listing_location,disabled_due_to_unverified_location,"Edmonton, AB",,2021,Ford,F-150,xlt,2,23697,No change noted,"Down $3,299 over 10 weeks",10,26996,23948,-251,-3299,205285,Unknown,Gas,Unknown,N/A,Unknown,Unknown,,,,disabled_unverified_location,1737191570,edmonton,unverified_url_evidence,https://www.kijiji.ca/v-cars-trucks/edmonton/2021-ford-f-150-xlt-4wd-supercab-6-5-box/1737191570,Kijiji
DISABLED_MANUAL_REVIEW_REQUIRED,location_verification_required,success,warnings_present,unverified_kijiji_location,success,2026-07-21T22:30:59+00:00,unverified_search_origin_not_listing_location,disabled_due_to_unverified_location,"Edmonton, AB",,2021,Ford,F-150,xlt,2,24999,No change noted,Unchanged for 8 weeks,8,24999,24999,0,0,207528,Unknown,Gas,No accidents reported,N/A,Unknown,Dealer,,,,disabled_unverified_location,1737209333,edmonton,unverified_url_evidence,https://www.kijiji.ca/v-cars-trucks/edmonton/2021-ford-f-150-xlt-4wd-supercrew-5-5-box/1737209333,Kijiji
DISABLED_MANUAL_REVIEW_REQUIRED,location_verification_required,success,warnings_present,unverified_kijiji_location,success,2026-07-21T22:30:59+00:00,unverified_search_origin_not_listing_location,disabled_due_to_unverified_location,"Calgary, AB",,2021,Ford,F-150,xl,1,40888,No change noted,Unchanged for 10 weeks,10,40888,40888,0,0,65957,Unknown,Gas,Unknown,N/A,Unknown,Dealer,,,,disabled_unverified_location,1737299148,calgary,unverified_url_evidence,https://www.kijiji.ca/v-cars-trucks/calgary/2021-ford-f-150-xl/1737299148,Kijiji
DISABLED_MANUAL_REVIEW_REQUIRED,location_verification_required,success,warnings_present,unverified_kijiji_location,success,2026-07-21T22:30:59+00:00,unverified_search_origin_not_listing_location,disabled_due_to_unverified_location,"Calgary, AB",,2021,Ford,F-150,xlt,2,32999,No change noted,"Down $4,000 over 10 weeks",10,36999,32999,0,-4000,87917,2.7L,Gas,Unknown,N/A,Unknown,Private,,,,disabled_unverified_location,1737462857,calgary,unverified_url_evidence,https://www.kijiji.ca/v-cars-trucks/calgary/2021-ford-f150-xtr-4x4-2-7l-eco-boost-xlt-87km-very-clean/1737462857,Kijiji
DISABLED_MANUAL_REVIEW_REQUIRED,location_verification_required,success,warnings_present,unverified_kijiji_location,success,2026-07-21T22:30:59+00:00,unverified_search_origin_not_listing_location,disabled_due_to_unverified_location,"Calgary, AB",,2021,Ford,F-150,xlt,2,36990,No change noted,Unchanged for 10 weeks,10,36990,36990,0,0,119572,Unknown,Gas,Unknown,N/A,Unknown,Dealer,,,,disabled_unverified_location,1737613081,calgary,unverified_url_evidence,https://www.kijiji.ca/v-cars-trucks/calgary/2021-ford-f-150-xlt-4wd-supercrew-6-5-box/1737613081,Kijiji
DISABLED_MANUAL_REVIEW_REQUIRED,location_verification_required,success,warnings_present,unverified_kijiji_location,success,2026-07-21T22:30:59+00:00,unverified_search_origin_not_listing_location,disabled_due_to_unverified_location,"Medicine Hat, AB",,2021,Ford,F-150,xlt,2,29995,No change noted,"Down $4,000 over 10 weeks",10,33995,29995,0,-4000,155996,Unknown,Gas,Unknown,N/A,Unknown,Private,,,,disabled_unverified_location,1738014876,lethbridge,unverified_url_evidence,https://www.kijiji.ca/v-cars-trucks/lethbridge/2021-ford-f150-xlt-supercrew-4x4/1738014876,Kijiji
DISABLED_MANUAL_REVIEW_REQUIRED,location_verification_required,success,warnings_present,unverified_kijiji_location,success,2026-07-21T22:30:59+00:00,unverified_search_origin_not_listing_location,disabled_due_to_unverified_location,"Regina, SK",,2021,Ford,F-150,xlt,2,43900,No change noted,Down $95 over 8 weeks,8,43995,43900,0,-95,51000,Unknown,Gas,Unknown,N/A,Unknown,Dealer,,,,disabled_unverified_location,1738302051,winnipeg,unverified_url_evidence,https://www.kijiji.ca/v-cars-trucks/winnipeg/2021-ford-f150-xlt/1738302051,Kijiji
DISABLED_MANUAL_REVIEW_REQUIRED,location_verification_required,success,warnings_present,unverified_kijiji_location,success,2026-07-21T22:30:59+00:00,unverified_search_origin_not_listing_location,disabled_due_to_unverified_location,"Edmonton, AB",,2021,Ford,F-150,lariat,3,48980,No change noted,Unchanged for 8 weeks,8,48980,48980,0,0,103592,Unknown,Gas,Unknown,N/A,Unknown,Dealer,,,,disabled_unverified_location,1738353220,edmonton,unverified_url_evidence,https://www.kijiji.ca/v-cars-trucks/edmonton/2021-ford-f-150-lariat/1738353220,Kijiji
DISABLED_MANUAL_REVIEW_REQUIRED,location_verification_required,success,warnings_present,unverified_kijiji_location,success,2026-07-21T22:30:59+00:00,unverified_search_origin_not_listing_location,disabled_due_to_unverified_location,"Edmonton, AB",,2021,Ford,F-150,xlt,2,29999,No change noted,Unchanged for 8 weeks,8,29999,29999,0,0,178199,2.7L,Gas,Unknown,N/A,Unknown,Dealer,,,,disabled_unverified_location,1738398472,edmonton,unverified_url_evidence,https://www.kijiji.ca/v-cars-trucks/edmonton/2021-ford-f-150-xlt-crew-cab-4wd-2-7l/1738398472,Kijiji
DISABLED_MANUAL_REVIEW_REQUIRED,location_verification_required,success,warnings_present,unverified_kijiji_location,success,2026-07-21T22:30:59+00:00,unverified_search_origin_not_listing_location,disabled_due_to_unverified_location,"Regina, SK",,2021,Ford,F-150,lariat,3,49988,No change noted,Unchanged for 8 weeks,8,49988,49988,0,0,81075,Unknown,Gas,Unknown,N/A,Unknown,Dealer,,,,disabled_unverified_location,1738502207,winnipeg,unverified_url_evidence,https://www.kijiji.ca/v-cars-trucks/winnipeg/2021-ford-f-150-lariat-502a-sport-package-factory-warranty/1738502207,Kijiji
DISABLED_MANUAL_REVIEW_REQUIRED,location_verification_required,success,warnings_present,unverified_kijiji_location,success,2026-07-21T22:30:59+00:00,unverified_search_origin_not_listing_location,disabled_due_to_unverified_location,"Calgary, AB",,2021,Ford,F-150,fx4,3,36557,No change noted,"Down $1,325 over 7 weeks",7,37882,36557,0,-1325,121581,Unknown,Gas,No accidents reported,N/A,Unknown,Dealer,,,,disabled_unverified_location,1738608470,calgary,unverified_url_evidence,https://www.kijiji.ca/v-cars-trucks/calgary/2021-ford-f-150-4x4-super-crew-xlt-fx4-pseat-bcam/1738608470,Kijiji
DISABLED_MANUAL_REVIEW_REQUIRED,location_verification_required,success,warnings_present,unverified_kijiji_location,success,2026-07-21T22:30:59+00:00,unverified_search_origin_not_listing_location,disabled_due_to_unverified_location,"Regina, SK",,2021,Ford,F-150,lariat,3,46000,No change noted,Down $575 over 6 weeks,6,46575,46575,-575,-575,80528,Unknown,Gas,No accidents reported,N/A,Unknown,Private,,,,disabled_unverified_location,1738707455,winnipeg,unverified_url_evidence,https://www.kijiji.ca/v-cars-trucks/winnipeg/2021-ford-f-150-lariat-clean-carfax-leather-360-cam/1738707455,Kijiji
DISABLED_MANUAL_REVIEW_REQUIRED,location_verification_required,success,warnings_present,unverified_kijiji_location,success,2026-07-21T22:30:59+00:00,unverified_search_origin_not_listing_location,disabled_due_to_unverified_location,"Medicine Hat, AB",,2021,Ford,F-150,xlt,2,43995,No change noted,Unchanged for 7 weeks,7,43995,43995,0,0,65300,Unknown,Gas,Unknown,N/A,Unknown,Dealer,,,,disabled_unverified_location,1738710658,lethbridge,unverified_url_evidence,https://www.kijiji.ca/v-cars-trucks/lethbridge/2021-ford-f-150-xlt/1738710658,Kijiji
DISABLED_MANUAL_REVIEW_REQUIRED,location_verification_required,success,warnings_present,unverified_kijiji_location,success,2026-07-21T22:30:59+00:00,unverified_search_origin_not_listing_location,disabled_due_to_unverified_location,"Calgary, AB",,2021,Ford,F-150,stx,1,30900,No change noted,Unchanged for 5 weeks,5,30900,30900,0,0,129917,Unknown,Gas,Unknown,N/A,Unknown,Dealer,,,,disabled_unverified_location,1738752916,calgary,unverified_url_evidence,https://www.kijiji.ca/v-cars-trucks/calgary/2021-ford-f-150-stx/1738752916,Kijiji
DISABLED_MANUAL_REVIEW_REQUIRED,location_verification_required,success,warnings_present,unverified_kijiji_location,success,2026-07-21T22:30:59+00:00,unverified_search_origin_not_listing_location,disabled_due_to_unverified_location,"Edmonton, AB",,2021,Ford,F-150,xlt,2,31999,No change noted,"Down $5,996 over 7 weeks",7,37995,31999,0,-5996,124950,Unknown,Gas,Unknown,N/A,Unknown,Dealer,,,,disabled_unverified_location,1738811071,edmonton,unverified_url_evidence,https://www.kijiji.ca/v-cars-trucks/edmonton/2021-ford-f-150-xlt/1738811071,Kijiji
DISABLED_MANUAL_REVIEW_REQUIRED,location_verification_required,success,warnings_present,unverified_kijiji_location,success,2026-07-21T22:30:59+00:00,unverified_search_origin_not_listing_location,disabled_due_to_unverified_location,"Edmonton, AB",,2021,Ford,F-150,xlt,2,26999,No change noted,Unchanged for 6 weeks,6,26999,26999,0,0,188741,3.5L,Gas,Unknown,N/A,Unknown,Dealer,,,,disabled_unverified_location,1738909942,edmonton,unverified_url_evidence,https://www.kijiji.ca/v-cars-trucks/edmonton/2021-ford-f-150-xlt-fx4-crew-cab-4x4-std-bed-3-5l-clean-carfa/1738909942,Kijiji
DISABLED_MANUAL_REVIEW_REQUIRED,location_verification_required,success,warnings_present,unverified_kijiji_location,success,2026-07-21T22:30:59+00:00,unverified_search_origin_not_listing_location,disabled_due_to_unverified_location,"Calgary, AB",,2021,Ford,F-150,lariat,3,42900,No change noted,Unchanged for 5 weeks,5,42900,42900,0,0,113500,Unknown,Gas,Unknown,N/A,Unknown,Dealer,,,,disabled_unverified_location,1738966989,calgary,unverified_url_evidence,https://www.kijiji.ca/v-cars-trucks/calgary/2021-ford-f-150-lariat/1738966989,Kijiji
DISABLED_MANUAL_REVIEW_REQUIRED,location_verification_required,success,warnings_present,unverified_kijiji_location,success,2026-07-21T22:30:59+00:00,unverified_search_origin_not_listing_location,disabled_due_to_unverified_location,"Edmonton, AB",,2021,Ford,F-150,xlt,2,34999,No change noted,Unchanged for 6 weeks,6,34999,34999,0,0,155191,Unknown,Gas,Unknown,N/A,Unknown,Dealer,,,,disabled_unverified_location,1739016948,edmonton,unverified_url_evidence,https://www.kijiji.ca/v-cars-trucks/edmonton/2021-ford-f-150-xlt/1739016948,Kijiji
DISABLED_MANUAL_REVIEW_REQUIRED,location_verification_required,success,warnings_present,unverified_kijiji_location,success,2026-07-21T22:30:59+00:00,unverified_search_origin_not_listing_location,disabled_due_to_unverified_location,"Edmonton, AB",,2021,Ford,F-150,xlt,2,34895,No change noted,Down $100 over 6 weeks,6,34995,34895,0,-100,155191,Unknown,Gas,Unknown,N/A,Unknown,Dealer,,,,disabled_unverified_location,1739112834,edmonton,unverified_url_evidence,https://www.kijiji.ca/v-cars-trucks/edmonton/2021-ford-f-150-xlt/1739112834,Kijiji
DISABLED_MANUAL_REVIEW_REQUIRED,location_verification_required,success,warnings_present,unverified_kijiji_location,success,2026-07-21T22:30:59+00:00,unverified_search_origin_not_listing_location,disabled_due_to_unverified_location,"Saskatoon, SK",,2021,Ford,F-150,xlt,2,27997,No change noted,Unchanged for 7 weeks,7,27997,27997,0,0,183202,Unknown,Gas,Unknown,N/A,Unknown,Private,,,,disabled_unverified_location,1739129581,saskatoon,unverified_url_evidence,https://www.kijiji.ca/v-cars-trucks/saskatoon/2021-ford-f-150-xlt/1739129581,Kijiji
DISABLED_MANUAL_REVIEW_REQUIRED,location_verification_required,success,warnings_present,unverified_kijiji_location,success,2026-07-21T22:30:59+00:00,unverified_search_origin_not_listing_location,disabled_due_to_unverified_location,"Edmonton, AB",,2021,Ford,F-150,lariat,3,39995,No change noted,Unchanged for 6 weeks,6,39995,39995,0,0,156627,Unknown,Gas,Unknown,N/A,Unknown,Dealer,,,,disabled_unverified_location,1739163868,edmonton,unverified_url_evidence,https://www.kijiji.ca/v-cars-trucks/edmonton/2021-ford-f-150-lariat/1739163868,Kijiji
DISABLED_MANUAL_REVIEW_REQUIRED,location_verification_required,success,warnings_present,unverified_kijiji_location,success,2026-07-21T22:30:59+00:00,unverified_search_origin_not_listing_location,disabled_due_to_unverified_location,"Regina, SK",,2021,Ford,F-150,Unknown,1,21500,No change noted,"Down $2,500 over 6 weeks",6,24000,21500,0,-2500,205000,Unknown,Gas,Unknown,N/A,Unknown,Private,,,,disabled_unverified_location,1739188672,winnipeg,unverified_url_evidence,https://www.kijiji.ca/v-cars-trucks/winnipeg/2021-ford-f150/1739188672,Kijiji
DISABLED_MANUAL_REVIEW_REQUIRED,location_verification_required,success,warnings_present,unverified_kijiji_location,success,2026-07-21T22:30:59+00:00,unverified_search_origin_not_listing_location,disabled_due_to_unverified_location,"Regina, SK",,2021,Ford,F-150,xlt,2,27980,No change noted,Unchanged for 4 weeks,4,27980,27980,0,0,148316,Unknown,Gas,Unknown,N/A,Unknown,Dealer,,,,disabled_unverified_location,1739260094,winnipeg,unverified_url_evidence,https://www.kijiji.ca/v-cars-trucks/winnipeg/2021-ford-f-150-xlt-4x4-supercrew-l-remote-start-l-xtr-chrome-tr/1739260094,Kijiji
DISABLED_MANUAL_REVIEW_REQUIRED,location_verification_required,success,warnings_present,unverified_kijiji_location,success,2026-07-21T22:30:59+00:00,unverified_search_origin_not_listing_location,disabled_due_to_unverified_location,"Calgary, AB",,2021,Ford,F-150,lariat,3,49000,No change noted,Unchanged for 5 weeks,5,49000,49000,0,0,100110,Unknown,Gas,Accident reported,N/A,Unknown,Private,,,,disabled_unverified_location,1739340744,calgary,unverified_url_evidence,https://www.kijiji.ca/v-cars-trucks/calgary/ford-f150-lariat-2021-ecoboost/1739340744,Kijiji
DISABLED_MANUAL_REVIEW_REQUIRED,location_verification_required,success,warnings_present,unverified_kijiji_location,success,2026-07-21T22:30:59+00:00,unverified_search_origin_not_listing_location,disabled_due_to_unverified_location,"Regina, SK",,2021,Ford,F-150,xlt,2,41500,No change noted,Unchanged for 4 weeks,4,41500,41500,0,0,83000,Unknown,Gas,Unknown,N/A,Unknown,Private,,,,disabled_unverified_location,1739390406,winnipeg,unverified_url_evidence,https://www.kijiji.ca/v-cars-trucks/winnipeg/2021-ford-f150-xlt-supercrew-4x4/1739390406,Kijiji
DISABLED_MANUAL_REVIEW_REQUIRED,location_verification_required,success,warnings_present,unverified_kijiji_location,success,2026-07-21T22:30:59+00:00,unverified_search_origin_not_listing_location,disabled_due_to_unverified_location,"Carstairs, AB",,2021,Ford,F-150,tremor,3,59995,No change noted,Unchanged for 1 weeks,1,59995,59995,0,0,67910,Unknown,Gas,Unknown,N/A,Unknown,Private,,,,disabled_unverified_location,1739503882,delta-surrey-langley,unverified_url_evidence,https://www.kijiji.ca/v-cars-trucks/delta-surrey-langley/2021-ford-f-150/1739503882,Kijiji
DISABLED_MANUAL_REVIEW_REQUIRED,location_verification_required,success,warnings_present,unverified_kijiji_location,success,2026-07-21T22:30:59+00:00,unverified_search_origin_not_listing_location,disabled_due_to_unverified_location,"Calgary, AB",,2021,Ford,F-150,lariat,3,44990,No change noted,Unchanged for 3 weeks,3,44990,44990,0,0,154004,Unknown,Gas,Unknown,N/A,Unknown,Dealer,,,,disabled_unverified_location,1739686010,calgary,unverified_url_evidence,https://www.kijiji.ca/v-cars-trucks/calgary/2021-ford-f-150-lariat-4wd/1739686010,Kijiji
DISABLED_MANUAL_REVIEW_REQUIRED,location_verification_required,success,warnings_present,unverified_kijiji_location,success,2026-07-21T22:30:59+00:00,unverified_search_origin_not_listing_location,disabled_due_to_unverified_location,"Calgary, AB",,2021,Ford,F-150,xlt,2,35000,No change noted,Unchanged for 3 weeks,3,35000,35000,0,0,89410,Unknown,Gas,Unknown,N/A,Unknown,Private,,,,disabled_unverified_location,1739714529,calgary,unverified_url_evidence,https://www.kijiji.ca/v-cars-trucks/calgary/pick-up-truck/1739714529,Kijiji
DISABLED_MANUAL_REVIEW_REQUIRED,location_verification_required,success,warnings_present,unverified_kijiji_location,success,2026-07-21T22:30:59+00:00,unverified_search_origin_not_listing_location,disabled_due_to_unverified_location,"Medicine Hat, AB",,2021,Ford,F-150,xl,1,45995,No change noted,Unchanged for 3 weeks,3,45995,45995,0,0,112403,Unknown,Gas,Unknown,N/A,Unknown,Dealer,,,,disabled_unverified_location,1739735926,lethbridge,unverified_url_evidence,https://www.kijiji.ca/v-cars-trucks/lethbridge/2021-ford-f-150-xl/1739735926,Kijiji
DISABLED_MANUAL_REVIEW_REQUIRED,location_verification_required,success,warnings_present,unverified_kijiji_location,success,2026-07-21T22:30:59+00:00,unverified_search_origin_not_listing_location,disabled_due_to_unverified_location,"Carstairs, AB",,2021,Ford,F-150,xlt,2,34599,No change noted,Up $770 over 3 weeks,3,33829,33799,800,770,135657,Unknown,Gas,Unknown,N/A,Unknown,Private,,,,disabled_unverified_location,1739736102,ottawa,unverified_url_evidence,https://www.kijiji.ca/v-cars-trucks/ottawa/2021-ford-f150-4x4-supercrew-xlt-157-wb/1739736102,Kijiji
DISABLED_MANUAL_REVIEW_REQUIRED,location_verification_required,success,warnings_present,unverified_kijiji_location,success,2026-07-21T22:30:59+00:00,unverified_search_origin_not_listing_location,disabled_due_to_unverified_location,"Calgary, AB",,2021,Ford,F-150,xlt,2,29995,No change noted,Unchanged for 3 weeks,3,29995,29995,0,0,182874,Unknown,Gas,Unknown,N/A,Unknown,Dealer,,,,disabled_unverified_location,1739823227,calgary,unverified_url_evidence,https://www.kijiji.ca/v-cars-trucks/calgary/2021-ford-f-150-xlt-sport-4wd-supercrew-5-5-box/1739823227,Kijiji
DISABLED_MANUAL_REVIEW_REQUIRED,location_verification_required,success,warnings_present,unverified_kijiji_location,success,2026-07-21T22:30:59+00:00,unverified_search_origin_not_listing_location,disabled_due_to_unverified_location,"Saskatoon, SK",,2021,Ford,F-150,xlt,2,39995,No change noted,Unchanged for 4 weeks,4,39995,39995,0,0,96865,Unknown,Gas,Unknown,N/A,Unknown,Private,,,,disabled_unverified_location,1739828379,saskatoon,unverified_url_evidence,https://www.kijiji.ca/v-cars-trucks/saskatoon/2021-ford-f-150-xlt-4x4-supercab-styleside-6-5-ft-box-145-in-w/1739828379,Kijiji
DISABLED_MANUAL_REVIEW_REQUIRED,location_verification_required,success,warnings_present,unverified_kijiji_location,success,2026-07-21T22:30:59+00:00,unverified_search_origin_not_listing_location,disabled_due_to_unverified_location,"Calgary, AB",,2021,Ford,F-150,lariat,3,35993,No change noted,Unchanged for 2 weeks,2,35993,35993,0,0,177205,Unknown,Gas,Unknown,N/A,Unknown,Dealer,,,,disabled_unverified_location,1739922042,calgary,unverified_url_evidence,https://www.kijiji.ca/v-cars-trucks/calgary/2021-ford-f-150-lariat-heated-cooled-leather-seats-sport-pkg/1739922042,Kijiji
DISABLED_MANUAL_REVIEW_REQUIRED,location_verification_required,success,warnings_present,unverified_kijiji_location,success,2026-07-21T22:30:59+00:00,unverified_search_origin_not_listing_location,disabled_due_to_unverified_location,"Edmonton, AB",,2021,Ford,F-150,lariat,3,53706,No change noted,Down $1 over 3 weeks,3,53707,53706,0,-1,65855,5.0L,Gas,Unknown,N/A,Unknown,Dealer,,,,disabled_unverified_location,1740056395,edmonton,unverified_url_evidence,https://www.kijiji.ca/v-cars-trucks/edmonton/2021-ford-f-150-lariat-6-5-box-5-0l-fx4/1740056395,Kijiji
DISABLED_MANUAL_REVIEW_REQUIRED,location_verification_required,success,warnings_present,unverified_kijiji_location,success,2026-07-21T22:30:59+00:00,unverified_search_origin_not_listing_location,disabled_due_to_unverified_location,"Edmonton, AB",,2021,Ford,F-150,xlt,2,20500,No change noted,Unchanged for 2 weeks,2,20500,20500,0,0,222000,Unknown,Gas,Unknown,N/A,Unknown,Private,,,,disabled_unverified_location,1740072508,edmonton,unverified_url_evidence,https://www.kijiji.ca/v-cars-trucks/edmonton/f-150-for-sale/1740072508,Kijiji
DISABLED_MANUAL_REVIEW_REQUIRED,location_verification_required,success,warnings_present,unverified_kijiji_location,success,2026-07-21T22:30:59+00:00,unverified_search_origin_not_listing_location,disabled_due_to_unverified_location,"Moose Jaw, SK",,2021,Ford,F-150,xl,1,32500,No change noted,Unchanged for 2 weeks,2,32500,32500,0,0,150000,Unknown,Gas,Unknown,N/A,Unknown,Private,,,,disabled_unverified_location,1740078707,ottawa,unverified_url_evidence,https://www.kijiji.ca/v-cars-trucks/ottawa/2021-ford-f150-4wd-xlt-supercrew/1740078707,Kijiji
DISABLED_MANUAL_REVIEW_REQUIRED,location_verification_required,success,warnings_present,unverified_kijiji_location,success,2026-07-21T22:30:59+00:00,unverified_search_origin_not_listing_location,disabled_due_to_unverified_location,"Calgary, AB",,2021,Ford,F-150,xlt,2,43990,No change noted,Unchanged for 2 weeks,2,43990,43990,0,0,70001,3.5L,Gas,Unknown,N/A,Unknown,Dealer,,,,disabled_unverified_location,1740103481,calgary,unverified_url_evidence,https://www.kijiji.ca/v-cars-trucks/calgary/2021-ford-f-150-xlt-300a-tow-pkg-3-5l-ecoboost-5-5-bed/1740103481,Kijiji
DISABLED_MANUAL_REVIEW_REQUIRED,location_verification_required,success,warnings_present,unverified_kijiji_location,success,2026-07-21T22:30:59+00:00,unverified_search_origin_not_listing_location,disabled_due_to_unverified_location,"Calgary, AB",,2021,Ford,F-150,xlt,2,28995,No change noted,Unchanged for 1 weeks,1,28995,28995,0,0,187781,Unknown,Gas,Unknown,N/A,Unknown,Dealer,,,,disabled_unverified_location,1740120526,calgary,unverified_url_evidence,https://www.kijiji.ca/v-cars-trucks/calgary/2021-ford-f-150-xlt-4wd-supercrew-5-5-box/1740120526,Kijiji
DISABLED_MANUAL_REVIEW_REQUIRED,location_verification_required,success,warnings_present,unverified_kijiji_location,success,2026-07-21T22:30:59+00:00,unverified_search_origin_not_listing_location,disabled_due_to_unverified_location,"Carstairs, AB",,2021,Ford,F-150,xlt,2,38899,No change noted,Down $100 over 2 weeks,2,38999,38899,0,-100,93785,Unknown,Gas,Unknown,N/A,Unknown,Private,,,,disabled_unverified_location,1740150418,windsor-area-on,unverified_url_evidence,https://www.kijiji.ca/v-cars-trucks/windsor-area-on/2021-ford-f-150-xlt/1740150418,Kijiji
DISABLED_MANUAL_REVIEW_REQUIRED,location_verification_required,success,warnings_present,unverified_kijiji_location,success,2026-07-21T22:30:59+00:00,unverified_search_origin_not_listing_location,disabled_due_to_unverified_location,"Calgary, AB",,2021,Ford,F-150,platinum,3,49990,No change noted,Unchanged for 3 weeks,3,49990,49990,0,0,130653,Unknown,Gas,Unknown,N/A,Unknown,Dealer,,,,disabled_unverified_location,1740195297,calgary,unverified_url_evidence,https://www.kijiji.ca/v-cars-trucks/calgary/2021-ford-f-150/1740195297,Kijiji
DISABLED_MANUAL_REVIEW_REQUIRED,location_verification_required,success,warnings_present,unverified_kijiji_location,success,2026-07-21T22:30:59+00:00,unverified_search_origin_not_listing_location,disabled_due_to_unverified_location,"Camrose, AB",,2021,Ford,F-150,xlt,2,25999,No change noted,Unchanged for 2 weeks,2,25999,25999,0,0,199850,Unknown,Gas,Unknown,N/A,Unknown,Dealer,,,,disabled_unverified_location,1740195711,edmonton,unverified_url_evidence,https://www.kijiji.ca/v-cars-trucks/edmonton/2021-ford-f-150-xlt/1740195711,Kijiji
DISABLED_MANUAL_REVIEW_REQUIRED,location_verification_required,success,warnings_present,unverified_kijiji_location,success,2026-07-21T22:30:59+00:00,unverified_search_origin_not_listing_location,disabled_due_to_unverified_location,"Saskatoon, SK",,2021,Ford,F-150,fx4,3,27997,No change noted,Unchanged for 2 weeks,2,27997,27997,0,0,203873,Unknown,Gas,Unknown,N/A,Unknown,Private,,,,disabled_unverified_location,1740237263,saskatoon,unverified_url_evidence,https://www.kijiji.ca/v-cars-trucks/saskatoon/2021-ford-f-150-xlt-fx4/1740237263,Kijiji
DISABLED_MANUAL_REVIEW_REQUIRED,location_verification_required,success,warnings_present,unverified_kijiji_location,success,2026-07-21T22:30:59+00:00,unverified_search_origin_not_listing_location,disabled_due_to_unverified_location,"Medicine Hat, AB",,2021,Ford,F-150,xl,1,24900,No change noted,Unchanged for 1 weeks,1,24900,24900,0,0,168275,Unknown,Gas,Unknown,N/A,Unknown,Dealer,,,,disabled_unverified_location,1740321174,lethbridge,unverified_url_evidence,https://www.kijiji.ca/v-cars-trucks/lethbridge/2021-ford-f-150-xl/1740321174,Kijiji
DISABLED_MANUAL_REVIEW_REQUIRED,location_verification_required,success,warnings_present,unverified_kijiji_location,success,2026-07-21T22:30:59+00:00,unverified_search_origin_not_listing_location,disabled_due_to_unverified_location,"Regina, SK",,2021,Ford,F-150,xl,1,19998,No change noted,Unchanged for 1 weeks,1,19998,19998,0,0,276400,Unknown,Gas,Unknown,N/A,Unknown,Private,,,,disabled_unverified_location,1740335672,winnipeg,unverified_url_evidence,https://www.kijiji.ca/v-cars-trucks/winnipeg/2021-ford-f-150/1740335672,Kijiji
DISABLED_MANUAL_REVIEW_REQUIRED,location_verification_required,success,warnings_present,unverified_kijiji_location,success,2026-07-21T22:30:59+00:00,unverified_search_origin_not_listing_location,disabled_due_to_unverified_location,"Moose Jaw, SK",,2021,Ford,F-150,xl,1,39790,No change noted,First seen this week,0,39790,39790,0,0,106243,Unknown,Gas,Unknown,N/A,Unknown,Private,,,,disabled_unverified_location,1740346112,ottawa,unverified_url_evidence,https://www.kijiji.ca/v-cars-trucks/ottawa/2021-ford-f-150-xl-crew-cab-short-bed/1740346112,Kijiji
DISABLED_MANUAL_REVIEW_REQUIRED,location_verification_required,success,warnings_present,unverified_kijiji_location,success,2026-07-21T22:30:59+00:00,unverified_search_origin_not_listing_location,disabled_due_to_unverified_location,"Calgary, AB",,2021,Ford,F-150,lariat,3,19900,No change noted,"Down $2,000 over 1 weeks",1,21900,21900,-2000,-2000,253084,Unknown,Gas,Unknown,N/A,Unknown,Dealer,,,,disabled_unverified_location,1740417170,calgary,unverified_url_evidence,https://www.kijiji.ca/v-cars-trucks/calgary/2021-ford-f-150-lariat/1740417170,Kijiji
DISABLED_MANUAL_REVIEW_REQUIRED,location_verification_required,success,warnings_present,unverified_kijiji_location,success,2026-07-21T22:30:59+00:00,unverified_search_origin_not_listing_location,disabled_due_to_unverified_location,"Regina, SK",,2021,Ford,F-150,xl,1,31499,No change noted,First seen this week,0,31499,31499,0,0,168000,Unknown,Gas,No accidents reported,N/A,Unknown,Private,,,,disabled_unverified_location,1740534509,winnipeg,unverified_url_evidence,https://www.kijiji.ca/v-cars-trucks/winnipeg/2021-ford-f-150-xl-stx-360-camera-safetied-accident-free/1740534509,Kijiji
DISABLED_MANUAL_REVIEW_REQUIRED,location_verification_required,success,warnings_present,unverified_kijiji_location,success,2026-07-21T22:30:59+00:00,unverified_search_origin_not_listing_location,disabled_due_to_unverified_location,"Calgary, AB",,2021,Ford,F-150,xl,1,39995,No change noted,First seen this week,0,39995,39995,0,0,79722,Unknown,Gas,Unknown,N/A,Unknown,Dealer,,,,disabled_unverified_location,1740578696,calgary,unverified_url_evidence,https://www.kijiji.ca/v-cars-trucks/calgary/2021-ford-f-150-with-one-owner-low-km-navi-backup-camera/1740578696,Kijiji
DISABLED_MANUAL_REVIEW_REQUIRED,location_verification_required,success,warnings_present,unverified_kijiji_location,success,2026-07-21T22:30:59+00:00,unverified_search_origin_not_listing_location,disabled_due_to_unverified_location,"Edmonton, AB",,2021,Ford,F-150,xlt,2,24999,No change noted,First seen this week,0,24999,24999,0,0,172980,Unknown,Gas,No accidents reported,N/A,Unknown,Dealer,,,,disabled_unverified_location,1740645905,edmonton,unverified_url_evidence,https://www.kijiji.ca/v-cars-trucks/edmonton/2021-ford-f-150-xlt-crew-cab-4wd-clean-carfax-financing-availabl/1740645905,Kijiji
DISABLED_MANUAL_REVIEW_REQUIRED,location_verification_required,success,warnings_present,unverified_kijiji_location,success,2026-07-21T22:30:59+00:00,unverified_search_origin_not_listing_location,disabled_due_to_unverified_location,"Calgary, AB",,2021,Ford,F-150,xlt,2,29995,No change noted,First seen this week,0,29995,29995,0,0,184658,Unknown,Gas,No accidents reported,N/A,Unknown,Dealer,,,,disabled_unverified_location,1740647578,calgary,unverified_url_evidence,https://www.kijiji.ca/v-cars-trucks/calgary/2021-ford-f-150/1740647578,Kijiji
DISABLED_MANUAL_REVIEW_REQUIRED,location_verification_required,success,warnings_present,unverified_kijiji_location,success,2026-07-21T22:30:59+00:00,unverified_search_origin_not_listing_location,disabled_due_to_unverified_location,"Camrose, AB",,2021,Ford,F-150,lariat,3,44499,No change noted,First seen this week,0,44499,44499,0,0,102351,Unknown,Gas,Unknown,N/A,Unknown,Dealer,,,,disabled_unverified_location,1740649356,strathcona-county,unverified_url_evidence,https://www.kijiji.ca/v-cars-trucks/strathcona-county/2021-ford-f-150/1740649356,Kijiji
DISABLED_MANUAL_REVIEW_REQUIRED,location_verification_required,success,warnings_present,unverified_kijiji_location,success,2026-07-21T22:30:59+00:00,unverified_search_origin_not_listing_location,disabled_due_to_unverified_location,"Saskatoon, SK",,2021,Ford,F-150,xlt,2,32996,No change noted,Unchanged for 1 weeks,1,32996,32996,0,0,119278,Unknown,Gas,Unknown,N/A,Unknown,Private,,,,disabled_unverified_location,1740650606,saskatoon,unverified_url_evidence,https://www.kijiji.ca/v-cars-trucks/saskatoon/2021-ford-f-150-supercab-4x4-very-clean-copilot360-tech/1740650606,Kijiji
DISABLED_MANUAL_REVIEW_REQUIRED,location_verification_required,success,warnings_present,unverified_kijiji_location,success,2026-07-21T22:30:59+00:00,unverified_search_origin_not_listing_location,disabled_due_to_unverified_location,"Regina, SK",,2021,Ford,F-150,xlt,2,35495,No change noted,First seen this week,0,35495,35495,0,0,152341,Unknown,Gas,Unknown,N/A,Unknown,Private,,,,disabled_unverified_location,1740659359,winnipeg,unverified_url_evidence,https://www.kijiji.ca/v-cars-trucks/winnipeg/2021-ford-f-150-xlt/1740659359,Kijiji
DISABLED_MANUAL_REVIEW_REQUIRED,location_verification_required,success,warnings_present,unverified_kijiji_location,success,2026-07-21T22:30:59+00:00,unverified_search_origin_not_listing_location,disabled_due_to_unverified_location,"Edmonton, AB",,2021,Ford,F-150,lariat,3,42000,No change noted,First seen this week,0,42000,42000,0,0,125077,Unknown,Gas,Unknown,N/A,Unknown,Dealer,,,,disabled_unverified_location,1740748545,edmonton,unverified_url_evidence,https://www.kijiji.ca/v-cars-trucks/edmonton/2021-ford-f-150-lariat-502a-4x4-supercrew-145/1740748545,Kijiji
DISABLED_MANUAL_REVIEW_REQUIRED,location_verification_required,success,warnings_present,unverified_kijiji_location,success,2026-07-21T22:30:59+00:00,unverified_search_origin_not_listing_location,disabled_due_to_unverified_location,"Regina, SK",,2021,Ford,F-150,Unknown,1,58999,No change noted,Unchanged for 1 weeks,1,58999,58999,0,0,72473,Unknown,Gas,Unknown,N/A,Unknown,Private,,,,disabled_unverified_location,1740802590,winnipeg,unverified_url_evidence,https://www.kijiji.ca/v-cars-trucks/winnipeg/2021-ford-f-150/1740802590,Kijiji
DISABLED_MANUAL_REVIEW_REQUIRED,location_verification_required,success,warnings_present,unverified_kijiji_location,success,2026-07-21T22:30:59+00:00,unverified_search_origin_not_listing_location,disabled_due_to_unverified_location,"Medicine Hat, AB",,2021,Ford,F-150,xlt,2,29900,No change noted,First seen this week,0,29900,29900,0,0,127161,Unknown,Gas,Unknown,N/A,Unknown,Dealer,,,,disabled_unverified_location,1740857091,lethbridge,unverified_url_evidence,https://www.kijiji.ca/v-cars-trucks/lethbridge/2021-ford-f-150-xlt/1740857091,Kijiji
DISABLED_MANUAL_REVIEW_REQUIRED,location_verification_required,success,warnings_present,unverified_kijiji_location,success,2026-07-21T22:30:59+00:00,unverified_search_origin_not_listing_location,disabled_due_to_unverified_location,"Moose Jaw, SK",,2021,Ford,F-150,xlt,2,28995,No change noted,First seen this week,0,28995,28995,0,0,134000,Unknown,Gas,Unknown,N/A,Unknown,Private,,,,disabled_unverified_location,1740883438,ottawa,unverified_url_evidence,https://www.kijiji.ca/v-cars-trucks/ottawa/2021-ford-f-150-xlt-crew-cab/1740883438,Kijiji
DISABLED_MANUAL_REVIEW_REQUIRED,location_verification_required,success,warnings_present,unverified_kijiji_location,success,2026-07-21T22:30:59+00:00,unverified_search_origin_not_listing_location,disabled_due_to_unverified_location,"Carstairs, AB",,2021,Ford,F-150,xlt,2,26490,No change noted,First seen this week,0,26490,26490,0,0,225646,Unknown,Gas,Unknown,N/A,Unknown,Private,,,,disabled_unverified_location,1740884308,mississauga-peel-region,unverified_url_evidence,https://www.kijiji.ca/v-cars-trucks/mississauga-peel-region/2021-ford-f-150-xlt/1740884308,Kijiji
DISABLED_MANUAL_REVIEW_REQUIRED,location_verification_required,success,warnings_present,unverified_kijiji_location,success,2026-07-21T22:30:59+00:00,unverified_search_origin_not_listing_location,disabled_due_to_unverified_location,"Calgary, AB",,2021,Ford,F-150,xlt,2,41888,No change noted,First seen this week,0,41888,41888,0,0,94779,Unknown,Gas,Unknown,N/A,Unknown,Dealer,,,,disabled_unverified_location,1740885467,calgary,unverified_url_evidence,https://www.kijiji.ca/v-cars-trucks/calgary/2021-ford-f-150-xlt-4x4/1740885467,Kijiji
DISABLED_MANUAL_REVIEW_REQUIRED,location_verification_required,success,warnings_present,unverified_kijiji_location,success,2026-07-21T22:30:59+00:00,unverified_search_origin_not_listing_location,disabled_due_to_unverified_location,"Regina, SK",,2021,Ford,F-150,xlt,2,24999,No change noted,First seen this week,0,24999,24999,0,0,232500,Unknown,Gas,No accidents reported,N/A,Unknown,Private,,,,disabled_unverified_location,1740907114,winnipeg,unverified_url_evidence,https://www.kijiji.ca/v-cars-trucks/winnipeg/2021-ford-f150-xlt-xtr-crew-4x4-accident-free-safetied/1740907114,Kijiji
DISABLED_MANUAL_REVIEW_REQUIRED,location_verification_required,success,warnings_present,unverified_kijiji_location,success,2026-07-21T22:30:59+00:00,unverified_search_origin_not_listing_location,disabled_due_to_unverified_location,"Saskatoon, SK",,2022,Ford,F-150,Unknown,1,42995,No change noted,Unchanged for 11 weeks,11,42995,42995,0,0,68866,Unknown,Gas,Unknown,N/A,Unknown,Private,,,,disabled_unverified_location,1724360099,saskatoon,unverified_url_evidence,https://www.kijiji.ca/v-cars-trucks/saskatoon/2022-ford-f-150/1724360099,Kijiji
DISABLED_MANUAL_REVIEW_REQUIRED,location_verification_required,success,warnings_present,unverified_kijiji_location,success,2026-07-21T22:30:59+00:00,unverified_search_origin_not_listing_location,disabled_due_to_unverified_location,"Calgary, AB",,2022,Ford,F-150,lariat,3,42990,No change noted,Unchanged for 10 weeks,10,42990,42990,0,0,154870,Unknown,Gas,Unknown,N/A,Unknown,Dealer,,,,disabled_unverified_location,1724513610,calgary,unverified_url_evidence,https://www.kijiji.ca/v-cars-trucks/calgary/2022-ford-f-150-lariat-no-fees/1724513610,Kijiji
DISABLED_MANUAL_REVIEW_REQUIRED,location_verification_required,success,warnings_present,unverified_kijiji_location,success,2026-07-21T22:30:59+00:00,unverified_search_origin_not_listing_location,disabled_due_to_unverified_location,"Saskatoon, SK",,2022,Ford,F-150,lariat,3,51899,No change noted,Down $300 over 11 weeks,11,52199,51899,0,-300,77389,Unknown,Gas,Unknown,N/A,Unknown,Dealer,,,,disabled_unverified_location,1724524213,saskatoon,unverified_url_evidence,https://www.kijiji.ca/v-cars-trucks/saskatoon/ford-f-150-lariat-2022/1724524213,Kijiji
DISABLED_MANUAL_REVIEW_REQUIRED,location_verification_required,success,warnings_present,unverified_kijiji_location,success,2026-07-21T22:30:59+00:00,unverified_search_origin_not_listing_location,disabled_due_to_unverified_location,"Edmonton, AB",,2022,Ford,F-150,xlt,2,39409,No change noted,Down $410 over 10 weeks,10,39819,39409,0,-410,69573,Unknown,Gas,Unknown,N/A,Unknown,Dealer,,,,disabled_unverified_location,1724535305,edmonton,unverified_url_evidence,https://www.kijiji.ca/v-cars-trucks/edmonton/2022-ford-f-150/1724535305,Kijiji
DISABLED_MANUAL_REVIEW_REQUIRED,location_verification_required,success,warnings_present,unverified_kijiji_location,success,2026-07-21T22:30:59+00:00,unverified_search_origin_not_listing_location,disabled_due_to_unverified_location,"Edmonton, AB",,2022,Ford,F-150,xlt,2,39909,No change noted,Down $139 over 10 weeks,10,40048,39909,0,-139,79143,Unknown,Gas,Unknown,N/A,Unknown,Dealer,,,,disabled_unverified_location,1724535444,edmonton,unverified_url_evidence,https://www.kijiji.ca/v-cars-trucks/edmonton/2022-ford-f-150/1724535444,Kijiji
DISABLED_MANUAL_REVIEW_REQUIRED,location_verification_required,success,warnings_present,unverified_kijiji_location,success,2026-07-21T22:30:59+00:00,unverified_search_origin_not_listing_location,disabled_due_to_unverified_location,"Moose Jaw, SK",,2022,Ford,F-150,xlt,2,32998,No change noted,Unchanged for 10 weeks,10,32998,32998,0,0,95840,Unknown,Gas,Unknown,N/A,Unknown,Private,,,,disabled_unverified_location,1725363930,ottawa,unverified_url_evidence,https://www.kijiji.ca/v-cars-trucks/ottawa/2022-ford-f-150/1725363930,Kijiji
DISABLED_MANUAL_REVIEW_REQUIRED,location_verification_required,success,warnings_present,unverified_kijiji_location,success,2026-07-21T22:30:59+00:00,unverified_search_origin_not_listing_location,disabled_due_to_unverified_location,"Calgary, AB",,2022,Ford,F-150,xlt,2,31990,No change noted,Unchanged for 10 weeks,10,31990,31990,0,0,131007,Unknown,Gas,Unknown,N/A,Unknown,Dealer,,,,disabled_unverified_location,1725854730,calgary,unverified_url_evidence,https://www.kijiji.ca/v-cars-trucks/calgary/2022-ford-f-150-xlt-no-fees/1725854730,Kijiji
DISABLED_MANUAL_REVIEW_REQUIRED,location_verification_required,success,warnings_present,unverified_kijiji_location,success,2026-07-21T22:30:59+00:00,unverified_search_origin_not_listing_location,disabled_due_to_unverified_location,"Calgary, AB",,2022,Ford,F-150,xlt,2,31990,No change noted,Unchanged for 9 weeks,9,31990,31990,0,0,151972,Unknown,Gas,Unknown,N/A,Unknown,Dealer,,,,disabled_unverified_location,1725854742,calgary,unverified_url_evidence,https://www.kijiji.ca/v-cars-trucks/calgary/2022-ford-f-150-xlt-no-fees/1725854742,Kijiji
DISABLED_MANUAL_REVIEW_REQUIRED,location_verification_required,success,warnings_present,unverified_kijiji_location,success,2026-07-21T22:30:59+00:00,unverified_search_origin_not_listing_location,disabled_due_to_unverified_location,"Saskatoon, SK",,2022,Ford,F-150,lariat,3,34694,No change noted,Unchanged for 11 weeks,11,34694,34694,0,0,184211,Unknown,Gas,Unknown,N/A,Unknown,Private,,,,disabled_unverified_location,1725855508,saskatoon,unverified_url_evidence,https://www.kijiji.ca/v-cars-trucks/saskatoon/2022-ford-f-150-lariat-leather-seats-cooled-seats/1725855508,Kijiji
DISABLED_MANUAL_REVIEW_REQUIRED,location_verification_required,success,warnings_present,unverified_kijiji_location,success,2026-07-21T22:30:59+00:00,unverified_search_origin_not_listing_location,disabled_due_to_unverified_location,"Calgary, AB",,2022,Ford,F-150,lariat,3,39990,No change noted,Unchanged for 10 weeks,10,39990,39990,0,0,156520,Unknown,Gas,Unknown,N/A,Unknown,Dealer,,,,disabled_unverified_location,1725973605,calgary,unverified_url_evidence,https://www.kijiji.ca/v-cars-trucks/calgary/2022-ford-f-150-lariat-no-fees/1725973605,Kijiji
DISABLED_MANUAL_REVIEW_REQUIRED,location_verification_required,success,warnings_present,unverified_kijiji_location,success,2026-07-21T22:30:59+00:00,unverified_search_origin_not_listing_location,disabled_due_to_unverified_location,"Calgary, AB",,2022,Ford,F-150,xlt,2,32990,No change noted,Unchanged for 10 weeks,10,32990,32990,0,0,155069,Unknown,Gas,Unknown,N/A,Unknown,Dealer,,,,disabled_unverified_location,1730600124,calgary,unverified_url_evidence,https://www.kijiji.ca/v-cars-trucks/calgary/2022-ford-f-150-xlt-no-fees/1730600124,Kijiji
DISABLED_MANUAL_REVIEW_REQUIRED,location_verification_required,success,warnings_present,unverified_kijiji_location,success,2026-07-21T22:30:59+00:00,unverified_search_origin_not_listing_location,disabled_due_to_unverified_location,"Calgary, AB",,2022,Ford,F-150,xlt,2,42980,No change noted,Unchanged for 10 weeks,10,42980,42980,0,0,70331,Unknown,Gas,Unknown,N/A,Unknown,Dealer,,,,disabled_unverified_location,1731476722,calgary,unverified_url_evidence,https://www.kijiji.ca/v-cars-trucks/calgary/2022-ford-f-150-xlt/1731476722,Kijiji
DISABLED_MANUAL_REVIEW_REQUIRED,location_verification_required,success,warnings_present,unverified_kijiji_location,success,2026-07-21T22:30:59+00:00,unverified_search_origin_not_listing_location,disabled_due_to_unverified_location,"Carstairs, AB",,2022,Ford,F-150,xlt,2,28998,No change noted,"Down $1,000 over 9 weeks",9,29998,28998,0,-1000,168863,Unknown,Gas,Unknown,N/A,Unknown,Private,,,,disabled_unverified_location,1732688837,ottawa,unverified_url_evidence,https://www.kijiji.ca/v-cars-trucks/ottawa/2022-ford-f-150/1732688837,Kijiji
DISABLED_MANUAL_REVIEW_REQUIRED,location_verification_required,success,warnings_present,unverified_kijiji_location,success,2026-07-21T22:30:59+00:00,unverified_search_origin_not_listing_location,disabled_due_to_unverified_location,"Regina, SK",,2022,Ford,F-150,tremor,3,54990,No change noted,Down $957 over 10 weeks,10,55947,54990,0,-957,60798,Unknown,Gas,Unknown,N/A,Unknown,Private,,,,disabled_unverified_location,1733424703,winnipeg,unverified_url_evidence,https://www.kijiji.ca/v-cars-trucks/winnipeg/2022-ford-f-150-tremor-401a-12-inch-touchscreen-360-degree/1733424703,Kijiji
DISABLED_MANUAL_REVIEW_REQUIRED,location_verification_required,success,warnings_present,unverified_kijiji_location,success,2026-07-21T22:30:59+00:00,unverified_search_origin_not_listing_location,disabled_due_to_unverified_location,"Regina, SK",,2022,Ford,F-150,xlt,2,39682,No change noted,Up $738 over 6 weeks,6,38944,40794,-1112,738,98701,Unknown,Gas,Unknown,N/A,Unknown,Private,,,,disabled_unverified_location,1733833702,winnipeg,unverified_url_evidence,https://www.kijiji.ca/v-cars-trucks/winnipeg/2022-ford-f-150-xlt-4wd-supercrew-5-5-box-302a-xl-4wd-supercrew/1733833702,Kijiji
DISABLED_MANUAL_REVIEW_REQUIRED,location_verification_required,success,warnings_present,unverified_kijiji_location,success,2026-07-21T22:30:59+00:00,unverified_search_origin_not_listing_location,disabled_due_to_unverified_location,"Moose Jaw, SK",,2022,Ford,F-150,fx4,3,43995,No change noted,Unchanged for 9 weeks,9,43995,43995,0,0,90800,3.5L,Gas,Unknown,N/A,Unknown,Private,,,,disabled_unverified_location,1734112388,ottawa,unverified_url_evidence,https://www.kijiji.ca/v-cars-trucks/ottawa/2022-ford-f-150-xlt-fx4-crew-4x4-3-5l-ecoboost-302a-1-owne/1734112388,Kijiji
DISABLED_MANUAL_REVIEW_REQUIRED,location_verification_required,success,warnings_present,unverified_kijiji_location,success,2026-07-21T22:30:59+00:00,unverified_search_origin_not_listing_location,disabled_due_to_unverified_location,"Swift Current, SK",,2022,Ford,F-150,Unknown,1,38977,No change noted,"Down $1,018 over 10 weeks",10,39995,39995,-1018,-1018,98588,3.5L,Gas,Unknown,N/A,Unknown,Private,,,,disabled_unverified_location,1734259989,moose-jaw,unverified_url_evidence,https://www.kijiji.ca/v-cars-trucks/moose-jaw/2022-ford-f-150-xtr-3-5l-ecoboost-remote-start-trailer-bra/1734259989,Kijiji
DISABLED_MANUAL_REVIEW_REQUIRED,location_verification_required,success,warnings_present,unverified_kijiji_location,success,2026-07-21T22:30:59+00:00,unverified_search_origin_not_listing_location,disabled_due_to_unverified_location,"Olds, AB",,2022,Ford,F-150,xlt,2,32608,No change noted,"Down $4,000 over 11 weeks",11,36608,32608,0,-4000,154904,Unknown,Gas,Unknown,N/A,Unknown,Dealer,,,,disabled_unverified_location,1734303110,medicine-hat,unverified_url_evidence,https://www.kijiji.ca/v-cars-trucks/medicine-hat/2022-ford-f-150/1734303110,Kijiji
DISABLED_MANUAL_REVIEW_REQUIRED,location_verification_required,success,warnings_present,unverified_kijiji_location,success,2026-07-21T22:30:59+00:00,unverified_search_origin_not_listing_location,disabled_due_to_unverified_location,"Regina, SK",,2022,Ford,F-150,lariat,3,59980,No change noted,First seen this week,0,59980,59980,0,0,72858,Unknown,Gas,Unknown,N/A,Unknown,Private,,,,disabled_unverified_location,1734446979,winnipeg,unverified_url_evidence,https://www.kijiji.ca/v-cars-trucks/winnipeg/2022-ford-f150-lariat-6-lift-20-rims-35-tires-one-o/1734446979,Kijiji
DISABLED_MANUAL_REVIEW_REQUIRED,location_verification_required,success,warnings_present,unverified_kijiji_location,success,2026-07-21T22:30:59+00:00,unverified_search_origin_not_listing_location,disabled_due_to_unverified_location,"Regina, SK",,2022,Ford,F-150,xlt,2,36998,No change noted,Unchanged for 10 weeks,10,36998,36998,0,0,143203,Unknown,Gas,Unknown,N/A,Unknown,Private,,,,disabled_unverified_location,1734596591,winnipeg,unverified_url_evidence,https://www.kijiji.ca/v-cars-trucks/winnipeg/2022-ford-f-150-xlt-4wd-supercrew-5-5-box/1734596591,Kijiji
DISABLED_MANUAL_REVIEW_REQUIRED,location_verification_required,success,warnings_present,unverified_kijiji_location,success,2026-07-21T22:30:59+00:00,unverified_search_origin_not_listing_location,disabled_due_to_unverified_location,"Regina, SK",,2022,Ford,F-150,xlt,2,25000,No change noted,"Down $1,500 over 10 weeks",10,26500,25000,0,-1500,219907,Unknown,Gas,Unknown,N/A,Unknown,Private,,,,disabled_unverified_location,1734733335,winnipeg,unverified_url_evidence,https://www.kijiji.ca/v-cars-trucks/winnipeg/2022-ford-f-150-xlt-4wd-supercrew-trailer-tow-package-nav-x/1734733335,Kijiji
DISABLED_MANUAL_REVIEW_REQUIRED,location_verification_required,success,warnings_present,unverified_kijiji_location,success,2026-07-21T22:30:59+00:00,unverified_search_origin_not_listing_location,disabled_due_to_unverified_location,"Edmonton, AB",,2022,Ford,F-150,lariat,3,44900,No change noted,Unchanged for 10 weeks,10,44900,44900,0,0,123073,3.5L,Gas,No accidents reported,N/A,Unknown,Dealer,,,,disabled_unverified_location,1734787172,edmonton,unverified_url_evidence,https://www.kijiji.ca/v-cars-trucks/edmonton/2022-ford-f-150-lariat-4wd-supercrew-5-5-box-3-5l-engine-no-a/1734787172,Kijiji
DISABLED_MANUAL_REVIEW_REQUIRED,location_verification_required,success,warnings_present,unverified_kijiji_location,success,2026-07-21T22:30:59+00:00,unverified_search_origin_not_listing_location,disabled_due_to_unverified_location,"Medicine Hat, AB",,2022,Ford,F-150,Unknown,1,30009,No change noted,"Down $4,996 over 11 weeks",11,35005,30009,0,-4996,230217,Unknown,Gas,Unknown,N/A,Unknown,Dealer,,,,disabled_unverified_location,1734831821,lethbridge,unverified_url_evidence,https://www.kijiji.ca/v-cars-trucks/lethbridge/2022-ford-f-150-2022-ford-f150-lariat/1734831821,Kijiji
DISABLED_MANUAL_REVIEW_REQUIRED,location_verification_required,success,warnings_present,unverified_kijiji_location,success,2026-07-21T22:30:59+00:00,unverified_search_origin_not_listing_location,disabled_due_to_unverified_location,"Regina, SK",,2022,Ford,F-150,xlt,2,35988,No change noted,Unchanged for 10 weeks,10,35988,35988,0,0,142100,3.5L,Gas,Unknown,N/A,Unknown,Dealer,,,,disabled_unverified_location,1735792507,winnipeg,unverified_url_evidence,https://www.kijiji.ca/v-cars-trucks/winnipeg/2022-ford-f-150-xlt-4x4-3-5l-ecoboost-66-box/1735792507,Kijiji
DISABLED_MANUAL_REVIEW_REQUIRED,location_verification_required,success,warnings_present,unverified_kijiji_location,success,2026-07-21T22:30:59+00:00,unverified_search_origin_not_listing_location,disabled_due_to_unverified_location,"Saskatoon, SK",,2022,Ford,F-150,xlt,2,45000,No change noted,Unchanged for 4 weeks,4,45000,45000,0,0,138700,Unknown,Gas,Unknown,N/A,Unknown,Private,,,,disabled_unverified_location,1735893454,saskatoon,unverified_url_evidence,https://www.kijiji.ca/v-cars-trucks/saskatoon/2022-f150-xlt-sport/1735893454,Kijiji
DISABLED_MANUAL_REVIEW_REQUIRED,location_verification_required,success,warnings_present,unverified_kijiji_location,success,2026-07-21T22:30:59+00:00,unverified_search_origin_not_listing_location,disabled_due_to_unverified_location,"Moose Jaw, SK",,2022,Ford,F-150,lariat,3,46490,No change noted,"Down $3,500 over 10 weeks",10,49990,46990,-500,-3500,62928,Unknown,Gas,Unknown,N/A,Unknown,Private,,,,disabled_unverified_location,1736624327,ottawa,unverified_url_evidence,https://www.kijiji.ca/v-cars-trucks/ottawa/2022-ford-f-150-lariat-502a-crew-cab-short-bed/1736624327,Kijiji
DISABLED_MANUAL_REVIEW_REQUIRED,location_verification_required,success,warnings_present,unverified_kijiji_location,success,2026-07-21T22:30:59+00:00,unverified_search_origin_not_listing_location,disabled_due_to_unverified_location,"Medicine Hat, AB",,2022,Ford,F-150,lariat,3,45000,No change noted,Unchanged for 7 weeks,7,45000,45000,0,0,171000,Unknown,Gas,Unknown,N/A,Unknown,Private,,,,disabled_unverified_location,1736747313,lethbridge,unverified_url_evidence,https://www.kijiji.ca/v-cars-trucks/lethbridge/2022-f150-lariat/1736747313,Kijiji
DISABLED_MANUAL_REVIEW_REQUIRED,location_verification_required,success,warnings_present,unverified_kijiji_location,success,2026-07-21T22:30:59+00:00,unverified_search_origin_not_listing_location,disabled_due_to_unverified_location,"Carstairs, AB",,2022,Ford,F-150,xl,1,39998,No change noted,"Down $2,000 over 10 weeks",10,41998,39998,0,-2000,69724,Unknown,Gas,Unknown,N/A,Unknown,Private,,,,disabled_unverified_location,1736813975,ottawa,unverified_url_evidence,https://www.kijiji.ca/v-cars-trucks/ottawa/2022-ford-f-150/1736813975,Kijiji
DISABLED_MANUAL_REVIEW_REQUIRED,location_verification_required,success,warnings_present,unverified_kijiji_location,success,2026-07-21T22:30:59+00:00,unverified_search_origin_not_listing_location,disabled_due_to_unverified_location,"Calgary, AB",,2022,Ford,F-150,Unknown,1,30620,No change noted,"Down $9,379 over 10 weeks",10,39999,34999,-4379,-9379,196485,Unknown,Gas,Unknown,N/A,Unknown,Dealer,,,,disabled_unverified_location,1736814536,calgary,unverified_url_evidence,https://www.kijiji.ca/v-cars-trucks/calgary/2022-ford-f-150-lari/1736814536,Kijiji
DISABLED_MANUAL_REVIEW_REQUIRED,location_verification_required,success,warnings_present,unverified_kijiji_location,success,2026-07-21T22:30:59+00:00,unverified_search_origin_not_listing_location,disabled_due_to_unverified_location,"Saskatoon, SK",,2022,Ford,F-150,xlt,2,35995,No change noted,"Up $6,000 over 8 weeks",8,29995,35995,0,6000,196449,3.5L,Gas,Unknown,N/A,Unknown,Private,,,,disabled_unverified_location,1736922010,saskatoon,unverified_url_evidence,https://www.kijiji.ca/v-cars-trucks/saskatoon/2022-ford-f-150-xlt-crew-cab-3-5l-v6-command-start-heated-se/1736922010,Kijiji
DISABLED_MANUAL_REVIEW_REQUIRED,location_verification_required,success,warnings_present,unverified_kijiji_location,success,2026-07-21T22:30:59+00:00,unverified_search_origin_not_listing_location,disabled_due_to_unverified_location,"Calgary, AB",,2022,Ford,F-150,tremor,3,49995,No change noted,"Down $2,000 over 10 weeks",10,51995,49995,0,-2000,87892,3.5L,Gas,Unknown,N/A,Unknown,Dealer,,,,disabled_unverified_location,1736922594,calgary,unverified_url_evidence,https://www.kijiji.ca/v-cars-trucks/calgary/2022-ford-f-150-tremor-3-5l-ecoboost-401a-pano-roof/1736922594,Kijiji
DISABLED_MANUAL_REVIEW_REQUIRED,location_verification_required,success,warnings_present,unverified_kijiji_location,success,2026-07-21T22:30:59+00:00,unverified_search_origin_not_listing_location,disabled_due_to_unverified_location,"Prince Albert, SK",,2022,Ford,F-150,lariat,3,45495,No change noted,"Down $2,500 over 7 weeks",7,47995,45995,-500,-2500,126103,Unknown,Gas,Unknown,N/A,Unknown,Private,,,,disabled_unverified_location,1737245628,mississauga-peel-region,unverified_url_evidence,https://www.kijiji.ca/v-cars-trucks/mississauga-peel-region/2022-ford-f-150-lariat-v8-loaded-nav-pano-roof/1737245628,Kijiji
DISABLED_MANUAL_REVIEW_REQUIRED,location_verification_required,success,warnings_present,unverified_kijiji_location,success,2026-07-21T22:30:59+00:00,unverified_search_origin_not_listing_location,disabled_due_to_unverified_location,"Camrose, AB",,2022,Ford,F-150,platinum,3,47988,No change noted,"Down $2,001 over 10 weeks",10,49989,48967,-979,-2001,111311,Unknown,Gas,Unknown,N/A,Unknown,Dealer,,,,disabled_unverified_location,1737298860,edmonton,unverified_url_evidence,https://www.kijiji.ca/v-cars-trucks/edmonton/2022-ford-f-150-platinum/1737298860,Kijiji
DISABLED_MANUAL_REVIEW_REQUIRED,location_verification_required,success,warnings_present,unverified_kijiji_location,success,2026-07-21T22:30:59+00:00,unverified_search_origin_not_listing_location,disabled_due_to_unverified_location,"Moose Jaw, SK",,2022,Ford,F-150,xlt,2,40998,No change noted,Unchanged for 10 weeks,10,40998,40998,0,0,99325,Unknown,Gas,Unknown,N/A,Unknown,Private,,,,disabled_unverified_location,1737501818,ottawa,unverified_url_evidence,https://www.kijiji.ca/v-cars-trucks/ottawa/2022-ford-f-150/1737501818,Kijiji
DISABLED_MANUAL_REVIEW_REQUIRED,location_verification_required,success,warnings_present,unverified_kijiji_location,success,2026-07-21T22:30:59+00:00,unverified_search_origin_not_listing_location,disabled_due_to_unverified_location,"Camrose, AB",,2022,Ford,F-150,lariat,3,45499,No change noted,"Down $2,500 over 10 weeks",10,47999,46499,-1000,-2500,75228,Unknown,Gas,Unknown,N/A,Unknown,Dealer,,,,disabled_unverified_location,1737505861,strathcona-county,unverified_url_evidence,https://www.kijiji.ca/v-cars-trucks/strathcona-county/2022-ford-f-150-lariat-trailer-tow-pkg/1737505861,Kijiji
DISABLED_MANUAL_REVIEW_REQUIRED,location_verification_required,success,warnings_present,unverified_kijiji_location,success,2026-07-21T22:30:59+00:00,unverified_search_origin_not_listing_location,disabled_due_to_unverified_location,"Carstairs, AB",,2022,Ford,F-150,Unknown,1,51990,No change noted,Unchanged for 7 weeks,7,51990,51990,0,0,69800,Unknown,Gas,Unknown,N/A,Unknown,Dealer,,,,disabled_unverified_location,1737556735,banff-canmore,unverified_url_evidence,https://www.kijiji.ca/v-cars-trucks/banff-canmore/2022-ford-f-150/1737556735,Kijiji
DISABLED_MANUAL_REVIEW_REQUIRED,location_verification_required,success,warnings_present,unverified_kijiji_location,success,2026-07-21T22:30:59+00:00,unverified_search_origin_not_listing_location,disabled_due_to_unverified_location,"High River, AB",,2022,Ford,F-150,lariat,3,52386,No change noted,Down $70 over 10 weeks,10,52456,52393,-7,-70,56541,Unknown,Gas,No accidents reported,N/A,Unknown,Private,,,,disabled_unverified_location,1737559077,hamilton,unverified_url_evidence,https://www.kijiji.ca/v-cars-trucks/hamilton/2022-ford-f-150-lariat-sport-1-owner-no-accidents/1737559077,Kijiji
DISABLED_MANUAL_REVIEW_REQUIRED,location_verification_required,success,warnings_present,unverified_kijiji_location,success,2026-07-21T22:30:59+00:00,unverified_search_origin_not_listing_location,disabled_due_to_unverified_location,"Regina, SK",,2022,Ford,F-150,Unknown,1,38999,No change noted,Unchanged for 10 weeks,10,38999,38999,0,0,167317,Unknown,Gas,No accidents reported,N/A,Unknown,Private,,,,disabled_unverified_location,1737579813,winnipeg,unverified_url_evidence,https://www.kijiji.ca/v-cars-trucks/winnipeg/2022-ford-f-150-4wd-supercrew-box-accident-free-1-owner/1737579813,Kijiji
DISABLED_MANUAL_REVIEW_REQUIRED,location_verification_required,success,warnings_present,unverified_kijiji_location,success,2026-07-21T22:30:59+00:00,unverified_search_origin_not_listing_location,disabled_due_to_unverified_location,"Edmonton, AB",,2022,Ford,F-150,lariat,3,37945,No change noted,Unchanged for 8 weeks,8,37945,37945,0,0,139811,3.5L,Gas,Unknown,N/A,Unknown,Dealer,,,,disabled_unverified_location,1737657573,edmonton,unverified_url_evidence,https://www.kijiji.ca/v-cars-trucks/edmonton/2022-ford-f-150-lariat-3-5l-nav-sunroof-canopy/1737657573,Kijiji
DISABLED_MANUAL_REVIEW_REQUIRED,location_verification_required,success,warnings_present,unverified_kijiji_location,success,2026-07-21T22:30:59+00:00,unverified_search_origin_not_listing_location,disabled_due_to_unverified_location,"Olds, AB",,2022,Ford,F-150,platinum,3,54608,No change noted,"Down $1,000 over 11 weeks",11,55608,54608,0,-1000,95006,Unknown,Gas,Unknown,N/A,Unknown,Dealer,,,,disabled_unverified_location,1737661024,medicine-hat,unverified_url_evidence,https://www.kijiji.ca/v-cars-trucks/medicine-hat/2022-ford-f-150/1737661024,Kijiji
DISABLED_MANUAL_REVIEW_REQUIRED,location_verification_required,success,warnings_present,unverified_kijiji_location,success,2026-07-21T22:30:59+00:00,unverified_search_origin_not_listing_location,disabled_due_to_unverified_location,"Calgary, AB",,2022,Ford,F-150,platinum,3,50218,No change noted,Down $363 over 9 weeks,9,50581,50218,0,-363,115442,Unknown,Gas,Unknown,N/A,Unknown,Dealer,,,,disabled_unverified_location,1737722273,calgary,unverified_url_evidence,https://www.kijiji.ca/v-cars-trucks/calgary/2022-ford-f-150-platinum-heat-cooling-seats-remote-start/1737722273,Kijiji
DISABLED_MANUAL_REVIEW_REQUIRED,location_verification_required,success,warnings_present,unverified_kijiji_location,success,2026-07-21T22:30:59+00:00,unverified_search_origin_not_listing_location,disabled_due_to_unverified_location,"Moose Jaw, SK",,2022,Ford,F-150,xlt,2,40090,No change noted,"Down $1,300 over 6 weeks",6,41390,40490,-400,-1300,71642,Unknown,Gas,Unknown,N/A,Unknown,Private,,,,disabled_unverified_location,1737733692,ottawa,unverified_url_evidence,https://www.kijiji.ca/v-cars-trucks/ottawa/2022-ford-f-150-xlt-301a-crew-cab-standard-bed/1737733692,Kijiji
DISABLED_MANUAL_REVIEW_REQUIRED,location_verification_required,success,warnings_present,unverified_kijiji_location,success,2026-07-21T22:30:59+00:00,unverified_search_origin_not_listing_location,disabled_due_to_unverified_location,"Regina, SK",,2022,Ford,F-150,lariat,3,58800,No change noted,First seen this week,0,58800,58800,0,0,58400,Unknown,Gas,Unknown,N/A,Unknown,Private,,,,disabled_unverified_location,1737767510,winnipeg,unverified_url_evidence,https://www.kijiji.ca/v-cars-trucks/winnipeg/2022-ford-f-150-lariat-4wd-sunroof-htd-vented-leather-seat/1737767510,Kijiji
DISABLED_MANUAL_REVIEW_REQUIRED,location_verification_required,success,warnings_present,unverified_kijiji_location,success,2026-07-21T22:30:59+00:00,unverified_search_origin_not_listing_location,disabled_due_to_unverified_location,"Saskatoon, SK",,2022,Ford,F-150,xlt,2,28799,No change noted,Unchanged for 11 weeks,11,28799,28799,0,0,196354,Unknown,Gas,Unknown,N/A,Unknown,Private,,,,disabled_unverified_location,1737825434,saskatoon,unverified_url_evidence,https://www.kijiji.ca/v-cars-trucks/saskatoon/2022-ford-f-150-xlt/1737825434,Kijiji
DISABLED_MANUAL_REVIEW_REQUIRED,location_verification_required,success,warnings_present,unverified_kijiji_location,success,2026-07-21T22:30:59+00:00,unverified_search_origin_not_listing_location,disabled_due_to_unverified_location,"Edmonton, AB",,2022,Ford,F-150,tremor,3,39507,No change noted,"Down $6,000 over 9 weeks",9,45507,39507,0,-6000,141828,3.5L,Gas,Unknown,N/A,Unknown,Dealer,,,,disabled_unverified_location,1737875421,edmonton,unverified_url_evidence,https://www.kijiji.ca/v-cars-trucks/edmonton/2022-ford-f-150-tremor-crew-cab-3-5l-ecoboost-carplay/1737875421,Kijiji
DISABLED_MANUAL_REVIEW_REQUIRED,location_verification_required,success,warnings_present,unverified_kijiji_location,success,2026-07-21T22:30:59+00:00,unverified_search_origin_not_listing_location,disabled_due_to_unverified_location,"Calgary, AB",,2022,Ford,F-150,xlt,2,27990,No change noted,Unchanged for 10 weeks,10,27990,27990,0,0,193971,Unknown,Gas,Unknown,N/A,Unknown,Dealer,,,,disabled_unverified_location,1737930169,calgary,unverified_url_evidence,https://www.kijiji.ca/v-cars-trucks/calgary/2022-ford-f-150-xlt-4wd-supercrew-6-5-box/1737930169,Kijiji
DISABLED_MANUAL_REVIEW_REQUIRED,location_verification_required,success,warnings_present,unverified_kijiji_location,success,2026-07-21T22:30:59+00:00,unverified_search_origin_not_listing_location,disabled_due_to_unverified_location,"Calgary, AB",,2022,Ford,F-150,xlt,2,31990,No change noted,Unchanged for 10 weeks,10,31990,31990,0,0,144305,Unknown,Gas,Unknown,N/A,Unknown,Dealer,,,,disabled_unverified_location,1737930172,calgary,unverified_url_evidence,https://www.kijiji.ca/v-cars-trucks/calgary/2022-ford-f-150-xlt-4wd-supercrew-5-5-box/1737930172,Kijiji
DISABLED_MANUAL_REVIEW_REQUIRED,location_verification_required,success,warnings_present,unverified_kijiji_location,success,2026-07-21T22:30:59+00:00,unverified_search_origin_not_listing_location,disabled_due_to_unverified_location,"Carstairs, AB",,2022,Ford,F-150,lariat,3,50978,No change noted,"Down $2,682 over 6 weeks",6,53660,50978,0,-2682,93025,Unknown,Gas,Unknown,N/A,Unknown,Private,,,,disabled_unverified_location,1738086412,regina,unverified_url_evidence,https://www.kijiji.ca/v-cars-trucks/regina/2022-ford-f-150-lariat-supercrew/1738086412,Kijiji
DISABLED_MANUAL_REVIEW_REQUIRED,location_verification_required,success,warnings_present,unverified_kijiji_location,success,2026-07-21T22:30:59+00:00,unverified_search_origin_not_listing_location,disabled_due_to_unverified_location,"Carstairs, AB",,2022,Ford,F-150,xlt,2,37998,No change noted,Unchanged for 10 weeks,10,37998,37998,0,0,57085,Unknown,Gas,Unknown,N/A,Unknown,Private,,,,disabled_unverified_location,1738090942,ottawa,unverified_url_evidence,https://www.kijiji.ca/v-cars-trucks/ottawa/2022-ford-f-150/1738090942,Kijiji
DISABLED_MANUAL_REVIEW_REQUIRED,location_verification_required,success,warnings_present,unverified_kijiji_location,success,2026-07-21T22:30:59+00:00,unverified_search_origin_not_listing_location,disabled_due_to_unverified_location,"Calgary, AB",,2022,Ford,F-150,xlt,2,33995,No change noted,"Down $2,000 over 8 weeks",8,35995,32995,1000,-2000,167427,Unknown,Gas,Unknown,N/A,Unknown,Dealer,,,,disabled_unverified_location,1738197835,calgary,unverified_url_evidence,https://www.kijiji.ca/v-cars-trucks/calgary/2022-ford-f-150-xlt-302a-moonroof-max-tow-360-cam/1738197835,Kijiji
DISABLED_MANUAL_REVIEW_REQUIRED,location_verification_required,success,warnings_present,unverified_kijiji_location,success,2026-07-21T22:30:59+00:00,unverified_search_origin_not_listing_location,disabled_due_to_unverified_location,"Edmonton, AB",,2022,Ford,F-150,xlt,2,45000,No change noted,"Down $3,000 over 8 weeks",8,48000,45000,0,-3000,107000,Unknown,Gas,No accidents reported,N/A,Unknown,Private,,,,disabled_unverified_location,1738235548,edmonton,unverified_url_evidence,https://www.kijiji.ca/v-cars-trucks/edmonton/2022-f150-xlt/1738235548,Kijiji
DISABLED_MANUAL_REVIEW_REQUIRED,location_verification_required,success,warnings_present,unverified_kijiji_location,success,2026-07-21T22:30:59+00:00,unverified_search_origin_not_listing_location,disabled_due_to_unverified_location,"Edmonton, AB",,2022,Ford,F-150,xlt,2,33500,No change noted,"Down $2,500 over 8 weeks",8,36000,33500,0,-2500,130220,Unknown,Gas,Unknown,N/A,Unknown,Dealer,,,,disabled_unverified_location,1738251465,edmonton,unverified_url_evidence,https://www.kijiji.ca/v-cars-trucks/edmonton/2022-ford-f-150-xlt-supercrew-145-sync-4-fog-lights/1738251465,Kijiji
DISABLED_MANUAL_REVIEW_REQUIRED,location_verification_required,success,warnings_present,unverified_kijiji_location,success,2026-07-21T22:30:59+00:00,unverified_search_origin_not_listing_location,disabled_due_to_unverified_location,"Ponoka, AB",,2022,Ford,F-150,lariat,3,51993,No change noted,"Down $2,000 over 8 weeks",8,53993,53993,-2000,-2000,86810,Unknown,Gas,Unknown,N/A,Unknown,Dealer,,,,disabled_unverified_location,1738300590,fort-mcmurray,unverified_url_evidence,https://www.kijiji.ca/v-cars-trucks/fort-mcmurray/2022-ford-f-150-lariat-leather-seats-cooled-seats/1738300590,Kijiji
DISABLED_MANUAL_REVIEW_REQUIRED,location_verification_required,success,warnings_present,unverified_kijiji_location,success,2026-07-21T22:30:59+00:00,unverified_search_origin_not_listing_location,disabled_due_to_unverified_location,"Carstairs, AB",,2022,Ford,F-150,xlt,2,32189,No change noted,Up $311 over 9 weeks,9,31878,32189,0,311,172138,Unknown,Gas,Unknown,N/A,Unknown,Private,,,,disabled_unverified_location,1738349259,ottawa,unverified_url_evidence,https://www.kijiji.ca/v-cars-trucks/ottawa/2022-ford-f-150/1738349259,Kijiji
DISABLED_MANUAL_REVIEW_REQUIRED,location_verification_required,success,warnings_present,unverified_kijiji_location,success,2026-07-21T22:30:59+00:00,unverified_search_origin_not_listing_location,disabled_due_to_unverified_location,"Edmonton, AB",,2022,Ford,F-150,tremor,3,42966,No change noted,"Down $1,870 over 8 weeks",8,44836,42899,67,-1870,122349,Unknown,Gas,Unknown,N/A,Unknown,Dealer,,,,disabled_unverified_location,1738352691,edmonton,unverified_url_evidence,https://www.kijiji.ca/v-cars-trucks/edmonton/2022-ford-f-150-tremor-4wd-supercrew-5-5-box/1738352691,Kijiji
DISABLED_MANUAL_REVIEW_REQUIRED,location_verification_required,success,warnings_present,unverified_kijiji_location,success,2026-07-21T22:30:59+00:00,unverified_search_origin_not_listing_location,disabled_due_to_unverified_location,"Edmonton, AB",,2022,Ford,F-150,Unknown,1,29750,No change noted,Unchanged for 8 weeks,8,29750,29750,0,0,92807,Unknown,Gas,Unknown,N/A,Unknown,Private,,,,disabled_unverified_location,1738377206,edmonton,unverified_url_evidence,https://www.kijiji.ca/v-cars-trucks/edmonton/2022-ram-1500-hemi-low-mileage-low-price/1738377206,Kijiji
DISABLED_MANUAL_REVIEW_REQUIRED,location_verification_required,success,warnings_present,unverified_kijiji_location,success,2026-07-21T22:30:59+00:00,unverified_search_origin_not_listing_location,disabled_due_to_unverified_location,"Olds, AB",,2022,Ford,F-150,xlt,2,40704,No change noted,Unchanged for 8 weeks,8,40704,40704,0,0,26881,Unknown,Gas,Unknown,N/A,Unknown,Dealer,,,,disabled_unverified_location,1738397264,medicine-hat,unverified_url_evidence,https://www.kijiji.ca/v-cars-trucks/medicine-hat/2022-ford-f-150-xlt/1738397264,Kijiji
DISABLED_MANUAL_REVIEW_REQUIRED,location_verification_required,success,warnings_present,unverified_kijiji_location,success,2026-07-21T22:30:59+00:00,unverified_search_origin_not_listing_location,disabled_due_to_unverified_location,"Regina, SK",,2022,Ford,F-150,lariat,3,59998,No change noted,Unchanged for 6 weeks,6,59998,59998,0,0,59185,Unknown,Gas,Unknown,N/A,Unknown,Private,,,,disabled_unverified_location,1738406598,winnipeg,unverified_url_evidence,https://www.kijiji.ca/v-cars-trucks/winnipeg/2022-ford-f-150-lariat-501a-4wd-supercrew-5-5-box/1738406598,Kijiji
DISABLED_MANUAL_REVIEW_REQUIRED,location_verification_required,success,warnings_present,unverified_kijiji_location,success,2026-07-21T22:30:59+00:00,unverified_search_origin_not_listing_location,disabled_due_to_unverified_location,"Edmonton, AB",,2022,Ford,F-150,lariat,3,44500,No change noted,"Down $2,000 over 7 weeks",7,46500,44500,0,-2000,151300,Unknown,Gas,Unknown,N/A,Unknown,Dealer,,,,disabled_unverified_location,1738456670,edmonton,unverified_url_evidence,https://www.kijiji.ca/v-cars-trucks/edmonton/2022-ford-f-150-lariat-supercrew-157-tow-pkg-co-pilot-360/1738456670,Kijiji
DISABLED_MANUAL_REVIEW_REQUIRED,location_verification_required,success,warnings_present,unverified_kijiji_location,success,2026-07-21T22:30:59+00:00,unverified_search_origin_not_listing_location,disabled_due_to_unverified_location,"Saskatoon, SK",,2022,Ford,F-150,lariat,3,49995,No change noted,Unchanged for 9 weeks,9,49995,49995,0,0,91503,Unknown,Gas,Unknown,N/A,Unknown,Private,,,,disabled_unverified_location,1738457976,saskatoon,unverified_url_evidence,https://www.kijiji.ca/v-cars-trucks/saskatoon/ford-f-150-lariat-2022/1738457976,Kijiji
DISABLED_MANUAL_REVIEW_REQUIRED,location_verification_required,success,warnings_present,unverified_kijiji_location,success,2026-07-21T22:30:59+00:00,unverified_search_origin_not_listing_location,disabled_due_to_unverified_location,"Carstairs, AB",,2022,Ford,F-150,xlt,2,41562,No change noted,"Down $2,140 over 5 weeks",5,43702,41562,0,-2140,71805,3.5L,Gas,Unknown,N/A,Unknown,Private,,,,disabled_unverified_location,1738558034,brandon,unverified_url_evidence,https://www.kijiji.ca/v-cars-trucks/brandon/2022-ford-f-150-xlt-4wd-trailer-pkg-backup-camera/1738558034,Kijiji
DISABLED_MANUAL_REVIEW_REQUIRED,location_verification_required,success,warnings_present,unverified_kijiji_location,success,2026-07-21T22:30:59+00:00,unverified_search_origin_not_listing_location,disabled_due_to_unverified_location,"Saskatoon, SK",,2022,Ford,F-150,xlt,2,45000,No change noted,Unchanged for 8 weeks,8,45000,45000,0,0,108000,Unknown,Gas,Unknown,N/A,Unknown,Private,,,,disabled_unverified_location,1738598669,saskatoon,unverified_url_evidence,https://www.kijiji.ca/v-cars-trucks/saskatoon/2022-ford-f150-xlt-3-5-overland-build/1738598669,Kijiji
DISABLED_MANUAL_REVIEW_REQUIRED,location_verification_required,success,warnings_present,unverified_kijiji_location,success,2026-07-21T22:30:59+00:00,unverified_search_origin_not_listing_location,disabled_due_to_unverified_location,"Carstairs, AB",,2022,Ford,F-150,xlt,2,35888,No change noted,"Down $1,000 over 5 weeks",5,36888,36888,-1000,-1000,154191,Unknown,Gas,Unknown,N/A,Unknown,Private,,,,disabled_unverified_location,1738603964,cranbrook,unverified_url_evidence,https://www.kijiji.ca/v-cars-trucks/cranbrook/2022-ford-f-150-xlt-remote-start-apple-carplay-343-b-w/1738603964,Kijiji
DISABLED_MANUAL_REVIEW_REQUIRED,location_verification_required,success,warnings_present,unverified_kijiji_location,success,2026-07-21T22:30:59+00:00,unverified_search_origin_not_listing_location,disabled_due_to_unverified_location,"Regina, SK",,2022,Ford,F-150,Unknown,1,31900,No change noted,"Down $1,000 over 7 weeks",7,32900,31900,0,-1000,150000,Unknown,Gas,Accident reported,N/A,Unknown,Private,,,,disabled_unverified_location,1738633050,winnipeg,unverified_url_evidence,https://www.kijiji.ca/v-cars-trucks/winnipeg/2022-ford-f-150-xtr-crew-local-o-accident/1738633050,Kijiji
DISABLED_MANUAL_REVIEW_REQUIRED,location_verification_required,success,warnings_present,unverified_kijiji_location,success,2026-07-21T22:30:59+00:00,unverified_search_origin_not_listing_location,disabled_due_to_unverified_location,"Moose Jaw, SK",,2022,Ford,F-150,xlt,2,45890,No change noted,Down $100 over 6 weeks,6,45990,46290,-400,-100,45707,Unknown,Gas,Unknown,N/A,Unknown,Private,,,,disabled_unverified_location,1738773336,ottawa,unverified_url_evidence,https://www.kijiji.ca/v-cars-trucks/ottawa/2022-ford-f-150-xlt-302a-crew-cab-short-bed/1738773336,Kijiji
DISABLED_MANUAL_REVIEW_REQUIRED,location_verification_required,success,warnings_present,unverified_kijiji_location,success,2026-07-21T22:30:59+00:00,unverified_search_origin_not_listing_location,disabled_due_to_unverified_location,"Moose Jaw, SK",,2022,Ford,F-150,xlt,2,40590,No change noted,Up $200 over 5 weeks,5,40390,40590,0,200,105700,Unknown,Gas,Unknown,N/A,Unknown,Private,,,,disabled_unverified_location,1738926971,ottawa,unverified_url_evidence,https://www.kijiji.ca/v-cars-trucks/ottawa/2022-ford-f-150-xlt-302a-crew-cab-short-bed/1738926971,Kijiji
DISABLED_MANUAL_REVIEW_REQUIRED,location_verification_required,success,warnings_present,unverified_kijiji_location,success,2026-07-21T22:30:59+00:00,unverified_search_origin_not_listing_location,disabled_due_to_unverified_location,"Regina, SK",,2022,Ford,F-150,lariat,3,51000,No change noted,Up $206 over 6 weeks,6,50794,50794,206,206,76478,Unknown,Gas,Unknown,N/A,Unknown,Private,,,,disabled_unverified_location,1739015645,winnipeg,unverified_url_evidence,https://www.kijiji.ca/v-cars-trucks/winnipeg/2022-ford-f-150-lariat-leather-seats-360-cam-moonroof/1739015645,Kijiji
DISABLED_MANUAL_REVIEW_REQUIRED,location_verification_required,success,warnings_present,unverified_kijiji_location,success,2026-07-21T22:30:59+00:00,unverified_search_origin_not_listing_location,disabled_due_to_unverified_location,"Calgary, AB",,2022,Ford,F-150,lariat,3,44995,No change noted,Unchanged for 6 weeks,6,44995,44995,0,0,71114,2.7L,Gas,Unknown,N/A,Unknown,Dealer,,,,disabled_unverified_location,1739019320,calgary,unverified_url_evidence,https://www.kijiji.ca/v-cars-trucks/calgary/2022-ford-f-150-lariat-4x4-2-7l-navigation-b-cam-leather/1739019320,Kijiji
DISABLED_MANUAL_REVIEW_REQUIRED,location_verification_required,success,warnings_present,unverified_kijiji_location,success,2026-07-21T22:30:59+00:00,unverified_search_origin_not_listing_location,disabled_due_to_unverified_location,"Calgary, AB",,2022,Ford,F-150,lariat,3,42990,No change noted,Unchanged for 5 weeks,5,42990,42990,0,0,134579,Unknown,Gas,Unknown,N/A,Unknown,Dealer,,,,disabled_unverified_location,1739066783,calgary,unverified_url_evidence,https://www.kijiji.ca/v-cars-trucks/calgary/2022-ford-f-150-lariat-4wd-supercrew-5-5-box/1739066783,Kijiji
DISABLED_MANUAL_REVIEW_REQUIRED,location_verification_required,success,warnings_present,unverified_kijiji_location,success,2026-07-21T22:30:59+00:00,unverified_search_origin_not_listing_location,disabled_due_to_unverified_location,"Edmonton, AB",,2022,Ford,F-150,xlt,2,42990,No change noted,Unchanged for 5 weeks,5,42990,42990,0,0,36449,3.3L,Gas,Unknown,N/A,Unknown,Dealer,,,,disabled_unverified_location,1739068125,edmonton,unverified_url_evidence,https://www.kijiji.ca/v-cars-trucks/edmonton/xlt-supercrew-3-3l-4x4/1739068125,Kijiji
DISABLED_MANUAL_REVIEW_REQUIRED,location_verification_required,success,warnings_present,unverified_kijiji_location,success,2026-07-21T22:30:59+00:00,unverified_search_origin_not_listing_location,disabled_due_to_unverified_location,"Calgary, AB",,2022,Ford,F-150,xlt,2,45990,No change noted,Unchanged for 6 weeks,6,45990,45990,0,0,46501,5.0L,Gas,Unknown,N/A,Unknown,Dealer,,,,disabled_unverified_location,1739112467,calgary,unverified_url_evidence,https://www.kijiji.ca/v-cars-trucks/calgary/2022-ford-f-150-xlt-300a-tow-pkg-5-0l/1739112467,Kijiji
DISABLED_MANUAL_REVIEW_REQUIRED,location_verification_required,success,warnings_present,unverified_kijiji_location,success,2026-07-21T22:30:59+00:00,unverified_search_origin_not_listing_location,disabled_due_to_unverified_location,"Regina, SK",,2022,Ford,F-150,platinum,3,46495,No change noted,Unchanged for 6 weeks,6,46495,46495,0,0,184000,Unknown,Gas,Accident reported,N/A,Unknown,Private,,,,disabled_unverified_location,1739117437,winnipeg,unverified_url_evidence,https://www.kijiji.ca/v-cars-trucks/winnipeg/2022-ford-f-150-platinum-running-boards-power-liftgate/1739117437,Kijiji
DISABLED_MANUAL_REVIEW_REQUIRED,location_verification_required,success,warnings_present,unverified_kijiji_location,success,2026-07-21T22:30:59+00:00,unverified_search_origin_not_listing_location,disabled_due_to_unverified_location,"Moose Jaw, SK",,2022,Ford,F-150,lariat,3,50190,No change noted,"Down $1,100 over 4 weeks",4,51290,50790,-600,-1100,68070,Unknown,Gas,Unknown,N/A,Unknown,Private,,,,disabled_unverified_location,1739177304,ottawa,unverified_url_evidence,https://www.kijiji.ca/v-cars-trucks/ottawa/2022-ford-f-150-lariat-502a-crew-cab-short-bed/1739177304,Kijiji
DISABLED_MANUAL_REVIEW_REQUIRED,location_verification_required,success,warnings_present,unverified_kijiji_location,success,2026-07-21T22:30:59+00:00,unverified_search_origin_not_listing_location,disabled_due_to_unverified_location,"Calgary, AB",,2022,Ford,F-150,xlt,2,36990,No change noted,Unchanged for 4 weeks,4,36990,36990,0,0,151250,Unknown,Gas,Unknown,N/A,Unknown,Dealer,,,,disabled_unverified_location,1739359934,calgary,unverified_url_evidence,https://www.kijiji.ca/v-cars-trucks/calgary/2022-ford-f-150-xlt-4wd-supercrew-6-5-box/1739359934,Kijiji
DISABLED_MANUAL_REVIEW_REQUIRED,location_verification_required,success,warnings_present,unverified_kijiji_location,success,2026-07-21T22:30:59+00:00,unverified_search_origin_not_listing_location,disabled_due_to_unverified_location,"Edmonton, AB",,2022,Ford,F-150,Unknown,1,48988,No change noted,"Down $1,000 over 5 weeks",5,49988,48988,0,-1000,65655,Unknown,Gas,Unknown,N/A,Unknown,Dealer,,,,disabled_unverified_location,1739407873,edmonton,unverified_url_evidence,https://www.kijiji.ca/v-cars-trucks/edmonton/2022-ford-f-150/1739407873,Kijiji
DISABLED_MANUAL_REVIEW_REQUIRED,location_verification_required,success,warnings_present,unverified_kijiji_location,success,2026-07-21T22:30:59+00:00,unverified_search_origin_not_listing_location,disabled_due_to_unverified_location,"Carstairs, AB",,2022,Ford,F-150,xlt,2,41000,No change noted,Unchanged for 4 weeks,4,41000,41000,0,0,64225,Unknown,Gas,Unknown,N/A,Unknown,Private,,,,disabled_unverified_location,1739457130,sudbury,unverified_url_evidence,https://www.kijiji.ca/v-cars-trucks/sudbury/2022-ford-f-150/1739457130,Kijiji
DISABLED_MANUAL_REVIEW_REQUIRED,location_verification_required,success,warnings_present,unverified_kijiji_location,success,2026-07-21T22:30:59+00:00,unverified_search_origin_not_listing_location,disabled_due_to_unverified_location,"Ponoka, AB",,2022,Ford,F-150,tremor,3,52993,No change noted,"Down $3,000 over 4 weeks",4,55993,55993,-3000,-3000,54669,Unknown,Gas,Unknown,N/A,Unknown,Dealer,,,,disabled_unverified_location,1739504728,fort-mcmurray,unverified_url_evidence,https://www.kijiji.ca/v-cars-trucks/fort-mcmurray/2022-ford-f-150-tremor-remote-start-apple-carplay/1739504728,Kijiji
DISABLED_MANUAL_REVIEW_REQUIRED,location_verification_required,success,warnings_present,unverified_kijiji_location,success,2026-07-21T22:30:59+00:00,unverified_search_origin_not_listing_location,disabled_due_to_unverified_location,"Camrose, AB",,2022,Ford,F-150,Unknown,1,35000,No change noted,Unchanged for 4 weeks,4,35000,35000,0,0,161000,Unknown,Gas,Salvage/rebuilt,N/A,Unknown,Private,,,,disabled_unverified_location,1739529699,st-albert,unverified_url_evidence,https://www.kijiji.ca/v-cars-trucks/st-albert/ford-f150/1739529699,Kijiji
DISABLED_MANUAL_REVIEW_REQUIRED,location_verification_required,success,warnings_present,unverified_kijiji_location,success,2026-07-21T22:30:59+00:00,unverified_search_origin_not_listing_location,disabled_due_to_unverified_location,"Camrose, AB",,2022,Ford,F-150,xlt,2,31499,No change noted,Down $500 over 4 weeks,4,31999,31999,-500,-500,182928,Unknown,Gas,Unknown,N/A,Unknown,Dealer,,,,disabled_unverified_location,1739548064,strathcona-county,unverified_url_evidence,https://www.kijiji.ca/v-cars-trucks/strathcona-county/2022-ford-f-150-xlt-trailer-tow-pkg/1739548064,Kijiji
DISABLED_MANUAL_REVIEW_REQUIRED,location_verification_required,success,warnings_present,unverified_kijiji_location,success,2026-07-21T22:30:59+00:00,unverified_search_origin_not_listing_location,disabled_due_to_unverified_location,"Calgary, AB",,2022,Ford,F-150,lariat,3,43995,No change noted,Unchanged for 1 weeks,1,43995,43995,0,0,129329,Unknown,Gas,Unknown,N/A,Unknown,Dealer,,,,disabled_unverified_location,1739636498,calgary,unverified_url_evidence,https://www.kijiji.ca/v-cars-trucks/calgary/2022-ford-f-150/1739636498,Kijiji
DISABLED_MANUAL_REVIEW_REQUIRED,location_verification_required,success,warnings_present,unverified_kijiji_location,success,2026-07-21T22:30:59+00:00,unverified_search_origin_not_listing_location,disabled_due_to_unverified_location,"Saskatoon, SK",,2022,Ford,F-150,xl,1,39995,No change noted,Unchanged for 4 weeks,4,39995,39995,0,0,65500,Unknown,Gas,Unknown,N/A,Unknown,Private,,,,disabled_unverified_location,1739638820,saskatoon,unverified_url_evidence,https://www.kijiji.ca/v-cars-trucks/saskatoon/ford-f-150-xl-2022/1739638820,Kijiji
DISABLED_MANUAL_REVIEW_REQUIRED,location_verification_required,success,warnings_present,unverified_kijiji_location,success,2026-07-21T22:30:59+00:00,unverified_search_origin_not_listing_location,disabled_due_to_unverified_location,"Regina, SK",,2022,Ford,F-150,xlt,2,33995,No change noted,"Down $1,000 over 3 weeks",3,34995,33995,0,-1000,132198,Unknown,Gas,Unknown,N/A,Unknown,Private,,,,disabled_unverified_location,1739692545,winnipeg,unverified_url_evidence,https://www.kijiji.ca/v-cars-trucks/winnipeg/2022-ford-f-150-xlt/1739692545,Kijiji
DISABLED_MANUAL_REVIEW_REQUIRED,location_verification_required,success,warnings_present,unverified_kijiji_location,success,2026-07-21T22:30:59+00:00,unverified_search_origin_not_listing_location,disabled_due_to_unverified_location,"Regina, SK",,2022,Ford,F-150,xlt,2,44595,No change noted,Unchanged for 3 weeks,3,44595,44595,0,0,123375,Unknown,Gas,Unknown,N/A,Unknown,Private,,,,disabled_unverified_location,1739692603,winnipeg,unverified_url_evidence,https://www.kijiji.ca/v-cars-trucks/winnipeg/2022-ford-f-150-xlt-12-display-apple-carplay-blind-spot/1739692603,Kijiji
DISABLED_MANUAL_REVIEW_REQUIRED,location_verification_required,success,warnings_present,unverified_kijiji_location,success,2026-07-21T22:30:59+00:00,unverified_search_origin_not_listing_location,disabled_due_to_unverified_location,"Ponoka, AB",,2022,Ford,F-150,xlt,2,45993,No change noted,Unchanged for 3 weeks,3,45993,45993,0,0,45313,Unknown,Gas,Unknown,N/A,Unknown,Dealer,,,,disabled_unverified_location,1739778557,fort-mcmurray,unverified_url_evidence,https://www.kijiji.ca/v-cars-trucks/fort-mcmurray/2022-ford-f-150-xlt-remote-start-apple-carplay/1739778557,Kijiji
DISABLED_MANUAL_REVIEW_REQUIRED,location_verification_required,success,warnings_present,unverified_kijiji_location,success,2026-07-21T22:30:59+00:00,unverified_search_origin_not_listing_location,disabled_due_to_unverified_location,"Edmonton, AB",,2022,Ford,F-150,xlt,2,32995,No change noted,Unchanged for 3 weeks,3,32995,32995,0,0,147824,Unknown,Gas,Unknown,N/A,Unknown,Dealer,,,,disabled_unverified_location,1739830507,edmonton,unverified_url_evidence,https://www.kijiji.ca/v-cars-trucks/edmonton/2022-ford-f-150-xlt/1739830507,Kijiji
DISABLED_MANUAL_REVIEW_REQUIRED,location_verification_required,success,warnings_present,unverified_kijiji_location,success,2026-07-21T22:30:59+00:00,unverified_search_origin_not_listing_location,disabled_due_to_unverified_location,"Calgary, AB",,2022,Ford,F-150,Unknown,1,54500,No change noted,Unchanged for 3 weeks,3,54500,54500,0,0,119000,Unknown,Gas,Unknown,N/A,Unknown,Private,,,,disabled_unverified_location,1739839627,calgary,unverified_url_evidence,https://www.kijiji.ca/v-cars-trucks/calgary/2022-f150-lariat-f150-black-appearance-package/1739839627,Kijiji
DISABLED_MANUAL_REVIEW_REQUIRED,location_verification_required,success,warnings_present,unverified_kijiji_location,success,2026-07-21T22:30:59+00:00,unverified_search_origin_not_listing_location,disabled_due_to_unverified_location,"Moose Jaw, SK",,2022,Ford,F-150,xlt,2,40490,No change noted,Unchanged for 1 weeks,1,40490,40490,0,0,95169,Unknown,Gas,Unknown,N/A,Unknown,Private,,,,disabled_unverified_location,1739889149,ottawa,unverified_url_evidence,https://www.kijiji.ca/v-cars-trucks/ottawa/2022-ford-f-150-xlt-302a-crew-cab-short-bed/1739889149,Kijiji
DISABLED_MANUAL_REVIEW_REQUIRED,location_verification_required,success,warnings_present,unverified_kijiji_location,success,2026-07-21T22:30:59+00:00,unverified_search_origin_not_listing_location,disabled_due_to_unverified_location,"Olds, AB",,2022,Ford,F-150,xlt,2,37999,No change noted,"Down $2,000 over 3 weeks",3,39999,38250,-251,-2000,96727,Unknown,Gas,Unknown,N/A,Unknown,Dealer,,,,disabled_unverified_location,1739924042,medicine-hat,unverified_url_evidence,https://www.kijiji.ca/v-cars-trucks/medicine-hat/2022-ford-f-150-xlt-300a/1739924042,Kijiji
DISABLED_MANUAL_REVIEW_REQUIRED,location_verification_required,success,warnings_present,unverified_kijiji_location,success,2026-07-21T22:30:59+00:00,unverified_search_origin_not_listing_location,disabled_due_to_unverified_location,"Calgary, AB",,2022,Ford,F-150,xlt,2,24988,No change noted,Unchanged for 2 weeks,2,24988,24988,0,0,202998,Unknown,Gas,Accident reported,N/A,Unknown,Dealer,,,,disabled_unverified_location,1739960178,calgary,unverified_url_evidence,https://www.kijiji.ca/v-cars-trucks/calgary/2022-ford-f-150-xlt-backup-camera-navigation-blind-spot-detectio/1739960178,Kijiji
DISABLED_MANUAL_REVIEW_REQUIRED,location_verification_required,success,warnings_present,unverified_kijiji_location,success,2026-07-21T22:30:59+00:00,unverified_search_origin_not_listing_location,disabled_due_to_unverified_location,"Carstairs, AB",,2022,Ford,F-150,lariat,3,42997,No change noted,"Up $1,000 over 2 weeks",2,41997,42997,0,1000,138943,Unknown,Gas,Unknown,N/A,Unknown,Dealer,,,,disabled_unverified_location,1739966406,grande-prairie,unverified_url_evidence,https://www.kijiji.ca/v-cars-trucks/grande-prairie/2022-ford-f-150-lariat/1739966406,Kijiji
DISABLED_MANUAL_REVIEW_REQUIRED,location_verification_required,success,warnings_present,unverified_kijiji_location,success,2026-07-21T22:30:59+00:00,unverified_search_origin_not_listing_location,disabled_due_to_unverified_location,"Saskatoon, SK",,2022,Ford,F-150,xlt,2,39999,No change noted,Unchanged for 3 weeks,3,39999,39999,0,0,98779,Unknown,Gas,Unknown,N/A,Unknown,Dealer,,,,disabled_unverified_location,1740014168,saskatoon,unverified_url_evidence,https://www.kijiji.ca/v-cars-trucks/saskatoon/ford-f-150-xlt-2022/1740014168,Kijiji
DISABLED_MANUAL_REVIEW_REQUIRED,location_verification_required,success,warnings_present,unverified_kijiji_location,success,2026-07-21T22:30:59+00:00,unverified_search_origin_not_listing_location,disabled_due_to_unverified_location,"Swift Current, SK",,2022,Ford,F-150,xlt,2,54500,No change noted,Unchanged for 2 weeks,2,54500,54500,0,0,101000,Unknown,Gas,Unknown,N/A,Unknown,Private,,,,disabled_unverified_location,1740037498,moose-jaw,unverified_url_evidence,https://www.kijiji.ca/v-cars-trucks/moose-jaw/2022-ford-f-150/1740037498,Kijiji
DISABLED_MANUAL_REVIEW_REQUIRED,location_verification_required,success,warnings_present,unverified_kijiji_location,success,2026-07-21T22:30:59+00:00,unverified_search_origin_not_listing_location,disabled_due_to_unverified_location,"Edmonton, AB",,2022,Ford,F-150,tremor,3,48000,No change noted,Unchanged for 2 weeks,2,48000,48000,0,0,150250,Unknown,Gas,Unknown,N/A,Unknown,Dealer,,,,disabled_unverified_location,1740059204,edmonton,unverified_url_evidence,https://www.kijiji.ca/v-cars-trucks/edmonton/2022-ford-f-150-tremor-402a-4x4-supercrew-145/1740059204,Kijiji
DISABLED_MANUAL_REVIEW_REQUIRED,location_verification_required,success,warnings_present,unverified_kijiji_location,success,2026-07-21T22:30:59+00:00,unverified_search_origin_not_listing_location,disabled_due_to_unverified_location,"Saskatoon, SK",,2022,Ford,F-150,xlt,2,27995,No change noted,Unchanged for 3 weeks,3,27995,27995,0,0,160665,3.3L,Gas,Unknown,N/A,Unknown,Private,,,,disabled_unverified_location,1740060577,saskatoon,unverified_url_evidence,https://www.kijiji.ca/v-cars-trucks/saskatoon/2022-ford-f-150-xlt-super-crew-3-3l-v6-reverse-camera-power/1740060577,Kijiji
DISABLED_MANUAL_REVIEW_REQUIRED,location_verification_required,success,warnings_present,unverified_kijiji_location,success,2026-07-21T22:30:59+00:00,unverified_search_origin_not_listing_location,disabled_due_to_unverified_location,"Moose Jaw, SK",,2022,Ford,F-150,lariat,3,39995,No change noted,Unchanged for 2 weeks,2,39995,39995,0,0,162000,5.0L,Gas,No accidents reported,N/A,Unknown,Private,,,,disabled_unverified_location,1740149183,ottawa,unverified_url_evidence,https://www.kijiji.ca/v-cars-trucks/ottawa/2022-ford-f-150-lariat-5-0l-v8-longbox-clean-carfax-pano-roof/1740149183,Kijiji
DISABLED_MANUAL_REVIEW_REQUIRED,location_verification_required,success,warnings_present,unverified_kijiji_location,success,2026-07-21T22:30:59+00:00,unverified_search_origin_not_listing_location,disabled_due_to_unverified_location,"Calgary, AB",,2022,Ford,F-150,lariat,3,49990,No change noted,Unchanged for 2 weeks,2,49990,49990,0,0,85845,Unknown,Gas,Unknown,N/A,Unknown,Dealer,,,,disabled_unverified_location,1740150964,calgary,unverified_url_evidence,https://www.kijiji.ca/v-cars-trucks/calgary/2022-ford-f-150-lariat-4wd/1740150964,Kijiji
DISABLED_MANUAL_REVIEW_REQUIRED,location_verification_required,success,warnings_present,unverified_kijiji_location,success,2026-07-21T22:30:59+00:00,unverified_search_origin_not_listing_location,disabled_due_to_unverified_location,"Regina, SK",,2022,Ford,F-150,xlt,2,46998,No change noted,Unchanged for 2 weeks,2,46998,46998,0,0,59949,Unknown,Gas,Unknown,N/A,Unknown,Private,,,,disabled_unverified_location,1740154854,winnipeg,unverified_url_evidence,https://www.kijiji.ca/v-cars-trucks/winnipeg/2022-ford-f-150-xlt-new-arrival/1740154854,Kijiji
DISABLED_MANUAL_REVIEW_REQUIRED,location_verification_required,success,warnings_present,unverified_kijiji_location,success,2026-07-21T22:30:59+00:00,unverified_search_origin_not_listing_location,disabled_due_to_unverified_location,"Carstairs, AB",,2022,Ford,F-150,lariat,3,51995,No change noted,Unchanged for 1 weeks,1,51995,51995,0,0,68250,Unknown,Gas,No accidents reported,N/A,Unknown,Private,,,,disabled_unverified_location,1740241511,oakville-halton-region,unverified_url_evidence,https://www.kijiji.ca/v-cars-trucks/oakville-halton-region/2022-ford-f-150/1740241511,Kijiji
DISABLED_MANUAL_REVIEW_REQUIRED,location_verification_required,success,warnings_present,unverified_kijiji_location,success,2026-07-21T22:30:59+00:00,unverified_search_origin_not_listing_location,disabled_due_to_unverified_location,"Calgary, AB",,2022,Ford,F-150,lariat,3,49993,No change noted,Unchanged for 1 weeks,1,49993,49993,0,0,60356,Unknown,Gas,Unknown,N/A,Unknown,Dealer,,,,disabled_unverified_location,1740241634,calgary,unverified_url_evidence,https://www.kijiji.ca/v-cars-trucks/calgary/2022-ford-f-150-lariat-heated-cooled-leather-seats-sunroof-b/1740241634,Kijiji
DISABLED_MANUAL_REVIEW_REQUIRED,location_verification_required,success,warnings_present,unverified_kijiji_location,success,2026-07-21T22:30:59+00:00,unverified_search_origin_not_listing_location,disabled_due_to_unverified_location,"Saskatoon, SK",,2022,Ford,F-150,xlt,2,37999,No change noted,Unchanged for 2 weeks,2,37999,37999,0,0,127053,Unknown,Gas,Unknown,N/A,Unknown,Dealer,,,,disabled_unverified_location,1740242120,saskatoon,unverified_url_evidence,https://www.kijiji.ca/v-cars-trucks/saskatoon/2022-ford-f-150-xlt/1740242120,Kijiji
DISABLED_MANUAL_REVIEW_REQUIRED,location_verification_required,success,warnings_present,unverified_kijiji_location,success,2026-07-21T22:30:59+00:00,unverified_search_origin_not_listing_location,disabled_due_to_unverified_location,"Camrose, AB",,2022,Ford,F-150,lariat,3,50888,No change noted,First seen this week,0,50888,50888,0,0,98214,Unknown,Gas,Unknown,N/A,Unknown,Dealer,,,,disabled_unverified_location,1740243025,st-albert,unverified_url_evidence,https://www.kijiji.ca/v-cars-trucks/st-albert/2022-ford-f-150-lariat-moonroof-fx4-package-power-boards-5/1740243025,Kijiji
DISABLED_MANUAL_REVIEW_REQUIRED,location_verification_required,success,warnings_present,unverified_kijiji_location,success,2026-07-21T22:30:59+00:00,unverified_search_origin_not_listing_location,disabled_due_to_unverified_location,"Regina, SK",,2022,Ford,F-150,xlt,2,37998,No change noted,Unchanged for 1 weeks,1,37998,37998,0,0,118284,Unknown,Gas,Unknown,N/A,Unknown,Private,,,,disabled_unverified_location,1740290708,winnipeg,unverified_url_evidence,https://www.kijiji.ca/v-cars-trucks/winnipeg/2022-ford-f-150-xlt/1740290708,Kijiji
DISABLED_MANUAL_REVIEW_REQUIRED,location_verification_required,success,warnings_present,unverified_kijiji_location,success,2026-07-21T22:30:59+00:00,unverified_search_origin_not_listing_location,disabled_due_to_unverified_location,"Regina, SK",,2022,Ford,F-150,xlt,2,39998,No change noted,Unchanged for 1 weeks,1,39998,39998,0,0,111568,Unknown,Gas,Unknown,N/A,Unknown,Private,,,,disabled_unverified_location,1740290711,winnipeg,unverified_url_evidence,https://www.kijiji.ca/v-cars-trucks/winnipeg/2022-ford-f-150-xlt-new-arrival/1740290711,Kijiji
DISABLED_MANUAL_REVIEW_REQUIRED,location_verification_required,success,warnings_present,unverified_kijiji_location,success,2026-07-21T22:30:59+00:00,unverified_search_origin_not_listing_location,disabled_due_to_unverified_location,"Regina, SK",,2022,Ford,F-150,lariat,3,39900,No change noted,Unchanged for 1 weeks,1,39900,39900,0,0,184000,Unknown,Gas,Unknown,N/A,Unknown,Private,,,,disabled_unverified_location,1740314392,winnipeg,unverified_url_evidence,https://www.kijiji.ca/v-cars-trucks/winnipeg/f150-ford-black-loaded/1740314392,Kijiji
DISABLED_MANUAL_REVIEW_REQUIRED,location_verification_required,success,warnings_present,unverified_kijiji_location,success,2026-07-21T22:30:59+00:00,unverified_search_origin_not_listing_location,disabled_due_to_unverified_location,"Carstairs, AB",,2022,Ford,F-150,xlt,2,32998,No change noted,First seen this week,0,32998,32998,0,0,132203,Unknown,Gas,Unknown,N/A,Unknown,Private,,,,disabled_unverified_location,1740333308,ottawa,unverified_url_evidence,https://www.kijiji.ca/v-cars-trucks/ottawa/2022-ford-f-150/1740333308,Kijiji
DISABLED_MANUAL_REVIEW_REQUIRED,location_verification_required,success,warnings_present,unverified_kijiji_location,success,2026-07-21T22:30:59+00:00,unverified_search_origin_not_listing_location,disabled_due_to_unverified_location,"Calgary, AB",,2022,Ford,F-150,xlt,2,32888,No change noted,"Up $1,000 over 1 weeks",1,31888,31888,1000,1000,173000,Unknown,Gas,Unknown,N/A,Unknown,Dealer,,,,disabled_unverified_location,1740335086,calgary,unverified_url_evidence,https://www.kijiji.ca/v-cars-trucks/calgary/2022-ford-f-150-xlt/1740335086,Kijiji
DISABLED_MANUAL_REVIEW_REQUIRED,location_verification_required,success,warnings_present,unverified_kijiji_location,success,2026-07-21T22:30:59+00:00,unverified_search_origin_not_listing_location,disabled_due_to_unverified_location,"Saskatoon, SK",,2022,Ford,F-150,Unknown,1,44500,No change noted,"Down $4,000 over 2 weeks",2,48500,44500,0,-4000,69500,Unknown,Gas,Unknown,N/A,Unknown,Private,,,,disabled_unverified_location,1740413897,saskatoon,unverified_url_evidence,https://www.kijiji.ca/v-cars-trucks/saskatoon/2022-ford-f-150/1740413897,Kijiji
DISABLED_MANUAL_REVIEW_REQUIRED,location_verification_required,success,warnings_present,unverified_kijiji_location,success,2026-07-21T22:30:59+00:00,unverified_search_origin_not_listing_location,disabled_due_to_unverified_location,"Edmonton, AB",,2022,Ford,F-150,lariat,3,42500,No change noted,Unchanged for 1 weeks,1,42500,42500,0,0,140000,Unknown,Gas,Unknown,N/A,Unknown,Private,,,,disabled_unverified_location,1740463969,edmonton,unverified_url_evidence,https://www.kijiji.ca/v-cars-trucks/edmonton/2022-ford-f150-lariat/1740463969,Kijiji
DISABLED_MANUAL_REVIEW_REQUIRED,location_verification_required,success,warnings_present,unverified_kijiji_location,success,2026-07-21T22:30:59+00:00,unverified_search_origin_not_listing_location,disabled_due_to_unverified_location,"West Kelowna, BC",,2022,Ford,F-150,lariat,3,42987,No change noted,First seen this week,0,42987,42987,0,0,122550,Unknown,Gas,Unknown,N/A,Unknown,Private,,,,disabled_unverified_location,1740468241,city-of-toronto,unverified_url_evidence,https://www.kijiji.ca/v-cars-trucks/city-of-toronto/2022-ford-f-150-lariat-4wd-supercrew-ecoboost-fx4offroad-loaded/1740468241,Kijiji
DISABLED_MANUAL_REVIEW_REQUIRED,location_verification_required,success,warnings_present,unverified_kijiji_location,success,2026-07-21T22:30:59+00:00,unverified_search_origin_not_listing_location,disabled_due_to_unverified_location,"Prince Albert, SK",,2022,Ford,F-150,Unknown,1,39995,No change noted,Unchanged for 1 weeks,1,39995,39995,0,0,58265,Unknown,Gas,Unknown,N/A,Unknown,Dealer,,,,disabled_unverified_location,1740470133,owen-sound,unverified_url_evidence,https://www.kijiji.ca/v-cars-trucks/owen-sound/2022-ford-f150-xlt-4x4/1740470133,Kijiji
DISABLED_MANUAL_REVIEW_REQUIRED,location_verification_required,success,warnings_present,unverified_kijiji_location,success,2026-07-21T22:30:59+00:00,unverified_search_origin_not_listing_location,disabled_due_to_unverified_location,"Edmonton, AB",,2022,Ford,F-150,xlt,2,32500,No change noted,Unchanged for 1 weeks,1,32500,32500,0,0,149760,Unknown,Gas,Unknown,N/A,Unknown,Dealer,,,,disabled_unverified_location,1740473532,edmonton,unverified_url_evidence,https://www.kijiji.ca/v-cars-trucks/edmonton/2022-ford-f-150-xlt-supercrew-145-xtr-pkg-sync-4-keyless/1740473532,Kijiji
DISABLED_MANUAL_REVIEW_REQUIRED,location_verification_required,success,warnings_present,unverified_kijiji_location,success,2026-07-21T22:30:59+00:00,unverified_search_origin_not_listing_location,disabled_due_to_unverified_location,"Moose Jaw, SK",,2022,Ford,F-150,xlt,2,45190,No change noted,First seen this week,0,45190,45190,0,0,84000,Unknown,Gas,Unknown,N/A,Unknown,Private,,,,disabled_unverified_location,1740484501,ottawa,unverified_url_evidence,https://www.kijiji.ca/v-cars-trucks/ottawa/2022-ford-f-150-xlt-crew-cab-standard-bed/1740484501,Kijiji
DISABLED_MANUAL_REVIEW_REQUIRED,location_verification_required,success,warnings_present,unverified_kijiji_location,success,2026-07-21T22:30:59+00:00,unverified_search_origin_not_listing_location,disabled_due_to_unverified_location,"Moose Jaw, SK",,2022,Ford,F-150,xlt,2,41890,No change noted,First seen this week,0,41890,41890,0,0,77800,Unknown,Gas,Unknown,N/A,Unknown,Private,,,,disabled_unverified_location,1740528930,ottawa,unverified_url_evidence,https://www.kijiji.ca/v-cars-trucks/ottawa/2022-ford-f-150-xlt-302a-crew-cab-short-bed/1740528930,Kijiji
DISABLED_MANUAL_REVIEW_REQUIRED,location_verification_required,success,warnings_present,unverified_kijiji_location,success,2026-07-21T22:30:59+00:00,unverified_search_origin_not_listing_location,disabled_due_to_unverified_location,"Calgary, AB",,2022,Ford,F-150,fx4,3,35800,No change noted,First seen this week,0,35800,35800,0,0,166989,3.5L,Gas,Unknown,N/A,Unknown,Dealer,,,,disabled_unverified_location,1740562574,calgary,unverified_url_evidence,https://www.kijiji.ca/v-cars-trucks/calgary/2022-ford-f-150-xlt-302a-sport-3-5l-eco-longbox-fx4/1740562574,Kijiji
DISABLED_MANUAL_REVIEW_REQUIRED,location_verification_required,success,warnings_present,unverified_kijiji_location,success,2026-07-21T22:30:59+00:00,unverified_search_origin_not_listing_location,disabled_due_to_unverified_location,"Saskatoon, SK",,2022,Ford,F-150,xlt,2,40999,No change noted,Unchanged for 1 weeks,1,40999,40999,0,0,92215,Unknown,Gas,Unknown,N/A,Unknown,Dealer,,,,disabled_unverified_location,1740564794,saskatoon,unverified_url_evidence,https://www.kijiji.ca/v-cars-trucks/saskatoon/2022-ford-f-150-xlt/1740564794,Kijiji
DISABLED_MANUAL_REVIEW_REQUIRED,location_verification_required,success,warnings_present,unverified_kijiji_location,success,2026-07-21T22:30:59+00:00,unverified_search_origin_not_listing_location,disabled_due_to_unverified_location,"Carstairs, AB",,2022,Ford,F-150,xlt,2,34995,No change noted,Unchanged for 1 weeks,1,34995,34995,0,0,114000,Unknown,Gas,No accidents reported,N/A,Unknown,Private,,,,disabled_unverified_location,1740573125,cambridge,unverified_url_evidence,https://www.kijiji.ca/v-cars-trucks/cambridge/2022-ford-f-150-xlt-no-accidents-5-0-v8/1740573125,Kijiji
DISABLED_MANUAL_REVIEW_REQUIRED,location_verification_required,success,warnings_present,unverified_kijiji_location,success,2026-07-21T22:30:59+00:00,unverified_search_origin_not_listing_location,disabled_due_to_unverified_location,"Regina, SK",,2022,Ford,F-150,xl,1,51794,No change noted,First seen this week,0,51794,51794,0,0,97123,Unknown,Gas,Unknown,N/A,Unknown,Private,,,,disabled_unverified_location,1740609229,winnipeg,unverified_url_evidence,https://www.kijiji.ca/v-cars-trucks/winnipeg/2022-ford-f-150-xl-xl-4wd-supercrew-5-5-box/1740609229,Kijiji
DISABLED_MANUAL_REVIEW_REQUIRED,location_verification_required,success,warnings_present,unverified_kijiji_location,success,2026-07-21T22:30:59+00:00,unverified_search_origin_not_listing_location,disabled_due_to_unverified_location,"Calgary, AB",,2022,Ford,F-150,lariat,3,51990,No change noted,Unchanged for 1 weeks,1,51990,51990,0,0,61842,Unknown,Gas,Unknown,N/A,Unknown,Dealer,,,,disabled_unverified_location,1740647429,calgary,unverified_url_evidence,https://www.kijiji.ca/v-cars-trucks/calgary/2022-ford-f-150/1740647429,Kijiji
DISABLED_MANUAL_REVIEW_REQUIRED,location_verification_required,success,warnings_present,unverified_kijiji_location,success,2026-07-21T22:30:59+00:00,unverified_search_origin_not_listing_location,disabled_due_to_unverified_location,"Moose Jaw, SK",,2022,Ford,F-150,xlt,2,49590,No change noted,First seen this week,0,49590,49590,0,0,15108,Unknown,Gas,Unknown,N/A,Unknown,Private,,,,disabled_unverified_location,1740661808,ottawa,unverified_url_evidence,https://www.kijiji.ca/v-cars-trucks/ottawa/2022-ford-f-150-xlt-crew-cab-standard-bed/1740661808,Kijiji
DISABLED_MANUAL_REVIEW_REQUIRED,location_verification_required,success,warnings_present,unverified_kijiji_location,success,2026-07-21T22:30:59+00:00,unverified_search_origin_not_listing_location,disabled_due_to_unverified_location,"Ponoka, AB",,2022,Ford,F-150,xlt,2,39993,No change noted,First seen this week,0,39993,39993,0,0,88001,Unknown,Gas,Unknown,N/A,Unknown,Dealer,,,,disabled_unverified_location,1740698501,fort-mcmurray,unverified_url_evidence,https://www.kijiji.ca/v-cars-trucks/fort-mcmurray/2022-ford-f-150-xlt-remote-start-apple-carplay/1740698501,Kijiji
DISABLED_MANUAL_REVIEW_REQUIRED,location_verification_required,success,warnings_present,unverified_kijiji_location,success,2026-07-21T22:30:59+00:00,unverified_search_origin_not_listing_location,disabled_due_to_unverified_location,"Regina, SK",,2022,Ford,F-150,Unknown,1,34000,No change noted,Unchanged for 1 weeks,1,34000,34000,0,0,124612,Unknown,Gas,Unknown,N/A,Unknown,Private,,,,disabled_unverified_location,1740703846,winnipeg,unverified_url_evidence,https://www.kijiji.ca/v-cars-trucks/winnipeg/2022-ford-f-150/1740703846,Kijiji
DISABLED_MANUAL_REVIEW_REQUIRED,location_verification_required,success,warnings_present,unverified_kijiji_location,success,2026-07-21T22:30:59+00:00,unverified_search_origin_not_listing_location,disabled_due_to_unverified_location,"Edmonton, AB",,2022,Ford,F-150,xlt,2,27999,No change noted,First seen this week,0,27999,27999,0,0,190559,Unknown,Gas,No accidents reported,N/A,Unknown,Dealer,,,,disabled_unverified_location,1740704026,edmonton,unverified_url_evidence,https://www.kijiji.ca/v-cars-trucks/edmonton/2022-ford-f-150-xlt-4wd-supercrew-5-5-box/1740704026,Kijiji
DISABLED_MANUAL_REVIEW_REQUIRED,location_verification_required,success,warnings_present,unverified_kijiji_location,success,2026-07-21T22:30:59+00:00,unverified_search_origin_not_listing_location,disabled_due_to_unverified_location,"Calgary, AB",,2022,Ford,F-150,Unknown,1,33850,No change noted,First seen this week,0,33850,33850,0,0,143066,Unknown,Gas,Unknown,N/A,Unknown,Dealer,,,,disabled_unverified_location,1740735111,calgary,unverified_url_evidence,https://www.kijiji.ca/v-cars-trucks/calgary/this-pickup-powered-by-a-onl-on-cylinder-gasoline-engine-featuri/1740735111,Kijiji
DISABLED_MANUAL_REVIEW_REQUIRED,location_verification_required,success,warnings_present,unverified_kijiji_location,success,2026-07-21T22:30:59+00:00,unverified_search_origin_not_listing_location,disabled_due_to_unverified_location,"Calgary, AB",,2022,Ford,F-150,xlt,2,35888,No change noted,First seen this week,0,35888,35888,0,0,185452,Unknown,Gas,Unknown,N/A,Unknown,Dealer,,,,disabled_unverified_location,1740748800,calgary,unverified_url_evidence,https://www.kijiji.ca/v-cars-trucks/calgary/2022-ford-f-150-xlt/1740748800,Kijiji
DISABLED_MANUAL_REVIEW_REQUIRED,location_verification_required,success,warnings_present,unverified_kijiji_location,success,2026-07-21T22:30:59+00:00,unverified_search_origin_not_listing_location,disabled_due_to_unverified_location,"Calgary, AB",,2022,Ford,F-150,xlt,2,36888,No change noted,First seen this week,0,36888,36888,0,0,168872,Unknown,Gas,Unknown,N/A,Unknown,Dealer,,,,disabled_unverified_location,1740748802,calgary,unverified_url_evidence,https://www.kijiji.ca/v-cars-trucks/calgary/2022-ford-f-150-xlt/1740748802,Kijiji
DISABLED_MANUAL_REVIEW_REQUIRED,location_verification_required,success,warnings_present,unverified_kijiji_location,success,2026-07-21T22:30:59+00:00,unverified_search_origin_not_listing_location,disabled_due_to_unverified_location,"Calgary, AB",,2022,Ford,F-150,xl,1,34995,No change noted,First seen this week,0,34995,34995,0,0,150729,Unknown,Gas,Unknown,N/A,Unknown,Dealer,,,,disabled_unverified_location,1740793476,calgary,unverified_url_evidence,https://www.kijiji.ca/v-cars-trucks/calgary/2022-ford-f-150-xl-4wd-supercrew-5-5-box-b-s-a-navi-cam-immacul/1740793476,Kijiji
DISABLED_MANUAL_REVIEW_REQUIRED,location_verification_required,success,warnings_present,unverified_kijiji_location,success,2026-07-21T22:30:59+00:00,unverified_search_origin_not_listing_location,disabled_due_to_unverified_location,"Edmonton, AB",,2022,Ford,F-150,lariat,3,53995,No change noted,First seen this week,0,53995,53995,0,0,45912,Unknown,Gas,Unknown,N/A,Unknown,Dealer,,,,disabled_unverified_location,1740798339,edmonton,unverified_url_evidence,https://www.kijiji.ca/v-cars-trucks/edmonton/2022-ford-f-150-lariat/1740798339,Kijiji
DISABLED_MANUAL_REVIEW_REQUIRED,location_verification_required,success,warnings_present,unverified_kijiji_location,success,2026-07-21T22:30:59+00:00,unverified_search_origin_not_listing_location,disabled_due_to_unverified_location,"Carstairs, AB",,2022,Ford,F-150,xlt,2,32795,No change noted,Unchanged for 1 weeks,1,32795,32795,0,0,145950,5.0L,Gas,No accidents reported,N/A,Unknown,Private,,,,disabled_unverified_location,1740800452,oakville-halton-region,unverified_url_evidence,https://www.kijiji.ca/v-cars-trucks/oakville-halton-region/2022-ford-f-150/1740800452,Kijiji
DISABLED_MANUAL_REVIEW_REQUIRED,location_verification_required,success,warnings_present,unverified_kijiji_location,success,2026-07-21T22:30:59+00:00,unverified_search_origin_not_listing_location,disabled_due_to_unverified_location,"Carstairs, AB",,2022,Ford,F-150,lariat,3,42898,No change noted,Unchanged for 1 weeks,1,42898,42898,0,0,99087,Unknown,Gas,Unknown,N/A,Unknown,Private,,,,disabled_unverified_location,1740841383,oakville-halton-region,unverified_url_evidence,https://www.kijiji.ca/v-cars-trucks/oakville-halton-region/2022-ford-f-150/1740841383,Kijiji
DISABLED_MANUAL_REVIEW_REQUIRED,location_verification_required,success,warnings_present,unverified_kijiji_location,success,2026-07-21T22:30:59+00:00,unverified_search_origin_not_listing_location,disabled_due_to_unverified_location,"Carstairs, AB",,2022,Ford,F-150,Unknown,1,40530,No change noted,First seen this week,0,40530,40530,0,0,96001,Unknown,Gas,Unknown,N/A,Unknown,Dealer,,,,disabled_unverified_location,1740883881,la-ronge,unverified_url_evidence,https://www.kijiji.ca/v-cars-trucks/la-ronge/2022-ford-f-150-unknown/1740883881,Kijiji
DISABLED_MANUAL_REVIEW_REQUIRED,location_verification_required,success,warnings_present,unverified_kijiji_location,success,2026-07-21T22:30:59+00:00,unverified_search_origin_not_listing_location,disabled_due_to_unverified_location,"Regina, SK",,2022,Ford,F-150,xlt,2,52800,No change noted,First seen this week,0,52800,52800,0,0,54000,Unknown,Gas,Unknown,N/A,Unknown,Private,,,,disabled_unverified_location,1740915803,winnipeg,unverified_url_evidence,https://www.kijiji.ca/v-cars-trucks/winnipeg/2022-ford-f-150-xlt-4wd-5-5-box-low-kms-sport-pkg-sunroof/1740915803,Kijiji
DISABLED_MANUAL_REVIEW_REQUIRED,location_verification_required,success,warnings_present,unverified_kijiji_location,success,2026-07-21T22:30:59+00:00,unverified_search_origin_not_listing_location,disabled_due_to_unverified_location,"Saskatoon, SK",,2023,Ford,F-150,lariat,3,57551,No change noted,Unchanged for 4 weeks,4,57551,57551,0,0,61153,Unknown,Gas,Unknown,N/A,Unknown,Private,,,,disabled_unverified_location,1724333984,saskatoon,unverified_url_evidence,https://www.kijiji.ca/v-cars-trucks/saskatoon/2023-ford-f-150-lariat/1724333984,Kijiji
DISABLED_MANUAL_REVIEW_REQUIRED,location_verification_required,success,warnings_present,unverified_kijiji_location,success,2026-07-21T22:30:59+00:00,unverified_search_origin_not_listing_location,disabled_due_to_unverified_location,"Saskatoon, SK",,2023,Ford,F-150,lariat,3,54599,No change noted,Down $700 over 11 weeks,11,55299,54599,0,-700,103000,Unknown,Gas,Unknown,N/A,Unknown,Dealer,,,,disabled_unverified_location,1724392044,saskatoon,unverified_url_evidence,https://www.kijiji.ca/v-cars-trucks/saskatoon/ford-f-150-lariat-2023/1724392044,Kijiji
DISABLED_MANUAL_REVIEW_REQUIRED,location_verification_required,success,warnings_present,unverified_kijiji_location,success,2026-07-21T22:30:59+00:00,unverified_search_origin_not_listing_location,disabled_due_to_unverified_location,"Saskatoon, SK",,2023,Ford,F-150,xlt,2,48999,No change noted,Unchanged for 11 weeks,11,48999,48999,0,0,73000,Unknown,Gas,Unknown,N/A,Unknown,Private,,,,disabled_unverified_location,1724482946,saskatoon,unverified_url_evidence,https://www.kijiji.ca/v-cars-trucks/saskatoon/2023-ford-f-150-xlt/1724482946,Kijiji
DISABLED_MANUAL_REVIEW_REQUIRED,location_verification_required,success,warnings_present,unverified_kijiji_location,success,2026-07-21T22:30:59+00:00,unverified_search_origin_not_listing_location,disabled_due_to_unverified_location,"Carstairs, AB",,2023,Ford,F-150,xlt,2,40043,No change noted,"Down $2,009 over 9 weeks",9,42052,40143,-100,-2009,92341,Unknown,Gas,Unknown,N/A,Unknown,Dealer,,,,disabled_unverified_location,1724646265,grande-prairie,unverified_url_evidence,https://www.kijiji.ca/v-cars-trucks/grande-prairie/2023-ford-f-150-xlt/1724646265,Kijiji
DISABLED_MANUAL_REVIEW_REQUIRED,location_verification_required,success,warnings_present,unverified_kijiji_location,success,2026-07-21T22:30:59+00:00,unverified_search_origin_not_listing_location,disabled_due_to_unverified_location,"Calgary, AB",,2023,Ford,F-150,lariat,3,42990,No change noted,Unchanged for 10 weeks,10,42990,42990,0,0,157169,Unknown,Gas,Unknown,N/A,Unknown,Dealer,,,,disabled_unverified_location,1725732619,calgary,unverified_url_evidence,https://www.kijiji.ca/v-cars-trucks/calgary/2023-ford-f-150-lariat-no-fees/1725732619,Kijiji
DISABLED_MANUAL_REVIEW_REQUIRED,location_verification_required,success,warnings_present,unverified_kijiji_location,success,2026-07-21T22:30:59+00:00,unverified_search_origin_not_listing_location,disabled_due_to_unverified_location,"Calgary, AB",,2023,Ford,F-150,lariat,3,44990,No change noted,Unchanged for 10 weeks,10,44990,44990,0,0,145952,Unknown,Gas,Unknown,N/A,Unknown,Dealer,,,,disabled_unverified_location,1725854727,calgary,unverified_url_evidence,https://www.kijiji.ca/v-cars-trucks/calgary/2023-ford-f-150-lariat-no-fees/1725854727,Kijiji
DISABLED_MANUAL_REVIEW_REQUIRED,location_verification_required,success,warnings_present,unverified_kijiji_location,success,2026-07-21T22:30:59+00:00,unverified_search_origin_not_listing_location,disabled_due_to_unverified_location,"Calgary, AB",,2023,Ford,F-150,xlt,2,38990,No change noted,"Down $1,000 over 10 weeks",10,39990,38990,0,-1000,149486,Unknown,Gas,Unknown,N/A,Unknown,Dealer,,,,disabled_unverified_location,1725973608,calgary,unverified_url_evidence,https://www.kijiji.ca/v-cars-trucks/calgary/2023-ford-f-150-xlt-no-fees/1725973608,Kijiji
DISABLED_MANUAL_REVIEW_REQUIRED,location_verification_required,success,warnings_present,unverified_kijiji_location,success,2026-07-21T22:30:59+00:00,unverified_search_origin_not_listing_location,disabled_due_to_unverified_location,"Carstairs, AB",,2023,Ford,F-150,xlt,2,38800,No change noted,"Down $2,300 over 9 weeks",9,41100,38900,-100,-2300,75500,3.5L,Gas,Unknown,N/A,Unknown,Private,,,,disabled_unverified_location,1730226098,guelph,unverified_url_evidence,https://www.kijiji.ca/v-cars-trucks/guelph/2023-ford-f-150-xlt-crew-4x4-3-5l-ecoboost-trailer-brake/1730226098,Kijiji
DISABLED_MANUAL_REVIEW_REQUIRED,location_verification_required,success,warnings_present,unverified_kijiji_location,success,2026-07-21T22:30:59+00:00,unverified_search_origin_not_listing_location,disabled_due_to_unverified_location,"Saskatoon, SK",,2023,Ford,F-150,lariat,3,55966,No change noted,"Down $2,700 over 11 weeks",11,58666,55966,0,-2700,91159,Unknown,Gas,Unknown,N/A,Unknown,Private,,,,disabled_unverified_location,1730847115,saskatoon,unverified_url_evidence,https://www.kijiji.ca/v-cars-trucks/saskatoon/2023-ford-f-150-lariat/1730847115,Kijiji
DISABLED_MANUAL_REVIEW_REQUIRED,location_verification_required,success,warnings_present,unverified_kijiji_location,success,2026-07-21T22:30:59+00:00,unverified_search_origin_not_listing_location,disabled_due_to_unverified_location,"Regina, SK",,2023,Ford,F-150,lariat,3,46999,No change noted,Down $600 over 10 weeks,10,47599,47199,-200,-600,155948,Unknown,Gas,Unknown,N/A,Unknown,Unknown,,,,disabled_unverified_location,1730905673,winnipeg,unverified_url_evidence,https://www.kijiji.ca/v-cars-trucks/winnipeg/2023-ford-f-150-lariat/1730905673,Kijiji
DISABLED_MANUAL_REVIEW_REQUIRED,location_verification_required,success,warnings_present,unverified_kijiji_location,success,2026-07-21T22:30:59+00:00,unverified_search_origin_not_listing_location,disabled_due_to_unverified_location,"Carstairs, AB",,2023,Ford,F-150,xlt,2,41495,No change noted,Unchanged for 8 weeks,8,41495,41495,0,0,86000,Unknown,Gas,Unknown,N/A,Unknown,Private,,,,disabled_unverified_location,1731287966,saint-john,unverified_url_evidence,https://www.kijiji.ca/v-cars-trucks/saint-john/2023-ford-f-150-xlt-we-finance-as-low-as-59-a-week/1731287966,Kijiji
DISABLED_MANUAL_REVIEW_REQUIRED,location_verification_required,success,warnings_present,unverified_kijiji_location,success,2026-07-21T22:30:59+00:00,unverified_search_origin_not_listing_location,disabled_due_to_unverified_location,"Moose Jaw, SK",,2023,Ford,F-150,xlt,2,43362,No change noted,"Up $2,368 over 10 weeks",10,40994,43362,0,2368,80260,Unknown,Gas,No accidents reported,N/A,Unknown,Private,,,,disabled_unverified_location,1732321222,ottawa,unverified_url_evidence,https://www.kijiji.ca/v-cars-trucks/ottawa/2023-ford-f-150-xlt-apple-car-play-shift-on-the-fly-4x4/1732321222,Kijiji
DISABLED_MANUAL_REVIEW_REQUIRED,location_verification_required,success,warnings_present,unverified_kijiji_location,success,2026-07-21T22:30:59+00:00,unverified_search_origin_not_listing_location,disabled_due_to_unverified_location,"Edmonton, AB",,2023,Ford,F-150,lariat,3,58597,No change noted,"Down $1,400 over 3 weeks",3,59997,58597,0,-1400,72617,Unknown,Gas,Unknown,N/A,Unknown,Dealer,,,,disabled_unverified_location,1732411596,grande-prairie,unverified_url_evidence,https://www.kijiji.ca/v-cars-trucks/grande-prairie/2023-ford-f-150-lariat-roush-supercharged-75th-anniversary/1732411596,Kijiji
DISABLED_MANUAL_REVIEW_REQUIRED,location_verification_required,success,warnings_present,unverified_kijiji_location,success,2026-07-21T22:30:59+00:00,unverified_search_origin_not_listing_location,disabled_due_to_unverified_location,"Calgary, AB",,2023,Ford,F-150,xlt,2,34990,No change noted,"Down $2,000 over 10 weeks",10,36990,34990,0,-2000,148853,Unknown,Gas,Unknown,N/A,Unknown,Dealer,,,,disabled_unverified_location,1732461339,calgary,unverified_url_evidence,https://www.kijiji.ca/v-cars-trucks/calgary/2023-ford-f-150-xlt-no-fees/1732461339,Kijiji
DISABLED_MANUAL_REVIEW_REQUIRED,location_verification_required,success,warnings_present,unverified_kijiji_location,success,2026-07-21T22:30:59+00:00,unverified_search_origin_not_listing_location,disabled_due_to_unverified_location,"Moose Jaw, SK",,2023,Ford,F-150,lariat,3,51990,No change noted,"Down $4,900 over 7 weeks",7,56890,52190,-200,-4900,43240,Unknown,Gas,Unknown,N/A,Unknown,Private,,,,disabled_unverified_location,1732889453,ottawa,unverified_url_evidence,https://www.kijiji.ca/v-cars-trucks/ottawa/2023-ford-f-150-lariat-502a-crew-cab-short-bed-w-heated-front-s/1732889453,Kijiji
DISABLED_MANUAL_REVIEW_REQUIRED,location_verification_required,success,warnings_present,unverified_kijiji_location,success,2026-07-21T22:30:59+00:00,unverified_search_origin_not_listing_location,disabled_due_to_unverified_location,"Regina, SK",,2023,Ford,F-150,tremor,3,58888,No change noted,"Down $1,000 over 10 weeks",10,59888,58888,0,-1000,70800,Unknown,Gas,Unknown,N/A,Unknown,Private,,,,disabled_unverified_location,1733470662,winnipeg,unverified_url_evidence,https://www.kijiji.ca/v-cars-trucks/winnipeg/2023-ford-f-150-tremor-4wd-supercrew-5-5-box/1733470662,Kijiji
DISABLED_MANUAL_REVIEW_REQUIRED,location_verification_required,success,warnings_present,unverified_kijiji_location,success,2026-07-21T22:30:59+00:00,unverified_search_origin_not_listing_location,disabled_due_to_unverified_location,"Regina, SK",,2023,Ford,F-150,lariat,3,53800,No change noted,"Down $2,197 over 10 weeks",10,55997,53800,0,-2197,63940,Unknown,Gas,No accidents reported,N/A,Unknown,Private,,,,disabled_unverified_location,1733651208,winnipeg,unverified_url_evidence,https://www.kijiji.ca/v-cars-trucks/winnipeg/2023-ford-f-150-lariat-502a-clean-carfax-one-owner/1733651208,Kijiji
DISABLED_MANUAL_REVIEW_REQUIRED,location_verification_required,success,warnings_present,unverified_kijiji_location,success,2026-07-21T22:30:59+00:00,unverified_search_origin_not_listing_location,disabled_due_to_unverified_location,"Regina, SK",,2023,Ford,F-150,lariat,3,54000,No change noted,"Down $1,897 over 9 weeks",9,55897,54000,0,-1897,66773,Unknown,Gas,No accidents reported,N/A,Unknown,Private,,,,disabled_unverified_location,1734070779,winnipeg,unverified_url_evidence,https://www.kijiji.ca/v-cars-trucks/winnipeg/2023-ford-f-150-lariat-502a-supercrew-clean-carfax-leather/1734070779,Kijiji
DISABLED_MANUAL_REVIEW_REQUIRED,location_verification_required,success,warnings_present,unverified_kijiji_location,success,2026-07-21T22:30:59+00:00,unverified_search_origin_not_listing_location,disabled_due_to_unverified_location,"Okotoks, AB",,2023,Ford,F-150,lariat,3,57896,No change noted,"Down $1,904 over 10 weeks",10,59800,57896,0,-1904,68796,Unknown,Gas,Unknown,N/A,Unknown,Private,,,,disabled_unverified_location,1734080817,nelson,unverified_url_evidence,https://www.kijiji.ca/v-cars-trucks/nelson/2023-ford-f-150-lariat-4wd-supercrew-5-5-box-502a-pkg-max-tr/1734080817,Kijiji
DISABLED_MANUAL_REVIEW_REQUIRED,location_verification_required,success,warnings_present,unverified_kijiji_location,success,2026-07-21T22:30:59+00:00,unverified_search_origin_not_listing_location,disabled_due_to_unverified_location,"Edmonton, AB",,2023,Ford,F-150,xl,1,44871,No change noted,"Down $1,847 over 9 weeks",9,46718,45355,-484,-1847,53563,Unknown,Gas,Unknown,N/A,Unknown,Dealer,,,,disabled_unverified_location,1734116966,edmonton,unverified_url_evidence,https://www.kijiji.ca/v-cars-trucks/edmonton/2023-ford-f-150-xl-one-owner-apple-carplay-low-kms/1734116966,Kijiji
DISABLED_MANUAL_REVIEW_REQUIRED,location_verification_required,success,warnings_present,unverified_kijiji_location,success,2026-07-21T22:30:59+00:00,unverified_search_origin_not_listing_location,disabled_due_to_unverified_location,"Wetaskiwin, AB",,2023,Ford,F-150,xlt,2,40995,No change noted,"Down $1,000 over 8 weeks",8,41995,41495,-500,-1000,65926,Unknown,Gas,No accidents reported,N/A,Unknown,Private,,,,disabled_unverified_location,1734692452,hamilton,unverified_url_evidence,https://www.kijiji.ca/v-cars-trucks/hamilton/2023-ford-f-150-xlt/1734692452,Kijiji
DISABLED_MANUAL_REVIEW_REQUIRED,location_verification_required,success,warnings_present,unverified_kijiji_location,success,2026-07-21T22:30:59+00:00,unverified_search_origin_not_listing_location,disabled_due_to_unverified_location,"Carstairs, AB",,2023,Ford,F-150,xlt,2,33795,No change noted,"Down $2,200 over 10 weeks",10,35995,33795,0,-2200,140530,3.5L,Gas,No accidents reported,N/A,Unknown,Private,,,,disabled_unverified_location,1734740178,oakville-halton-region,unverified_url_evidence,https://www.kijiji.ca/v-cars-trucks/oakville-halton-region/2023-ford-f-150/1734740178,Kijiji
DISABLED_MANUAL_REVIEW_REQUIRED,location_verification_required,success,warnings_present,unverified_kijiji_location,success,2026-07-21T22:30:59+00:00,unverified_search_origin_not_listing_location,disabled_due_to_unverified_location,"Edmonton, AB",,2023,Ford,F-150,tremor,3,53967,No change noted,"Down $2,532 over 9 weeks",9,56499,53996,-29,-2532,125803,Unknown,Gas,Unknown,N/A,Unknown,Dealer,,,,disabled_unverified_location,1734835469,edmonton,unverified_url_evidence,https://www.kijiji.ca/v-cars-trucks/edmonton/2023-ford-f-150-tremor-4wd-supercrew-5-5-box/1734835469,Kijiji
DISABLED_MANUAL_REVIEW_REQUIRED,location_verification_required,success,warnings_present,unverified_kijiji_location,success,2026-07-21T22:30:59+00:00,unverified_search_origin_not_listing_location,disabled_due_to_unverified_location,"Regina, SK",,2023,Ford,F-150,tremor,3,57960,No change noted,Down $376 over 10 weeks,10,58336,57960,0,-376,105122,Unknown,Gas,Unknown,N/A,Unknown,Private,,,,disabled_unverified_location,1734882460,winnipeg,unverified_url_evidence,https://www.kijiji.ca/v-cars-trucks/winnipeg/2023-ford-f-150-tremor-4wd-supercrew-5-5-box-402a/1734882460,Kijiji
DISABLED_MANUAL_REVIEW_REQUIRED,location_verification_required,success,warnings_present,unverified_kijiji_location,success,2026-07-21T22:30:59+00:00,unverified_search_origin_not_listing_location,disabled_due_to_unverified_location,"Regina, SK",,2023,Ford,F-150,lariat,3,59888,No change noted,Unchanged for 1 weeks,1,59888,59888,0,0,50138,2.7L,Gas,Unknown,N/A,Unknown,Private,,,,disabled_unverified_location,1735857860,winnipeg,unverified_url_evidence,https://www.kijiji.ca/v-cars-trucks/winnipeg/2023-ford-f-150-lariat-4wd-502a-sport-crew-2-7l-certified-5-09/1735857860,Kijiji
DISABLED_MANUAL_REVIEW_REQUIRED,location_verification_required,success,warnings_present,unverified_kijiji_location,success,2026-07-21T22:30:59+00:00,unverified_search_origin_not_listing_location,disabled_due_to_unverified_location,"Regina, SK",,2023,Ford,F-150,lariat,3,59888,No change noted,First seen this week,0,59888,59888,0,0,47743,Unknown,Gas,Unknown,N/A,Unknown,Private,,,,disabled_unverified_location,1735857863,winnipeg,unverified_url_evidence,https://www.kijiji.ca/v-cars-trucks/winnipeg/2023-ford-f-150-lariat-sport-pkg-502a-high-pkg-certified-5-09/1735857863,Kijiji
DISABLED_MANUAL_REVIEW_REQUIRED,location_verification_required,success,warnings_present,unverified_kijiji_location,success,2026-07-21T22:30:59+00:00,unverified_search_origin_not_listing_location,disabled_due_to_unverified_location,"Prince Albert, SK",,2023,Ford,F-150,lariat,3,53695,No change noted,Down $900 over 7 weeks,7,54595,53995,-300,-900,86895,Unknown,Gas,No accidents reported,N/A,Unknown,Private,,,,disabled_unverified_location,1736013482,hamilton,unverified_url_evidence,https://www.kijiji.ca/v-cars-trucks/hamilton/2023-ford-f-150-lariat-supercrew-6-5-box-4wd-ventilated/1736013482,Kijiji
DISABLED_MANUAL_REVIEW_REQUIRED,location_verification_required,success,warnings_present,unverified_kijiji_location,success,2026-07-21T22:30:59+00:00,unverified_search_origin_not_listing_location,disabled_due_to_unverified_location,"Medicine Hat, AB",,2023,Ford,F-150,xlt,2,45909,No change noted,"Down $1,390 over 10 weeks",10,47299,45909,0,-1390,90328,Unknown,Gas,Unknown,N/A,Unknown,Dealer,,,,disabled_unverified_location,1736014665,lethbridge,unverified_url_evidence,https://www.kijiji.ca/v-cars-trucks/lethbridge/2023-ford-f-150/1736014665,Kijiji
DISABLED_MANUAL_REVIEW_REQUIRED,location_verification_required,success,warnings_present,unverified_kijiji_location,success,2026-07-21T22:30:59+00:00,unverified_search_origin_not_listing_location,disabled_due_to_unverified_location,"Saskatoon, SK",,2023,Ford,F-150,xlt,2,52389,No change noted,Down $5 over 9 weeks,9,52394,52390,-1,-5,34050,Unknown,Gas,Unknown,N/A,Unknown,Private,,,,disabled_unverified_location,1736016670,prince-albert,unverified_url_evidence,https://www.kijiji.ca/v-cars-trucks/prince-albert/2023-ford-f-150-xlt-air-conditioning-cruise-control/1736016670,Kijiji
DISABLED_MANUAL_REVIEW_REQUIRED,location_verification_required,success,warnings_present,unverified_kijiji_location,success,2026-07-21T22:30:59+00:00,unverified_search_origin_not_listing_location,disabled_due_to_unverified_location,"Regina, SK",,2023,Ford,F-150,lariat,3,58288,No change noted,Unchanged for 1 weeks,1,58288,58288,0,0,71300,Unknown,Gas,Unknown,N/A,Unknown,Private,,,,disabled_unverified_location,1736121616,winnipeg,unverified_url_evidence,https://www.kijiji.ca/v-cars-trucks/winnipeg/2023-ford-f-150-lariat-502a-black-edition-400hp-twin-turbo/1736121616,Kijiji
DISABLED_MANUAL_REVIEW_REQUIRED,location_verification_required,success,warnings_present,unverified_kijiji_location,success,2026-07-21T22:30:59+00:00,unverified_search_origin_not_listing_location,disabled_due_to_unverified_location,"Calgary, AB",,2023,Ford,F-150,xlt,2,39990,No change noted,Unchanged for 9 weeks,9,39990,39990,0,0,116382,Unknown,Gas,Unknown,N/A,Unknown,Dealer,,,,disabled_unverified_location,1736551022,calgary,unverified_url_evidence,https://www.kijiji.ca/v-cars-trucks/calgary/2023-ford-f-150-xlt-4wd-supercrew-6-5-box/1736551022,Kijiji
DISABLED_MANUAL_REVIEW_REQUIRED,location_verification_required,success,warnings_present,unverified_kijiji_location,success,2026-07-21T22:30:59+00:00,unverified_search_origin_not_listing_location,disabled_due_to_unverified_location,"Saskatoon, SK",,2023,Ford,F-150,lariat,3,58699,No change noted,Down $300 over 11 weeks,11,58999,58699,0,-300,70698,Unknown,Gas,Unknown,N/A,Unknown,Dealer,,,,disabled_unverified_location,1736551549,saskatoon,unverified_url_evidence,https://www.kijiji.ca/v-cars-trucks/saskatoon/ford-f-150-lariat-2023/1736551549,Kijiji
DISABLED_MANUAL_REVIEW_REQUIRED,location_verification_required,success,warnings_present,unverified_kijiji_location,success,2026-07-21T22:30:59+00:00,unverified_search_origin_not_listing_location,disabled_due_to_unverified_location,"Carstairs, AB",,2023,Ford,F-150,lariat,3,50850,No change noted,Down $662 over 9 weeks,9,51512,50850,0,-662,111366,Unknown,Gas,Unknown,N/A,Unknown,Private,,,,disabled_unverified_location,1736662641,oshawa-durham-region,unverified_url_evidence,https://www.kijiji.ca/v-cars-trucks/oshawa-durham-region/2023-ford-f-150-lariat/1736662641,Kijiji
DISABLED_MANUAL_REVIEW_REQUIRED,location_verification_required,success,warnings_present,unverified_kijiji_location,success,2026-07-21T22:30:59+00:00,unverified_search_origin_not_listing_location,disabled_due_to_unverified_location,"Calgary, AB",,2023,Ford,F-150,tremor,3,57600,No change noted,"Down $2,395 over 7 weeks",7,59995,55995,1605,-2395,96328,Unknown,Gas,Unknown,N/A,Unknown,Dealer,,,,disabled_unverified_location,1736712116,calgary,unverified_url_evidence,https://www.kijiji.ca/v-cars-trucks/calgary/2023-ford-f-150-tremor-402a-sunroof-htd-cld-leather-b-o-sn/1736712116,Kijiji
DISABLED_MANUAL_REVIEW_REQUIRED,location_verification_required,success,warnings_present,unverified_kijiji_location,success,2026-07-21T22:30:59+00:00,unverified_search_origin_not_listing_location,disabled_due_to_unverified_location,"Regina, SK",,2023,Ford,F-150,xlt,2,45995,No change noted,Unchanged for 9 weeks,9,45995,45995,0,0,89224,Unknown,Gas,Unknown,N/A,Unknown,Private,,,,disabled_unverified_location,1736714480,winnipeg,unverified_url_evidence,https://www.kijiji.ca/v-cars-trucks/winnipeg/2023-ford-f-150-xlt-navigation-blind-spot-monitoring/1736714480,Kijiji
DISABLED_MANUAL_REVIEW_REQUIRED,location_verification_required,success,warnings_present,unverified_kijiji_location,success,2026-07-21T22:30:59+00:00,unverified_search_origin_not_listing_location,disabled_due_to_unverified_location,"Edmonton, AB",,2023,Ford,F-150,fx4,3,33000,No change noted,"Down $2,000 over 10 weeks",10,35000,33000,0,-2000,128021,Unknown,Gas,Unknown,N/A,Unknown,Dealer,,,,disabled_unverified_location,1736766909,edmonton,unverified_url_evidence,https://www.kijiji.ca/v-cars-trucks/edmonton/2023-ford-f-150-xlt-supercab-145-tow-pkg-fx4-pkg-sync-4/1736766909,Kijiji
DISABLED_MANUAL_REVIEW_REQUIRED,location_verification_required,success,warnings_present,unverified_kijiji_location,success,2026-07-21T22:30:59+00:00,unverified_search_origin_not_listing_location,disabled_due_to_unverified_location,"Calgary, AB",,2023,Ford,F-150,xlt,2,37900,No change noted,"Down $1,900 over 10 weeks",10,39800,37900,0,-1900,129343,Unknown,Gas,No accidents reported,N/A,Unknown,Dealer,,,,disabled_unverified_location,1736769081,calgary,unverified_url_evidence,https://www.kijiji.ca/v-cars-trucks/calgary/2023-ford-f-150-xlt-sport-302a-2-7l-eco-no-accidents/1736769081,Kijiji
DISABLED_MANUAL_REVIEW_REQUIRED,location_verification_required,success,warnings_present,unverified_kijiji_location,success,2026-07-21T22:30:59+00:00,unverified_search_origin_not_listing_location,disabled_due_to_unverified_location,"Regina, SK",,2023,Ford,F-150,tremor,3,55999,No change noted,"Down $1,955 over 10 weeks",10,57954,55999,0,-1955,122123,3.5L,Gas,Unknown,N/A,Unknown,Private,,,,disabled_unverified_location,1736819146,winnipeg,unverified_url_evidence,https://www.kijiji.ca/v-cars-trucks/winnipeg/2023-ford-f-150-tremor-4wd-crew-402a-3-5-leather-moonroof/1736819146,Kijiji
DISABLED_MANUAL_REVIEW_REQUIRED,location_verification_required,success,warnings_present,unverified_kijiji_location,success,2026-07-21T22:30:59+00:00,unverified_search_origin_not_listing_location,disabled_due_to_unverified_location,"Moose Jaw, SK",,2023,Ford,F-150,xlt,2,53390,No change noted,"Down $1,600 over 8 weeks",8,54990,53990,-600,-1600,44789,Unknown,Gas,Unknown,N/A,Unknown,Private,,,,disabled_unverified_location,1736994640,ottawa,unverified_url_evidence,https://www.kijiji.ca/v-cars-trucks/ottawa/2023-ford-f-150-xlt-302a-crew-cab-short-bed/1736994640,Kijiji
DISABLED_MANUAL_REVIEW_REQUIRED,location_verification_required,success,warnings_present,unverified_kijiji_location,success,2026-07-21T22:30:59+00:00,unverified_search_origin_not_listing_location,disabled_due_to_unverified_location,"Medicine Hat, AB",,2023,Ford,F-150,Unknown,1,41999,No change noted,"Down $2,000 over 10 weeks",10,43999,41999,0,-2000,71473,Unknown,Gas,Unknown,N/A,Unknown,Dealer,,,,disabled_unverified_location,1737041869,lethbridge,unverified_url_evidence,https://www.kijiji.ca/v-cars-trucks/lethbridge/2023-ford-f-150-stx-2500-off-built-ford-tough-and-you-get-to/1737041869,Kijiji
DISABLED_MANUAL_REVIEW_REQUIRED,location_verification_required,success,warnings_present,unverified_kijiji_location,success,2026-07-21T22:30:59+00:00,unverified_search_origin_not_listing_location,disabled_due_to_unverified_location,"Camrose, AB",,2023,Ford,F-150,xlt,2,43777,No change noted,"Down $2,212 over 8 weeks",8,45989,44989,-1212,-2212,105588,Unknown,Gas,Unknown,N/A,Unknown,Dealer,,,,disabled_unverified_location,1737135991,st-albert,unverified_url_evidence,https://www.kijiji.ca/v-cars-trucks/st-albert/2023-ford-f-150-xlt-4wd-supercrew-5-5-box-for-sale/1737135991,Kijiji
DISABLED_MANUAL_REVIEW_REQUIRED,location_verification_required,success,warnings_present,unverified_kijiji_location,success,2026-07-21T22:30:59+00:00,unverified_search_origin_not_listing_location,disabled_due_to_unverified_location,"Calgary, AB",,2023,Ford,F-150,lariat,3,56962,No change noted,First seen this week,0,56962,56962,0,0,62263,Unknown,Gas,Unknown,N/A,Unknown,Dealer,,,,disabled_unverified_location,1737138460,calgary,unverified_url_evidence,https://www.kijiji.ca/v-cars-trucks/calgary/2023-ford-f-150-lariat-leather-seats-cooled-seats/1737138460,Kijiji
DISABLED_MANUAL_REVIEW_REQUIRED,location_verification_required,success,warnings_present,unverified_kijiji_location,success,2026-07-21T22:30:59+00:00,unverified_search_origin_not_listing_location,disabled_due_to_unverified_location,"Moose Jaw, SK",,2023,Ford,F-150,xlt,2,51590,No change noted,"Down $2,600 over 7 weeks",7,54190,52190,-600,-2600,36488,Unknown,Gas,Unknown,N/A,Unknown,Private,,,,disabled_unverified_location,1737151749,ottawa,unverified_url_evidence,https://www.kijiji.ca/v-cars-trucks/ottawa/2023-ford-f-150-xlt-302a-crew-cab-short-bed/1737151749,Kijiji
DISABLED_MANUAL_REVIEW_REQUIRED,location_verification_required,success,warnings_present,unverified_kijiji_location,success,2026-07-21T22:30:59+00:00,unverified_search_origin_not_listing_location,disabled_due_to_unverified_location,"Calgary, AB",,2023,Ford,F-150,lariat,3,36995,No change noted,Unchanged for 8 weeks,8,36995,36995,0,0,253860,Unknown,Gas,Unknown,N/A,Unknown,Dealer,,,,disabled_unverified_location,1737209330,calgary,unverified_url_evidence,https://www.kijiji.ca/v-cars-trucks/calgary/2023-ford-f-150-lariat/1737209330,Kijiji
DISABLED_MANUAL_REVIEW_REQUIRED,location_verification_required,success,warnings_present,unverified_kijiji_location,success,2026-07-21T22:30:59+00:00,unverified_search_origin_not_listing_location,disabled_due_to_unverified_location,"Moose Jaw, SK",,2023,Ford,F-150,xlt,2,46490,No change noted,"Down $4,000 over 10 weeks",10,50490,46990,-500,-4000,66300,Unknown,Gas,Unknown,N/A,Unknown,Private,,,,disabled_unverified_location,1737413613,ottawa,unverified_url_evidence,https://www.kijiji.ca/v-cars-trucks/ottawa/2023-ford-f-150-xlt-302a-crew-cab-short-bed/1737413613,Kijiji
DISABLED_MANUAL_REVIEW_REQUIRED,location_verification_required,success,warnings_present,unverified_kijiji_location,success,2026-07-21T22:30:59+00:00,unverified_search_origin_not_listing_location,disabled_due_to_unverified_location,"Olds, AB",,2023,Ford,F-150,xlt,2,25099,No change noted,"Down $1,900 over 11 weeks",11,26999,25099,0,-1900,220854,Unknown,Gas,Unknown,N/A,Unknown,Dealer,,,,disabled_unverified_location,1737714283,medicine-hat,unverified_url_evidence,https://www.kijiji.ca/v-cars-trucks/medicine-hat/2023-ford-f-150-xlt/1737714283,Kijiji
DISABLED_MANUAL_REVIEW_REQUIRED,location_verification_required,success,warnings_present,unverified_kijiji_location,success,2026-07-21T22:30:59+00:00,unverified_search_origin_not_listing_location,disabled_due_to_unverified_location,"Moose Jaw, SK",,2023,Ford,F-150,xlt,2,46690,No change noted,"Down $1,300 over 10 weeks",10,47990,47190,-500,-1300,62391,Unknown,Gas,Unknown,N/A,Unknown,Private,,,,disabled_unverified_location,1737784110,ottawa,unverified_url_evidence,https://www.kijiji.ca/v-cars-trucks/ottawa/2023-ford-f-150-xlt-302a-crew-cab-short-bed/1737784110,Kijiji
DISABLED_MANUAL_REVIEW_REQUIRED,location_verification_required,success,warnings_present,unverified_kijiji_location,success,2026-07-21T22:30:59+00:00,unverified_search_origin_not_listing_location,disabled_due_to_unverified_location,"Calgary, AB",,2023,Ford,F-150,xlt,2,32750,No change noted,Down $240 over 9 weeks,9,32990,32990,-240,-240,168500,Unknown,Gas,Unknown,N/A,Unknown,Private,,,,disabled_unverified_location,1737893469,calgary,unverified_url_evidence,https://www.kijiji.ca/v-cars-trucks/calgary/2023-ford-f150-xlt-supercrew/1737893469,Kijiji
DISABLED_MANUAL_REVIEW_REQUIRED,location_verification_required,success,warnings_present,unverified_kijiji_location,success,2026-07-21T22:30:59+00:00,unverified_search_origin_not_listing_location,disabled_due_to_unverified_location,"Calgary, AB",,2023,Ford,F-150,tremor,3,55990,No change noted,"Down $1,000 over 11 weeks",11,56990,55990,0,-1000,110980,Unknown,Gas,Unknown,N/A,Unknown,Dealer,,,,disabled_unverified_location,1737978421,calgary,unverified_url_evidence,https://www.kijiji.ca/v-cars-trucks/calgary/2023-ford-f-150/1737978421,Kijiji
DISABLED_MANUAL_REVIEW_REQUIRED,location_verification_required,success,warnings_present,unverified_kijiji_location,success,2026-07-21T22:30:59+00:00,unverified_search_origin_not_listing_location,disabled_due_to_unverified_location,"Calgary, AB",,2023,Ford,F-150,xlt,2,43966,No change noted,"Down $1,033 over 10 weeks",10,44999,44377,-411,-1033,86546,3.5L,Gas,Unknown,N/A,Unknown,Dealer,,,,disabled_unverified_location,1737984591,calgary,unverified_url_evidence,https://www.kijiji.ca/v-cars-trucks/calgary/2023-ford-f-150-xlt-3-5l-ecoboost-remote-start/1737984591,Kijiji
DISABLED_MANUAL_REVIEW_REQUIRED,location_verification_required,success,warnings_present,unverified_kijiji_location,success,2026-07-21T22:30:59+00:00,unverified_search_origin_not_listing_location,disabled_due_to_unverified_location,"Edmonton, AB",,2023,Ford,F-150,fx4,3,36000,No change noted,"Down $2,000 over 10 weeks",10,38000,36000,0,-2000,116297,Unknown,Gas,Unknown,N/A,Unknown,Dealer,,,,disabled_unverified_location,1738036219,edmonton,unverified_url_evidence,https://www.kijiji.ca/v-cars-trucks/edmonton/2023-ford-f-150-xlt-supercab-145-fx4-pkg-sync-4-tow-pkg/1738036219,Kijiji
DISABLED_MANUAL_REVIEW_REQUIRED,location_verification_required,success,warnings_present,unverified_kijiji_location,success,2026-07-21T22:30:59+00:00,unverified_search_origin_not_listing_location,disabled_due_to_unverified_location,"Medicine Hat, AB",,2023,Ford,F-150,xlt,2,39995,No change noted,Unchanged for 7 weeks,7,39995,39995,0,0,85906,Unknown,Gas,Unknown,N/A,Unknown,Private,,,,disabled_unverified_location,1738240850,lethbridge,unverified_url_evidence,https://www.kijiji.ca/v-cars-trucks/lethbridge/2023-ford-f150-xlt-4x4-supercrew/1738240850,Kijiji
DISABLED_MANUAL_REVIEW_REQUIRED,location_verification_required,success,warnings_present,unverified_kijiji_location,success,2026-07-21T22:30:59+00:00,unverified_search_origin_not_listing_location,disabled_due_to_unverified_location,"Carstairs, AB",,2023,Ford,F-150,xl,1,53451,No change noted,"Up $1,456 over 8 weeks",8,51995,53451,0,1456,21888,Unknown,Gas,Unknown,N/A,Unknown,Private,,,,disabled_unverified_location,1738242716,terrace,unverified_url_evidence,https://www.kijiji.ca/v-cars-trucks/terrace/2023-ford-f-150/1738242716,Kijiji
DISABLED_MANUAL_REVIEW_REQUIRED,location_verification_required,success,warnings_present,unverified_kijiji_location,success,2026-07-21T22:30:59+00:00,unverified_search_origin_not_listing_location,disabled_due_to_unverified_location,"Ponoka, AB",,2023,Ford,F-150,xlt,2,46993,No change noted,"Down $7,000 over 8 weeks",8,53993,49993,-3000,-7000,79135,Unknown,Gas,Unknown,N/A,Unknown,Dealer,,,,disabled_unverified_location,1738300587,fort-mcmurray,unverified_url_evidence,https://www.kijiji.ca/v-cars-trucks/fort-mcmurray/2023-ford-f-150-xlt-aluminum-wheels-sync/1738300587,Kijiji
DISABLED_MANUAL_REVIEW_REQUIRED,location_verification_required,success,warnings_present,unverified_kijiji_location,success,2026-07-21T22:30:59+00:00,unverified_search_origin_not_listing_location,disabled_due_to_unverified_location,"Edmonton, AB",,2023,Ford,F-150,fx4,3,36000,No change noted,"Down $2,000 over 8 weeks",8,38000,36000,0,-2000,103086,Unknown,Gas,Unknown,N/A,Unknown,Dealer,,,,disabled_unverified_location,1738351698,edmonton,unverified_url_evidence,https://www.kijiji.ca/v-cars-trucks/edmonton/2023-ford-f-150-xlt-supercab-145-fx4-pkg-tow-pkg-sync-4/1738351698,Kijiji
DISABLED_MANUAL_REVIEW_REQUIRED,location_verification_required,success,warnings_present,unverified_kijiji_location,success,2026-07-21T22:30:59+00:00,unverified_search_origin_not_listing_location,disabled_due_to_unverified_location,"Calgary, AB",,2023,Ford,F-150,xlt,2,43980,No change noted,Unchanged for 7 weeks,7,43980,43980,0,0,87741,Unknown,Gas,Unknown,N/A,Unknown,Dealer,,,,disabled_unverified_location,1738352534,calgary,unverified_url_evidence,https://www.kijiji.ca/v-cars-trucks/calgary/2023-ford-f-150-xlt/1738352534,Kijiji
DISABLED_MANUAL_REVIEW_REQUIRED,location_verification_required,success,warnings_present,unverified_kijiji_location,success,2026-07-21T22:30:59+00:00,unverified_search_origin_not_listing_location,disabled_due_to_unverified_location,"Regina, SK",,2023,Ford,F-150,lariat,3,58099,No change noted,Down $855 over 8 weeks,8,58954,58099,0,-855,70354,Unknown,Gas,Unknown,N/A,Unknown,Private,,,,disabled_unverified_location,1738354981,winnipeg,unverified_url_evidence,https://www.kijiji.ca/v-cars-trucks/winnipeg/2023-ford-f-150-lariat-502a-high-black-appear-pkg-sport-pkg/1738354981,Kijiji
DISABLED_MANUAL_REVIEW_REQUIRED,location_verification_required,success,warnings_present,unverified_kijiji_location,success,2026-07-21T22:30:59+00:00,unverified_search_origin_not_listing_location,disabled_due_to_unverified_location,"Moose Jaw, SK",,2023,Ford,F-150,xlt,2,51990,No change noted,"Down $1,000 over 7 weeks",7,52990,52490,-500,-1000,56810,Unknown,Gas,Unknown,N/A,Unknown,Private,,,,disabled_unverified_location,1738366327,ottawa,unverified_url_evidence,https://www.kijiji.ca/v-cars-trucks/ottawa/2023-ford-f-150-xlt-302a-crew-cab-standard-bed/1738366327,Kijiji
DISABLED_MANUAL_REVIEW_REQUIRED,location_verification_required,success,warnings_present,unverified_kijiji_location,success,2026-07-21T22:30:59+00:00,unverified_search_origin_not_listing_location,disabled_due_to_unverified_location,"Edmonton, AB",,2023,Ford,F-150,lariat,3,53500,No change noted,Unchanged for 7 weeks,7,53500,53500,0,0,105580,Unknown,Gas,Unknown,N/A,Unknown,Dealer,,,,disabled_unverified_location,1738555659,edmonton,unverified_url_evidence,https://www.kijiji.ca/v-cars-trucks/edmonton/2023-ford-f-150-lariat-502a-4x4-supercrew-145/1738555659,Kijiji
DISABLED_MANUAL_REVIEW_REQUIRED,location_verification_required,success,warnings_present,unverified_kijiji_location,success,2026-07-21T22:30:59+00:00,unverified_search_origin_not_listing_location,disabled_due_to_unverified_location,"Okotoks, AB",,2023,Ford,F-150,xlt,2,52779,No change noted,"Down $2,100 over 7 weeks",7,54879,52779,0,-2100,78500,5.0L,Gas,Unknown,N/A,Unknown,Private,,,,disabled_unverified_location,1738556046,nelson,unverified_url_evidence,https://www.kijiji.ca/v-cars-trucks/nelson/2023-ford-f-150-xlt-4wd-supercrew-5-5-box-5-0l-v8-engine-301a/1738556046,Kijiji
DISABLED_MANUAL_REVIEW_REQUIRED,location_verification_required,success,warnings_present,unverified_kijiji_location,success,2026-07-21T22:30:59+00:00,unverified_search_origin_not_listing_location,disabled_due_to_unverified_location,"Edmonton, AB",,2023,Ford,F-150,xlt,2,39980,No change noted,Unchanged for 7 weeks,7,39980,39980,0,0,92010,Unknown,Gas,Unknown,N/A,Unknown,Dealer,,,,disabled_unverified_location,1738608775,edmonton,unverified_url_evidence,https://www.kijiji.ca/v-cars-trucks/edmonton/2023-ford-f-150-xlt/1738608775,Kijiji
DISABLED_MANUAL_REVIEW_REQUIRED,location_verification_required,success,warnings_present,unverified_kijiji_location,success,2026-07-21T22:30:59+00:00,unverified_search_origin_not_listing_location,disabled_due_to_unverified_location,"Edmonton, AB",,2023,Ford,F-150,xlt,2,55997,No change noted,Unchanged for 7 weeks,7,55997,55997,0,0,65399,Unknown,Gas,Unknown,N/A,Unknown,Dealer,,,,disabled_unverified_location,1738610570,edmonton,unverified_url_evidence,https://www.kijiji.ca/v-cars-trucks/edmonton/2023-ford-f-150-xlt-black-appearance-pkg-l-crew-l-4x4-l-leather/1738610570,Kijiji
DISABLED_MANUAL_REVIEW_REQUIRED,location_verification_required,success,warnings_present,unverified_kijiji_location,success,2026-07-21T22:30:59+00:00,unverified_search_origin_not_listing_location,disabled_due_to_unverified_location,"Calgary, AB",,2023,Ford,F-150,lariat,3,55495,No change noted,Down $500 over 8 weeks,8,55995,55495,0,-500,81211,Unknown,Gas,Unknown,N/A,Unknown,Dealer,,,,disabled_unverified_location,1738654283,calgary,unverified_url_evidence,https://www.kijiji.ca/v-cars-trucks/calgary/2023-ford-f-150/1738654283,Kijiji
DISABLED_MANUAL_REVIEW_REQUIRED,location_verification_required,success,warnings_present,unverified_kijiji_location,success,2026-07-21T22:30:59+00:00,unverified_search_origin_not_listing_location,disabled_due_to_unverified_location,"Moose Jaw, SK",,2023,Ford,F-150,xlt,2,46799,No change noted,Unchanged for 6 weeks,6,46799,46799,0,0,55840,5.0L,Gas,Unknown,N/A,Unknown,Private,,,,disabled_unverified_location,1738702665,ottawa,unverified_url_evidence,https://www.kijiji.ca/v-cars-trucks/ottawa/2023-ford-f-150-xlt-4x4-8-foot-box-5-0l-v8-xlt-superc/1738702665,Kijiji
DISABLED_MANUAL_REVIEW_REQUIRED,location_verification_required,success,warnings_present,unverified_kijiji_location,success,2026-07-21T22:30:59+00:00,unverified_search_origin_not_listing_location,disabled_due_to_unverified_location,"Regina, SK",,2023,Ford,F-150,xlt,2,39214,No change noted,Unchanged for 6 weeks,6,39214,39214,0,0,162789,Unknown,Gas,No accidents reported,N/A,Unknown,Private,,,,disabled_unverified_location,1738707464,winnipeg,unverified_url_evidence,https://www.kijiji.ca/v-cars-trucks/winnipeg/2023-ford-f-150-xlt-supercrew-360-cam-clean-carfax/1738707464,Kijiji
DISABLED_MANUAL_REVIEW_REQUIRED,location_verification_required,success,warnings_present,unverified_kijiji_location,success,2026-07-21T22:30:59+00:00,unverified_search_origin_not_listing_location,disabled_due_to_unverified_location,"Calgary, AB",,2023,Ford,F-150,xl,1,45990,No change noted,"Down $1,000 over 6 weeks",6,46990,45990,0,-1000,118723,Unknown,Gas,Unknown,N/A,Unknown,Dealer,,,,disabled_unverified_location,1738810765,calgary,unverified_url_evidence,https://www.kijiji.ca/v-cars-trucks/calgary/2023-ford-f-150-xl/1738810765,Kijiji
DISABLED_MANUAL_REVIEW_REQUIRED,location_verification_required,success,warnings_present,unverified_kijiji_location,success,2026-07-21T22:30:59+00:00,unverified_search_origin_not_listing_location,disabled_due_to_unverified_location,"Calgary, AB",,2023,Ford,F-150,xlt,2,49993,No change noted,Unchanged for 7 weeks,7,49993,49993,0,0,54984,Unknown,Gas,Unknown,N/A,Unknown,Dealer,,,,disabled_unverified_location,1738864243,calgary,unverified_url_evidence,https://www.kijiji.ca/v-cars-trucks/calgary/2023-ford-f-150-xlt-heated-cloth-seats-360-camera-xtr-pkg/1738864243,Kijiji
DISABLED_MANUAL_REVIEW_REQUIRED,location_verification_required,success,warnings_present,unverified_kijiji_location,success,2026-07-21T22:30:59+00:00,unverified_search_origin_not_listing_location,disabled_due_to_unverified_location,"Carstairs, AB",,2023,Ford,F-150,xlt,2,51637,No change noted,Down $900 over 5 weeks,5,52537,51999,-362,-900,57866,Unknown,Gas,Unknown,N/A,Unknown,Private,,,,disabled_unverified_location,1738962218,moncton,unverified_url_evidence,https://www.kijiji.ca/v-cars-trucks/moncton/2023-ford-f-150-xlt/1738962218,Kijiji
DISABLED_MANUAL_REVIEW_REQUIRED,location_verification_required,success,warnings_present,unverified_kijiji_location,success,2026-07-21T22:30:59+00:00,unverified_search_origin_not_listing_location,disabled_due_to_unverified_location,"Carstairs, AB",,2023,Ford,F-150,lariat,3,55393,No change noted,Down $67 over 5 weeks,5,55460,55496,-103,-67,68945,Unknown,Gas,Unknown,N/A,Unknown,Private,,,,disabled_unverified_location,1738966060,hamilton,unverified_url_evidence,https://www.kijiji.ca/v-cars-trucks/hamilton/2023-ford-f-150-lariat/1738966060,Kijiji
DISABLED_MANUAL_REVIEW_REQUIRED,location_verification_required,success,warnings_present,unverified_kijiji_location,success,2026-07-21T22:30:59+00:00,unverified_search_origin_not_listing_location,disabled_due_to_unverified_location,"Edmonton, AB",,2023,Ford,F-150,lariat,3,52995,No change noted,Unchanged for 6 weeks,6,52995,52995,0,0,109386,Unknown,Gas,Unknown,N/A,Unknown,Dealer,,,,disabled_unverified_location,1738989911,edmonton,unverified_url_evidence,https://www.kijiji.ca/v-cars-trucks/edmonton/2023-ford-f-150-lariat-4x4-supercrew-5-5-box/1738989911,Kijiji
DISABLED_MANUAL_REVIEW_REQUIRED,location_verification_required,success,warnings_present,unverified_kijiji_location,success,2026-07-21T22:30:59+00:00,unverified_search_origin_not_listing_location,disabled_due_to_unverified_location,"Edmonton, AB",,2023,Ford,F-150,xlt,2,44895,No change noted,Unchanged for 6 weeks,6,44895,44895,0,0,128833,Unknown,Gas,Unknown,N/A,Unknown,Dealer,,,,disabled_unverified_location,1738989921,edmonton,unverified_url_evidence,https://www.kijiji.ca/v-cars-trucks/edmonton/2023-ford-f-150-xlt-4x4-supercrew-5-5-box/1738989921,Kijiji
DISABLED_MANUAL_REVIEW_REQUIRED,location_verification_required,success,warnings_present,unverified_kijiji_location,success,2026-07-21T22:30:59+00:00,unverified_search_origin_not_listing_location,disabled_due_to_unverified_location,"Brooks, AB",,2023,Ford,F-150,xlt,2,43699,No change noted,Up $700 over 6 weeks,6,42999,43699,0,700,113609,5.0L,Gas,No accidents reported,N/A,Unknown,Private,,,,disabled_unverified_location,1739013669,windsor-area-on,unverified_url_evidence,https://www.kijiji.ca/v-cars-trucks/windsor-area-on/2023-ford-f-150-xlt-5-0l-v8-remote-start-navigation/1739013669,Kijiji
DISABLED_MANUAL_REVIEW_REQUIRED,location_verification_required,success,warnings_present,unverified_kijiji_location,success,2026-07-21T22:30:59+00:00,unverified_search_origin_not_listing_location,disabled_due_to_unverified_location,"Saskatoon, SK",,2023,Ford,F-150,xl,1,58320,No change noted,Down $780 over 7 weeks,7,59100,58320,0,-780,83221,Unknown,Gas,Unknown,N/A,Unknown,Private,,,,disabled_unverified_location,1739019715,saskatoon,unverified_url_evidence,https://www.kijiji.ca/v-cars-trucks/saskatoon/2023-ford-f-150-xl-keyless-entry-apple-carplay/1739019715,Kijiji
DISABLED_MANUAL_REVIEW_REQUIRED,location_verification_required,success,warnings_present,unverified_kijiji_location,success,2026-07-21T22:30:59+00:00,unverified_search_origin_not_listing_location,disabled_due_to_unverified_location,"Moose Jaw, SK",,2023,Ford,F-150,xlt,2,52890,No change noted,Down $600 over 6 weeks,6,53490,53090,-200,-600,29299,Unknown,Gas,Unknown,N/A,Unknown,Private,,,,disabled_unverified_location,1739029583,ottawa,unverified_url_evidence,https://www.kijiji.ca/v-cars-trucks/ottawa/2023-ford-f-150-xlt-302a-crew-cab-short-bed/1739029583,Kijiji
DISABLED_MANUAL_REVIEW_REQUIRED,location_verification_required,success,warnings_present,unverified_kijiji_location,success,2026-07-21T22:30:59+00:00,unverified_search_origin_not_listing_location,disabled_due_to_unverified_location,"Camrose, AB",,2023,Ford,F-150,lariat,3,56999,No change noted,Unchanged for 6 weeks,6,56999,56999,0,0,85905,Unknown,Gas,Unknown,N/A,Unknown,Dealer,,,,disabled_unverified_location,1739065933,st-albert,unverified_url_evidence,https://www.kijiji.ca/v-cars-trucks/st-albert/2023-ford-f-150/1739065933,Kijiji
DISABLED_MANUAL_REVIEW_REQUIRED,location_verification_required,success,warnings_present,unverified_kijiji_location,success,2026-07-21T22:30:59+00:00,unverified_search_origin_not_listing_location,disabled_due_to_unverified_location,"Edmonton, AB",,2023,Ford,F-150,xlt,2,45995,No change noted,"Up $1,100 over 6 weeks",6,44895,45995,0,1100,99840,Unknown,Gas,Unknown,N/A,Unknown,Dealer,,,,disabled_unverified_location,1739114523,edmonton,unverified_url_evidence,https://www.kijiji.ca/v-cars-trucks/edmonton/2023-ford-f-150-xlt-4x4-supercrew-5-5-box/1739114523,Kijiji
DISABLED_MANUAL_REVIEW_REQUIRED,location_verification_required,success,warnings_present,unverified_kijiji_location,success,2026-07-21T22:30:59+00:00,unverified_search_origin_not_listing_location,disabled_due_to_unverified_location,"Regina, SK",,2023,Ford,F-150,lariat,3,55794,No change noted,"Down $1,000 over 6 weeks",6,56794,55794,0,-1000,102004,Unknown,Gas,Unknown,N/A,Unknown,Private,,,,disabled_unverified_location,1739117884,winnipeg,unverified_url_evidence,https://www.kijiji.ca/v-cars-trucks/winnipeg/2023-ford-f-150-lariat-4wd-supercrew-5-5-box-502a-leather-roof/1739117884,Kijiji
DISABLED_MANUAL_REVIEW_REQUIRED,location_verification_required,success,warnings_present,unverified_kijiji_location,success,2026-07-21T22:30:59+00:00,unverified_search_origin_not_listing_location,disabled_due_to_unverified_location,"Calgary, AB",,2023,Ford,F-150,lariat,3,55782,No change noted,"Down $2,213 over 7 weeks",7,57995,55782,0,-2213,100127,Unknown,Gas,Unknown,N/A,Unknown,Dealer,,,,disabled_unverified_location,1739163000,calgary,unverified_url_evidence,https://www.kijiji.ca/v-cars-trucks/calgary/2023-ford-f-150/1739163000,Kijiji
DISABLED_MANUAL_REVIEW_REQUIRED,location_verification_required,success,warnings_present,unverified_kijiji_location,success,2026-07-21T22:30:59+00:00,unverified_search_origin_not_listing_location,disabled_due_to_unverified_location,"Edmonton, AB",,2023,Ford,F-150,platinum,3,59000,No change noted,Unchanged for 6 weeks,6,59000,59000,0,0,90138,Unknown,Gas,Unknown,N/A,Unknown,Dealer,,,,disabled_unverified_location,1739213797,edmonton,unverified_url_evidence,https://www.kijiji.ca/v-cars-trucks/edmonton/2023-ford-f-150-platinum-supercrew-145-fx4-pkg-sync-4/1739213797,Kijiji
DISABLED_MANUAL_REVIEW_REQUIRED,location_verification_required,success,warnings_present,unverified_kijiji_location,success,2026-07-21T22:30:59+00:00,unverified_search_origin_not_listing_location,disabled_due_to_unverified_location,"Regina, SK",,2023,Ford,F-150,lariat,3,59954,No change noted,Unchanged for 6 weeks,6,59954,59954,0,0,62400,2.7L,Gas,Unknown,N/A,Unknown,Private,,,,disabled_unverified_location,1739215157,winnipeg,unverified_url_evidence,https://www.kijiji.ca/v-cars-trucks/winnipeg/2023-ford-f-150-lariat-4wd-502a-sport-crew-2-7l-hard-tonneau/1739215157,Kijiji
DISABLED_MANUAL_REVIEW_REQUIRED,location_verification_required,success,warnings_present,unverified_kijiji_location,success,2026-07-21T22:30:59+00:00,unverified_search_origin_not_listing_location,disabled_due_to_unverified_location,"Medicine Hat, AB",,2023,Ford,F-150,xlt,2,47890,No change noted,"Up $2,000 over 5 weeks",5,45890,47890,0,2000,81953,Unknown,Gas,Unknown,N/A,Unknown,Dealer,,,,disabled_unverified_location,1739260661,lethbridge,unverified_url_evidence,https://www.kijiji.ca/v-cars-trucks/lethbridge/2023-ford-f-150/1739260661,Kijiji
DISABLED_MANUAL_REVIEW_REQUIRED,location_verification_required,success,warnings_present,unverified_kijiji_location,success,2026-07-21T22:30:59+00:00,unverified_search_origin_not_listing_location,disabled_due_to_unverified_location,"Carstairs, AB",,2023,Ford,F-150,xlt,2,46737,No change noted,Unchanged for 4 weeks,4,46737,46737,0,0,81564,Unknown,Gas,Unknown,N/A,Unknown,Private,,,,disabled_unverified_location,1739306089,moncton,unverified_url_evidence,https://www.kijiji.ca/v-cars-trucks/moncton/2023-ford-f-150-xlt/1739306089,Kijiji
DISABLED_MANUAL_REVIEW_REQUIRED,location_verification_required,success,warnings_present,unverified_kijiji_location,success,2026-07-21T22:30:59+00:00,unverified_search_origin_not_listing_location,disabled_due_to_unverified_location,"Carstairs, AB",,2023,Ford,F-150,xlt,2,51437,No change noted,Down $100 over 3 weeks,3,51537,51537,-100,-100,54421,Unknown,Gas,Unknown,N/A,Unknown,Private,,,,disabled_unverified_location,1739306092,moncton,unverified_url_evidence,https://www.kijiji.ca/v-cars-trucks/moncton/2023-ford-f-150-xlt/1739306092,Kijiji
DISABLED_MANUAL_REVIEW_REQUIRED,location_verification_required,success,warnings_present,unverified_kijiji_location,success,2026-07-21T22:30:59+00:00,unverified_search_origin_not_listing_location,disabled_due_to_unverified_location,"Calgary, AB",,2023,Ford,F-150,lariat,3,57841,No change noted,"Up $1,015 over 4 weeks",4,56826,57847,-6,1015,77438,Unknown,Gas,Unknown,N/A,Unknown,Dealer,,,,disabled_unverified_location,1739311832,calgary,unverified_url_evidence,https://www.kijiji.ca/v-cars-trucks/calgary/2023-ford-f-150-lariat-certified-preowned-remote-start-le/1739311832,Kijiji
DISABLED_MANUAL_REVIEW_REQUIRED,location_verification_required,success,warnings_present,unverified_kijiji_location,success,2026-07-21T22:30:59+00:00,unverified_search_origin_not_listing_location,disabled_due_to_unverified_location,"Carstairs, AB",,2023,Ford,F-150,platinum,3,56995,No change noted,Unchanged for 3 weeks,3,56995,56995,0,0,116649,Unknown,Gas,No accidents reported,N/A,Unknown,Private,,,,disabled_unverified_location,1739358544,hamilton,unverified_url_evidence,https://www.kijiji.ca/v-cars-trucks/hamilton/2023-ford-f-150-platinum-supercrew-6-5-box-4wd-no-accidents/1739358544,Kijiji
DISABLED_MANUAL_REVIEW_REQUIRED,location_verification_required,success,warnings_present,unverified_kijiji_location,success,2026-07-21T22:30:59+00:00,unverified_search_origin_not_listing_location,disabled_due_to_unverified_location,"Carstairs, AB",,2023,Ford,F-150,platinum,3,58988,No change noted,First seen this week,0,58988,58988,0,0,97284,Unknown,Gas,Unknown,N/A,Unknown,Private,,,,disabled_unverified_location,1739452141,fredericton,unverified_url_evidence,https://www.kijiji.ca/v-cars-trucks/fredericton/2023-ford-f-150-platinum/1739452141,Kijiji
DISABLED_MANUAL_REVIEW_REQUIRED,location_verification_required,success,warnings_present,unverified_kijiji_location,success,2026-07-21T22:30:59+00:00,unverified_search_origin_not_listing_location,disabled_due_to_unverified_location,"Calgary, AB",,2023,Ford,F-150,tremor,3,57990,No change noted,Unchanged for 4 weeks,4,57990,57990,0,0,95247,Unknown,Gas,Unknown,N/A,Unknown,Dealer,,,,disabled_unverified_location,1739453258,calgary,unverified_url_evidence,https://www.kijiji.ca/v-cars-trucks/calgary/2023-ford-f-150/1739453258,Kijiji
DISABLED_MANUAL_REVIEW_REQUIRED,location_verification_required,success,warnings_present,unverified_kijiji_location,success,2026-07-21T22:30:59+00:00,unverified_search_origin_not_listing_location,disabled_due_to_unverified_location,"Regina, SK",,2023,Ford,F-150,xl,1,51794,No change noted,"Down $1,000 over 4 weeks",4,52794,52794,-1000,-1000,101339,Unknown,Gas,Unknown,N/A,Unknown,Private,,,,disabled_unverified_location,1739457397,winnipeg,unverified_url_evidence,https://www.kijiji.ca/v-cars-trucks/winnipeg/2023-ford-f-150-xl-4wd-supercrew-5-5-box/1739457397,Kijiji
DISABLED_MANUAL_REVIEW_REQUIRED,location_verification_required,success,warnings_present,unverified_kijiji_location,success,2026-07-21T22:30:59+00:00,unverified_search_origin_not_listing_location,disabled_due_to_unverified_location,"Edmonton, AB",,2023,Ford,F-150,lariat,3,58999,No change noted,Unchanged for 4 weeks,4,58999,58999,0,0,47168,Unknown,Gas,Unknown,N/A,Unknown,Dealer,,,,disabled_unverified_location,1739457857,edmonton,unverified_url_evidence,https://www.kijiji.ca/v-cars-trucks/edmonton/2023-ford-f-150-lariat/1739457857,Kijiji
DISABLED_MANUAL_REVIEW_REQUIRED,location_verification_required,success,warnings_present,unverified_kijiji_location;url_year_conflicts_with_parsed_year,success,2026-07-21T22:30:59+00:00,unverified_search_origin_not_listing_location,disabled_due_to_unverified_location,"Saskatoon, SK",,2023,Ford,F-150,tremor,3,58000,No change noted,Unchanged for 5 weeks,5,58000,58000,0,0,95000,Unknown,Gas,Unknown,N/A,Unknown,Private,,,,disabled_unverified_location,1739482723,saskatoon,unverified_url_evidence,https://www.kijiji.ca/v-cars-trucks/saskatoon/2022-ford-f150-tremor/1739482723,Kijiji
DISABLED_MANUAL_REVIEW_REQUIRED,location_verification_required,success,warnings_present,unverified_kijiji_location,success,2026-07-21T22:30:59+00:00,unverified_search_origin_not_listing_location,disabled_due_to_unverified_location,"Olds, AB",,2023,Ford,F-150,xlt,2,39888,No change noted,Unchanged for 5 weeks,5,39888,39888,0,0,168833,Unknown,Gas,Unknown,N/A,Unknown,Dealer,,,,disabled_unverified_location,1739507744,medicine-hat,unverified_url_evidence,https://www.kijiji.ca/v-cars-trucks/medicine-hat/2023-ford-f-150-xlt/1739507744,Kijiji
DISABLED_MANUAL_REVIEW_REQUIRED,location_verification_required,success,warnings_present,unverified_kijiji_location,success,2026-07-21T22:30:59+00:00,unverified_search_origin_not_listing_location,disabled_due_to_unverified_location,"Edmonton, AB",,2023,Ford,F-150,xlt,2,49000,No change noted,Unchanged for 3 weeks,3,49000,49000,0,0,51200,Unknown,Gas,Unknown,N/A,Unknown,Dealer,,,,disabled_unverified_location,1739593354,edmonton,unverified_url_evidence,https://www.kijiji.ca/v-cars-trucks/edmonton/2023-ford-f-150-xlt/1739593354,Kijiji
DISABLED_MANUAL_REVIEW_REQUIRED,location_verification_required,success,warnings_present,unverified_kijiji_location,success,2026-07-21T22:30:59+00:00,unverified_search_origin_not_listing_location,disabled_due_to_unverified_location,"Calgary, AB",,2023,Ford,F-150,xl,1,34977,No change noted,Unchanged for 3 weeks,3,34977,34977,0,0,50399,Unknown,Gas,Unknown,N/A,Unknown,Dealer,,,,disabled_unverified_location,1739636467,calgary,unverified_url_evidence,https://www.kijiji.ca/v-cars-trucks/calgary/2023-ford-f-150-xl-v6-5-5-box-navi-backup-camera/1739636467,Kijiji
DISABLED_MANUAL_REVIEW_REQUIRED,location_verification_required,success,warnings_present,unverified_kijiji_location,success,2026-07-21T22:30:59+00:00,unverified_search_origin_not_listing_location,disabled_due_to_unverified_location,"Regina, SK",,2023,Ford,F-150,lariat,3,55721,No change noted,"Down $1,073 over 3 weeks",3,56794,56794,-1073,-1073,60097,Unknown,Gas,Unknown,N/A,Unknown,Private,,,,disabled_unverified_location,1739640217,winnipeg,unverified_url_evidence,https://www.kijiji.ca/v-cars-trucks/winnipeg/2023-ford-f-150-lariat-lariat-4wd-supercrew-5-5-box/1739640217,Kijiji
DISABLED_MANUAL_REVIEW_REQUIRED,location_verification_required,success,warnings_present,unverified_kijiji_location,success,2026-07-21T22:30:59+00:00,unverified_search_origin_not_listing_location,disabled_due_to_unverified_location,"Carstairs, AB",,2023,Ford,F-150,xlt,2,47249,No change noted,Down $250 over 1 weeks,1,47499,47499,-250,-250,47255,2.7L,Gas,No accidents reported,N/A,Unknown,Private,,,,disabled_unverified_location,1739684929,windsor-area-on,unverified_url_evidence,https://www.kijiji.ca/v-cars-trucks/windsor-area-on/2023-ford-f-150-xlt-2-7l-ecoboost-remote-start/1739684929,Kijiji
DISABLED_MANUAL_REVIEW_REQUIRED,location_verification_required,success,warnings_present,unverified_kijiji_location,success,2026-07-21T22:30:59+00:00,unverified_search_origin_not_listing_location,disabled_due_to_unverified_location,"Calgary, AB",,2023,Ford,F-150,xlt,2,43998,No change noted,Unchanged for 3 weeks,3,43998,43998,0,0,88227,3.5L,Gas,Unknown,N/A,Unknown,Dealer,,,,disabled_unverified_location,1739688154,st-albert,unverified_url_evidence,https://www.kijiji.ca/v-cars-trucks/st-albert/2023-ford-f-150-xlt-crew-4x4-3-5l-ecoboost-nav-capable/1739688154,Kijiji
DISABLED_MANUAL_REVIEW_REQUIRED,location_verification_required,success,warnings_present,unverified_kijiji_location,success,2026-07-21T22:30:59+00:00,unverified_search_origin_not_listing_location,disabled_due_to_unverified_location,"Edmonton, AB",,2023,Ford,F-150,xlt,2,47990,No change noted,Unchanged for 2 weeks,2,47990,47990,0,0,47010,Unknown,Gas,Unknown,N/A,Unknown,Dealer,,,,disabled_unverified_location,1739737131,edmonton,unverified_url_evidence,https://www.kijiji.ca/v-cars-trucks/edmonton/xlt-301a-equipement-group-66-box/1739737131,Kijiji
DISABLED_MANUAL_REVIEW_REQUIRED,location_verification_required,success,warnings_present,unverified_kijiji_location,success,2026-07-21T22:30:59+00:00,unverified_search_origin_not_listing_location,disabled_due_to_unverified_location,"Camrose, AB",,2023,Ford,F-150,xlt,2,40321,No change noted,Up $323 over 4 weeks,4,39998,40321,0,323,77888,Unknown,Gas,No accidents reported,N/A,Unknown,Dealer,,,,disabled_unverified_location,1739778108,edmonton,unverified_url_evidence,https://www.kijiji.ca/v-cars-trucks/edmonton/2023-ford-f-150-xlt-accident-free-carfax/1739778108,Kijiji
DISABLED_MANUAL_REVIEW_REQUIRED,location_verification_required,success,warnings_present,unverified_kijiji_location,success,2026-07-21T22:30:59+00:00,unverified_search_origin_not_listing_location,disabled_due_to_unverified_location,"Edmonton, AB",,2023,Ford,F-150,xlt,2,41995,No change noted,Unchanged for 3 weeks,3,41995,41995,0,0,98743,Unknown,Gas,Unknown,N/A,Unknown,Dealer,,,,disabled_unverified_location,1739778658,edmonton,unverified_url_evidence,https://www.kijiji.ca/v-cars-trucks/edmonton/2023-ford-f-150-xlt/1739778658,Kijiji
DISABLED_MANUAL_REVIEW_REQUIRED,location_verification_required,success,warnings_present,unverified_kijiji_location,success,2026-07-21T22:30:59+00:00,unverified_search_origin_not_listing_location,disabled_due_to_unverified_location,"Calgary, AB",,2023,Ford,F-150,xl,1,48993,No change noted,Unchanged for 3 weeks,3,48993,48993,0,0,34303,Unknown,Gas,Unknown,N/A,Unknown,Dealer,,,,disabled_unverified_location,1739832809,calgary,unverified_url_evidence,https://www.kijiji.ca/v-cars-trucks/calgary/2023-ford-f-150-xl-heavy-duty-payload-pkg-max-trailer-tow-pkg/1739832809,Kijiji
DISABLED_MANUAL_REVIEW_REQUIRED,location_verification_required,success,warnings_present,unverified_kijiji_location,success,2026-07-21T22:30:59+00:00,unverified_search_origin_not_listing_location,disabled_due_to_unverified_location,"Edmonton, AB",,2023,Ford,F-150,xlt,2,37000,No change noted,Unchanged for 3 weeks,3,37000,37000,0,0,111049,Unknown,Gas,Unknown,N/A,Unknown,Dealer,,,,disabled_unverified_location,1739877872,edmonton,unverified_url_evidence,https://www.kijiji.ca/v-cars-trucks/edmonton/2023-ford-f-150-xlt-supercrew-145-tow-pkg-sync-4-rem/1739877872,Kijiji
DISABLED_MANUAL_REVIEW_REQUIRED,location_verification_required,success,warnings_present,unverified_kijiji_location,success,2026-07-21T22:30:59+00:00,unverified_search_origin_not_listing_location,disabled_due_to_unverified_location,"Calgary, AB",,2023,Ford,F-150,xlt,2,31988,No change noted,Unchanged for 2 weeks,2,31988,31988,0,0,160998,Unknown,Gas,Accident reported,N/A,Unknown,Dealer,,,,disabled_unverified_location,1739962825,calgary,unverified_url_evidence,https://www.kijiji.ca/v-cars-trucks/calgary/2023-ford-f-150-xlt-crew-cab-navigation-bluetooth-heated-mirrors/1739962825,Kijiji
DISABLED_MANUAL_REVIEW_REQUIRED,location_verification_required,success,warnings_present,unverified_kijiji_location,success,2026-07-21T22:30:59+00:00,unverified_search_origin_not_listing_location,disabled_due_to_unverified_location,"Regina, SK",,2023,Ford,F-150,xl,1,45998,No change noted,Unchanged for 2 weeks,2,45998,45998,0,0,104251,Unknown,Gas,Unknown,N/A,Unknown,Private,,,,disabled_unverified_location,1739970655,winnipeg,unverified_url_evidence,https://www.kijiji.ca/v-cars-trucks/winnipeg/2023-ford-f-150-xl-4wd-supercrew-5-5-box/1739970655,Kijiji
DISABLED_MANUAL_REVIEW_REQUIRED,location_verification_required,success,warnings_present,unverified_kijiji_location,success,2026-07-21T22:30:59+00:00,unverified_search_origin_not_listing_location,disabled_due_to_unverified_location,"Edmonton, AB",,2023,Ford,F-150,tremor,3,55000,No change noted,Unchanged for 2 weeks,2,55000,55000,0,0,83489,Unknown,Gas,Unknown,N/A,Unknown,Dealer,,,,disabled_unverified_location,1740013520,edmonton,unverified_url_evidence,https://www.kijiji.ca/v-cars-trucks/edmonton/2023-ford-f-150-tremor-401a-4x4-supercrew-145/1740013520,Kijiji
DISABLED_MANUAL_REVIEW_REQUIRED,location_verification_required,success,warnings_present,unverified_kijiji_location,success,2026-07-21T22:30:59+00:00,unverified_search_origin_not_listing_location,disabled_due_to_unverified_location,"Camrose, AB",,2023,Ford,F-150,xlt,2,43999,No change noted,Unchanged for 2 weeks,2,43999,43999,0,0,88680,Unknown,Gas,Unknown,N/A,Unknown,Dealer,,,,disabled_unverified_location,1740013672,strathcona-county,unverified_url_evidence,https://www.kijiji.ca/v-cars-trucks/strathcona-county/2023-ford-f-150-xlt-trailer-tow-pkg/1740013672,Kijiji
DISABLED_MANUAL_REVIEW_REQUIRED,location_verification_required,success,warnings_present,unverified_kijiji_location,success,2026-07-21T22:30:59+00:00,unverified_search_origin_not_listing_location,disabled_due_to_unverified_location,"Regina, SK",,2023,Ford,F-150,lariat,3,57794,No change noted,Unchanged for 2 weeks,2,57794,57794,0,0,59700,Unknown,Gas,Unknown,N/A,Unknown,Private,,,,disabled_unverified_location,1740061664,winnipeg,unverified_url_evidence,https://www.kijiji.ca/v-cars-trucks/winnipeg/2023-ford-f-150-lariat-lariat/1740061664,Kijiji
DISABLED_MANUAL_REVIEW_REQUIRED,location_verification_required,success,warnings_present,unverified_kijiji_location,success,2026-07-21T22:30:59+00:00,unverified_search_origin_not_listing_location,disabled_due_to_unverified_location,"Edmonton, AB",,2023,Ford,F-150,xlt,2,50708,No change noted,Unchanged for 1 weeks,1,50708,50708,0,0,66276,5.0L,Gas,Unknown,N/A,Unknown,Dealer,,,,disabled_unverified_location,1740103437,edmonton,unverified_url_evidence,https://www.kijiji.ca/v-cars-trucks/edmonton/2023-ford-f-150-xlt-5-0l-v8-tow-pkg-20-rims/1740103437,Kijiji
DISABLED_MANUAL_REVIEW_REQUIRED,location_verification_required,success,warnings_present,unverified_kijiji_location,success,2026-07-21T22:30:59+00:00,unverified_search_origin_not_listing_location,disabled_due_to_unverified_location,"Calgary, AB",,2023,Ford,F-150,lariat,3,49995,No change noted,Unchanged for 2 weeks,2,49995,49995,0,0,126156,Unknown,Gas,Unknown,N/A,Unknown,Dealer,,,,disabled_unverified_location,1740104893,calgary,unverified_url_evidence,https://www.kijiji.ca/v-cars-trucks/calgary/2023-ford-f-150-lariat/1740104893,Kijiji
DISABLED_MANUAL_REVIEW_REQUIRED,location_verification_required,success,warnings_present,unverified_kijiji_location,success,2026-07-21T22:30:59+00:00,unverified_search_origin_not_listing_location,disabled_due_to_unverified_location,"Carstairs, AB",,2023,Ford,F-150,xl,1,57291,No change noted,Down $417 over 1 weeks,1,57708,57708,-417,-417,82450,Unknown,Gas,Unknown,N/A,Unknown,Dealer,,,,disabled_unverified_location,1740105675,grande-prairie,unverified_url_evidence,https://www.kijiji.ca/v-cars-trucks/grande-prairie/2023-ford-f-150-xl/1740105675,Kijiji
DISABLED_MANUAL_REVIEW_REQUIRED,location_verification_required,success,warnings_present,unverified_kijiji_location,success,2026-07-21T22:30:59+00:00,unverified_search_origin_not_listing_location,disabled_due_to_unverified_location,"Edmonton, AB",,2023,Ford,F-150,xlt,2,47895,No change noted,Unchanged for 2 weeks,2,47895,47895,0,0,90645,Unknown,Gas,Unknown,N/A,Unknown,Dealer,,,,disabled_unverified_location,1740152119,edmonton,unverified_url_evidence,https://www.kijiji.ca/v-cars-trucks/edmonton/2023-ford-f-150-xlt-4x4-supercrew-5-5-box/1740152119,Kijiji
DISABLED_MANUAL_REVIEW_REQUIRED,location_verification_required,success,warnings_present,unverified_kijiji_location,success,2026-07-21T22:30:59+00:00,unverified_search_origin_not_listing_location,disabled_due_to_unverified_location,"Saskatoon, SK",,2023,Ford,F-150,xlt,2,43999,No change noted,Unchanged for 1 weeks,1,43999,43999,0,0,122883,Unknown,Gas,Unknown,N/A,Unknown,Dealer,,,,disabled_unverified_location,1740154074,saskatoon,unverified_url_evidence,https://www.kijiji.ca/v-cars-trucks/saskatoon/ford-f-150-xlt-2023/1740154074,Kijiji
DISABLED_MANUAL_REVIEW_REQUIRED,location_verification_required,success,warnings_present,unverified_kijiji_location,success,2026-07-21T22:30:59+00:00,unverified_search_origin_not_listing_location,disabled_due_to_unverified_location,"Regina, SK",,2023,Ford,F-150,xlt,2,43998,No change noted,Unchanged for 2 weeks,2,43998,43998,0,0,126601,Unknown,Gas,Unknown,N/A,Unknown,Private,,,,disabled_unverified_location,1740154853,winnipeg,unverified_url_evidence,https://www.kijiji.ca/v-cars-trucks/winnipeg/2023-ford-f-150-xlt-302a-4wd-supercrew-5-5-box/1740154853,Kijiji
DISABLED_MANUAL_REVIEW_REQUIRED,location_verification_required,success,warnings_present,unverified_kijiji_location,success,2026-07-21T22:30:59+00:00,unverified_search_origin_not_listing_location,disabled_due_to_unverified_location,"Calgary, AB",,2023,Ford,F-150,tremor,3,49000,No change noted,Unchanged for 2 weeks,2,49000,49000,0,0,160000,Unknown,Gas,Accident reported,N/A,Unknown,Dealer,,,,disabled_unverified_location,1740186508,calgary,unverified_url_evidence,https://www.kijiji.ca/v-cars-trucks/calgary/2023-ford-f150-tremor-pick-up-truck/1740186508,Kijiji
DISABLED_MANUAL_REVIEW_REQUIRED,location_verification_required,success,warnings_present,unverified_kijiji_location,success,2026-07-21T22:30:59+00:00,unverified_search_origin_not_listing_location,disabled_due_to_unverified_location,"Camrose, AB",,2023,Ford,F-150,lariat,3,52280,No change noted,Unchanged for 1 weeks,1,52280,52280,0,0,153623,3.5L,Gas,Unknown,N/A,Unknown,Dealer,,,,disabled_unverified_location,1740240962,strathcona-county,unverified_url_evidence,https://www.kijiji.ca/v-cars-trucks/strathcona-county/2023-ford-f-150-lariat-3-5l-heated-cooled-seats/1740240962,Kijiji
DISABLED_MANUAL_REVIEW_REQUIRED,location_verification_required,success,warnings_present,unverified_kijiji_location,success,2026-07-21T22:30:59+00:00,unverified_search_origin_not_listing_location,disabled_due_to_unverified_location,"Calgary, AB",,2023,Ford,F-150,xlt,2,33990,No change noted,Unchanged for 1 weeks,1,33990,33990,0,0,183636,Unknown,Gas,Unknown,N/A,Unknown,Dealer,,,,disabled_unverified_location,1740289256,calgary,unverified_url_evidence,https://www.kijiji.ca/v-cars-trucks/calgary/2023-ford-f-150-xlt-4wd-supercrew-5-5-box/1740289256,Kijiji
DISABLED_MANUAL_REVIEW_REQUIRED,location_verification_required,success,warnings_present,unverified_kijiji_location,success,2026-07-21T22:30:59+00:00,unverified_search_origin_not_listing_location,disabled_due_to_unverified_location,"Calgary, AB",,2023,Ford,F-150,lariat,3,44990,No change noted,Unchanged for 1 weeks,1,44990,44990,0,0,151663,Unknown,Gas,Unknown,N/A,Unknown,Dealer,,,,disabled_unverified_location,1740289257,calgary,unverified_url_evidence,https://www.kijiji.ca/v-cars-trucks/calgary/2023-ford-f-150-lariat-4wd-supercrew-5-5-box/1740289257,Kijiji
DISABLED_MANUAL_REVIEW_REQUIRED,location_verification_required,success,warnings_present,unverified_kijiji_location,success,2026-07-21T22:30:59+00:00,unverified_search_origin_not_listing_location,disabled_due_to_unverified_location,"Olds, AB",,2023,Ford,F-150,tremor,3,59999,No change noted,Unchanged for 2 weeks,2,59999,59999,0,0,92206,Unknown,Gas,Unknown,N/A,Unknown,Dealer,,,,disabled_unverified_location,1740290926,medicine-hat,unverified_url_evidence,https://www.kijiji.ca/v-cars-trucks/medicine-hat/2023-ford-f-150-tremor-401a/1740290926,Kijiji
DISABLED_MANUAL_REVIEW_REQUIRED,location_verification_required,success,warnings_present,unverified_kijiji_location,success,2026-07-21T22:30:59+00:00,unverified_search_origin_not_listing_location,disabled_due_to_unverified_location,"Regina, SK",,2023,Ford,F-150,xlt,2,45794,No change noted,Unchanged for 1 weeks,1,45794,45794,0,0,74822,Unknown,Gas,Unknown,N/A,Unknown,Private,,,,disabled_unverified_location,1740336630,winnipeg,unverified_url_evidence,https://www.kijiji.ca/v-cars-trucks/winnipeg/2023-ford-f-150-xlt-xlt-4wd-supercrew-5-5-box-301a/1740336630,Kijiji
DISABLED_MANUAL_REVIEW_REQUIRED,location_verification_required,success,warnings_present,unverified_kijiji_location,success,2026-07-21T22:30:59+00:00,unverified_search_origin_not_listing_location,disabled_due_to_unverified_location,"Edmonton, AB",,2023,Ford,F-150,lariat,3,39999,No change noted,"Down $1,001 over 1 weeks",1,41000,41000,-1001,-1001,168655,Unknown,Gas,Unknown,N/A,Unknown,Private,,,,disabled_unverified_location,1740342727,edmonton,unverified_url_evidence,https://www.kijiji.ca/v-cars-trucks/edmonton/2023-f150-lariat-fx4-price-reduced/1740342727,Kijiji
DISABLED_MANUAL_REVIEW_REQUIRED,location_verification_required,success,warnings_present,unverified_kijiji_location,success,2026-07-21T22:30:59+00:00,unverified_search_origin_not_listing_location,disabled_due_to_unverified_location,"Calgary, AB",,2023,Ford,F-150,xlt,2,48990,No change noted,Unchanged for 1 weeks,1,48990,48990,0,0,83001,3.5L,Gas,Unknown,N/A,Unknown,Dealer,,,,disabled_unverified_location,1740375751,calgary,unverified_url_evidence,https://www.kijiji.ca/v-cars-trucks/calgary/2023-ford-f-150-xlt-300a-3-5l-ecoboost/1740375751,Kijiji
DISABLED_MANUAL_REVIEW_REQUIRED,location_verification_required,success,warnings_present,unverified_kijiji_location,success,2026-07-21T22:30:59+00:00,unverified_search_origin_not_listing_location,disabled_due_to_unverified_location,"Camrose, AB",,2023,Ford,F-150,Unknown,1,57888,No change noted,Unchanged for 1 weeks,1,57888,57888,0,0,80680,Unknown,Gas,Unknown,N/A,Unknown,Dealer,,,,disabled_unverified_location,1740378864,st-albert,unverified_url_evidence,https://www.kijiji.ca/v-cars-trucks/st-albert/2023-ford-f-150/1740378864,Kijiji
DISABLED_MANUAL_REVIEW_REQUIRED,location_verification_required,success,warnings_present,unverified_kijiji_location,success,2026-07-21T22:30:59+00:00,unverified_search_origin_not_listing_location,disabled_due_to_unverified_location,"Regina, SK",,2023,Ford,F-150,xlt,2,44000,No change noted,Unchanged for 1 weeks,1,44000,44000,0,0,50503,Unknown,Gas,Unknown,N/A,Unknown,Private,,,,disabled_unverified_location,1740379122,winnipeg,unverified_url_evidence,https://www.kijiji.ca/v-cars-trucks/winnipeg/2023-ford-f-150-xlt/1740379122,Kijiji
DISABLED_MANUAL_REVIEW_REQUIRED,location_verification_required,success,warnings_present,unverified_kijiji_location,success,2026-07-21T22:30:59+00:00,unverified_search_origin_not_listing_location,disabled_due_to_unverified_location,"Edmonton, AB",,2023,Ford,F-150,xlt,2,56000,No change noted,"Up $2,500 over 1 weeks",1,53500,53500,2500,2500,52100,Unknown,Gas,Unknown,N/A,Unknown,Dealer,,,,disabled_unverified_location,1740427764,edmonton,unverified_url_evidence,https://www.kijiji.ca/v-cars-trucks/edmonton/2023-ford-f-150-xlt-302a-4x4-supercrew-145/1740427764,Kijiji
DISABLED_MANUAL_REVIEW_REQUIRED,location_verification_required,success,warnings_present,unverified_kijiji_location,success,2026-07-21T22:30:59+00:00,unverified_search_origin_not_listing_location,disabled_due_to_unverified_location,"Calgary, AB",,2023,Ford,F-150,xlt,2,49995,No change noted,Unchanged for 2 weeks,2,49995,49995,0,0,57081,Unknown,Gas,No accidents reported,N/A,Unknown,Dealer,,,,disabled_unverified_location,1740471102,calgary,unverified_url_evidence,https://www.kijiji.ca/v-cars-trucks/calgary/2023-ford-f-150/1740471102,Kijiji
DISABLED_MANUAL_REVIEW_REQUIRED,location_verification_required,success,warnings_present,unverified_kijiji_location,success,2026-07-21T22:30:59+00:00,unverified_search_origin_not_listing_location,disabled_due_to_unverified_location,"Edmonton, AB",,2023,Ford,F-150,xlt,2,41500,No change noted,Unchanged for 1 weeks,1,41500,41500,0,0,43081,Unknown,Gas,Unknown,N/A,Unknown,Dealer,,,,disabled_unverified_location,1740473524,edmonton,unverified_url_evidence,https://www.kijiji.ca/v-cars-trucks/edmonton/2023-ford-f-150-xlt-supercrew-145-xtr-pkg-keyless-entry/1740473524,Kijiji
DISABLED_MANUAL_REVIEW_REQUIRED,location_verification_required,success,warnings_present,unverified_kijiji_location,success,2026-07-21T22:30:59+00:00,unverified_search_origin_not_listing_location,disabled_due_to_unverified_location,"Edmonton, AB",,2023,Ford,F-150,xlt,2,29995,No change noted,Unchanged for 1 weeks,1,29995,29995,0,0,177532,Unknown,Gas,Unknown,N/A,Unknown,Dealer,,,,disabled_unverified_location,1740474338,edmonton,unverified_url_evidence,https://www.kijiji.ca/v-cars-trucks/edmonton/2023-ford-f-150-xlt/1740474338,Kijiji
DISABLED_MANUAL_REVIEW_REQUIRED,location_verification_required,success,warnings_present,unverified_kijiji_location,success,2026-07-21T22:30:59+00:00,unverified_search_origin_not_listing_location,disabled_due_to_unverified_location,"Edmonton, AB",,2023,Ford,F-150,xlt,2,51444,No change noted,Unchanged for 1 weeks,1,51444,51444,0,0,46018,Unknown,Gas,Unknown,N/A,Unknown,Dealer,,,,disabled_unverified_location,1740475838,edmonton,unverified_url_evidence,https://www.kijiji.ca/v-cars-trucks/edmonton/2023-ford-f-150-xlt/1740475838,Kijiji
DISABLED_MANUAL_REVIEW_REQUIRED,location_verification_required,success,warnings_present,unverified_kijiji_location,success,2026-07-21T22:30:59+00:00,unverified_search_origin_not_listing_location,disabled_due_to_unverified_location,"Edmonton, AB",,2023,Ford,F-150,xlt,2,49900,No change noted,Unchanged for 1 weeks,1,49900,49900,0,0,45000,2.7L,Gas,Unknown,N/A,Unknown,Private,,,,disabled_unverified_location,1740514106,edmonton,unverified_url_evidence,https://www.kijiji.ca/v-cars-trucks/edmonton/2023-ford-f-150-xlt-supercrew-4x4-2-7l-ecoboost-45-000-km/1740514106,Kijiji
DISABLED_MANUAL_REVIEW_REQUIRED,location_verification_required,success,warnings_present,unverified_kijiji_location;mileage_unknown,success,2026-07-21T22:30:59+00:00,unverified_search_origin_not_listing_location,disabled_due_to_unverified_location,"Moose Jaw, SK",,2023,Ford,F-150,xl,1,43449,No change noted,First seen this week,0,43449,43449,0,0,1066645,Unknown,Gas,Unknown,N/A,Unknown,Private,,,,disabled_unverified_location,1740606525,ottawa,unverified_url_evidence,https://www.kijiji.ca/v-cars-trucks/ottawa/2023-ford-f-150-xl/1740606525,Kijiji
DISABLED_MANUAL_REVIEW_REQUIRED,location_verification_required,success,warnings_present,unverified_kijiji_location,success,2026-07-21T22:30:59+00:00,unverified_search_origin_not_listing_location,disabled_due_to_unverified_location,"Saskatoon, SK",,2023,Ford,F-150,xlt,2,31997,No change noted,Unchanged for 1 weeks,1,31997,31997,0,0,157819,Unknown,Gas,Unknown,N/A,Unknown,Private,,,,disabled_unverified_location,1740611260,saskatoon,unverified_url_evidence,https://www.kijiji.ca/v-cars-trucks/saskatoon/2023-ford-f-150-xlt/1740611260,Kijiji
DISABLED_MANUAL_REVIEW_REQUIRED,location_verification_required,success,warnings_present,unverified_kijiji_location,success,2026-07-21T22:30:59+00:00,unverified_search_origin_not_listing_location,disabled_due_to_unverified_location,"Edmonton, AB",,2023,Ford,F-150,xlt,2,39862,No change noted,First seen this week,0,39862,39862,0,0,113421,5.0L,Gas,Unknown,N/A,Unknown,Dealer,,,,disabled_unverified_location,1740650307,edmonton,unverified_url_evidence,https://www.kijiji.ca/v-cars-trucks/edmonton/2023-ford-f-150-xlt-5-0l-v8-6-5ft-box-rstart-tow-pkg/1740650307,Kijiji
DISABLED_MANUAL_REVIEW_REQUIRED,location_verification_required,success,warnings_present,unverified_kijiji_location,success,2026-07-21T22:30:59+00:00,unverified_search_origin_not_listing_location,disabled_due_to_unverified_location,"Regina, SK",,2023,Ford,F-150,xlt,2,47954,No change noted,First seen this week,0,47954,47954,0,0,30863,Unknown,Gas,Unknown,N/A,Unknown,Private,,,,disabled_unverified_location,1740651427,winnipeg,unverified_url_evidence,https://www.kijiji.ca/v-cars-trucks/winnipeg/2023-ford-f-150-xlt-low-km-one-owner-lease-return-5-09-finance/1740651427,Kijiji
DISABLED_MANUAL_REVIEW_REQUIRED,location_verification_required,success,warnings_present,unverified_kijiji_location,success,2026-07-21T22:30:59+00:00,unverified_search_origin_not_listing_location,disabled_due_to_unverified_location,"Calgary, AB",,2023,Ford,F-150,xlt,2,34888,No change noted,First seen this week,0,34888,34888,0,0,177000,Unknown,Gas,Unknown,N/A,Unknown,Dealer,,,,disabled_unverified_location,1740702174,calgary,unverified_url_evidence,https://www.kijiji.ca/v-cars-trucks/calgary/2023-ford-f-150-xlt/1740702174,Kijiji
DISABLED_MANUAL_REVIEW_REQUIRED,location_verification_required,success,warnings_present,unverified_kijiji_location,success,2026-07-21T22:30:59+00:00,unverified_search_origin_not_listing_location,disabled_due_to_unverified_location,"Olds, AB",,2023,Ford,F-150,tremor,3,56634,No change noted,Unchanged for 1 weeks,1,56634,56634,0,0,93684,Unknown,Gas,Unknown,N/A,Unknown,Dealer,,,,disabled_unverified_location,1740703050,medicine-hat,unverified_url_evidence,https://www.kijiji.ca/v-cars-trucks/medicine-hat/2023-ford-f-150-tremor/1740703050,Kijiji
DISABLED_MANUAL_REVIEW_REQUIRED,location_verification_required,success,warnings_present,unverified_kijiji_location,success,2026-07-21T22:30:59+00:00,unverified_search_origin_not_listing_location,disabled_due_to_unverified_location,"Calgary, AB",,2023,Ford,F-150,lariat,3,55326,No change noted,First seen this week,0,55326,55326,0,0,82320,2.7L,Gas,Unknown,N/A,Unknown,Dealer,,,,disabled_unverified_location,1740704340,calgary,unverified_url_evidence,https://www.kijiji.ca/v-cars-trucks/calgary/2023-ford-f-150-lariat-certified-pre-owned-2-7l-heated-wheel/1740704340,Kijiji
DISABLED_MANUAL_REVIEW_REQUIRED,location_verification_required,success,warnings_present,unverified_kijiji_location,success,2026-07-21T22:30:59+00:00,unverified_search_origin_not_listing_location,disabled_due_to_unverified_location,"Calgary, AB",,2023,Ford,F-150,lariat,3,42000,No change noted,First seen this week,0,42000,42000,0,0,120180,Unknown,Gas,Unknown,N/A,Unknown,Dealer,,,,disabled_unverified_location,1740744050,calgary,unverified_url_evidence,https://www.kijiji.ca/v-cars-trucks/calgary/2023-ford-f-150-lariat/1740744050,Kijiji
DISABLED_MANUAL_REVIEW_REQUIRED,location_verification_required,success,warnings_present,unverified_kijiji_location,success,2026-07-21T22:30:59+00:00,unverified_search_origin_not_listing_location,disabled_due_to_unverified_location,"Regina, SK",,2023,Ford,F-150,xlt,2,48954,No change noted,First seen this week,0,48954,48954,0,0,51010,Unknown,Gas,Unknown,N/A,Unknown,Private,,,,disabled_unverified_location,1740802591,winnipeg,unverified_url_evidence,https://www.kijiji.ca/v-cars-trucks/winnipeg/2023-ford-f-150-xlt-4wd-crew-xtr-w-tow-package-local-one-owner/1740802591,Kijiji
DISABLED_MANUAL_REVIEW_REQUIRED,location_verification_required,success,warnings_present,unverified_kijiji_location,success,2026-07-21T22:30:59+00:00,unverified_search_origin_not_listing_location,disabled_due_to_unverified_location,"Regina, SK",,2023,Ford,F-150,Unknown,1,44695,No change noted,Unchanged for 1 weeks,1,44695,44695,0,0,99413,Unknown,Gas,Unknown,N/A,Unknown,Private,,,,disabled_unverified_location,1740802666,winnipeg,unverified_url_evidence,https://www.kijiji.ca/v-cars-trucks/winnipeg/2023-ford-f-150/1740802666,Kijiji
DISABLED_MANUAL_REVIEW_REQUIRED,location_verification_required,success,warnings_present,unverified_kijiji_location,success,2026-07-21T22:30:59+00:00,unverified_search_origin_not_listing_location,disabled_due_to_unverified_location,"Regina, SK",,2023,Ford,F-150,xlt,2,42800,No change noted,First seen this week,0,42800,42800,0,0,133000,3.5L,Gas,Unknown,N/A,Unknown,Private,,,,disabled_unverified_location,1740915985,winnipeg,unverified_url_evidence,https://www.kijiji.ca/v-cars-trucks/winnipeg/2023-ford-f-150-xlt-prem-3-5l-eco-boost-4x4-loaded-buckets-cle/1740915985,Kijiji
DISABLED_MANUAL_REVIEW_REQUIRED,location_verification_required,success,warnings_present,unverified_kijiji_location,success,2026-07-21T22:30:59+00:00,unverified_search_origin_not_listing_location,disabled_due_to_unverified_location,"Regina, SK",,2024,Ford,F-150,xlt,2,59999,No change noted,First seen this week,0,59999,59999,0,0,46991,Unknown,Gas,Unknown,N/A,Unknown,Private,,,,disabled_unverified_location,1723996661,winnipeg,unverified_url_evidence,https://www.kijiji.ca/v-cars-trucks/winnipeg/2024-ford-f-150-xlt-4wd-crew-303a-pkg-black-edition-3-5-ecoboost/1723996661,Kijiji
DISABLED_MANUAL_REVIEW_REQUIRED,location_verification_required,success,warnings_present,unverified_kijiji_location,success,2026-07-21T22:30:59+00:00,unverified_search_origin_not_listing_location,disabled_due_to_unverified_location,"Ponoka, AB",,2024,Ford,F-150,xlt,2,58000,No change noted,"Down $1,000 over 2 weeks",2,59000,59000,-1000,-1000,28000,Unknown,Gas,Unknown,N/A,Unknown,Private,,,,disabled_unverified_location,1732562300,fort-mcmurray,unverified_url_evidence,https://www.kijiji.ca/v-cars-trucks/fort-mcmurray/2024-f150-xlt-6-5-box/1732562300,Kijiji
DISABLED_MANUAL_REVIEW_REQUIRED,location_verification_required,success,warnings_present,unverified_kijiji_location,success,2026-07-21T22:30:59+00:00,unverified_search_origin_not_listing_location,disabled_due_to_unverified_location,"Olds, AB",,2024,Ford,F-150,xlt,2,50598,No change noted,"Up $1,829 over 11 weeks",11,48769,50598,0,1829,84555,Unknown,Gas,Unknown,N/A,Unknown,Dealer,,,,disabled_unverified_location,1732961476,medicine-hat,unverified_url_evidence,https://www.kijiji.ca/v-cars-trucks/medicine-hat/2024-ford-f-150-xlt-built-ford-tough-powerful-tech-ready-xlt/1732961476,Kijiji
DISABLED_MANUAL_REVIEW_REQUIRED,location_verification_required,success,warnings_present,unverified_kijiji_location,success,2026-07-21T22:30:59+00:00,unverified_search_origin_not_listing_location,disabled_due_to_unverified_location,"Moose Jaw, SK",,2024,Ford,F-150,xlt,2,45998,No change noted,Unchanged for 10 weeks,10,45998,45998,0,0,72485,Unknown,Gas,Unknown,N/A,Unknown,Private,,,,disabled_unverified_location,1733012383,ottawa,unverified_url_evidence,https://www.kijiji.ca/v-cars-trucks/ottawa/2024-ford-f-150/1733012383,Kijiji
DISABLED_MANUAL_REVIEW_REQUIRED,location_verification_required,success,warnings_present,unverified_kijiji_location,success,2026-07-21T22:30:59+00:00,unverified_search_origin_not_listing_location,disabled_due_to_unverified_location,"Red Deer, AB",,2024,Ford,F-150,xlt,2,48795,No change noted,"Down $4,413 over 10 weeks",10,53208,48795,0,-4413,35985,5.0L,Gas,Unknown,N/A,Unknown,Private,,,,disabled_unverified_location,1733059963,prince-george,unverified_url_evidence,https://www.kijiji.ca/v-cars-trucks/prince-george/2024-ford-f-150-xlt-4wd-5-0l-v8-nav-apple-carplay/1733059963,Kijiji
DISABLED_MANUAL_REVIEW_REQUIRED,location_verification_required,success,warnings_present,unverified_kijiji_location,success,2026-07-21T22:30:59+00:00,unverified_search_origin_not_listing_location,disabled_due_to_unverified_location,"Medicine Hat, AB",,2024,Ford,F-150,xlt,2,49995,No change noted,"Down $1,000 over 8 weeks",8,50995,49995,0,-1000,41565,Unknown,Gas,Unknown,N/A,Unknown,Dealer,,,,disabled_unverified_location,1733239322,lethbridge,unverified_url_evidence,https://www.kijiji.ca/v-cars-trucks/lethbridge/2024-ford-f-150-xlt/1733239322,Kijiji
DISABLED_MANUAL_REVIEW_REQUIRED,location_verification_required,success,warnings_present,unverified_kijiji_location,success,2026-07-21T22:30:59+00:00,unverified_search_origin_not_listing_location,disabled_due_to_unverified_location,"Saskatoon, SK",,2024,Ford,F-150,stx,1,38715,No change noted,"Down $1,166 over 11 weeks",11,39881,38715,0,-1166,90891,Unknown,Gas,No accidents reported,N/A,Unknown,Private,,,,disabled_unverified_location,1734307817,saskatoon,unverified_url_evidence,https://www.kijiji.ca/v-cars-trucks/saskatoon/2024-ford-f-150-stx-supercrew-4x4-accident-free-sk-truck/1734307817,Kijiji
DISABLED_MANUAL_REVIEW_REQUIRED,location_verification_required,success,warnings_present,unverified_kijiji_location,success,2026-07-21T22:30:59+00:00,unverified_search_origin_not_listing_location,disabled_due_to_unverified_location,"Edmonton, AB",,2024,Ford,F-150,lariat,3,57889,No change noted,"Down $1,045 over 11 weeks",11,58934,58518,-629,-1045,90263,Unknown,Gas,Unknown,N/A,Unknown,Dealer,,,,disabled_unverified_location,1734740205,edmonton,unverified_url_evidence,https://www.kijiji.ca/v-cars-trucks/edmonton/2024-ford-f-150-lariat/1734740205,Kijiji
DISABLED_MANUAL_REVIEW_REQUIRED,location_verification_required,success,warnings_present,unverified_kijiji_location,success,2026-07-21T22:30:59+00:00,unverified_search_origin_not_listing_location,disabled_due_to_unverified_location,"Calgary, AB",,2024,Ford,F-150,xlt,2,48990,No change noted,Unchanged for 10 weeks,10,48990,44990,4000,0,73995,5.0L,Gas,Unknown,N/A,Unknown,Dealer,,,,disabled_unverified_location,1734740788,calgary,unverified_url_evidence,https://www.kijiji.ca/v-cars-trucks/calgary/2024-ford-f-150-xlt-5-0-l-v8-4x4/1734740788,Kijiji
DISABLED_MANUAL_REVIEW_REQUIRED,location_verification_required,success,warnings_present,unverified_kijiji_location,success,2026-07-21T22:30:59+00:00,unverified_search_origin_not_listing_location,disabled_due_to_unverified_location,"Carstairs, AB",,2024,Ford,F-150,xlt,2,52207,No change noted,Down $296 over 8 weeks,8,52503,52208,-1,-296,37729,Unknown,Gas,Unknown,N/A,Unknown,Dealer,,,,disabled_unverified_location,1735354816,grande-prairie,unverified_url_evidence,https://www.kijiji.ca/v-cars-trucks/grande-prairie/2024-ford-f-150-xlt-bench-seat-back-up-camera-nav/1735354816,Kijiji
DISABLED_MANUAL_REVIEW_REQUIRED,location_verification_required,success,warnings_present,unverified_kijiji_location,success,2026-07-21T22:30:59+00:00,unverified_search_origin_not_listing_location,disabled_due_to_unverified_location,"Camrose, AB",,2024,Ford,F-150,xlt,2,53489,No change noted,"Down $2,101 over 10 weeks",10,55590,55590,-2101,-2101,88351,Unknown,Gas,Unknown,N/A,Unknown,Dealer,,,,disabled_unverified_location,1735698726,edmonton,unverified_url_evidence,https://www.kijiji.ca/v-cars-trucks/edmonton/2024-ford-f-150-xlt/1735698726,Kijiji
DISABLED_MANUAL_REVIEW_REQUIRED,location_verification_required,success,warnings_present,unverified_kijiji_location,success,2026-07-21T22:30:59+00:00,unverified_search_origin_not_listing_location,disabled_due_to_unverified_location,"Moose Jaw, SK",,2024,Ford,F-150,xlt,2,51190,No change noted,"Down $2,500 over 10 weeks",10,53690,51590,-400,-2500,22532,Unknown,Gas,Unknown,N/A,Unknown,Private,,,,disabled_unverified_location,1735969016,ottawa,unverified_url_evidence,https://www.kijiji.ca/v-cars-trucks/ottawa/2024-ford-f-150-xlt-302a-crew-cab-short-bed/1735969016,Kijiji
DISABLED_MANUAL_REVIEW_REQUIRED,location_verification_required,success,warnings_present,unverified_kijiji_location,success,2026-07-21T22:30:59+00:00,unverified_search_origin_not_listing_location,disabled_due_to_unverified_location,"Regina, SK",,2024,Ford,F-150,xlt,2,57999,No change noted,Unchanged for 9 weeks,9,57999,57999,0,0,60264,Unknown,Gas,Unknown,N/A,Unknown,Private,,,,disabled_unverified_location,1736121610,winnipeg,unverified_url_evidence,https://www.kijiji.ca/v-cars-trucks/winnipeg/2024-ford-f-150-xlt-302-black-appearance-pkg-400-hp-3-5-twin-tur/1736121610,Kijiji
DISABLED_MANUAL_REVIEW_REQUIRED,location_verification_required,success,warnings_present,unverified_kijiji_location,success,2026-07-21T22:30:59+00:00,unverified_search_origin_not_listing_location,disabled_due_to_unverified_location,"Camrose, AB",,2024,Ford,F-150,xlt,2,55990,No change noted,Unchanged for 6 weeks,6,55990,55990,0,0,51287,3.5L,Gas,Unknown,N/A,Unknown,Dealer,,,,disabled_unverified_location,1736165231,st-albert,unverified_url_evidence,https://www.kijiji.ca/v-cars-trucks/st-albert/2024-ford-f-150-xlt-4wd-supercrew-5-5-box-3-5l-v6-gas-tow-hau/1736165231,Kijiji
DISABLED_MANUAL_REVIEW_REQUIRED,location_verification_required,success,warnings_present,unverified_kijiji_location,success,2026-07-21T22:30:59+00:00,unverified_search_origin_not_listing_location,disabled_due_to_unverified_location,"Regina, SK",,2024,Ford,F-150,xlt,2,51998,No change noted,"Down $1,000 over 10 weeks",10,52998,51998,0,-1000,63810,Unknown,Gas,Unknown,N/A,Unknown,Private,,,,disabled_unverified_location,1736283762,winnipeg,unverified_url_evidence,https://www.kijiji.ca/v-cars-trucks/winnipeg/2024-ford-f-150-xlt-climate-control-navigation/1736283762,Kijiji
DISABLED_MANUAL_REVIEW_REQUIRED,location_verification_required,success,warnings_present,unverified_kijiji_location,success,2026-07-21T22:30:59+00:00,unverified_search_origin_not_listing_location,disabled_due_to_unverified_location,"Camrose, AB",,2024,Ford,F-150,xlt,2,51990,No change noted,"Down $3,000 over 5 weeks",5,54990,51990,0,-3000,56182,3.5L,Gas,Unknown,N/A,Unknown,Dealer,,,,disabled_unverified_location,1736332202,st-albert,unverified_url_evidence,https://www.kijiji.ca/v-cars-trucks/st-albert/2024-ford-f-150-xlt-4wd-supercrew-6-5-box-3-5l-v6-gas-remote/1736332202,Kijiji
DISABLED_MANUAL_REVIEW_REQUIRED,location_verification_required,success,warnings_present,unverified_kijiji_location,success,2026-07-21T22:30:59+00:00,unverified_search_origin_not_listing_location,disabled_due_to_unverified_location,"Regina, SK",,2024,Ford,F-150,stx,1,45998,No change noted,"Down $5,000 over 11 weeks",11,50998,45998,0,-5000,30502,Unknown,Gas,Unknown,N/A,Unknown,Private,,,,disabled_unverified_location,1736336469,winnipeg,unverified_url_evidence,https://www.kijiji.ca/v-cars-trucks/winnipeg/2024-ford-f-150-stx-4wd-supercrew-5-5-box/1736336469,Kijiji
DISABLED_MANUAL_REVIEW_REQUIRED,location_verification_required,success,warnings_present,unverified_kijiji_location,success,2026-07-21T22:30:59+00:00,unverified_search_origin_not_listing_location,disabled_due_to_unverified_location,"Regina, SK",,2024,Ford,F-150,xlt,2,53261,No change noted,Down $533 over 10 weeks,10,53794,53261,0,-533,54659,Unknown,Gas,Unknown,N/A,Unknown,Private,,,,disabled_unverified_location,1736391681,winnipeg,unverified_url_evidence,https://www.kijiji.ca/v-cars-trucks/winnipeg/2024-ford-f-150-xlt-climate-control-navigation/1736391681,Kijiji
DISABLED_MANUAL_REVIEW_REQUIRED,location_verification_required,success,warnings_present,unverified_kijiji_location,success,2026-07-21T22:30:59+00:00,unverified_search_origin_not_listing_location,disabled_due_to_unverified_location,"Camrose, AB",,2024,Ford,F-150,xlt,2,53990,No change noted,"Down $4,000 over 7 weeks",7,57990,53990,0,-4000,50376,3.5L,Gas,Unknown,N/A,Unknown,Dealer,,,,disabled_unverified_location,1736437259,st-albert,unverified_url_evidence,https://www.kijiji.ca/v-cars-trucks/st-albert/2024-ford-f-150-xlt-4wd-supercrew-5-5-box-3-5l-v6-gas-console/1736437259,Kijiji
DISABLED_MANUAL_REVIEW_REQUIRED,location_verification_required,success,warnings_present,unverified_kijiji_location,success,2026-07-21T22:30:59+00:00,unverified_search_origin_not_listing_location,disabled_due_to_unverified_location,"Regina, SK",,2024,Ford,F-150,xlt,2,53999,No change noted,Unchanged for 10 weeks,10,53999,53999,0,0,70945,Unknown,Gas,Unknown,N/A,Unknown,Private,,,,disabled_unverified_location,1736664727,winnipeg,unverified_url_evidence,https://www.kijiji.ca/v-cars-trucks/winnipeg/2024-ford-f-150-xlt-302a-black-edition-powerboost-7-2kw/1736664727,Kijiji
DISABLED_MANUAL_REVIEW_REQUIRED,location_verification_required,success,warnings_present,unverified_kijiji_location,success,2026-07-21T22:30:59+00:00,unverified_search_origin_not_listing_location,disabled_due_to_unverified_location,"High River, AB",,2024,Ford,F-150,xlt,2,53490,No change noted,"Down $1,625 over 11 weeks",11,55115,53490,0,-1625,34876,Unknown,Gas,No accidents reported,N/A,Unknown,Unknown,,,,disabled_unverified_location,1736762819,kitchener-waterloo,unverified_url_evidence,https://www.kijiji.ca/v-cars-trucks/kitchener-waterloo/2024-ford-f-150-xlt-accident-free-carplay-backup-cam/1736762819,Kijiji
DISABLED_MANUAL_REVIEW_REQUIRED,location_verification_required,success,warnings_present,unverified_kijiji_location,success,2026-07-21T22:30:59+00:00,unverified_search_origin_not_listing_location,disabled_due_to_unverified_location,"Regina, SK",,2024,Ford,F-150,xlt,2,56993,No change noted,"Down $2,005 over 10 weeks",10,58998,57966,-973,-2005,33155,Unknown,Gas,Unknown,N/A,Unknown,Private,,,,disabled_unverified_location,1736766817,winnipeg,unverified_url_evidence,https://www.kijiji.ca/v-cars-trucks/winnipeg/2024-ford-f-150-xlt-xlt-4wd-supercrew-5-5-box-302a/1736766817,Kijiji
DISABLED_MANUAL_REVIEW_REQUIRED,location_verification_required,success,warnings_present,unverified_kijiji_location,success,2026-07-21T22:30:59+00:00,unverified_search_origin_not_listing_location,disabled_due_to_unverified_location,"Calgary, AB",,2024,Ford,F-150,xlt,2,54454,No change noted,"Down $2,819 over 8 weeks",8,57273,54454,0,-2819,43202,Unknown,Gas,Unknown,N/A,Unknown,Dealer,,,,disabled_unverified_location,1736871627,calgary,unverified_url_evidence,https://www.kijiji.ca/v-cars-trucks/calgary/2024-ford-f-150-xlt-lease-return-303a-leather-b-o-sound/1736871627,Kijiji
DISABLED_MANUAL_REVIEW_REQUIRED,location_verification_required,success,warnings_present,unverified_kijiji_location,success,2026-07-21T22:30:59+00:00,unverified_search_origin_not_listing_location,disabled_due_to_unverified_location,"Edmonton, AB",,2024,Ford,F-150,xlt,2,51900,No change noted,"Down $2,000 over 10 weeks",10,53900,51900,0,-2000,70858,Unknown,Gas,Unknown,N/A,Unknown,Dealer,,,,disabled_unverified_location,1737191345,edmonton,unverified_url_evidence,https://www.kijiji.ca/v-cars-trucks/edmonton/2024-ford-f-150-xlt-302a-4x4-supercrew-145/1737191345,Kijiji
DISABLED_MANUAL_REVIEW_REQUIRED,location_verification_required,success,warnings_present,unverified_kijiji_location,success,2026-07-21T22:30:59+00:00,unverified_search_origin_not_listing_location,disabled_due_to_unverified_location,"Edmonton, AB",,2024,Ford,F-150,xlt,2,53900,No change noted,"Down $2,000 over 10 weeks",10,55900,53900,0,-2000,64140,Unknown,Gas,Unknown,N/A,Unknown,Dealer,,,,disabled_unverified_location,1737191383,edmonton,unverified_url_evidence,https://www.kijiji.ca/v-cars-trucks/edmonton/2024-ford-f-150-xlt-302a-4x4-supercrew-145/1737191383,Kijiji
DISABLED_MANUAL_REVIEW_REQUIRED,location_verification_required,success,warnings_present,unverified_kijiji_location,success,2026-07-21T22:30:59+00:00,unverified_search_origin_not_listing_location,disabled_due_to_unverified_location,"Edmonton, AB",,2024,Ford,F-150,xlt,2,51900,No change noted,"Down $3,000 over 10 weeks",10,54900,51900,0,-3000,76458,Unknown,Gas,Unknown,N/A,Unknown,Dealer,,,,disabled_unverified_location,1737191385,edmonton,unverified_url_evidence,https://www.kijiji.ca/v-cars-trucks/edmonton/2024-ford-f-150-xlt-302a-4x4-supercrew-145/1737191385,Kijiji
DISABLED_MANUAL_REVIEW_REQUIRED,location_verification_required,success,warnings_present,unverified_kijiji_location,success,2026-07-21T22:30:59+00:00,unverified_search_origin_not_listing_location,disabled_due_to_unverified_location,"Regina, SK",,2024,Ford,F-150,xlt,2,55999,No change noted,"Down $1,699 over 7 weeks",7,57698,55999,0,-1699,47401,Unknown,Gas,Unknown,N/A,Unknown,Private,,,,disabled_unverified_location,1737193196,winnipeg,unverified_url_evidence,https://www.kijiji.ca/v-cars-trucks/winnipeg/2024-ford-f-150-xlt/1737193196,Kijiji
DISABLED_MANUAL_REVIEW_REQUIRED,location_verification_required,success,warnings_present,unverified_kijiji_location,success,2026-07-21T22:30:59+00:00,unverified_search_origin_not_listing_location,disabled_due_to_unverified_location,"Camrose, AB",,2024,Ford,F-150,xlt,2,53990,No change noted,"Down $3,000 over 9 weeks",9,56990,53990,0,-3000,38997,3.5L,Gas,Unknown,N/A,Unknown,Dealer,,,,disabled_unverified_location,1737292911,st-albert,unverified_url_evidence,https://www.kijiji.ca/v-cars-trucks/st-albert/2024-ford-f-150-xlt-4wd-supercrew-5-5-box-3-5l-v6-gas-heated/1737292911,Kijiji
DISABLED_MANUAL_REVIEW_REQUIRED,location_verification_required,success,warnings_present,unverified_kijiji_location,success,2026-07-21T22:30:59+00:00,unverified_search_origin_not_listing_location,disabled_due_to_unverified_location,"Edmonton, AB",,2024,Ford,F-150,xlt,2,51997,No change noted,"Down $3,000 over 8 weeks",8,54997,52997,-1000,-3000,46734,Unknown,Gas,Unknown,N/A,Unknown,Dealer,,,,disabled_unverified_location,1737401700,edmonton,unverified_url_evidence,https://www.kijiji.ca/v-cars-trucks/edmonton/2024-ford-f-150-xlt-crew-cab-4wd-v6-ecoboost-low-kms-nav/1737401700,Kijiji
DISABLED_MANUAL_REVIEW_REQUIRED,location_verification_required,success,warnings_present,unverified_kijiji_location,success,2026-07-21T22:30:59+00:00,unverified_search_origin_not_listing_location,disabled_due_to_unverified_location,"Regina, SK",,2024,Ford,F-150,xlt,2,53500,No change noted,Down $750 over 10 weeks,10,54250,53500,0,-750,32379,Unknown,Gas,Unknown,N/A,Unknown,Private,,,,disabled_unverified_location,1737453575,winnipeg,unverified_url_evidence,https://www.kijiji.ca/v-cars-trucks/winnipeg/2024-ford-f-150-xlt-remote-start-360-camera/1737453575,Kijiji
DISABLED_MANUAL_REVIEW_REQUIRED,location_verification_required,success,warnings_present,unverified_kijiji_location,success,2026-07-21T22:30:59+00:00,unverified_search_origin_not_listing_location,disabled_due_to_unverified_location,"Edmonton, AB",,2024,Ford,F-150,xlt,2,52999,No change noted,Unchanged for 10 weeks,10,52999,52999,0,0,72593,Unknown,Gas,Unknown,N/A,Unknown,Dealer,,,,disabled_unverified_location,1737612716,edmonton,unverified_url_evidence,https://www.kijiji.ca/v-cars-trucks/edmonton/2024-ford-f-150-xlt/1737612716,Kijiji
DISABLED_MANUAL_REVIEW_REQUIRED,location_verification_required,success,warnings_present,unverified_kijiji_location,success,2026-07-21T22:30:59+00:00,unverified_search_origin_not_listing_location,disabled_due_to_unverified_location,"Calgary, AB",,2024,Ford,F-150,fx4,3,54990,No change noted,"Down $3,000 over 10 weeks",10,57990,54990,0,-3000,76502,Unknown,Gas,No accidents reported,N/A,Unknown,Dealer,,,,disabled_unverified_location,1737662940,calgary,unverified_url_evidence,https://www.kijiji.ca/v-cars-trucks/calgary/2024-ford-f-150-xlt-302a-5-5-bed-fx4-pkg-bedliner-clean/1737662940,Kijiji
DISABLED_MANUAL_REVIEW_REQUIRED,location_verification_required,success,warnings_present,unverified_kijiji_location,success,2026-07-21T22:30:59+00:00,unverified_search_origin_not_listing_location,disabled_due_to_unverified_location,"Regina, SK",,2024,Ford,F-150,xlt,2,58788,No change noted,Unchanged for 1 weeks,1,58788,58788,0,0,38681,Unknown,Gas,Unknown,N/A,Unknown,Private,,,,disabled_unverified_location,1737722305,winnipeg,unverified_url_evidence,https://www.kijiji.ca/v-cars-trucks/winnipeg/2024-ford-f-150-xlt-black-app-twin-roof-303a-5-09-certified/1737722305,Kijiji
DISABLED_MANUAL_REVIEW_REQUIRED,location_verification_required,success,warnings_present,unverified_kijiji_location,success,2026-07-21T22:30:59+00:00,unverified_search_origin_not_listing_location,disabled_due_to_unverified_location,"Edmonton, AB",,2024,Ford,F-150,xlt,2,34676,No change noted,"Down $1,101 over 10 weeks",10,35777,35676,-1000,-1101,151588,3.5L,Gas,Unknown,N/A,Unknown,Dealer,,,,disabled_unverified_location,1737725279,edmonton,unverified_url_evidence,https://www.kijiji.ca/v-cars-trucks/edmonton/2024-ford-f-150-xlt-301a-package-3-5l-v6-ecoboost-engine-nav/1737725279,Kijiji
DISABLED_MANUAL_REVIEW_REQUIRED,location_verification_required,success,warnings_present,unverified_kijiji_location,success,2026-07-21T22:30:59+00:00,unverified_search_origin_not_listing_location,disabled_due_to_unverified_location,"Carstairs, AB",,2024,Ford,F-150,xlt,2,50988,No change noted,"Down $1,000 over 7 weeks",7,51988,51988,-1000,-1000,66537,Unknown,Gas,Unknown,N/A,Unknown,Private,,,,disabled_unverified_location,1737921822,fredericton,unverified_url_evidence,https://www.kijiji.ca/v-cars-trucks/fredericton/2024-ford-f-150-xlt/1737921822,Kijiji
DISABLED_MANUAL_REVIEW_REQUIRED,location_verification_required,success,warnings_present,unverified_kijiji_location,success,2026-07-21T22:30:59+00:00,unverified_search_origin_not_listing_location,disabled_due_to_unverified_location,"Edmonton, AB",,2024,Ford,F-150,xlt,2,52900,No change noted,"Down $1,600 over 10 weeks",10,54500,52900,0,-1600,66456,Unknown,Gas,Unknown,N/A,Unknown,Dealer,,,,disabled_unverified_location,1737982425,edmonton,unverified_url_evidence,https://www.kijiji.ca/v-cars-trucks/edmonton/2024-ford-f-150-xlt-302a-4x4-supercrew-145/1737982425,Kijiji
DISABLED_MANUAL_REVIEW_REQUIRED,location_verification_required,success,warnings_present,unverified_kijiji_location,success,2026-07-21T22:30:59+00:00,unverified_search_origin_not_listing_location,disabled_due_to_unverified_location,"Regina, SK",,2024,Ford,F-150,stx,1,48999,No change noted,Down $955 over 10 weeks,10,49954,48999,0,-955,70913,Unknown,Gas,Unknown,N/A,Unknown,Private,,,,disabled_unverified_location,1737984677,winnipeg,unverified_url_evidence,https://www.kijiji.ca/v-cars-trucks/winnipeg/2024-ford-f-150-stx-4wd-black-appearance-200a-incl-hard-tonneau/1737984677,Kijiji
DISABLED_MANUAL_REVIEW_REQUIRED,location_verification_required,success,warnings_present,unverified_kijiji_location,success,2026-07-21T22:30:59+00:00,unverified_search_origin_not_listing_location,disabled_due_to_unverified_location,"Regina, SK",,2024,Ford,F-150,xl,1,42995,No change noted,"Down $1,000 over 10 weeks",10,43995,42995,0,-1000,80804,Unknown,Gas,Unknown,N/A,Unknown,Private,,,,disabled_unverified_location,1738096074,winnipeg,unverified_url_evidence,https://www.kijiji.ca/v-cars-trucks/winnipeg/2024-ford-f-150-xl/1738096074,Kijiji
DISABLED_MANUAL_REVIEW_REQUIRED,location_verification_required,success,warnings_present,unverified_kijiji_location,success,2026-07-21T22:30:59+00:00,unverified_search_origin_not_listing_location,disabled_due_to_unverified_location,"Edmonton, AB",,2024,Ford,F-150,stx,1,49499,No change noted,"Down $4,498 over 8 weeks",8,53997,50496,-997,-4498,51923,Unknown,Gas,Unknown,N/A,Unknown,Dealer,,,,disabled_unverified_location,1738199387,edmonton,unverified_url_evidence,https://www.kijiji.ca/v-cars-trucks/edmonton/2024-ford-f-150-stx-4wd-supercrew-5-5-box/1738199387,Kijiji
DISABLED_MANUAL_REVIEW_REQUIRED,location_verification_required,success,warnings_present,unverified_kijiji_location,success,2026-07-21T22:30:59+00:00,unverified_search_origin_not_listing_location,disabled_due_to_unverified_location,"Calgary, AB",,2024,Ford,F-150,xlt,2,54916,No change noted,"Down $3,494 over 8 weeks",8,58410,55421,-505,-3494,40670,Unknown,Gas,Unknown,N/A,Unknown,Dealer,,,,disabled_unverified_location,1738200974,calgary,unverified_url_evidence,https://www.kijiji.ca/v-cars-trucks/calgary/2024-ford-f-150-xlt-lease-return-fx4-leather-moonroof/1738200974,Kijiji
DISABLED_MANUAL_REVIEW_REQUIRED,location_verification_required,success,warnings_present,unverified_kijiji_location,success,2026-07-21T22:30:59+00:00,unverified_search_origin_not_listing_location,disabled_due_to_unverified_location,"Calgary, AB",,2024,Ford,F-150,xlt,2,56990,No change noted,Unchanged for 9 weeks,9,56990,56990,0,0,43760,Unknown,Gas,Unknown,N/A,Unknown,Dealer,,,,disabled_unverified_location,1738247951,calgary,unverified_url_evidence,https://www.kijiji.ca/v-cars-trucks/calgary/2024-ford-f-150/1738247951,Kijiji
DISABLED_MANUAL_REVIEW_REQUIRED,location_verification_required,success,warnings_present,unverified_kijiji_location,success,2026-07-21T22:30:59+00:00,unverified_search_origin_not_listing_location,disabled_due_to_unverified_location,"Calgary, AB",,2024,Ford,F-150,fx4,3,53990,No change noted,"Down $3,005 over 8 weeks",8,56995,53990,0,-3005,71605,Unknown,Gas,Unknown,N/A,Unknown,Dealer,,,,disabled_unverified_location,1738299048,calgary,unverified_url_evidence,https://www.kijiji.ca/v-cars-trucks/calgary/2024-ford-f-150-xlt-fx4-off-road-short-box/1738299048,Kijiji
DISABLED_MANUAL_REVIEW_REQUIRED,location_verification_required,success,warnings_present,unverified_kijiji_location,success,2026-07-21T22:30:59+00:00,unverified_search_origin_not_listing_location,disabled_due_to_unverified_location,"Edmonton, AB",,2024,Ford,F-150,Unknown,1,42500,No change noted,Unchanged for 8 weeks,8,42500,42500,0,0,36000,Unknown,Gas,Unknown,N/A,Unknown,Private,,,,disabled_unverified_location,1738311168,edmonton,unverified_url_evidence,https://www.kijiji.ca/v-cars-trucks/edmonton/2024-f-150/1738311168,Kijiji
DISABLED_MANUAL_REVIEW_REQUIRED,location_verification_required,success,warnings_present,unverified_kijiji_location,success,2026-07-21T22:30:59+00:00,unverified_search_origin_not_listing_location,disabled_due_to_unverified_location,"Calgary, AB",,2024,Ford,F-150,fx4,3,53990,No change noted,"Down $3,000 over 7 weeks",7,56990,53990,0,-3000,60973,Unknown,Gas,Unknown,N/A,Unknown,Dealer,,,,disabled_unverified_location,1738349545,calgary,unverified_url_evidence,https://www.kijiji.ca/v-cars-trucks/calgary/2024-ford-f-150-xlt-tow-pkg-302a-short-box-fx4-off-road/1738349545,Kijiji
DISABLED_MANUAL_REVIEW_REQUIRED,location_verification_required,success,warnings_present,unverified_kijiji_location,success,2026-07-21T22:30:59+00:00,unverified_search_origin_not_listing_location,disabled_due_to_unverified_location,"Edmonton, AB",,2024,Ford,F-150,xlt,2,54995,No change noted,Unchanged for 3 weeks,3,54995,54995,0,0,47148,2.7L,Gas,No accidents reported,N/A,Unknown,Dealer,,,,disabled_unverified_location,1738355718,edmonton,unverified_url_evidence,https://www.kijiji.ca/v-cars-trucks/edmonton/xlt-4wd-supercrew-5-5-box-2-7l-black-pkg/1738355718,Kijiji
DISABLED_MANUAL_REVIEW_REQUIRED,location_verification_required,success,warnings_present,unverified_kijiji_location,success,2026-07-21T22:30:59+00:00,unverified_search_origin_not_listing_location,disabled_due_to_unverified_location,"Edmonton, AB",,2024,Ford,F-150,xlt,2,54999,No change noted,Unchanged for 8 weeks,8,54999,54999,0,0,36060,Unknown,Gas,Unknown,N/A,Unknown,Dealer,,,,disabled_unverified_location,1738355848,edmonton,unverified_url_evidence,https://www.kijiji.ca/v-cars-trucks/edmonton/2024-ford-f-150-xlt/1738355848,Kijiji
DISABLED_MANUAL_REVIEW_REQUIRED,location_verification_required,success,warnings_present,unverified_kijiji_location,success,2026-07-21T22:30:59+00:00,unverified_search_origin_not_listing_location,disabled_due_to_unverified_location,"Camrose, AB",,2024,Ford,F-150,xlt,2,54990,No change noted,"Down $2,000 over 5 weeks",5,56990,54990,0,-2000,26646,3.5L,Gas,Unknown,N/A,Unknown,Dealer,,,,disabled_unverified_location,1738399388,st-albert,unverified_url_evidence,https://www.kijiji.ca/v-cars-trucks/st-albert/2024-ford-f-150-xlt-4wd-supercrew-6-5-box-3-5l-v6-gas-tow-hau/1738399388,Kijiji
DISABLED_MANUAL_REVIEW_REQUIRED,location_verification_required,success,warnings_present,unverified_kijiji_location,success,2026-07-21T22:30:59+00:00,unverified_search_origin_not_listing_location,disabled_due_to_unverified_location,"Camrose, AB",,2024,Ford,F-150,stx,1,46999,No change noted,"Down $1,909 over 8 weeks",8,48908,47499,-500,-1909,53962,Unknown,Gas,No accidents reported,N/A,Unknown,Dealer,,,,disabled_unverified_location,1738404547,strathcona-county,unverified_url_evidence,https://www.kijiji.ca/v-cars-trucks/strathcona-county/2024-ford-f-150-stx-clean-carfax-one-owner/1738404547,Kijiji
DISABLED_MANUAL_REVIEW_REQUIRED,location_verification_required,success,warnings_present,unverified_kijiji_location,success,2026-07-21T22:30:59+00:00,unverified_search_origin_not_listing_location,disabled_due_to_unverified_location,"Camrose, AB",,2024,Ford,F-150,xlt,2,47999,No change noted,Up $91 over 8 weeks,8,47908,48999,-1000,91,84270,Unknown,Gas,Unknown,N/A,Unknown,Dealer,,,,disabled_unverified_location,1738404556,strathcona-county,unverified_url_evidence,https://www.kijiji.ca/v-cars-trucks/strathcona-county/2024-ford-f-150-xlt-black-appearance-pkg/1738404556,Kijiji
DISABLED_MANUAL_REVIEW_REQUIRED,location_verification_required,success,warnings_present,unverified_kijiji_location,success,2026-07-21T22:30:59+00:00,unverified_search_origin_not_listing_location,disabled_due_to_unverified_location,"Edmonton, AB",,2024,Ford,F-150,xlt,2,54995,No change noted,"Down $2,000 over 7 weeks",7,56995,54995,0,-2000,53509,3.5L,Gas,No accidents reported,N/A,Unknown,Dealer,,,,disabled_unverified_location,1738406989,edmonton,unverified_url_evidence,https://www.kijiji.ca/v-cars-trucks/edmonton/xlt-302a-black-appearance-fx4-3-5l-5-5-box/1738406989,Kijiji
DISABLED_MANUAL_REVIEW_REQUIRED,location_verification_required,success,warnings_present,unverified_kijiji_location,success,2026-07-21T22:30:59+00:00,unverified_search_origin_not_listing_location,disabled_due_to_unverified_location,"Calgary, AB",,2024,Ford,F-150,xlt,2,55990,No change noted,"Down $2,000 over 7 weeks",7,57990,55990,0,-2000,74502,Unknown,Gas,Unknown,N/A,Unknown,Dealer,,,,disabled_unverified_location,1738454629,calgary,unverified_url_evidence,https://www.kijiji.ca/v-cars-trucks/calgary/2024-ford-f-150-xlt-skid-plates-blk-appearance-short-box/1738454629,Kijiji
DISABLED_MANUAL_REVIEW_REQUIRED,location_verification_required,success,warnings_present,unverified_kijiji_location,success,2026-07-21T22:30:59+00:00,unverified_search_origin_not_listing_location,disabled_due_to_unverified_location,"Regina, SK",,2024,Ford,F-150,xlt,2,55998,No change noted,Unchanged for 1 weeks,1,55998,55998,0,0,35538,Unknown,Gas,Unknown,N/A,Unknown,Private,,,,disabled_unverified_location,1738458630,winnipeg,unverified_url_evidence,https://www.kijiji.ca/v-cars-trucks/winnipeg/2024-ford-f-150-xlt-4wd-supercrew-5-5-box/1738458630,Kijiji
DISABLED_MANUAL_REVIEW_REQUIRED,location_verification_required,success,warnings_present,unverified_kijiji_location,success,2026-07-21T22:30:59+00:00,unverified_search_origin_not_listing_location,disabled_due_to_unverified_location,"Edmonton, AB",,2024,Ford,F-150,xlt,2,46499,No change noted,"Down $2,500 over 8 weeks",8,48999,46499,0,-2500,81370,Unknown,Gas,Unknown,N/A,Unknown,Dealer,,,,disabled_unverified_location,1738505195,edmonton,unverified_url_evidence,https://www.kijiji.ca/v-cars-trucks/edmonton/2024-ford-f-150-xlt/1738505195,Kijiji
DISABLED_MANUAL_REVIEW_REQUIRED,location_verification_required,success,warnings_present,unverified_kijiji_location,success,2026-07-21T22:30:59+00:00,unverified_search_origin_not_listing_location,disabled_due_to_unverified_location,"Calgary, AB",,2024,Ford,F-150,xlt,2,59993,No change noted,Unchanged for 7 weeks,7,59993,59993,0,0,33007,Unknown,Gas,Unknown,N/A,Unknown,Dealer,,,,disabled_unverified_location,1738657950,calgary,unverified_url_evidence,https://www.kijiji.ca/v-cars-trucks/calgary/2024-ford-f-150-xlt-heated-leather-seats-sunroof-black-appea/1738657950,Kijiji
DISABLED_MANUAL_REVIEW_REQUIRED,location_verification_required,success,warnings_present,unverified_kijiji_location,success,2026-07-21T22:30:59+00:00,unverified_search_origin_not_listing_location,disabled_due_to_unverified_location,"Edmonton, AB",,2024,Ford,F-150,xlt,2,53999,No change noted,Unchanged for 8 weeks,8,53999,53999,0,0,38846,Unknown,Gas,Unknown,N/A,Unknown,Dealer,,,,disabled_unverified_location,1738712304,edmonton,unverified_url_evidence,https://www.kijiji.ca/v-cars-trucks/edmonton/2024-ford-f-150-xlt/1738712304,Kijiji
DISABLED_MANUAL_REVIEW_REQUIRED,location_verification_required,success,warnings_present,unverified_kijiji_location,success,2026-07-21T22:30:59+00:00,unverified_search_origin_not_listing_location,disabled_due_to_unverified_location,"Edmonton, AB",,2024,Ford,F-150,xlt,2,46887,No change noted,"Down $3,887 over 7 weeks",7,50774,49889,-3002,-3887,74552,Unknown,Gas,Unknown,N/A,Unknown,Dealer,,,,disabled_unverified_location,1738765559,edmonton,unverified_url_evidence,https://www.kijiji.ca/v-cars-trucks/edmonton/2024-ford-f-150-xlt/1738765559,Kijiji
DISABLED_MANUAL_REVIEW_REQUIRED,location_verification_required,success,warnings_present,unverified_kijiji_location,success,2026-07-21T22:30:59+00:00,unverified_search_origin_not_listing_location,disabled_due_to_unverified_location,"Edmonton, AB",,2024,Ford,F-150,lariat,3,52895,No change noted,Unchanged for 6 weeks,6,52895,52895,0,0,139590,Unknown,Gas,Unknown,N/A,Unknown,Dealer,,,,disabled_unverified_location,1738989832,edmonton,unverified_url_evidence,https://www.kijiji.ca/v-cars-trucks/edmonton/2024-ford-f-150-lariat-4x4-supercrew-5-5-box/1738989832,Kijiji
DISABLED_MANUAL_REVIEW_REQUIRED,location_verification_required,success,warnings_present,unverified_kijiji_location,success,2026-07-21T22:30:59+00:00,unverified_search_origin_not_listing_location,disabled_due_to_unverified_location,"Edmonton, AB",,2024,Ford,F-150,stx,1,41250,No change noted,Down $745 over 6 weeks,6,41995,41250,0,-745,102088,Unknown,Gas,Unknown,N/A,Unknown,Dealer,,,,disabled_unverified_location,1738989861,edmonton,unverified_url_evidence,https://www.kijiji.ca/v-cars-trucks/edmonton/2024-ford-f-150-stx-4x4-supercrew-5-5-box/1738989861,Kijiji
DISABLED_MANUAL_REVIEW_REQUIRED,location_verification_required,success,warnings_present,unverified_kijiji_location,success,2026-07-21T22:30:59+00:00,unverified_search_origin_not_listing_location,disabled_due_to_unverified_location,"Regina, SK",,2024,Ford,F-150,xl,1,35900,No change noted,Unchanged for 6 weeks,6,35900,35900,0,0,97000,Unknown,Gas,Accident reported,N/A,Unknown,Private,,,,disabled_unverified_location,1739035787,winnipeg,unverified_url_evidence,https://www.kijiji.ca/v-cars-trucks/winnipeg/2024-ford-f-150-xl-4x4-reg-cab-8ft-box/1739035787,Kijiji
DISABLED_MANUAL_REVIEW_REQUIRED,location_verification_required,success,warnings_present,unverified_kijiji_location,success,2026-07-21T22:30:59+00:00,unverified_search_origin_not_listing_location,disabled_due_to_unverified_location,"Regina, SK",,2024,Ford,F-150,xl,1,36900,No change noted,Unchanged for 6 weeks,6,36900,36900,0,0,88000,Unknown,Gas,No accidents reported,N/A,Unknown,Private,,,,disabled_unverified_location,1739037212,winnipeg,unverified_url_evidence,https://www.kijiji.ca/v-cars-trucks/winnipeg/2024-ford-f-150-xl-low-kms-local-0-accident/1739037212,Kijiji
DISABLED_MANUAL_REVIEW_REQUIRED,location_verification_required,success,warnings_present,unverified_kijiji_location,success,2026-07-21T22:30:59+00:00,unverified_search_origin_not_listing_location,disabled_due_to_unverified_location,"Carstairs, AB",,2024,Ford,F-150,xlt,2,57616,No change noted,Unchanged for 1 weeks,1,57616,57616,0,0,22332,3.5L,Gas,Unknown,N/A,Unknown,Private,,,,disabled_unverified_location,1739068311,brandon,unverified_url_evidence,https://www.kijiji.ca/v-cars-trucks/brandon/2024-ford-f-150-xlt-4wd-heated-seats-360-cam/1739068311,Kijiji
DISABLED_MANUAL_REVIEW_REQUIRED,location_verification_required,success,warnings_present,unverified_kijiji_location,success,2026-07-21T22:30:59+00:00,unverified_search_origin_not_listing_location,disabled_due_to_unverified_location,"Calgary, AB",,2024,Ford,F-150,xlt,2,49990,No change noted,Unchanged for 4 weeks,4,49990,49990,0,0,67011,3.5L,Gas,Unknown,N/A,Unknown,Dealer,,,,disabled_unverified_location,1739112464,calgary,unverified_url_evidence,https://www.kijiji.ca/v-cars-trucks/calgary/2024-ford-f-150-xlt-301a-tow-package-3-5l-ecoboost/1739112464,Kijiji
DISABLED_MANUAL_REVIEW_REQUIRED,location_verification_required,success,warnings_present,unverified_kijiji_location,success,2026-07-21T22:30:59+00:00,unverified_search_origin_not_listing_location,disabled_due_to_unverified_location,"Carstairs, AB",,2024,Ford,F-150,xlt,2,57598,No change noted,Down $400 over 6 weeks,6,57998,57598,0,-400,23886,Unknown,Gas,Unknown,N/A,Unknown,Private,,,,disabled_unverified_location,1739167382,winnipeg,unverified_url_evidence,https://www.kijiji.ca/v-cars-trucks/winnipeg/2024-ford-f-150-xlt/1739167382,Kijiji
DISABLED_MANUAL_REVIEW_REQUIRED,location_verification_required,success,warnings_present,unverified_kijiji_location,success,2026-07-21T22:30:59+00:00,unverified_search_origin_not_listing_location,disabled_due_to_unverified_location,"Regina, SK",,2024,Ford,F-150,xlt,2,54739,No change noted,"Down $2,055 over 6 weeks",6,56794,55794,-1055,-2055,76794,Unknown,Gas,Unknown,N/A,Unknown,Private,,,,disabled_unverified_location,1739215203,winnipeg,unverified_url_evidence,https://www.kijiji.ca/v-cars-trucks/winnipeg/2024-ford-f-150-xlt-xlt-4wd-supercrew-5-5-box/1739215203,Kijiji
DISABLED_MANUAL_REVIEW_REQUIRED,location_verification_required,success,warnings_present,unverified_kijiji_location,success,2026-07-21T22:30:59+00:00,unverified_search_origin_not_listing_location,disabled_due_to_unverified_location,"Regina, SK",,2024,Ford,F-150,xlt,2,55498,No change noted,"Down $2,500 over 5 weeks",5,57998,55498,0,-2500,47456,Unknown,Gas,Unknown,N/A,Unknown,Private,,,,disabled_unverified_location,1739261977,winnipeg,unverified_url_evidence,https://www.kijiji.ca/v-cars-trucks/winnipeg/2024-ford-f-150-xlt-4wd-supercrew-5-5-box/1739261977,Kijiji
DISABLED_MANUAL_REVIEW_REQUIRED,location_verification_required,success,warnings_present,unverified_kijiji_location,success,2026-07-21T22:30:59+00:00,unverified_search_origin_not_listing_location,disabled_due_to_unverified_location,"Calgary, AB",,2024,Ford,F-150,xlt,2,55900,No change noted,"Down $4,000 over 4 weeks",4,59900,55900,0,-4000,29810,2.7L,Gas,Unknown,N/A,Unknown,Dealer,,,,disabled_unverified_location,1739307342,calgary,unverified_url_evidence,https://www.kijiji.ca/v-cars-trucks/calgary/2024-ford-f-150-xlt-303a-leather-black-appearnce-pkg-plus/1739307342,Kijiji
DISABLED_MANUAL_REVIEW_REQUIRED,location_verification_required,success,warnings_present,unverified_kijiji_location,success,2026-07-21T22:30:59+00:00,unverified_search_origin_not_listing_location,disabled_due_to_unverified_location,"Calgary, AB",,2024,Ford,F-150,xlt,2,56993,No change noted,Down $902 over 5 weeks,5,57895,56993,0,-902,45073,Unknown,Gas,Unknown,N/A,Unknown,Dealer,,,,disabled_unverified_location,1739310178,calgary,unverified_url_evidence,https://www.kijiji.ca/v-cars-trucks/calgary/2024-ford-f-150-xlt-heated-cloth-seats-black-appearance-pkg/1739310178,Kijiji
DISABLED_MANUAL_REVIEW_REQUIRED,location_verification_required,success,warnings_present,unverified_kijiji_location,success,2026-07-21T22:30:59+00:00,unverified_search_origin_not_listing_location,disabled_due_to_unverified_location,"Calgary, AB",,2024,Ford,F-150,Unknown,1,48990,No change noted,Unchanged for 5 weeks,5,48990,48990,0,0,92222,Unknown,Gas,Unknown,N/A,Unknown,Dealer,,,,disabled_unverified_location,1739310750,calgary,unverified_url_evidence,https://www.kijiji.ca/v-cars-trucks/calgary/2024-ford-f-150-touchscreen-back-up-camera-4x4/1739310750,Kijiji
DISABLED_MANUAL_REVIEW_REQUIRED,location_verification_required,success,warnings_present,unverified_kijiji_location,success,2026-07-21T22:30:59+00:00,unverified_search_origin_not_listing_location,disabled_due_to_unverified_location,"Camrose, AB",,2024,Ford,F-150,stx,1,46999,No change noted,Down $990 over 4 weeks,4,47989,47788,-789,-990,62266,Unknown,Gas,Unknown,N/A,Unknown,Dealer,,,,disabled_unverified_location,1739357325,st-albert,unverified_url_evidence,https://www.kijiji.ca/v-cars-trucks/st-albert/2024-ford-f-150-stx-4wd-supercrew-5-5-box-for-sale/1739357325,Kijiji
DISABLED_MANUAL_REVIEW_REQUIRED,location_verification_required,success,warnings_present,unverified_kijiji_location,success,2026-07-21T22:30:59+00:00,unverified_search_origin_not_listing_location,disabled_due_to_unverified_location,"Regina, SK",,2024,Ford,F-150,xlt,2,51995,No change noted,Down $900 over 5 weeks,5,52895,51995,0,-900,53977,Unknown,Gas,Unknown,N/A,Unknown,Private,,,,disabled_unverified_location,1739361180,winnipeg,unverified_url_evidence,https://www.kijiji.ca/v-cars-trucks/winnipeg/2024-ford-f-150/1739361180,Kijiji
DISABLED_MANUAL_REVIEW_REQUIRED,location_verification_required,success,warnings_present,unverified_kijiji_location,success,2026-07-21T22:30:59+00:00,unverified_search_origin_not_listing_location,disabled_due_to_unverified_location,"Calgary, AB",,2024,Ford,F-150,xlt,2,45990,No change noted,Unchanged for 4 weeks,4,45990,45990,0,0,87718,Unknown,Gas,Unknown,N/A,Unknown,Dealer,,,,disabled_unverified_location,1739404088,calgary,unverified_url_evidence,https://www.kijiji.ca/v-cars-trucks/calgary/2024-ford-f-150/1739404088,Kijiji
DISABLED_MANUAL_REVIEW_REQUIRED,location_verification_required,success,warnings_present,unverified_kijiji_location,success,2026-07-21T22:30:59+00:00,unverified_search_origin_not_listing_location,disabled_due_to_unverified_location,"Calgary, AB",,2024,Ford,F-150,xlt,2,54995,No change noted,Unchanged for 4 weeks,4,54995,54995,0,0,53330,Unknown,Gas,Unknown,N/A,Unknown,Dealer,,,,disabled_unverified_location,1739404403,calgary,unverified_url_evidence,https://www.kijiji.ca/v-cars-trucks/calgary/2024-ford-f-150/1739404403,Kijiji
DISABLED_MANUAL_REVIEW_REQUIRED,location_verification_required,success,warnings_present,unverified_kijiji_location,success,2026-07-21T22:30:59+00:00,unverified_search_origin_not_listing_location,disabled_due_to_unverified_location,"Calgary, AB",,2024,Ford,F-150,xlt,2,55990,No change noted,"Down $1,000 over 4 weeks",4,56990,55990,0,-1000,64001,Unknown,Gas,Unknown,N/A,Unknown,Dealer,,,,disabled_unverified_location,1739405056,calgary,unverified_url_evidence,https://www.kijiji.ca/v-cars-trucks/calgary/2024-ford-f-150-xlt-302a-tow-package/1739405056,Kijiji
DISABLED_MANUAL_REVIEW_REQUIRED,location_verification_required,success,warnings_present,unverified_kijiji_location,success,2026-07-21T22:30:59+00:00,unverified_search_origin_not_listing_location,disabled_due_to_unverified_location,"Camrose, AB",,2024,Ford,F-150,stx,1,52999,No change noted,"Down $1,000 over 4 weeks",4,53999,52999,0,-1000,25200,Unknown,Gas,Accident reported,N/A,Unknown,Dealer,,,,disabled_unverified_location,1739408188,strathcona-county,unverified_url_evidence,https://www.kijiji.ca/v-cars-trucks/strathcona-county/2024-ford-f-150-stx-tow-haul-pkg/1739408188,Kijiji
DISABLED_MANUAL_REVIEW_REQUIRED,location_verification_required,success,warnings_present,unverified_kijiji_location,success,2026-07-21T22:30:59+00:00,unverified_search_origin_not_listing_location,disabled_due_to_unverified_location,"Calgary, AB",,2024,Ford,F-150,xlt,2,51990,No change noted,Unchanged for 5 weeks,5,51990,51990,0,0,87342,Unknown,Gas,Unknown,N/A,Unknown,Dealer,,,,disabled_unverified_location,1739453252,calgary,unverified_url_evidence,https://www.kijiji.ca/v-cars-trucks/calgary/2024-ford-f-150/1739453252,Kijiji
DISABLED_MANUAL_REVIEW_REQUIRED,location_verification_required,success,warnings_present,unverified_kijiji_location,success,2026-07-21T22:30:59+00:00,unverified_search_origin_not_listing_location,disabled_due_to_unverified_location,"Carstairs, AB",,2024,Ford,F-150,lariat,3,60000,No change noted,First seen this week,0,60000,60000,0,0,93492,Unknown,Gas,Unknown,N/A,Unknown,Dealer,,,,disabled_unverified_location,1739453975,grande-prairie,unverified_url_evidence,https://www.kijiji.ca/v-cars-trucks/grande-prairie/2024-ford-f-150-lariat/1739453975,Kijiji
DISABLED_MANUAL_REVIEW_REQUIRED,location_verification_required,success,warnings_present,unverified_kijiji_location,success,2026-07-21T22:30:59+00:00,unverified_search_origin_not_listing_location,disabled_due_to_unverified_location,"Edmonton, AB",,2024,Ford,F-150,xlt,2,53999,No change noted,Unchanged for 4 weeks,4,53999,53999,0,0,64976,Unknown,Gas,Unknown,N/A,Unknown,Dealer,,,,disabled_unverified_location,1739457858,edmonton,unverified_url_evidence,https://www.kijiji.ca/v-cars-trucks/edmonton/2024-ford-f-150-xlt/1739457858,Kijiji
DISABLED_MANUAL_REVIEW_REQUIRED,location_verification_required,success,warnings_present,unverified_kijiji_location,success,2026-07-21T22:30:59+00:00,unverified_search_origin_not_listing_location,disabled_due_to_unverified_location,"Edmonton, AB",,2024,Ford,F-150,xlt,2,53999,No change noted,Unchanged for 4 weeks,4,53999,53999,0,0,51584,Unknown,Gas,Unknown,N/A,Unknown,Dealer,,,,disabled_unverified_location,1739457860,edmonton,unverified_url_evidence,https://www.kijiji.ca/v-cars-trucks/edmonton/2024-ford-f-150-xlt/1739457860,Kijiji
DISABLED_MANUAL_REVIEW_REQUIRED,location_verification_required,success,warnings_present,unverified_kijiji_location,success,2026-07-21T22:30:59+00:00,unverified_search_origin_not_listing_location,disabled_due_to_unverified_location,"Edmonton, AB",,2024,Ford,F-150,xlt,2,56999,No change noted,Unchanged for 4 weeks,4,56999,56999,0,0,51344,Unknown,Gas,Unknown,N/A,Unknown,Dealer,,,,disabled_unverified_location,1739457865,edmonton,unverified_url_evidence,https://www.kijiji.ca/v-cars-trucks/edmonton/2024-ford-f-150-xlt/1739457865,Kijiji
DISABLED_MANUAL_REVIEW_REQUIRED,location_verification_required,success,warnings_present,unverified_kijiji_location,success,2026-07-21T22:30:59+00:00,unverified_search_origin_not_listing_location,disabled_due_to_unverified_location,"Calgary, AB",,2024,Ford,F-150,xlt,2,49990,No change noted,Unchanged for 3 weeks,3,49990,49990,0,0,67011,3.5L,Gas,Unknown,N/A,Unknown,Dealer,,,,disabled_unverified_location,1739503538,calgary,unverified_url_evidence,https://www.kijiji.ca/v-cars-trucks/calgary/2024-ford-f-150-xlt-301a-tow-package-3-5l-ecoboost/1739503538,Kijiji
DISABLED_MANUAL_REVIEW_REQUIRED,location_verification_required,success,warnings_present,unverified_kijiji_location,success,2026-07-21T22:30:59+00:00,unverified_search_origin_not_listing_location,disabled_due_to_unverified_location,"Carstairs, AB",,2024,Ford,F-150,xlt,2,53800,No change noted,Unchanged for 1 weeks,1,53800,53800,0,0,54325,Unknown,Gas,Unknown,N/A,Unknown,Private,,,,disabled_unverified_location,1739504408,oakville-halton-region,unverified_url_evidence,https://www.kijiji.ca/v-cars-trucks/oakville-halton-region/2024-ford-f-150-crew-cab-4x4-xlt-5-5ft-box/1739504408,Kijiji
DISABLED_MANUAL_REVIEW_REQUIRED,location_verification_required,success,warnings_present,unverified_kijiji_location,success,2026-07-21T22:30:59+00:00,unverified_search_origin_not_listing_location,disabled_due_to_unverified_location,"Calgary, AB",,2024,Ford,F-150,xlt,2,52990,No change noted,Unchanged for 3 weeks,3,52990,52990,0,0,53950,Unknown,Gas,Unknown,N/A,Unknown,Dealer,,,,disabled_unverified_location,1739636687,calgary,unverified_url_evidence,https://www.kijiji.ca/v-cars-trucks/calgary/2024-ford-f-150-xlt/1739636687,Kijiji
DISABLED_MANUAL_REVIEW_REQUIRED,location_verification_required,success,warnings_present,unverified_kijiji_location,success,2026-07-21T22:30:59+00:00,unverified_search_origin_not_listing_location,disabled_due_to_unverified_location,"Calgary, AB",,2024,Ford,F-150,fx4,3,53990,No change noted,Unchanged for 3 weeks,3,53990,53990,0,0,86001,Unknown,Gas,Unknown,N/A,Unknown,Dealer,,,,disabled_unverified_location,1739636688,calgary,unverified_url_evidence,https://www.kijiji.ca/v-cars-trucks/calgary/2024-ford-f-150-xlt-302a-fx4-offroad-package/1739636688,Kijiji
DISABLED_MANUAL_REVIEW_REQUIRED,location_verification_required,success,warnings_present,unverified_kijiji_location;suspiciously_low_mileage,success,2026-07-21T22:30:59+00:00,unverified_search_origin_not_listing_location,disabled_due_to_unverified_location,"Calgary, AB",,2024,Ford,F-150,fx4,3,50990,No change noted,Unchanged for 3 weeks,3,50990,50990,0,0,100,Unknown,Gas,Unknown,N/A,Unknown,Dealer,,,,disabled_unverified_location,1739636693,calgary,unverified_url_evidence,https://www.kijiji.ca/v-cars-trucks/calgary/2024-ford-f-150-xlt-302a-fx4-offroad-package/1739636693,Kijiji
DISABLED_MANUAL_REVIEW_REQUIRED,location_verification_required,success,warnings_present,unverified_kijiji_location;suspiciously_low_mileage,success,2026-07-21T22:30:59+00:00,unverified_search_origin_not_listing_location,disabled_due_to_unverified_location,"Calgary, AB",,2024,Ford,F-150,xlt,2,50990,No change noted,Unchanged for 3 weeks,3,50990,50990,0,0,100,3.5L,Gas,Unknown,N/A,Unknown,Dealer,,,,disabled_unverified_location,1739636694,calgary,unverified_url_evidence,https://www.kijiji.ca/v-cars-trucks/calgary/2024-ford-f-150-xlt-302a-3-5l-ecoboost/1739636694,Kijiji
DISABLED_MANUAL_REVIEW_REQUIRED,location_verification_required,success,warnings_present,unverified_kijiji_location,success,2026-07-21T22:30:59+00:00,unverified_search_origin_not_listing_location,disabled_due_to_unverified_location,"Calgary, AB",,2024,Ford,F-150,stx,1,47990,No change noted,Unchanged for 4 weeks,4,47990,47990,0,0,40100,Unknown,Gas,Unknown,N/A,Unknown,Dealer,,,,disabled_unverified_location,1739684483,calgary,unverified_url_evidence,https://www.kijiji.ca/v-cars-trucks/calgary/2024-ford-f-150/1739684483,Kijiji
DISABLED_MANUAL_REVIEW_REQUIRED,location_verification_required,success,warnings_present,unverified_kijiji_location,success,2026-07-21T22:30:59+00:00,unverified_search_origin_not_listing_location,disabled_due_to_unverified_location,"Calgary, AB",,2024,Ford,F-150,Unknown,1,51926,No change noted,Down $932 over 1 weeks,1,52858,52858,-932,-932,49728,Unknown,Gas,Unknown,N/A,Unknown,Dealer,,,,disabled_unverified_location,1739689466,calgary,unverified_url_evidence,https://www.kijiji.ca/v-cars-trucks/calgary/2024-ford-f-150-nav-heated-seats/1739689466,Kijiji
DISABLED_MANUAL_REVIEW_REQUIRED,location_verification_required,success,warnings_present,unverified_kijiji_location,success,2026-07-21T22:30:59+00:00,unverified_search_origin_not_listing_location,disabled_due_to_unverified_location,"Calgary, AB",,2024,Ford,F-150,xlt,2,57993,No change noted,Unchanged for 3 weeks,3,57993,57993,0,0,54978,Unknown,Gas,Unknown,N/A,Unknown,Dealer,,,,disabled_unverified_location,1739690443,calgary,unverified_url_evidence,https://www.kijiji.ca/v-cars-trucks/calgary/2024-ford-f-150-xlt-heated-leather-seats-sunroof-black-appea/1739690443,Kijiji
DISABLED_MANUAL_REVIEW_REQUIRED,location_verification_required,success,warnings_present,unverified_kijiji_location,success,2026-07-21T22:30:59+00:00,unverified_search_origin_not_listing_location,disabled_due_to_unverified_location,"Calgary, AB",,2024,Ford,F-150,xlt,2,53750,No change noted,Unchanged for 3 weeks,3,53750,53750,0,0,42699,3.5L,Gas,Unknown,N/A,Unknown,Dealer,,,,disabled_unverified_location,1739693121,calgary,unverified_url_evidence,https://www.kijiji.ca/v-cars-trucks/calgary/2024-ford-f-150-xlt-3-5l-ecoboost-301a-3-55-e-locker/1739693121,Kijiji
DISABLED_MANUAL_REVIEW_REQUIRED,location_verification_required,success,warnings_present,unverified_kijiji_location,success,2026-07-21T22:30:59+00:00,unverified_search_origin_not_listing_location,disabled_due_to_unverified_location,"Saskatoon, SK",,2024,Ford,F-150,xlt,2,55948,No change noted,Unchanged for 4 weeks,4,55948,55948,0,0,52274,5.0L,Gas,Unknown,N/A,Unknown,Private,,,,disabled_unverified_location,1739693440,saskatoon,unverified_url_evidence,https://www.kijiji.ca/v-cars-trucks/saskatoon/2024-ford-f-150-xlt-5-0l-v8-360-cam-hitch-keyless/1739693440,Kijiji
DISABLED_MANUAL_REVIEW_REQUIRED,location_verification_required,success,warnings_present,unverified_kijiji_location,success,2026-07-21T22:30:59+00:00,unverified_search_origin_not_listing_location,disabled_due_to_unverified_location,"Saskatoon, SK",,2024,Ford,F-150,xlt,2,47589,No change noted,Down $10 over 4 weeks,4,47599,47589,0,-10,97991,Unknown,Gas,Unknown,N/A,Unknown,Private,,,,disabled_unverified_location,1739693455,saskatoon,unverified_url_evidence,https://www.kijiji.ca/v-cars-trucks/saskatoon/2024-ford-f-150-xlt-4x4-360-cam-lane-keep-assist-hitch/1739693455,Kijiji
DISABLED_MANUAL_REVIEW_REQUIRED,location_verification_required,success,warnings_present,unverified_kijiji_location,success,2026-07-21T22:30:59+00:00,unverified_search_origin_not_listing_location,disabled_due_to_unverified_location,"Moose Jaw, SK",,2024,Ford,F-150,xlt,2,48888,No change noted,Down $700 over 1 weeks,1,49588,49588,-700,-700,49727,Unknown,Gas,Unknown,N/A,Unknown,Private,,,,disabled_unverified_location,1739709821,ottawa,unverified_url_evidence,https://www.kijiji.ca/v-cars-trucks/ottawa/2024-ford-f-150-xlt/1739709821,Kijiji
DISABLED_MANUAL_REVIEW_REQUIRED,location_verification_required,success,warnings_present,unverified_kijiji_location,success,2026-07-21T22:30:59+00:00,unverified_search_origin_not_listing_location,disabled_due_to_unverified_location,"Camrose, AB",,2024,Ford,F-150,stx,1,42156,No change noted,Down $824 over 2 weeks,2,42980,42980,-824,-824,104916,2.7L,Gas,Unknown,N/A,Unknown,Dealer,,,,disabled_unverified_location,1739734652,strathcona-county,unverified_url_evidence,https://www.kijiji.ca/v-cars-trucks/strathcona-county/2024-ford-f-150-stx-2-7l-trailering-package/1739734652,Kijiji
DISABLED_MANUAL_REVIEW_REQUIRED,location_verification_required,success,warnings_present,unverified_kijiji_location,success,2026-07-21T22:30:59+00:00,unverified_search_origin_not_listing_location,disabled_due_to_unverified_location,"Moose Jaw, SK",,2024,Ford,F-150,stx,1,41698,No change noted,Down $300 over 2 weeks,2,41998,41698,0,-300,85154,Unknown,Gas,Unknown,N/A,Unknown,Private,,,,disabled_unverified_location,1739777846,ottawa,unverified_url_evidence,https://www.kijiji.ca/v-cars-trucks/ottawa/2024-ford-f-150/1739777846,Kijiji
DISABLED_MANUAL_REVIEW_REQUIRED,location_verification_required,success,warnings_present,unverified_kijiji_location,success,2026-07-21T22:30:59+00:00,unverified_search_origin_not_listing_location,disabled_due_to_unverified_location,"Moose Jaw, SK",,2024,Ford,F-150,xlt,2,51998,No change noted,Unchanged for 3 weeks,3,51998,51998,0,0,61345,Unknown,Gas,Unknown,N/A,Unknown,Private,,,,disabled_unverified_location,1739777850,ottawa,unverified_url_evidence,https://www.kijiji.ca/v-cars-trucks/ottawa/2024-ford-f-150/1739777850,Kijiji
DISABLED_MANUAL_REVIEW_REQUIRED,location_verification_required,success,warnings_present,unverified_kijiji_location,success,2026-07-21T22:30:59+00:00,unverified_search_origin_not_listing_location,disabled_due_to_unverified_location,"Regina, SK",,2024,Ford,F-150,xlt,2,57998,No change noted,Unchanged for 3 weeks,3,57998,57998,0,0,38959,Unknown,Gas,Unknown,N/A,Unknown,Private,,,,disabled_unverified_location,1739781305,winnipeg,unverified_url_evidence,https://www.kijiji.ca/v-cars-trucks/winnipeg/2024-ford-f-150-xlt/1739781305,Kijiji
DISABLED_MANUAL_REVIEW_REQUIRED,location_verification_required,success,warnings_present,unverified_kijiji_location,success,2026-07-21T22:30:59+00:00,unverified_search_origin_not_listing_location,disabled_due_to_unverified_location,"Edmonton, AB",,2024,Ford,F-150,xlt,2,56990,No change noted,Unchanged for 2 weeks,2,56990,56990,0,0,38801,Unknown,Gas,Unknown,N/A,Unknown,Dealer,,,,disabled_unverified_location,1739781613,edmonton,unverified_url_evidence,https://www.kijiji.ca/v-cars-trucks/edmonton/xlt-black-appearance-package-302a/1739781613,Kijiji
DISABLED_MANUAL_REVIEW_REQUIRED,location_verification_required,success,warnings_present,unverified_kijiji_location,success,2026-07-21T22:30:59+00:00,unverified_search_origin_not_listing_location,disabled_due_to_unverified_location,"Edmonton, AB",,2024,Ford,F-150,stx,1,51955,No change noted,"Down $1,042 over 3 weeks",3,52997,51955,0,-1042,23592,Unknown,Gas,Unknown,N/A,Unknown,Dealer,,,,disabled_unverified_location,1739783159,edmonton,unverified_url_evidence,https://www.kijiji.ca/v-cars-trucks/edmonton/2024-ford-f-150-stx/1739783159,Kijiji
DISABLED_MANUAL_REVIEW_REQUIRED,location_verification_required,success,warnings_present,unverified_kijiji_location,success,2026-07-21T22:30:59+00:00,unverified_search_origin_not_listing_location,disabled_due_to_unverified_location,"Calgary, AB",,2024,Ford,F-150,xlt,2,45995,No change noted,"Down $1,000 over 3 weeks",3,46995,45995,0,-1000,136990,Unknown,Gas,Unknown,N/A,Unknown,Dealer,,,,disabled_unverified_location,1739826741,calgary,unverified_url_evidence,https://www.kijiji.ca/v-cars-trucks/calgary/2024-ford-f-150/1739826741,Kijiji
DISABLED_MANUAL_REVIEW_REQUIRED,location_verification_required,success,warnings_present,unverified_kijiji_location,success,2026-07-21T22:30:59+00:00,unverified_search_origin_not_listing_location,disabled_due_to_unverified_location,"Calgary, AB",,2024,Ford,F-150,stx,1,46464,No change noted,"Down $2,531 over 4 weeks",4,48995,46464,0,-2531,78253,Unknown,Gas,Unknown,N/A,Unknown,Dealer,,,,disabled_unverified_location,1739826743,calgary,unverified_url_evidence,https://www.kijiji.ca/v-cars-trucks/calgary/2024-ford-f-150/1739826743,Kijiji
DISABLED_MANUAL_REVIEW_REQUIRED,location_verification_required,success,warnings_present,unverified_kijiji_location,success,2026-07-21T22:30:59+00:00,unverified_search_origin_not_listing_location,disabled_due_to_unverified_location,"Edmonton, AB",,2024,Ford,F-150,fx4,3,44447,No change noted,Down $445 over 2 weeks,2,44892,44892,-445,-445,114969,3.5L,Gas,Unknown,N/A,Unknown,Dealer,,,,disabled_unverified_location,1739833880,edmonton,unverified_url_evidence,https://www.kijiji.ca/v-cars-trucks/edmonton/2024-ford-f-150-xlt-3-5l-eco-tow-pkg-fx4-off-road/1739833880,Kijiji
DISABLED_MANUAL_REVIEW_REQUIRED,location_verification_required,success,warnings_present,unverified_kijiji_location,success,2026-07-21T22:30:59+00:00,unverified_search_origin_not_listing_location,disabled_due_to_unverified_location,"Edmonton, AB",,2024,Ford,F-150,stx,1,49997,No change noted,"Down $2,000 over 3 weeks",3,51997,50950,-953,-2000,32765,Unknown,Gas,Accident reported,N/A,Unknown,Dealer,,,,disabled_unverified_location,1739837037,edmonton,unverified_url_evidence,https://www.kijiji.ca/v-cars-trucks/edmonton/2024-ford-f-150-stx/1739837037,Kijiji
DISABLED_MANUAL_REVIEW_REQUIRED,location_verification_required,success,warnings_present,unverified_kijiji_location,success,2026-07-21T22:30:59+00:00,unverified_search_origin_not_listing_location,disabled_due_to_unverified_location,"Regina, SK",,2024,Ford,F-150,stx,1,47954,No change noted,Unchanged for 3 weeks,3,47954,47954,0,0,86852,Unknown,Gas,Unknown,N/A,Unknown,Private,,,,disabled_unverified_location,1739879433,winnipeg,unverified_url_evidence,https://www.kijiji.ca/v-cars-trucks/winnipeg/2024-ford-f-150-stx-4wd-201a-crew-5-5-box-local-trade/1739879433,Kijiji
DISABLED_MANUAL_REVIEW_REQUIRED,location_verification_required,success,warnings_present,unverified_kijiji_location,success,2026-07-21T22:30:59+00:00,unverified_search_origin_not_listing_location,disabled_due_to_unverified_location,"Carstairs, AB",,2024,Ford,F-150,xlt,2,50999,No change noted,Down $538 over 2 weeks,2,51537,50999,0,-538,46390,Unknown,Gas,No accidents reported,N/A,Unknown,Private,,,,disabled_unverified_location,1739920449,windsor-area-on,unverified_url_evidence,https://www.kijiji.ca/v-cars-trucks/windsor-area-on/2024-ford-f-150-xlt-black-appearance-package-360-degree/1739920449,Kijiji
DISABLED_MANUAL_REVIEW_REQUIRED,location_verification_required,success,warnings_present,unverified_kijiji_location,success,2026-07-21T22:30:59+00:00,unverified_search_origin_not_listing_location,disabled_due_to_unverified_location,"Calgary, AB",,2024,Ford,F-150,fx4,3,36881,No change noted,Unchanged for 2 weeks,2,36881,36881,0,0,145014,Unknown,Gas,Unknown,N/A,Unknown,Dealer,,,,disabled_unverified_location,1739969117,calgary,unverified_url_evidence,https://www.kijiji.ca/v-cars-trucks/calgary/2024-ford-f-150-4x4-super-cab-xlt-fx4-nav-bcam-pseat/1739969117,Kijiji
DISABLED_MANUAL_REVIEW_REQUIRED,location_verification_required,success,warnings_present,unverified_kijiji_location,success,2026-07-21T22:30:59+00:00,unverified_search_origin_not_listing_location,disabled_due_to_unverified_location,"Olds, AB",,2024,Ford,F-150,stx,1,52649,No change noted,Unchanged for 3 weeks,3,52649,52649,0,0,20285,Unknown,Gas,Unknown,N/A,Unknown,Dealer,,,,disabled_unverified_location,1739969381,medicine-hat,unverified_url_evidence,https://www.kijiji.ca/v-cars-trucks/medicine-hat/2024-ford-f-150-stx/1739969381,Kijiji
DISABLED_MANUAL_REVIEW_REQUIRED,location_verification_required,success,warnings_present,unverified_kijiji_location,success,2026-07-21T22:30:59+00:00,unverified_search_origin_not_listing_location,disabled_due_to_unverified_location,"Camrose, AB",,2024,Ford,F-150,stx,1,46488,No change noted,Unchanged for 1 weeks,1,46488,46488,0,0,42482,Unknown,Gas,Unknown,N/A,Unknown,Dealer,,,,disabled_unverified_location,1740015475,st-albert,unverified_url_evidence,https://www.kijiji.ca/v-cars-trucks/st-albert/2024-ford-f-150-stx-fordpass-apple-carplay-android-auto-box/1740015475,Kijiji
DISABLED_MANUAL_REVIEW_REQUIRED,location_verification_required,success,warnings_present,unverified_kijiji_location,success,2026-07-21T22:30:59+00:00,unverified_search_origin_not_listing_location,disabled_due_to_unverified_location,"Regina, SK",,2024,Ford,F-150,xlt,2,56900,No change noted,Unchanged for 2 weeks,2,56900,56900,0,0,57936,Unknown,Gas,Unknown,N/A,Unknown,Private,,,,disabled_unverified_location,1740058851,winnipeg,unverified_url_evidence,https://www.kijiji.ca/v-cars-trucks/winnipeg/2024-ford-f-150-xlt/1740058851,Kijiji
DISABLED_MANUAL_REVIEW_REQUIRED,location_verification_required,success,warnings_present,unverified_kijiji_location,success,2026-07-21T22:30:59+00:00,unverified_search_origin_not_listing_location,disabled_due_to_unverified_location,"Calgary, AB",,2024,Ford,F-150,xlt,2,56993,No change noted,Unchanged for 2 weeks,2,56993,56993,0,0,50782,Unknown,Gas,Unknown,N/A,Unknown,Dealer,,,,disabled_unverified_location,1740059935,calgary,unverified_url_evidence,https://www.kijiji.ca/v-cars-trucks/calgary/2024-ford-f-150-xlt/1740059935,Kijiji
DISABLED_MANUAL_REVIEW_REQUIRED,location_verification_required,success,warnings_present,unverified_kijiji_location,success,2026-07-21T22:30:59+00:00,unverified_search_origin_not_listing_location,disabled_due_to_unverified_location,"Edmonton, AB",,2024,Ford,F-150,stx,1,49987,No change noted,"Down $1,921 over 2 weeks",2,51908,50950,-963,-1921,38135,Unknown,Gas,Accident reported,N/A,Unknown,Dealer,,,,disabled_unverified_location,1740063376,edmonton,unverified_url_evidence,https://www.kijiji.ca/v-cars-trucks/edmonton/2024-ford-f-150-stx/1740063376,Kijiji
DISABLED_MANUAL_REVIEW_REQUIRED,location_verification_required,success,warnings_present,unverified_kijiji_location,success,2026-07-21T22:30:59+00:00,unverified_search_origin_not_listing_location,disabled_due_to_unverified_location,"Camrose, AB",,2024,Ford,F-150,xlt,2,50990,No change noted,Unchanged for 1 weeks,1,50990,50990,0,0,61250,5.0L,Gas,Unknown,N/A,Unknown,Dealer,,,,disabled_unverified_location,1740101848,st-albert,unverified_url_evidence,https://www.kijiji.ca/v-cars-trucks/st-albert/2024-ford-f-150-xlt-4wd-supercrew-6-5-box-5-0l-v8-gas-fx4-off/1740101848,Kijiji
DISABLED_MANUAL_REVIEW_REQUIRED,location_verification_required,success,warnings_present,unverified_kijiji_location,success,2026-07-21T22:30:59+00:00,unverified_search_origin_not_listing_location,disabled_due_to_unverified_location,"Calgary, AB",,2024,Ford,F-150,xlt,2,59995,No change noted,Unchanged for 2 weeks,2,59995,59995,0,0,12928,Unknown,Gas,Unknown,N/A,Unknown,Dealer,,,,disabled_unverified_location,1740104878,calgary,unverified_url_evidence,https://www.kijiji.ca/v-cars-trucks/calgary/2024-ford-f-150-xlt-dual-motor-pro-power-9-6kw-max-tow/1740104878,Kijiji
DISABLED_MANUAL_REVIEW_REQUIRED,location_verification_required,success,warnings_present,unverified_kijiji_location,success,2026-07-21T22:30:59+00:00,unverified_search_origin_not_listing_location,disabled_due_to_unverified_location,"Edmonton, AB",,2024,Ford,F-150,xlt,2,56500,No change noted,Unchanged for 2 weeks,2,56500,56500,0,0,24658,Unknown,Gas,Unknown,N/A,Unknown,Dealer,,,,disabled_unverified_location,1740106178,edmonton,unverified_url_evidence,https://www.kijiji.ca/v-cars-trucks/edmonton/2024-ford-f-150-xlt-301a-4x4-supercrew-145/1740106178,Kijiji
DISABLED_MANUAL_REVIEW_REQUIRED,location_verification_required,success,warnings_present,unverified_kijiji_location,success,2026-07-21T22:30:59+00:00,unverified_search_origin_not_listing_location,disabled_due_to_unverified_location,"Regina, SK",,2024,Ford,F-150,xlt,2,54294,No change noted,Unchanged for 2 weeks,2,54294,54294,0,0,60905,Unknown,Gas,Unknown,N/A,Unknown,Private,,,,disabled_unverified_location,1740108532,winnipeg,unverified_url_evidence,https://www.kijiji.ca/v-cars-trucks/winnipeg/2024-ford-f-150-xlt-climate-control-navigation/1740108532,Kijiji
DISABLED_MANUAL_REVIEW_REQUIRED,location_verification_required,success,warnings_present,unverified_kijiji_location,success,2026-07-21T22:30:59+00:00,unverified_search_origin_not_listing_location,disabled_due_to_unverified_location,"Calgary, AB",,2024,Ford,F-150,xlt,2,52500,No change noted,Unchanged for 2 weeks,2,52500,52500,0,0,36950,Unknown,Gas,Unknown,N/A,Unknown,Private,,,,disabled_unverified_location,1740129868,calgary,unverified_url_evidence,https://www.kijiji.ca/v-cars-trucks/calgary/2024-ford-f-150-xlt-supercrew-fx4/1740129868,Kijiji
DISABLED_MANUAL_REVIEW_REQUIRED,location_verification_required,success,warnings_present,unverified_kijiji_location,success,2026-07-21T22:30:59+00:00,unverified_search_origin_not_listing_location,disabled_due_to_unverified_location,"Edmonton, AB",,2024,Ford,F-150,xlt,2,54680,No change noted,Unchanged for 2 weeks,2,54680,54680,0,0,45781,3.5L,Gas,No accidents reported,N/A,Unknown,Dealer,,,,disabled_unverified_location,1740151613,edmonton,unverified_url_evidence,https://www.kijiji.ca/v-cars-trucks/edmonton/2024-ford-f-150-xlt-301a-3-5l-ecoboost-lane-keep/1740151613,Kijiji
DISABLED_MANUAL_REVIEW_REQUIRED,location_verification_required,success,warnings_present,unverified_kijiji_location,success,2026-07-21T22:30:59+00:00,unverified_search_origin_not_listing_location,disabled_due_to_unverified_location,"Carstairs, AB",,2024,Ford,F-150,fx4,3,53800,No change noted,First seen this week,0,53800,53800,0,0,30718,Unknown,Gas,Unknown,N/A,Unknown,Private,,,,disabled_unverified_location,1740151858,oakville-halton-region,unverified_url_evidence,https://www.kijiji.ca/v-cars-trucks/oakville-halton-region/2024-ford-f-150-crew-cab-4x4-6-5ft-box-fx4-package/1740151858,Kijiji
DISABLED_MANUAL_REVIEW_REQUIRED,location_verification_required,success,warnings_present,unverified_kijiji_location,success,2026-07-21T22:30:59+00:00,unverified_search_origin_not_listing_location,disabled_due_to_unverified_location,"Carstairs, AB",,2024,Ford,F-150,fx4,3,53800,No change noted,Unchanged for 1 weeks,1,53800,53800,0,0,30718,Unknown,Gas,Unknown,N/A,Unknown,Private,,,,disabled_unverified_location,1740151862,oakville-halton-region,unverified_url_evidence,https://www.kijiji.ca/v-cars-trucks/oakville-halton-region/2024-ford-f-150-crew-cab-4x4-6-5ft-box-fx4-package/1740151862,Kijiji
DISABLED_MANUAL_REVIEW_REQUIRED,location_verification_required,success,warnings_present,unverified_kijiji_location,success,2026-07-21T22:30:59+00:00,unverified_search_origin_not_listing_location,disabled_due_to_unverified_location,"Edmonton, AB",,2024,Ford,F-150,xlt,2,56895,No change noted,Unchanged for 2 weeks,2,56895,56895,0,0,37789,Unknown,Gas,Unknown,N/A,Unknown,Dealer,,,,disabled_unverified_location,1740152120,edmonton,unverified_url_evidence,https://www.kijiji.ca/v-cars-trucks/edmonton/2024-ford-f-150-xlt-4x4-supercrew-5-5-box/1740152120,Kijiji
DISABLED_MANUAL_REVIEW_REQUIRED,location_verification_required,success,warnings_present,unverified_kijiji_location,success,2026-07-21T22:30:59+00:00,unverified_search_origin_not_listing_location,disabled_due_to_unverified_location,"Carstairs, AB",,2024,Ford,F-150,xlt,2,48498,No change noted,First seen this week,0,48498,48498,0,0,28462,Unknown,Gas,Unknown,N/A,Unknown,Private,,,,disabled_unverified_location,1740239959,ottawa,unverified_url_evidence,https://www.kijiji.ca/v-cars-trucks/ottawa/2024-ford-f-150/1740239959,Kijiji
DISABLED_MANUAL_REVIEW_REQUIRED,location_verification_required,success,warnings_present,unverified_kijiji_location,success,2026-07-21T22:30:59+00:00,unverified_search_origin_not_listing_location,disabled_due_to_unverified_location,"Camrose, AB",,2024,Ford,F-150,xlt,2,49995,No change noted,"Down $1,000 over 1 weeks",1,50995,50995,-1000,-1000,89700,Unknown,Gas,Unknown,N/A,Unknown,Dealer,,,,disabled_unverified_location,1740283943,edmonton,unverified_url_evidence,https://www.kijiji.ca/v-cars-trucks/edmonton/ford-f-150-xlt-2024/1740283943,Kijiji
DISABLED_MANUAL_REVIEW_REQUIRED,location_verification_required,success,warnings_present,unverified_kijiji_location,success,2026-07-21T22:30:59+00:00,unverified_search_origin_not_listing_location,disabled_due_to_unverified_location,"Carstairs, AB",,2024,Ford,F-150,xl,1,40998,No change noted,First seen this week,0,40998,40998,0,0,63610,Unknown,Gas,Unknown,N/A,Unknown,Private,,,,disabled_unverified_location,1740285424,ottawa,unverified_url_evidence,https://www.kijiji.ca/v-cars-trucks/ottawa/2024-ford-f-150/1740285424,Kijiji
DISABLED_MANUAL_REVIEW_REQUIRED,location_verification_required,success,warnings_present,unverified_kijiji_location,success,2026-07-21T22:30:59+00:00,unverified_search_origin_not_listing_location,disabled_due_to_unverified_location,"Carstairs, AB",,2024,Ford,F-150,stx,1,50999,No change noted,Unchanged for 2 weeks,2,50999,50999,0,0,45078,Unknown,Gas,Unknown,N/A,Unknown,Private,,,,disabled_unverified_location,1740375572,windsor-area-on,unverified_url_evidence,https://www.kijiji.ca/v-cars-trucks/windsor-area-on/2024-ford-f-150-stx/1740375572,Kijiji
DISABLED_MANUAL_REVIEW_REQUIRED,location_verification_required,success,warnings_present,unverified_kijiji_location,success,2026-07-21T22:30:59+00:00,unverified_search_origin_not_listing_location,disabled_due_to_unverified_location,"Camrose, AB",,2024,Ford,F-150,xlt,2,53989,No change noted,"Down $1,138 over 1 weeks",1,55127,55127,-1138,-1138,64177,Unknown,Gas,Unknown,N/A,Unknown,Dealer,,,,disabled_unverified_location,1740376053,st-albert,unverified_url_evidence,https://www.kijiji.ca/v-cars-trucks/st-albert/2024-ford-f-150-xlt-4wd-supercrew-5-5-box-for-sale/1740376053,Kijiji
DISABLED_MANUAL_REVIEW_REQUIRED,location_verification_required,success,warnings_present,unverified_kijiji_location,success,2026-07-21T22:30:59+00:00,unverified_search_origin_not_listing_location,disabled_due_to_unverified_location,"Calgary, AB",,2024,Ford,F-150,xlt,2,55888,No change noted,First seen this week,0,55888,55888,0,0,46770,Unknown,Gas,Unknown,N/A,Unknown,Dealer,,,,disabled_unverified_location,1740401190,calgary,unverified_url_evidence,https://www.kijiji.ca/v-cars-trucks/calgary/2024-ford-f-150-xlt/1740401190,Kijiji
DISABLED_MANUAL_REVIEW_REQUIRED,location_verification_required,success,warnings_present,unverified_kijiji_location,success,2026-07-21T22:30:59+00:00,unverified_search_origin_not_listing_location,disabled_due_to_unverified_location,"Moose Jaw, SK",,2024,Ford,F-150,xlt,2,44998,No change noted,Unchanged for 1 weeks,1,44998,44998,0,0,96753,Unknown,Gas,Unknown,N/A,Unknown,Private,,,,disabled_unverified_location,1740422195,ottawa,unverified_url_evidence,https://www.kijiji.ca/v-cars-trucks/ottawa/2024-ford-f-150/1740422195,Kijiji
DISABLED_MANUAL_REVIEW_REQUIRED,location_verification_required,success,warnings_present,unverified_kijiji_location,success,2026-07-21T22:30:59+00:00,unverified_search_origin_not_listing_location,disabled_due_to_unverified_location,"Moose Jaw, SK",,2024,Ford,F-150,Unknown,1,54990,No change noted,Unchanged for 1 weeks,1,54990,54990,0,0,26954,Unknown,Gas,Unknown,N/A,Unknown,Private,,,,disabled_unverified_location,1740484528,ottawa,unverified_url_evidence,https://www.kijiji.ca/v-cars-trucks/ottawa/2024-ford-f-150-lightning-pro-crew-cab/1740484528,Kijiji
DISABLED_MANUAL_REVIEW_REQUIRED,location_verification_required,success,warnings_present,unverified_kijiji_location,success,2026-07-21T22:30:59+00:00,unverified_search_origin_not_listing_location,disabled_due_to_unverified_location,"Edmonton, AB",,2024,Ford,F-150,xlt,2,43986,No change noted,First seen this week,0,43986,43986,0,0,115606,3.5L,Gas,Unknown,N/A,Unknown,Dealer,,,,disabled_unverified_location,1740563397,edmonton,unverified_url_evidence,https://www.kijiji.ca/v-cars-trucks/edmonton/2024-ford-f-150-xlt-6-5ft-box-3-5l-ecoboost-360-cam-f/1740563397,Kijiji
DISABLED_MANUAL_REVIEW_REQUIRED,location_verification_required,success,warnings_present,unverified_kijiji_location,success,2026-07-21T22:30:59+00:00,unverified_search_origin_not_listing_location,disabled_due_to_unverified_location,"Lethbridge, AB",,2024,Ford,F-150,xlt,2,60000,No change noted,First seen this week,0,60000,60000,0,0,34000,Unknown,Gas,Unknown,N/A,Unknown,Private,,,,disabled_unverified_location,1740584276,vernon,unverified_url_evidence,https://www.kijiji.ca/v-cars-trucks/vernon/2024-ford-f150-xlt/1740584276,Kijiji
DISABLED_MANUAL_REVIEW_REQUIRED,location_verification_required,success,warnings_present,unverified_kijiji_location,success,2026-07-21T22:30:59+00:00,unverified_search_origin_not_listing_location,disabled_due_to_unverified_location,"Regina, SK",,2024,Ford,F-150,xlt,2,58998,No change noted,First seen this week,0,58998,58998,0,0,36917,Unknown,Gas,Unknown,N/A,Unknown,Private,,,,disabled_unverified_location,1740609079,winnipeg,unverified_url_evidence,https://www.kijiji.ca/v-cars-trucks/winnipeg/2024-ford-f-150-xlt-new-arrival/1740609079,Kijiji
DISABLED_MANUAL_REVIEW_REQUIRED,location_verification_required,success,warnings_present,unverified_kijiji_location,success,2026-07-21T22:30:59+00:00,unverified_search_origin_not_listing_location,disabled_due_to_unverified_location,"Calgary, AB",,2024,Ford,F-150,fx4,3,53990,No change noted,First seen this week,0,53990,53990,0,0,54000,3.5L,Gas,Unknown,N/A,Unknown,Dealer,,,,disabled_unverified_location,1740647844,calgary,unverified_url_evidence,https://www.kijiji.ca/v-cars-trucks/calgary/2024-ford-f-150-xlt-302a-3-5l-ecoboost-fx4-offroad/1740647844,Kijiji
DISABLED_MANUAL_REVIEW_REQUIRED,location_verification_required,success,warnings_present,unverified_kijiji_location,success,2026-07-21T22:30:59+00:00,unverified_search_origin_not_listing_location,disabled_due_to_unverified_location,"Regina, SK",,2024,Ford,F-150,xlt,2,57998,No change noted,First seen this week,0,57998,57998,0,0,30607,Unknown,Gas,Unknown,N/A,Unknown,Private,,,,disabled_unverified_location,1740651608,winnipeg,unverified_url_evidence,https://www.kijiji.ca/v-cars-trucks/winnipeg/2024-ford-f-150-xlt-new-arrival/1740651608,Kijiji
DISABLED_MANUAL_REVIEW_REQUIRED,location_verification_required,success,warnings_present,unverified_kijiji_location,success,2026-07-21T22:30:59+00:00,unverified_search_origin_not_listing_location,disabled_due_to_unverified_location,"Calgary, AB",,2024,Ford,F-150,fx4,3,52990,No change noted,First seen this week,0,52990,52990,0,0,80500,3.5L,Gas,Unknown,N/A,Unknown,Dealer,,,,disabled_unverified_location,1740696603,calgary,unverified_url_evidence,https://www.kijiji.ca/v-cars-trucks/calgary/2024-ford-f-150-xlt-302a-3-5l-ecoboost-fx4-offroad-package/1740696603,Kijiji
DISABLED_MANUAL_REVIEW_REQUIRED,location_verification_required,success,warnings_present,unverified_kijiji_location,success,2026-07-21T22:30:59+00:00,unverified_search_origin_not_listing_location,disabled_due_to_unverified_location,"Calgary, AB",,2024,Ford,F-150,fx4,3,53990,No change noted,First seen this week,0,53990,53990,0,0,65000,3.5L,Gas,Unknown,N/A,Unknown,Dealer,,,,disabled_unverified_location,1740696605,calgary,unverified_url_evidence,https://www.kijiji.ca/v-cars-trucks/calgary/2024-ford-f-150-xlt-302a-fx4-offroad-3-5l-ecoboost/1740696605,Kijiji
DISABLED_MANUAL_REVIEW_REQUIRED,location_verification_required,success,warnings_present,unverified_kijiji_location,success,2026-07-21T22:30:59+00:00,unverified_search_origin_not_listing_location,disabled_due_to_unverified_location,"Edmonton, AB",,2024,Ford,F-150,xlt,2,53667,No change noted,First seen this week,0,53667,53667,0,0,73963,Unknown,Gas,Unknown,N/A,Unknown,Dealer,,,,disabled_unverified_location,1740703471,edmonton,unverified_url_evidence,https://www.kijiji.ca/v-cars-trucks/edmonton/2024-ford-f-150-xlt/1740703471,Kijiji
DISABLED_MANUAL_REVIEW_REQUIRED,location_verification_required,success,warnings_present,unverified_kijiji_location,success,2026-07-21T22:30:59+00:00,unverified_search_origin_not_listing_location,disabled_due_to_unverified_location,"Camrose, AB",,2024,Ford,F-150,stx,1,39887,No change noted,First seen this week,0,39887,39887,0,0,129136,Unknown,Gas,Unknown,N/A,Unknown,Dealer,,,,disabled_unverified_location,1740747151,st-albert,unverified_url_evidence,https://www.kijiji.ca/v-cars-trucks/st-albert/2024-ford-f-150-stx-4wd-supercrew-5-5-box-for-sale/1740747151,Kijiji
DISABLED_MANUAL_REVIEW_REQUIRED,location_verification_required,success,warnings_present,unverified_kijiji_location,success,2026-07-21T22:30:59+00:00,unverified_search_origin_not_listing_location,disabled_due_to_unverified_location,"Carstairs, AB",,2024,Ford,F-150,xlt,2,48900,No change noted,First seen this week,0,48900,48900,0,0,84192,Unknown,Gas,Unknown,N/A,Unknown,Dealer,,,,disabled_unverified_location,1740752095,grande-prairie,unverified_url_evidence,https://www.kijiji.ca/v-cars-trucks/grande-prairie/2024-ford-f-150-xlt/1740752095,Kijiji
DISABLED_MANUAL_REVIEW_REQUIRED,location_verification_required,success,warnings_present,unverified_kijiji_location,success,2026-07-21T22:30:59+00:00,unverified_search_origin_not_listing_location,disabled_due_to_unverified_location,"Camrose, AB",,2024,Ford,F-150,xlt,2,51988,No change noted,First seen this week,0,51988,51988,0,0,60944,Unknown,Gas,Unknown,N/A,Unknown,Dealer,,,,disabled_unverified_location,1740752382,strathcona-county,unverified_url_evidence,https://www.kijiji.ca/v-cars-trucks/strathcona-county/2024-ford-f-150-xlt/1740752382,Kijiji
DISABLED_MANUAL_REVIEW_REQUIRED,location_verification_required,success,warnings_present,unverified_kijiji_location,success,2026-07-21T22:30:59+00:00,unverified_search_origin_not_listing_location,disabled_due_to_unverified_location,"Edmonton, AB",,2024,Ford,F-150,xlt,2,47995,No change noted,First seen this week,0,47995,47995,0,0,84355,Unknown,Gas,Unknown,N/A,Unknown,Dealer,,,,disabled_unverified_location,1740798724,edmonton,unverified_url_evidence,https://www.kijiji.ca/v-cars-trucks/edmonton/2024-ford-f-150-xlt/1740798724,Kijiji
DISABLED_MANUAL_REVIEW_REQUIRED,location_verification_required,success,warnings_present,unverified_kijiji_location,success,2026-07-21T22:30:59+00:00,unverified_search_origin_not_listing_location,disabled_due_to_unverified_location,"Carstairs, AB",,2024,Ford,F-150,xlt,2,52995,No change noted,First seen this week,0,52995,52995,0,0,49390,Unknown,Gas,Unknown,N/A,Unknown,Private,,,,disabled_unverified_location,1740841518,delta-surrey-langley,unverified_url_evidence,https://www.kijiji.ca/v-cars-trucks/delta-surrey-langley/2024-ford-f-150/1740841518,Kijiji
DISABLED_MANUAL_REVIEW_REQUIRED,location_verification_required,success,warnings_present,unverified_kijiji_location,success,2026-07-21T22:30:59+00:00,unverified_search_origin_not_listing_location,disabled_due_to_unverified_location,"Regina, SK",,2024,Ford,F-150,xlt,2,59954,No change noted,First seen this week,0,59954,59954,0,0,44503,Unknown,Gas,Unknown,N/A,Unknown,Private,,,,disabled_unverified_location,1740843784,winnipeg,unverified_url_evidence,https://www.kijiji.ca/v-cars-trucks/winnipeg/2024-ford-f-150-xlt-4wd-302a-sport-w-black-app-tow-haul-package/1740843784,Kijiji
DISABLED_MANUAL_REVIEW_REQUIRED,location_verification_required,success,warnings_present,unverified_kijiji_location,success,2026-07-21T22:30:59+00:00,unverified_search_origin_not_listing_location,disabled_due_to_unverified_location,"Edmonton, AB",,2024,Ford,F-150,xlt,2,53999,No change noted,First seen this week,0,53999,53999,0,0,60000,Unknown,Gas,Unknown,N/A,Unknown,Dealer,,,,disabled_unverified_location,1740872491,edmonton,unverified_url_evidence,https://www.kijiji.ca/v-cars-trucks/edmonton/2024-ford-f-150-xlt/1740872491,Kijiji
DISABLED_MANUAL_REVIEW_REQUIRED,location_verification_required,success,warnings_present,unverified_kijiji_location,success,2026-07-21T22:30:59+00:00,unverified_search_origin_not_listing_location,disabled_due_to_unverified_location,"Edmonton, AB",,2024,Ford,F-150,xlt,2,49999,No change noted,First seen this week,0,49999,49999,0,0,81881,Unknown,Gas,Unknown,N/A,Unknown,Dealer,,,,disabled_unverified_location,1740883006,edmonton,unverified_url_evidence,https://www.kijiji.ca/v-cars-trucks/edmonton/2024-ford-f-150/1740883006,Kijiji
DISABLED_MANUAL_REVIEW_REQUIRED,location_verification_required,success,warnings_present,unverified_kijiji_location;suspiciously_low_mileage,success,2026-07-21T22:30:59+00:00,unverified_search_origin_not_listing_location,disabled_due_to_unverified_location,"Carstairs, AB",,2025,Ford,F-150,xl,1,54998,No change noted,"Up $1,392 over 5 weeks",5,53606,54998,0,1392,100,Unknown,Gas,Unknown,N/A,Unknown,Private,,,,disabled_unverified_location,1727443521,revelstoke,unverified_url_evidence,https://www.kijiji.ca/v-cars-trucks/revelstoke/2025-ford-f-150/1727443521,Kijiji
DISABLED_MANUAL_REVIEW_REQUIRED,location_verification_required,success,warnings_present,unverified_kijiji_location;suspiciously_low_mileage,success,2026-07-21T22:30:59+00:00,unverified_search_origin_not_listing_location,disabled_due_to_unverified_location,"Carstairs, AB",,2025,Ford,F-150,stx,1,53999,No change noted,Down $471 over 4 weeks,4,54470,54470,-471,-471,14,Unknown,Gas,Unknown,N/A,Unknown,Private,,,,disabled_unverified_location,1730125217,windsor-area-on,unverified_url_evidence,https://www.kijiji.ca/v-cars-trucks/windsor-area-on/2025-ford-f-150-stx/1730125217,Kijiji
DISABLED_MANUAL_REVIEW_REQUIRED,location_verification_required,success,warnings_present,unverified_kijiji_location,success,2026-07-21T22:30:59+00:00,unverified_search_origin_not_listing_location,disabled_due_to_unverified_location,"Brooks, AB",,2025,Ford,F-150,xlt,2,51999,No change noted,"Down $1,200 over 7 weeks",7,53199,51999,0,-1200,23494,3.5L,Gas,Unknown,N/A,Unknown,Private,,,,disabled_unverified_location,1731472540,dartmouth,unverified_url_evidence,https://www.kijiji.ca/v-cars-trucks/dartmouth/2025-ford-f-150-xlt-3-5l-ecoboost-power-strong-towing/1731472540,Kijiji
DISABLED_MANUAL_REVIEW_REQUIRED,location_verification_required,success,warnings_present,unverified_kijiji_location,success,2026-07-21T22:30:59+00:00,unverified_search_origin_not_listing_location,disabled_due_to_unverified_location,"Regina, SK",,2025,Ford,F-150,xlt,2,53888,No change noted,"Down $5,000 over 9 weeks",9,58888,53888,0,-5000,41100,Unknown,Gas,Unknown,N/A,Unknown,Private,,,,disabled_unverified_location,1732786765,winnipeg,unverified_url_evidence,https://www.kijiji.ca/v-cars-trucks/winnipeg/2025-ford-f-150-xlt-4wd-crew-302a-6-5-ft-3-5tt-certified-5-09/1732786765,Kijiji
DISABLED_MANUAL_REVIEW_REQUIRED,location_verification_required,success,warnings_present,unverified_kijiji_location,success,2026-07-21T22:30:59+00:00,unverified_search_origin_not_listing_location,disabled_due_to_unverified_location,"Regina, SK",,2025,Ford,F-150,fx4,3,56750,No change noted,"Down $1,225 over 10 weeks",10,57975,56750,0,-1225,44464,Unknown,Gas,Accident reported,N/A,Unknown,Private,,,,disabled_unverified_location,1734259942,winnipeg,unverified_url_evidence,https://www.kijiji.ca/v-cars-trucks/winnipeg/2025-ford-f-150-xlt-302a-heated-seats-360-camera-fx4/1734259942,Kijiji
DISABLED_MANUAL_REVIEW_REQUIRED,location_verification_required,success,warnings_present,unverified_kijiji_location,success,2026-07-21T22:30:59+00:00,unverified_search_origin_not_listing_location,disabled_due_to_unverified_location,"Regina, SK",,2025,Ford,F-150,fx4,3,57000,No change noted,"Down $1,250 over 10 weeks",10,58250,57000,0,-1250,47262,Unknown,Gas,Accident reported,N/A,Unknown,Private,,,,disabled_unverified_location,1734505874,winnipeg,unverified_url_evidence,https://www.kijiji.ca/v-cars-trucks/winnipeg/2025-ford-f-150-xlt-302a-heated-seats-360-camera-fx4/1734505874,Kijiji
DISABLED_MANUAL_REVIEW_REQUIRED,location_verification_required,success,warnings_present,unverified_kijiji_location,success,2026-07-21T22:30:59+00:00,unverified_search_origin_not_listing_location,disabled_due_to_unverified_location,"Regina, SK",,2025,Ford,F-150,fx4,3,53559,No change noted,"Down $2,939 over 11 weeks",11,56498,53559,0,-2939,46566,Unknown,Gas,Unknown,N/A,Unknown,Private,,,,disabled_unverified_location,1734694752,winnipeg,unverified_url_evidence,https://www.kijiji.ca/v-cars-trucks/winnipeg/2025-ford-f-150-xlt-302a-heated-seats-360-camera-fx4/1734694752,Kijiji
DISABLED_MANUAL_REVIEW_REQUIRED,location_verification_required,success,warnings_present,unverified_kijiji_location,success,2026-07-21T22:30:59+00:00,unverified_search_origin_not_listing_location,disabled_due_to_unverified_location,"Carstairs, AB",,2025,Ford,F-150,xlt,2,52388,No change noted,"Down $4,512 over 9 weeks",9,56900,52846,-458,-4512,32015,Unknown,Gas,Unknown,N/A,Unknown,Private,,,,disabled_unverified_location,1737659836,guelph,unverified_url_evidence,https://www.kijiji.ca/v-cars-trucks/guelph/2025-ford-f-150-xlts/1737659836,Kijiji
DISABLED_MANUAL_REVIEW_REQUIRED,location_verification_required,success,warnings_present,unverified_kijiji_location,success,2026-07-21T22:30:59+00:00,unverified_search_origin_not_listing_location,disabled_due_to_unverified_location,"Carstairs, AB",,2025,Ford,F-150,xlt,2,57066,No change noted,"Down $1,647 over 8 weeks",8,58713,57924,-858,-1647,26938,Unknown,Gas,Unknown,N/A,Unknown,Dealer,,,,disabled_unverified_location,1737927225,grande-prairie,unverified_url_evidence,https://www.kijiji.ca/v-cars-trucks/grande-prairie/2025-ford-f-150/1737927225,Kijiji
DISABLED_MANUAL_REVIEW_REQUIRED,location_verification_required,success,warnings_present,unverified_kijiji_location,success,2026-07-21T22:30:59+00:00,unverified_search_origin_not_listing_location,disabled_due_to_unverified_location,"Edmonton, AB",,2025,Ford,F-150,xlt,2,55995,No change noted,"Down $3,000 over 7 weeks",7,58995,58995,-3000,-3000,36858,Unknown,Gas,Unknown,N/A,Unknown,Dealer,,,,disabled_unverified_location,1738088984,edmonton,unverified_url_evidence,https://www.kijiji.ca/v-cars-trucks/edmonton/ford-f-150-xlt-2025/1738088984,Kijiji
DISABLED_MANUAL_REVIEW_REQUIRED,location_verification_required,success,warnings_present,unverified_kijiji_location,success,2026-07-21T22:30:59+00:00,unverified_search_origin_not_listing_location,disabled_due_to_unverified_location,"Camrose, AB",,2025,Ford,F-150,xlt,2,57990,No change noted,Unchanged for 4 weeks,4,57990,57990,0,0,40995,3.5L,Gas,Unknown,N/A,Unknown,Dealer,,,,disabled_unverified_location,1738196394,st-albert,unverified_url_evidence,https://www.kijiji.ca/v-cars-trucks/st-albert/2025-ford-f-150-xlt-4wd-supercrew-6-5-box-3-5l-v6-gas-fx4-off/1738196394,Kijiji
DISABLED_MANUAL_REVIEW_REQUIRED,location_verification_required,success,warnings_present,unverified_kijiji_location,success,2026-07-21T22:30:59+00:00,unverified_search_origin_not_listing_location,disabled_due_to_unverified_location,"Edmonton, AB",,2025,Ford,F-150,xlt,2,54787,No change noted,"Down $3,091 over 7 weeks",7,57878,56676,-1889,-3091,55067,Unknown,Gas,Unknown,N/A,Unknown,Dealer,,,,disabled_unverified_location,1738204062,edmonton,unverified_url_evidence,https://www.kijiji.ca/v-cars-trucks/edmonton/2025-ford-f-150-xlt-301a-pckg-2-inch-levelling-kit-new-black/1738204062,Kijiji
DISABLED_MANUAL_REVIEW_REQUIRED,location_verification_required,success,warnings_present,unverified_kijiji_location,success,2026-07-21T22:30:59+00:00,unverified_search_origin_not_listing_location,disabled_due_to_unverified_location,"Edmonton, AB",,2025,Ford,F-150,xlt,2,57900,No change noted,"Down $1,600 over 8 weeks",8,59500,57900,0,-1600,17044,Unknown,Gas,Unknown,N/A,Unknown,Dealer,,,,disabled_unverified_location,1738251967,edmonton,unverified_url_evidence,https://www.kijiji.ca/v-cars-trucks/edmonton/2025-ford-f-150-xlt-301a-4x4-supercrew-145/1738251967,Kijiji
DISABLED_MANUAL_REVIEW_REQUIRED,location_verification_required,success,warnings_present,unverified_kijiji_location,success,2026-07-21T22:30:59+00:00,unverified_search_origin_not_listing_location,disabled_due_to_unverified_location,"Medicine Hat, AB",,2025,Ford,F-150,xlt,2,56608,No change noted,Unchanged for 8 weeks,8,56608,56608,0,0,43624,Unknown,Gas,Unknown,N/A,Unknown,Dealer,,,,disabled_unverified_location,1738349552,lethbridge,unverified_url_evidence,https://www.kijiji.ca/v-cars-trucks/lethbridge/2025-ford-f-150/1738349552,Kijiji
DISABLED_MANUAL_REVIEW_REQUIRED,location_verification_required,success,warnings_present,unverified_kijiji_location,success,2026-07-21T22:30:59+00:00,unverified_search_origin_not_listing_location,disabled_due_to_unverified_location,"Saskatoon, SK",,2025,Ford,F-150,xlt,2,55922,No change noted,"Down $1,452 over 9 weeks",9,57374,55922,0,-1452,50828,3.5L,Gas,Unknown,N/A,Unknown,Private,,,,disabled_unverified_location,1738406669,saskatoon,unverified_url_evidence,https://www.kijiji.ca/v-cars-trucks/saskatoon/2025-ford-f-150-xlt-4x4-3-5l-lane-keep-assist-back-up/1738406669,Kijiji
DISABLED_MANUAL_REVIEW_REQUIRED,location_verification_required,success,warnings_present,unverified_kijiji_location,success,2026-07-21T22:30:59+00:00,unverified_search_origin_not_listing_location,disabled_due_to_unverified_location,"Calgary, AB",,2025,Ford,F-150,fx4,3,58990,No change noted,Unchanged for 1 weeks,1,58990,58990,0,0,30001,Unknown,Gas,Unknown,N/A,Unknown,Dealer,,,,disabled_unverified_location,1738454628,calgary,unverified_url_evidence,https://www.kijiji.ca/v-cars-trucks/calgary/2025-ford-f-150-xlt-fx4-off-road-3-5-eco-short-box/1738454628,Kijiji
DISABLED_MANUAL_REVIEW_REQUIRED,location_verification_required,success,warnings_present,unverified_kijiji_location,success,2026-07-21T22:30:59+00:00,unverified_search_origin_not_listing_location,disabled_due_to_unverified_location,"Edmonton, AB",,2025,Ford,F-150,lariat,3,59400,No change noted,Unchanged for 3 weeks,3,59400,59400,0,0,97000,Unknown,Gas,Unknown,N/A,Unknown,Dealer,,,,disabled_unverified_location,1738456148,edmonton,unverified_url_evidence,https://www.kijiji.ca/v-cars-trucks/edmonton/2025-ford-f-150-lariat/1738456148,Kijiji
DISABLED_MANUAL_REVIEW_REQUIRED,location_verification_required,success,warnings_present,unverified_kijiji_location,success,2026-07-21T22:30:59+00:00,unverified_search_origin_not_listing_location,disabled_due_to_unverified_location,"Regina, SK",,2025,Ford,F-150,xlt,2,57496,No change noted,"Down $1,298 over 8 weeks",8,58794,57776,-280,-1298,40172,Unknown,Gas,Unknown,N/A,Unknown,Private,,,,disabled_unverified_location,1738507284,winnipeg,unverified_url_evidence,https://www.kijiji.ca/v-cars-trucks/winnipeg/2025-ford-f-150-xlt-4wd-supercrew-5-5-box-302a/1738507284,Kijiji
DISABLED_MANUAL_REVIEW_REQUIRED,location_verification_required,success,warnings_present,unverified_kijiji_location,success,2026-07-21T22:30:59+00:00,unverified_search_origin_not_listing_location,disabled_due_to_unverified_location,"Saskatoon, SK",,2025,Ford,F-150,xlt,2,58954,No change noted,Down $20 over 8 weeks,8,58974,58954,0,-20,38837,Unknown,Gas,Unknown,N/A,Unknown,Private,,,,disabled_unverified_location,1738610558,saskatoon,unverified_url_evidence,https://www.kijiji.ca/v-cars-trucks/saskatoon/2025-ford-f-150-xlt-4x4-lane-keep-system-hitch-eco/1738610558,Kijiji
DISABLED_MANUAL_REVIEW_REQUIRED,location_verification_required,success,warnings_present,unverified_kijiji_location,success,2026-07-21T22:30:59+00:00,unverified_search_origin_not_listing_location,disabled_due_to_unverified_location,"Calgary, AB",,2025,Ford,F-150,xlt,2,54995,No change noted,Up $95 over 7 weeks,7,54900,52995,2000,95,50247,3.5L,Gas,Unknown,N/A,Unknown,Dealer,,,,disabled_unverified_location,1738708133,calgary,unverified_url_evidence,https://www.kijiji.ca/v-cars-trucks/calgary/2025-ford-f-150-xlt-301a-3-5l-ecoboost-bedliner/1738708133,Kijiji
DISABLED_MANUAL_REVIEW_REQUIRED,location_verification_required,success,warnings_present,unverified_kijiji_location,success,2026-07-21T22:30:59+00:00,unverified_search_origin_not_listing_location,disabled_due_to_unverified_location,"Calgary, AB",,2025,Ford,F-150,xlt,2,54995,No change noted,Up $95 over 7 weeks,7,54900,52995,2000,95,26145,3.5L,Gas,Unknown,N/A,Unknown,Dealer,,,,disabled_unverified_location,1738708135,calgary,unverified_url_evidence,https://www.kijiji.ca/v-cars-trucks/calgary/2025-ford-f-150-xlt-301a-3-5l-ecoboost-bedliner/1738708135,Kijiji
DISABLED_MANUAL_REVIEW_REQUIRED,location_verification_required,success,warnings_present,unverified_kijiji_location,success,2026-07-21T22:30:59+00:00,unverified_search_origin_not_listing_location,disabled_due_to_unverified_location,"Saskatoon, SK",,2025,Ford,F-150,xlt,2,57995,No change noted,Unchanged for 8 weeks,8,57995,57995,0,0,41047,Unknown,Gas,Unknown,N/A,Unknown,Private,,,,disabled_unverified_location,1738761644,saskatoon,unverified_url_evidence,https://www.kijiji.ca/v-cars-trucks/saskatoon/2025-ford-f-150-xlt-3-5-3-bed-storage-drawers-headache-rac/1738761644,Kijiji
DISABLED_MANUAL_REVIEW_REQUIRED,location_verification_required,success,warnings_present,unverified_kijiji_location,success,2026-07-21T22:30:59+00:00,unverified_search_origin_not_listing_location,disabled_due_to_unverified_location,"Calgary, AB",,2025,Ford,F-150,fx4,3,56990,No change noted,"Down $3,000 over 6 weeks",6,59990,56990,0,-3000,40001,Unknown,Gas,Unknown,N/A,Unknown,Dealer,,,,disabled_unverified_location,1738963028,calgary,unverified_url_evidence,https://www.kijiji.ca/v-cars-trucks/calgary/2025-ford-f-150-xlt-302a-fx4-off-road-3-5-ecoboost/1738963028,Kijiji
DISABLED_MANUAL_REVIEW_REQUIRED,location_verification_required,success,warnings_present,unverified_kijiji_location,success,2026-07-21T22:30:59+00:00,unverified_search_origin_not_listing_location,disabled_due_to_unverified_location,"Calgary, AB",,2025,Ford,F-150,xlt,2,53981,No change noted,"Down $1,000 over 4 weeks",4,54981,53981,0,-1000,24842,3.5L,Gas,Unknown,N/A,Unknown,Dealer,,,,disabled_unverified_location,1738968066,calgary,unverified_url_evidence,https://www.kijiji.ca/v-cars-trucks/calgary/2025-ford-f-150-xlt-3-5l-v6-301a/1738968066,Kijiji
DISABLED_MANUAL_REVIEW_REQUIRED,location_verification_required,success,warnings_present,unverified_kijiji_location,success,2026-07-21T22:30:59+00:00,unverified_search_origin_not_listing_location,disabled_due_to_unverified_location,"Carstairs, AB",,2025,Ford,F-150,xlt,2,56998,No change noted,Unchanged for 6 weeks,6,56998,56998,0,0,35385,Unknown,Gas,Unknown,N/A,Unknown,Private,,,,disabled_unverified_location,1738970375,ottawa,unverified_url_evidence,https://www.kijiji.ca/v-cars-trucks/ottawa/2025-ford-f-150/1738970375,Kijiji
DISABLED_MANUAL_REVIEW_REQUIRED,location_verification_required,success,warnings_present,unverified_kijiji_location,success,2026-07-21T22:30:59+00:00,unverified_search_origin_not_listing_location,disabled_due_to_unverified_location,"Edmonton, AB",,2025,Ford,F-150,xlt,2,56250,No change noted,Down $741 over 6 weeks,6,56991,56250,0,-741,30966,Unknown,Gas,Unknown,N/A,Unknown,Dealer,,,,disabled_unverified_location,1738989866,edmonton,unverified_url_evidence,https://www.kijiji.ca/v-cars-trucks/edmonton/2025-ford-f-150-xlt-4x4-supercrew-5-5-box/1738989866,Kijiji
DISABLED_MANUAL_REVIEW_REQUIRED,location_verification_required,success,warnings_present,unverified_kijiji_location,success,2026-07-21T22:30:59+00:00,unverified_search_origin_not_listing_location,disabled_due_to_unverified_location,"Edmonton, AB",,2025,Ford,F-150,xlt,2,55995,No change noted,Unchanged for 6 weeks,6,55995,55995,0,0,38371,Unknown,Gas,Unknown,N/A,Unknown,Dealer,,,,disabled_unverified_location,1738989960,edmonton,unverified_url_evidence,https://www.kijiji.ca/v-cars-trucks/edmonton/2025-ford-f-150-xlt-4x4-supercrew-5-5-box/1738989960,Kijiji
DISABLED_MANUAL_REVIEW_REQUIRED,location_verification_required,success,warnings_present,unverified_kijiji_location,success,2026-07-21T22:30:59+00:00,unverified_search_origin_not_listing_location,disabled_due_to_unverified_location,"Moose Jaw, SK",,2025,Ford,F-150,xlt,2,56998,No change noted,Unchanged for 6 weeks,6,56998,56998,0,0,25821,Unknown,Gas,Unknown,N/A,Unknown,Private,,,,disabled_unverified_location,1739014073,ottawa,unverified_url_evidence,https://www.kijiji.ca/v-cars-trucks/ottawa/2025-ford-f-150/1739014073,Kijiji
DISABLED_MANUAL_REVIEW_REQUIRED,location_verification_required,success,warnings_present,unverified_kijiji_location,success,2026-07-21T22:30:59+00:00,unverified_search_origin_not_listing_location,disabled_due_to_unverified_location,"Olds, AB",,2025,Ford,F-150,xlt,2,58499,No change noted,"Down $1,500 over 6 weeks",6,59999,59999,-1500,-1500,11523,Unknown,Gas,Unknown,N/A,Unknown,Dealer,,,,disabled_unverified_location,1739019942,medicine-hat,unverified_url_evidence,https://www.kijiji.ca/v-cars-trucks/medicine-hat/2025-ford-f-150-xlt-302a/1739019942,Kijiji
DISABLED_MANUAL_REVIEW_REQUIRED,location_verification_required,success,warnings_present,unverified_kijiji_location,success,2026-07-21T22:30:59+00:00,unverified_search_origin_not_listing_location,disabled_due_to_unverified_location,"Moose Jaw, SK",,2025,Ford,F-150,xlt,2,54995,No change noted,Unchanged for 6 weeks,6,54995,54995,0,0,16418,Unknown,Gas,Unknown,N/A,Unknown,Private,,,,disabled_unverified_location,1739110021,ottawa,unverified_url_evidence,https://www.kijiji.ca/v-cars-trucks/ottawa/2025-ford-f-150/1739110021,Kijiji
DISABLED_MANUAL_REVIEW_REQUIRED,location_verification_required,success,warnings_present,unverified_kijiji_location,success,2026-07-21T22:30:59+00:00,unverified_search_origin_not_listing_location,disabled_due_to_unverified_location,"Saskatoon, SK",,2025,Ford,F-150,stx,1,58300,No change noted,"Down $1,384 over 7 weeks",7,59684,58300,0,-1384,8409,Unknown,Gas,Unknown,N/A,Unknown,Private,,,,disabled_unverified_location,1739117853,saskatoon,unverified_url_evidence,https://www.kijiji.ca/v-cars-trucks/saskatoon/2025-ford-f-150-stx-5-0-v8-big-display-cloth-centre/1739117853,Kijiji
DISABLED_MANUAL_REVIEW_REQUIRED,location_verification_required,success,warnings_present,unverified_kijiji_location,success,2026-07-21T22:30:59+00:00,unverified_search_origin_not_listing_location,disabled_due_to_unverified_location,"Calgary, AB",,2025,Ford,F-150,xlt,2,51990,No change noted,Unchanged for 5 weeks,5,51990,51990,0,0,43604,Unknown,Gas,Unknown,N/A,Unknown,Dealer,,,,disabled_unverified_location,1739260538,calgary,unverified_url_evidence,https://www.kijiji.ca/v-cars-trucks/calgary/2025-ford-f-150-xlt-4wd-supercrew-5-5-box/1739260538,Kijiji
DISABLED_MANUAL_REVIEW_REQUIRED,location_verification_required,success,warnings_present,unverified_kijiji_location,success,2026-07-21T22:30:59+00:00,unverified_search_origin_not_listing_location,disabled_due_to_unverified_location,"Calgary, AB",,2025,Ford,F-150,xlt,2,54888,No change noted,"Down $1,111 over 5 weeks",5,55999,55999,-1111,-1111,49122,Unknown,Gas,Unknown,N/A,Unknown,Dealer,,,,disabled_unverified_location,1739261770,calgary,unverified_url_evidence,https://www.kijiji.ca/v-cars-trucks/calgary/2025-ford-f-150-xlt-3-5-ecoboost-trailer-tow-pkg/1739261770,Kijiji
DISABLED_MANUAL_REVIEW_REQUIRED,location_verification_required,success,warnings_present,unverified_kijiji_location,success,2026-07-21T22:30:59+00:00,unverified_search_origin_not_listing_location,disabled_due_to_unverified_location,"Calgary, AB",,2025,Ford,F-150,fx4,3,57990,No change noted,"Down $1,000 over 5 weeks",5,58990,57990,0,-1000,39561,Unknown,Gas,Unknown,N/A,Unknown,Dealer,,,,disabled_unverified_location,1739306999,calgary,unverified_url_evidence,https://www.kijiji.ca/v-cars-trucks/calgary/2025-ford-f-150-xlt-302a-fx4-offroad-package/1739306999,Kijiji
DISABLED_MANUAL_REVIEW_REQUIRED,location_verification_required,success,warnings_present,unverified_kijiji_location,success,2026-07-21T22:30:59+00:00,unverified_search_origin_not_listing_location,disabled_due_to_unverified_location,"Calgary, AB",,2025,Ford,F-150,xlt,2,54490,No change noted,Unchanged for 4 weeks,4,54490,54490,0,0,52520,Unknown,Gas,Unknown,N/A,Unknown,Dealer,,,,disabled_unverified_location,1739404090,calgary,unverified_url_evidence,https://www.kijiji.ca/v-cars-trucks/calgary/2025-ford-f-150/1739404090,Kijiji
DISABLED_MANUAL_REVIEW_REQUIRED,location_verification_required,success,warnings_present,unverified_kijiji_location,success,2026-07-21T22:30:59+00:00,unverified_search_origin_not_listing_location,disabled_due_to_unverified_location,"Carstairs, AB",,2025,Ford,F-150,xlt,2,55840,No change noted,"Down $1,136 over 5 weeks",5,56976,55840,0,-1136,37082,Unknown,Gas,Unknown,N/A,Unknown,Dealer,,,,disabled_unverified_location,1739405979,grande-prairie,unverified_url_evidence,https://www.kijiji.ca/v-cars-trucks/grande-prairie/2025-ford-f-150/1739405979,Kijiji
DISABLED_MANUAL_REVIEW_REQUIRED,location_verification_required,success,warnings_present,unverified_kijiji_location,success,2026-07-21T22:30:59+00:00,unverified_search_origin_not_listing_location,disabled_due_to_unverified_location,"Edmonton, AB",,2025,Ford,F-150,xlt,2,49250,No change noted,"Down $1,248 over 4 weeks",4,50498,49339,-89,-1248,65280,Unknown,Gas,Unknown,N/A,Unknown,Dealer,,,,disabled_unverified_location,1739407572,edmonton,unverified_url_evidence,https://www.kijiji.ca/v-cars-trucks/edmonton/2025-ford-f-150-xlt-one-owner-12-inch-touchscreen/1739407572,Kijiji
DISABLED_MANUAL_REVIEW_REQUIRED,location_verification_required,success,warnings_present,unverified_kijiji_location,success,2026-07-21T22:30:59+00:00,unverified_search_origin_not_listing_location,disabled_due_to_unverified_location,"Calgary, AB",,2025,Ford,F-150,xlt,2,57490,No change noted,Unchanged for 3 weeks,3,57490,57490,0,0,22945,Unknown,Gas,Unknown,N/A,Unknown,Dealer,,,,disabled_unverified_location,1739453244,calgary,unverified_url_evidence,https://www.kijiji.ca/v-cars-trucks/calgary/2025-ford-f-150/1739453244,Kijiji
DISABLED_MANUAL_REVIEW_REQUIRED,location_verification_required,success,warnings_present,unverified_kijiji_location,success,2026-07-21T22:30:59+00:00,unverified_search_origin_not_listing_location,disabled_due_to_unverified_location,"Calgary, AB",,2025,Ford,F-150,xlt,2,52990,No change noted,Unchanged for 2 weeks,2,52990,52990,0,0,48980,Unknown,Gas,Unknown,N/A,Unknown,Dealer,,,,disabled_unverified_location,1739453245,calgary,unverified_url_evidence,https://www.kijiji.ca/v-cars-trucks/calgary/2025-ford-f-150/1739453245,Kijiji
DISABLED_MANUAL_REVIEW_REQUIRED,location_verification_required,success,warnings_present,unverified_kijiji_location,success,2026-07-21T22:30:59+00:00,unverified_search_origin_not_listing_location,disabled_due_to_unverified_location,"Calgary, AB",,2025,Ford,F-150,xlt,2,55490,No change noted,Unchanged for 4 weeks,4,55490,55490,0,0,43485,Unknown,Gas,Unknown,N/A,Unknown,Dealer,,,,disabled_unverified_location,1739453247,calgary,unverified_url_evidence,https://www.kijiji.ca/v-cars-trucks/calgary/2025-ford-f-150/1739453247,Kijiji
DISABLED_MANUAL_REVIEW_REQUIRED,location_verification_required,success,warnings_present,unverified_kijiji_location,success,2026-07-21T22:30:59+00:00,unverified_search_origin_not_listing_location,disabled_due_to_unverified_location,"Calgary, AB",,2025,Ford,F-150,xlt,2,53490,No change noted,Unchanged for 3 weeks,3,53490,53490,0,0,46173,Unknown,Gas,Unknown,N/A,Unknown,Dealer,,,,disabled_unverified_location,1739453250,calgary,unverified_url_evidence,https://www.kijiji.ca/v-cars-trucks/calgary/2025-ford-f-150/1739453250,Kijiji
DISABLED_MANUAL_REVIEW_REQUIRED,location_verification_required,success,warnings_present,unverified_kijiji_location,success,2026-07-21T22:30:59+00:00,unverified_search_origin_not_listing_location,disabled_due_to_unverified_location,"Calgary, AB",,2025,Ford,F-150,xlt,2,55990,No change noted,Unchanged for 4 weeks,4,55990,55990,0,0,38557,Unknown,Gas,Unknown,N/A,Unknown,Dealer,,,,disabled_unverified_location,1739453251,calgary,unverified_url_evidence,https://www.kijiji.ca/v-cars-trucks/calgary/2025-ford-f-150/1739453251,Kijiji
DISABLED_MANUAL_REVIEW_REQUIRED,location_verification_required,success,warnings_present,unverified_kijiji_location,success,2026-07-21T22:30:59+00:00,unverified_search_origin_not_listing_location,disabled_due_to_unverified_location,"Calgary, AB",,2025,Ford,F-150,xlt,2,53490,No change noted,Unchanged for 4 weeks,4,53490,53490,0,0,43669,Unknown,Gas,Unknown,N/A,Unknown,Dealer,,,,disabled_unverified_location,1739453256,calgary,unverified_url_evidence,https://www.kijiji.ca/v-cars-trucks/calgary/2025-ford-f-150/1739453256,Kijiji
DISABLED_MANUAL_REVIEW_REQUIRED,location_verification_required,success,warnings_present,unverified_kijiji_location,success,2026-07-21T22:30:59+00:00,unverified_search_origin_not_listing_location,disabled_due_to_unverified_location,"Camrose, AB",,2025,Ford,F-150,xlt,2,58990,No change noted,Unchanged for 1 weeks,1,58990,58990,0,0,17791,3.5L,Gas,Unknown,N/A,Unknown,Dealer,,,,disabled_unverified_location,1739591981,st-albert,unverified_url_evidence,https://www.kijiji.ca/v-cars-trucks/st-albert/2025-ford-f-150-xlt-4wd-supercrew-6-5-box-3-5l-v6-gas-fx4-off/1739591981,Kijiji
DISABLED_MANUAL_REVIEW_REQUIRED,location_verification_required,success,warnings_present,unverified_kijiji_location,success,2026-07-21T22:30:59+00:00,unverified_search_origin_not_listing_location,disabled_due_to_unverified_location,"Regina, SK",,2025,Ford,F-150,xlt,2,52581,No change noted,Down $924 over 3 weeks,3,53505,52581,0,-924,57924,Unknown,Gas,No accidents reported,N/A,Unknown,Private,,,,disabled_unverified_location,1739633483,winnipeg,unverified_url_evidence,https://www.kijiji.ca/v-cars-trucks/winnipeg/2025-ford-f-150-xlt-clean-carfax-4x4-htd-sts-steering-carpla/1739633483,Kijiji
DISABLED_MANUAL_REVIEW_REQUIRED,location_verification_required,success,warnings_present,unverified_kijiji_location;suspiciously_low_mileage,success,2026-07-21T22:30:59+00:00,unverified_search_origin_not_listing_location,disabled_due_to_unverified_location,"Calgary, AB",,2025,Ford,F-150,xlt,2,56990,No change noted,Unchanged for 3 weeks,3,56990,56990,0,0,100,3.5L,Gas,Unknown,N/A,Unknown,Dealer,,,,disabled_unverified_location,1739636685,calgary,unverified_url_evidence,https://www.kijiji.ca/v-cars-trucks/calgary/2025-ford-f-150-xlt-301a-3-5l-ecoboost/1739636685,Kijiji
DISABLED_MANUAL_REVIEW_REQUIRED,location_verification_required,success,warnings_present,unverified_kijiji_location,success,2026-07-21T22:30:59+00:00,unverified_search_origin_not_listing_location,disabled_due_to_unverified_location,"Calgary, AB",,2025,Ford,F-150,fx4,3,59990,No change noted,Unchanged for 3 weeks,3,59990,59990,0,0,34501,3.5L,Gas,Unknown,N/A,Unknown,Dealer,,,,disabled_unverified_location,1739686046,calgary,unverified_url_evidence,https://www.kijiji.ca/v-cars-trucks/calgary/2025-ford-f-150-xlt-302a-fx4-offroad-shortbox-3-5l/1739686046,Kijiji
DISABLED_MANUAL_REVIEW_REQUIRED,location_verification_required,success,warnings_present,unverified_kijiji_location,success,2026-07-21T22:30:59+00:00,unverified_search_origin_not_listing_location,disabled_due_to_unverified_location,"Moose Jaw, SK",,2025,Ford,F-150,xlt,2,52995,No change noted,Unchanged for 3 weeks,3,52995,52995,0,0,19176,Unknown,Gas,Unknown,N/A,Unknown,Private,,,,disabled_unverified_location,1739733082,ottawa,unverified_url_evidence,https://www.kijiji.ca/v-cars-trucks/ottawa/2025-ford-f-150/1739733082,Kijiji
DISABLED_MANUAL_REVIEW_REQUIRED,location_verification_required,success,warnings_present,unverified_kijiji_location,success,2026-07-21T22:30:59+00:00,unverified_search_origin_not_listing_location,disabled_due_to_unverified_location,"Edmonton, AB",,2025,Ford,F-150,xlt,2,54990,No change noted,Unchanged for 2 weeks,2,54990,54990,0,0,7176,5.0L,Gas,Unknown,N/A,Unknown,Dealer,,,,disabled_unverified_location,1739737129,edmonton,unverified_url_evidence,https://www.kijiji.ca/v-cars-trucks/edmonton/xlt-301a-supercab-5-0l-v8/1739737129,Kijiji
DISABLED_MANUAL_REVIEW_REQUIRED,location_verification_required,success,warnings_present,unverified_kijiji_location,success,2026-07-21T22:30:59+00:00,unverified_search_origin_not_listing_location,disabled_due_to_unverified_location,"Calgary, AB",,2025,Ford,F-150,xlt,2,57995,No change noted,Unchanged for 2 weeks,2,57995,57995,0,0,47185,Unknown,Gas,Unknown,N/A,Unknown,Dealer,,,,disabled_unverified_location,1739921195,calgary,unverified_url_evidence,https://www.kijiji.ca/v-cars-trucks/calgary/2025-ford-f-150-xlt-301a-6-5-ft-box-tow-haul-mobile-office/1739921195,Kijiji
DISABLED_MANUAL_REVIEW_REQUIRED,location_verification_required,success,warnings_present,unverified_kijiji_location,success,2026-07-21T22:30:59+00:00,unverified_search_origin_not_listing_location,disabled_due_to_unverified_location,"Regina, SK",,2025,Ford,F-150,xlt,2,49998,No change noted,Unchanged for 1 weeks,1,49998,49998,0,0,97568,Unknown,Gas,Unknown,N/A,Unknown,Private,,,,disabled_unverified_location,1739923580,winnipeg,unverified_url_evidence,https://www.kijiji.ca/v-cars-trucks/winnipeg/2025-ford-f-150-xlt-4wd-supercrew-5-5-box/1739923580,Kijiji
DISABLED_MANUAL_REVIEW_REQUIRED,location_verification_required,success,warnings_present,unverified_kijiji_location,success,2026-07-21T22:30:59+00:00,unverified_search_origin_not_listing_location,disabled_due_to_unverified_location,"Calgary, AB",,2025,Ford,F-150,xlt,2,58675,No change noted,Down $324 over 2 weeks,2,58999,58999,-324,-324,18997,Unknown,Gas,No accidents reported,N/A,Unknown,Dealer,,,,disabled_unverified_location,1739967387,calgary,unverified_url_evidence,https://www.kijiji.ca/v-cars-trucks/calgary/2025-ford-f-150-xlt-4wd-no-accidents-tonneau-cover-side/1739967387,Kijiji
DISABLED_MANUAL_REVIEW_REQUIRED,location_verification_required,success,warnings_present,unverified_kijiji_location,success,2026-07-21T22:30:59+00:00,unverified_search_origin_not_listing_location,disabled_due_to_unverified_location,"Calgary, AB",,2025,Ford,F-150,xlt,2,56888,No change noted,Unchanged for 2 weeks,2,56888,56888,0,0,47002,Unknown,Gas,Unknown,N/A,Unknown,Dealer,,,,disabled_unverified_location,1740012563,calgary,unverified_url_evidence,https://www.kijiji.ca/v-cars-trucks/calgary/2025-ford-f-150-xlt-4wd/1740012563,Kijiji
DISABLED_MANUAL_REVIEW_REQUIRED,location_verification_required,success,warnings_present,unverified_kijiji_location,success,2026-07-21T22:30:59+00:00,unverified_search_origin_not_listing_location,disabled_due_to_unverified_location,"Calgary, AB",,2025,Ford,F-150,fx4,3,56990,No change noted,Unchanged for 2 weeks,2,56990,56990,0,0,34002,3.5L,Gas,Unknown,N/A,Unknown,Dealer,,,,disabled_unverified_location,1740012564,calgary,unverified_url_evidence,https://www.kijiji.ca/v-cars-trucks/calgary/2025-ford-f-150-xlt-302a-fx4-package-3-5l-ecoboost/1740012564,Kijiji
DISABLED_MANUAL_REVIEW_REQUIRED,location_verification_required,success,warnings_present,unverified_kijiji_location,success,2026-07-21T22:30:59+00:00,unverified_search_origin_not_listing_location,disabled_due_to_unverified_location,"Calgary, AB",,2025,Ford,F-150,fx4,3,59995,No change noted,First seen this week,0,59995,59995,0,0,9018,Unknown,Gas,Unknown,N/A,Unknown,Dealer,,,,disabled_unverified_location,1740151985,calgary,unverified_url_evidence,https://www.kijiji.ca/v-cars-trucks/calgary/2025-ford-f-150-xlt-black-appearance-fx4-off-road/1740151985,Kijiji
DISABLED_MANUAL_REVIEW_REQUIRED,location_verification_required,success,warnings_present,unverified_kijiji_location,success,2026-07-21T22:30:59+00:00,unverified_search_origin_not_listing_location,disabled_due_to_unverified_location,"Calgary, AB",,2025,Ford,F-150,stx,1,54990,No change noted,Unchanged for 2 weeks,2,54990,54990,0,0,25917,Unknown,Gas,Unknown,N/A,Unknown,Dealer,,,,disabled_unverified_location,1740195295,calgary,unverified_url_evidence,https://www.kijiji.ca/v-cars-trucks/calgary/2025-ford-f-150/1740195295,Kijiji
DISABLED_MANUAL_REVIEW_REQUIRED,location_verification_required,success,warnings_present,unverified_kijiji_location,success,2026-07-21T22:30:59+00:00,unverified_search_origin_not_listing_location,disabled_due_to_unverified_location,"Camrose, AB",,2025,Ford,F-150,xlt,2,55990,No change noted,First seen this week,0,55990,55990,0,0,41555,3.5L,Gas,Unknown,N/A,Unknown,Dealer,,,,disabled_unverified_location,1740284251,st-albert,unverified_url_evidence,https://www.kijiji.ca/v-cars-trucks/st-albert/2025-ford-f-150-xlt-4wd-supercrew-6-5-box-3-5l-v6-gas-fx4-off/1740284251,Kijiji
DISABLED_MANUAL_REVIEW_REQUIRED,location_verification_required,success,warnings_present,unverified_kijiji_location,success,2026-07-21T22:30:59+00:00,unverified_search_origin_not_listing_location,disabled_due_to_unverified_location,"Calgary, AB",,2025,Ford,F-150,xlt,2,59990,No change noted,Unchanged for 1 weeks,1,59990,59990,0,0,40501,5.0L,Gas,Unknown,N/A,Unknown,Dealer,,,,disabled_unverified_location,1740285663,calgary,unverified_url_evidence,https://www.kijiji.ca/v-cars-trucks/calgary/2025-ford-f-150-xlt-301a-5-0l/1740285663,Kijiji
DISABLED_MANUAL_REVIEW_REQUIRED,location_verification_required,success,warnings_present,unverified_kijiji_location,success,2026-07-21T22:30:59+00:00,unverified_search_origin_not_listing_location,disabled_due_to_unverified_location,"Calgary, AB",,2025,Ford,F-150,xlt,2,45990,No change noted,Unchanged for 1 weeks,1,45990,45990,0,0,118288,Unknown,Gas,Unknown,N/A,Unknown,Dealer,,,,disabled_unverified_location,1740289222,calgary,unverified_url_evidence,https://www.kijiji.ca/v-cars-trucks/calgary/2025-ford-f-150-xlt-4wd-supercrew-5-5-box/1740289222,Kijiji
DISABLED_MANUAL_REVIEW_REQUIRED,location_verification_required,success,warnings_present,unverified_kijiji_location,success,2026-07-21T22:30:59+00:00,unverified_search_origin_not_listing_location,disabled_due_to_unverified_location,"Edmonton, AB",,2025,Ford,F-150,xlt,2,57000,No change noted,Unchanged for 1 weeks,1,57000,57000,0,0,15363,Unknown,Gas,Unknown,N/A,Unknown,Dealer,,,,disabled_unverified_location,1740334793,edmonton,unverified_url_evidence,https://www.kijiji.ca/v-cars-trucks/edmonton/2025-ford-f-150-xlt-301a-4x4-supercrew-145/1740334793,Kijiji
DISABLED_MANUAL_REVIEW_REQUIRED,location_verification_required,success,warnings_present,unverified_kijiji_location,success,2026-07-21T22:30:59+00:00,unverified_search_origin_not_listing_location,disabled_due_to_unverified_location,"Stettler, AB",,2025,Ford,F-150,xlt,2,59882,No change noted,First seen this week,0,59882,59882,0,0,343,Unknown,Gas,Unknown,N/A,Unknown,Private,,,,disabled_unverified_location,1740431082,brandon,unverified_url_evidence,https://www.kijiji.ca/v-cars-trucks/brandon/2025-ford-f-150-xlt-4wd-long-box-tow-pkg-backup-cam/1740431082,Kijiji
DISABLED_MANUAL_REVIEW_REQUIRED,location_verification_required,success,warnings_present,unverified_kijiji_location,success,2026-07-21T22:30:59+00:00,unverified_search_origin_not_listing_location,disabled_due_to_unverified_location,"Saskatoon, SK",,2025,Ford,F-150,xlt,2,55694,No change noted,Unchanged for 1 weeks,1,55694,55694,0,0,59500,Unknown,Gas,Unknown,N/A,Unknown,Private,,,,disabled_unverified_location,1740607381,saskatoon,unverified_url_evidence,https://www.kijiji.ca/v-cars-trucks/saskatoon/2025-ford-f-150-xlt-climate-control-sync-4/1740607381,Kijiji
DISABLED_MANUAL_REVIEW_REQUIRED,location_verification_required,success,warnings_present,unverified_kijiji_location,success,2026-07-21T22:30:59+00:00,unverified_search_origin_not_listing_location,disabled_due_to_unverified_location,"Carstairs, AB",,2025,Ford,F-150,xlt,2,55995,No change noted,Unchanged for 1 weeks,1,55995,55995,0,0,25010,Unknown,Gas,Unknown,N/A,Unknown,Private,,,,disabled_unverified_location,1740697591,delta-surrey-langley,unverified_url_evidence,https://www.kijiji.ca/v-cars-trucks/delta-surrey-langley/2025-ford-f-150/1740697591,Kijiji
DISABLED_MANUAL_REVIEW_REQUIRED,location_verification_required,success,warnings_present,unverified_kijiji_location,success,2026-07-21T22:30:59+00:00,unverified_search_origin_not_listing_location,disabled_due_to_unverified_location,"Calgary, AB",,2025,Ford,F-150,xlt,2,50000,No change noted,First seen this week,0,50000,50000,0,0,24099,Unknown,Gas,Unknown,N/A,Unknown,Dealer,,,,disabled_unverified_location,1740744081,calgary,unverified_url_evidence,https://www.kijiji.ca/v-cars-trucks/calgary/2025-ford-f-150-xlt/1740744081,Kijiji
DISABLED_MANUAL_REVIEW_REQUIRED,location_verification_required,success,warnings_present,unverified_kijiji_location,success,2026-07-21T22:30:59+00:00,unverified_search_origin_not_listing_location,disabled_due_to_unverified_location,"Camrose, AB",,2025,Ford,F-150,xlt,2,57990,No change noted,First seen this week,0,57990,57990,0,0,35164,3.5L,Gas,Unknown,N/A,Unknown,Dealer,,,,disabled_unverified_location,1740745368,st-albert,unverified_url_evidence,https://www.kijiji.ca/v-cars-trucks/st-albert/2025-ford-f-150-xlt-4wd-supercrew-6-5-box-3-5l-v6-gas-fx4-off/1740745368,Kijiji
DISABLED_MANUAL_REVIEW_REQUIRED,location_verification_required,success,warnings_present,unverified_kijiji_location,success,2026-07-21T22:30:59+00:00,unverified_search_origin_not_listing_location,disabled_due_to_unverified_location,"Calgary, AB",,2025,Ford,F-150,fx4,3,57990,No change noted,First seen this week,0,57990,57990,0,0,54500,3.5L,Gas,Unknown,N/A,Unknown,Dealer,,,,disabled_unverified_location,1740796966,calgary,unverified_url_evidence,https://www.kijiji.ca/v-cars-trucks/calgary/2025-ford-f-150-xlt-302a-fx4-offroad-3-5l-ecoboost/1740796966,Kijiji
DISABLED_MANUAL_REVIEW_REQUIRED,location_verification_required,success,warnings_present,unverified_kijiji_location,success,2026-07-21T22:30:59+00:00,unverified_search_origin_not_listing_location,disabled_due_to_unverified_location,"Edmonton, AB",,2025,Ford,F-150,xlt,2,56999,No change noted,First seen this week,0,56999,56999,0,0,46270,Unknown,Gas,Unknown,N/A,Unknown,Dealer,,,,disabled_unverified_location,1740883007,edmonton,unverified_url_evidence,https://www.kijiji.ca/v-cars-trucks/edmonton/2025-ford-f-150/1740883007,Kijiji
